0 , 0 , 0 , 0 , -0.01182 , -0.0765469 , 0.165303 , 0 , 0 , 0 , 0 , 0 , 0 , 23 , -9 , 49
0 , 0 , 0 , 0 , -0.0118213 , -0.0765408 , 0.165303 , 0 , 0 , 0 , 0 , 0 , 0 , -5 , -69 , 31
0 , 0 , 0 , 0 , -0.0118122 , -0.0765249 , 0.165303 , 0 , 1.95412e-05 , 0 , 0 , 0 , 0 , 9 , -74 , 36
0 , 0 , 0 , 0 , -0.0118006 , -0.0765133 , 0.165303 , 0 , 0 , 0 , 0 , 0 , 0 , -29 , -69 , 55
0 , 0 , 0 , 0 , -0.0117958 , -0.076525 , 0.165303 , 0 , 0 , 0 , 0 , 0 , 0 , -5 , -62 , 36
0 , 0 , 0 , 0 , -0.0117778 , -0.0765168 , 0.165303 , 0 , 0 , 0 , 0 , 0 , 0 , 29 , -84 , 18
0 , 0 , 0 , 0 , -0.0117553 , -0.0765324 , 0.165303 , 0 , 0 , 0 , 0 , 0 , 0 , -21 , -62 , 18
0 , 0 , 0 , 0 , -0.011754 , -0.0765504 , 0.165303 , 0 , 0 , 0 , 0 , 0 , 0 , 2 , -48 , 25
0 , 0 , 0 , 0 , -0.0117746 , -0.0765384 , 0.165303 , 0 , 0 , 0 , 0 , 0 , 0 , 3 , -84 , 18
0 , 0 , 0 , 0 , -0.0118034 , -0.0765399 , 0.165303 , 0 , 0 , 0 , 0 , 0 , 0 , 23 , -87 , 55
0 , 0 , 0 , 0 , -0.0118307 , -0.0765588 , 0.165303 , 0 , 0 , 0 , 0 , 0 , 0 , -5 , -84 , 7
0 , 0 , 0 , 0 , -0.0118594 , -0.0765698 , 0.165303 , 0 , 0 , 0 , 0 , 0 , 0 , 5 , -84 , 36
0 , 0 , 0 , 0 , -0.0118534 , -0.0765776 , 0.165303 , 0 , 0 , 1.95412e-05 , 0 , 0 , 0 , -9 , -109 , 13
0 , 0 , 0 , 0 , -0.0118373 , -0.0765868 , 0.165303 , 0 , 0 , 0 , 0 , 0 , 0 , -25 , -91 , 36
0 , 0 , 0 , 0 , -0.0118248 , -0.0765814 , 0.165303 , 0 , 0 , 0 , 0 , 0 , 0 , 19 , -105 , 36
0 , 0 , 0 , 0 , -0.011827 , -0.0765798 , 0.165303 , 0 , 0 , 0 , 0 , 0 , 0 , -11 , -69 , 31
0 , 0 , 0 , 0 , -0.0118341 , -0.0765695 , 0.165303 , 0 , 0 , 0 , 0 , 0 , 0 , -1 , -65 , 42
0 , 0 , 0 , 0 , -0.0118426 , -0.0765688 , 0.165303 , 0 , 0 , 0 , 0 , 0 , 0 , -25 , -87 , 24
0 , 0 , 0 , 0 , -0.0118624 , -0.0765768 , 0.165303 , 0 , 0 , 0 , 0 , 0 , 0 , 5 , -91 , 55
0 , 0 , 0 , 0 , -0.011866 , -0.0765789 , 0.165303 , 0 , 0 , 0 , 0 , 0 , 0 , -5 , -101 , 55
0 , 0 , 0 , 0 , -0.0118598 , -0.0765654 , 0.165303 , 0 , 0 , 0 , 0 , 0 , 0 , -18 , -74 , 31
0 , 0 , 0 , 0 , -0.01185 , -0.0765528 , 0.165303 , 0 , 0 , 0 , 0 , 0 , 0 , 5 , -87 , 18
0 , 0 , 0 , 0 , -0.0118422 , -0.0765469 , 0.165303 , 0 , 0 , 0 , 0 , 0 , 0 , -1 , -62 , 7
0 , 0 , 0 , 0 , -0.0118247 , -0.0765469 , 0.165303 , 0 , 0 , 0 , 0 , 0 , 0 , 9 , -105 , 42
0 , 0 , 0 , 0 , -0.0118133 , -0.0765549 , 0.165303 , 0 , 0 , 1.95412e-05 , 0 , 0 , 0 , -1 , -62 , 18
0 , 0 , 0 , 0 , -0.0118104 , -0.076555 , 0.165303 , 0 , 0 , 0 , 0 , 0 , 0 , -15 , -91 , 36
0 , 0 , 0 , 0 , -0.0118053 , -0.0765518 , 0.165303 , 0 , 0 , 0 , 0 , 0 , 0 , -8 , -65 , 18
0 , 0 , 0 , 0 , -0.0117973 , -0.0765489 , 0.165303 , 0 , 0 , 0 , 0 , 0 , 0 , -19 , -87 , 31
0 , 0 , 0 , 0 , -0.0117945 , -0.076549 , 0.165303 , 0 , 0 , 0 , 0 , 0 , 0 , 9 , -84 , 36
0 , 0 , 0 , 0 , -0.0117874 , -0.0765445 , 0.165303 , 0 , 0 , 0 , 0 , 0 , 0 , 19 , -91 , 36
0 , 0 , 0 , 0 , -0.0117667 , -0.0765456 , 0.165303 , 0 , 0 , 0 , 0 , 0 , 0 , -5 , -119 , 13
0 , 0 , 0 , 0 , -0.0117549 , -0.0765511 , 0.165303 , 0 , 0 , 0 , 0 , 0 , 0 , -18 , -84 , 31
0 , 0 , 0 , 0 , -0.0117461 , -0.0765678 , 0.165303 , 0 , 0 , 0 , 0 , 0 , 0 , 3 , -79 , 18
0 , 0 , 0 , 0 , -0.0117368 , -0.0765736 , 0.165303 , 0 , 0 , 0 , 0 , 0 , 0 , -11 , -69 , 7
0 , 0 , 0 , 0 , -0.0117239 , -0.0765719 , 0.165303 , 0 , 0 , 0 , 0 , 0 , 0 , -15 , -87 , 31
0 , 0 , 0 , 0 , -0.0117138 , -0.0765684 , 0.165303 , 0 , 0 , 0 , 0 , 0 , 0 , -5 , -87 , 42
0 , 0 , 0 , 0 , -0.0117086 , -0.0765703 , 0.165303 , 0 , 0 , 0 , 0 , 0 , 0 , -19 , -4 , 36
0 , 0 , 0 , 0 , -0.0117072 , -0.0765585 , 0.165303 , 0 , 0 , 0 , 0 , 0 , 0 , -1 , -113 , 36
0 , 0 , 0 , 0 , -0.0117051 , -0.0765405 , 0.165303 , 0 , 0 , 0 , 0 , 0 , 0 , -39 , -87 , 55
0 , 0 , 0 , 0 , -0.011709 , -0.0765512 , 0.165303 , 0 , 0 , 0 , 0 , 0 , 0 , 6 , -127 , 55
0 , 0 , 0 , 0 , -0.0117058 , -0.0765585 , 0.165303 , 0 , 0 , 0 , 0 , 0 , 0 , -15 , -95 , 7
0 , 0 , 0 , 0 , -0.0116925 , -0.0765644 , 0.165303 , 0 , 0 , 0 , 0 , 0 , 0 , 9 , -105 , 36
0 , 0 , 0 , 0 , -0.011682 , -0.0765583 , 0.165303 , 0 , 0 , 0 , 0 , 0 , 0 , 9 , -74 , 60
0 , 0 , 0 , 0 , -0.0116698 , -0.0765721 , 0.165303 , 0 , 0 , 0 , 0.0195412 , 0 , 0 , -1 , -65 , 24
0 , 0 , 0 , 0 , -0.0116581 , -0.0765997 , 0.165303 , 0 , 0 , 0 , 0 , 0 , 0 , 13 , -84 , 13
0 , 0 , 0 , 0 , -0.0116519 , -0.0766099 , 0.165303 , 0 , 0 , 0 , -0.0195412 , 0 , 0 , 13 , -48 , 18
0 , 0 , 0 , 0 , -0.0116455 , -0.0766105 , 0.165303 , 0 , 0 , 0 , 0 , 0 , 0 , 3 , -62 , 31
0 , 0 , 0 , 0 , -0.0116394 , -0.0766202 , 0.165303 , 0 , 0 , 0 , 0 , 0 , 0 , -1 , -84 , 36
0 , 0 , 0 , 0 , -0.0116534 , -0.07661 , 0.165303 , 1.95412e-05 , 0 , 0 , 0 , 0 , 0 , -5 , -130 , 48
0 , 0 , 0 , 0 , -0.0116544 , -0.0766067 , 0.165303 , 0 , 0 , 0 , 0 , 0 , 0 , 6 , -65 , 36
10 , -20 , 6 , -15 , -0.0116475 , -0.0766071 , 0.165303 , 0 , 0 , 0 , 0 , 0 , 0 , -11 , -65 , 18
10 , -20 , 11 , -22 , -0.0116446 , -0.0766185 , 0.165303 , 0.000586235 , 0.000488529 , -0.000371282 , 0.0586235 , 0.0359026 , -0.038375 , 5 , -9 , -3
10 , -20 , 6 , -19 , -0.0113957 , -0.0766396 , 0.165097 , 0.00250127 , 0.00228632 , -0.00195412 , 0.136788 , 0.129697 , -0.117482 , 35 , -33 , -65
10 , -20 , 13 , -22 , -0.0107156 , -0.076735 , 0.164374 , 0.00549107 , 0.00535428 , -0.00484621 , 0.214953 , 0.183084 , -0.15965 , -37 , -20 , -62
10 , -20 , 8 , -16 , -0.00963043 , -0.076908 , 0.163174 , 0.00988783 , 0.00967287 , -0.00891077 , 0.254035 , 0.226519 , -0.240654 , 24 , 3 , -29
10 , -20 , 11 , -22 , -0.00847042 , -0.0770031 , 0.161535 , 0.0153398 , 0.014949 , -0.0139915 , 0.351741 , 0.322105 , -0.287087 , -7 , 31 , -108
10 , -20 , 10 , -23 , -0.00764615 , -0.0771219 , 0.159468 , 0.0221792 , 0.0214953 , -0.0202056 , 0.351741 , 0.3475 , -0.38849 , 13 , 28 , -66
10 , -20 , 13 , -24 , -0.00706118 , -0.0773278 , 0.156929 , 0.0298784 , 0.0294681 , -0.0277484 , 0.449447 , 0.448876 , -0.437162 , 99 , 32 , -112
10 , -20 , 9 , -23 , -0.00631537 , -0.0777205 , 0.153869 , 0.0392973 , 0.0388283 , -0.0369914 , 0.449447 , 0.480519 , -0.508001 , 40 , 2 , -34
10 , -20 , 12 , -18 , -0.00521386 , -0.0780781 , 0.150467 , 0.0495564 , 0.0490678 , -0.0472505 , 0.547152 , 0.558583 , -0.507123 , -68 , -50 , -45
10 , -20 , 7 , -20 , -0.00399331 , -0.0784789 , 0.146668 , 0.0609098 , 0.060304 , -0.0581936 , 0.605776 , 0.582738 , -0.571097 , 23 , 60 , -140
10 , -20 , 10 , -20 , -0.00296018 , -0.0788264 , 0.142443 , 0.0736506 , 0.0730644 , -0.070485 , 0.68394 , 0.651008 , -0.694179 , 27 , -12 , -78
10 , -20 , 10 , -16 , -0.00220063 , -0.0788238 , 0.137802 , 0.0877203 , 0.0870559 , -0.084496 , 0.703482 , 0.675773 , -0.725088 , -3 , 17 , -58
10 , -20 , 6 , -24 , -0.00155956 , -0.0788035 , 0.132809 , 0.102708 , 0.102552 , -0.0991323 , 0.742564 , 0.778531 , -0.754481 , 98 , 35 , -178
10 , -20 , 6 , -18 , -0.000679294 , -0.0789129 , 0.127557 , 0.119142 , 0.118302 , -0.115117 , 0.820728 , 0.89844 , -0.890253 , 7 , 14 , -65
10 , -20 , 12 , -22 , 0.000526542 , -0.0792523 , 0.121791 , 0.136554 , 0.13669 , -0.133583 , 0.957517 , 0.863379 , -0.857068 , -71 , 34 , -139
10 , -20 , 11 , -23 , 0.00168414 , -0.0796183 , 0.115735 , 0.156095 , 0.155254 , -0.151659 , 1.03568 , 0.97462 , -0.956333 , -32 , 13 , -58
10 , -20 , 13 , -17 , 0.00265007 , -0.0798585 , 0.109118 , 0.176261 , 0.175323 , -0.171806 , 0.977058 , 1.01075 , -0.983613 , 0 , 50 , -65
10 , -20 , 14 , -20 , 0.00348327 , -0.0799884 , 0.102289 , 0.197268 , 0.19635 , -0.192265 , 1.17247 , 1.10506 , -1.10714 , -61 , -35 , -86
10 , -20 , 15 , -24 , 0.00419268 , -0.0802157 , 0.0950333 , 0.21974 , 0.218705 , -0.214738 , 1.13339 , 1.09371 , -1.08864 , -6 , 67 , -113
10 , -20 , 9 , -17 , 0.00462908 , -0.0804009 , 0.0875987 , 0.243385 , 0.242271 , -0.237757 , 1.23109 , 1.2106 , -1.26959 , -44 , -65 , -17
10 , -20 , 8 , -15 , 0.00505353 , -0.0806309 , 0.0795799 , 0.268027 , 0.266698 , -0.262281 , 1.17247 , 1.29268 , -1.154 , 113 , 0 , -148
10 , -20 , 14 , -22 , 0.00595005 , -0.081178 , 0.0712045 , 0.294133 , 0.292883 , -0.288271 , 1.27018 , 1.3196 , -1.32258 , -10 , 6 , -76
10 , -20 , 15 , -21 , 0.00712695 , -0.081619 , 0.0624194 , 0.320573 , 0.320065 , -0.314769 , 1.44605 , 1.38918 , -1.38754 , -66 , -19 , -93
10 , -20 , 11 , -17 , 0.00848424 , -0.0820399 , 0.0529783 , 0.348497 , 0.348028 , -0.342986 , 1.40696 , 1.46833 , -1.44127 , 51 , -68 , -67
10 , -20 , 15 , -18 , 0.00998934 , -0.082424 , 0.043323 , 0.377633 , 0.37646 , -0.372494 , 1.54375 , 1.36412 , -1.47759 , 9 , 20 , -102
10 , -20 , 10 , -19 , 0.0108428 , -0.0824856 , 0.0337194 , 0.408039 , 0.403505 , -0.402821 , 1.56329 , 1.3586 , -1.56642 , -23 , -39 , -34
10 , -20 , 6 , -16 , 0.0108538 , -0.0824036 , 0.0239963 , 0.438113 , 0.430355 , -0.434302 , 1.56329 , 1.42983 , -1.58871 , -20 , 16 , -108
10 , -20 , 9 , -22 , 0.0104647 , -0.0819409 , 0.0144821 , 0.467229 , 0.458475 , -0.46721 , 1.44605 , 1.35467 , -1.66425 , 34 , 87 , -100
10 , -20 , 6 , -19 , 0.0100247 , -0.0809987 , 0.00499414 , 0.495192 , 0.487102 , -0.501504 , 1.3288 , 1.4342 , -1.68579 , -32 , -17 , -235
10 , -20 , 15 , -18 , 0.00996586 , -0.0797553 , -0.00460665 , 0.521651 , 0.517977 , -0.53873 , 1.36788 , 1.64211 , -1.75782 , -38 , -106 , -132
10 , -20 , 14 , -20 , 0.010305 , -0.0785098 , -0.0140026 , 0.548051 , 0.545765 , -0.573513 , 1.28972 , 1.4711 , -1.81216 , 99 , 17 , -135
10 , -20 , 15 , -19 , 0.010823 , -0.0771113 , -0.0238863 , 0.576093 , 0.574432 , -0.611169 , 1.46559 , 1.34921 , -1.87146 , -18 , 0 , -129
10 , -20 , 10 , -24 , 0.011255 , -0.0750969 , -0.0340894 , 0.605111 , 0.602981 , -0.652088 , 1.50467 , 1.34457 , -1.98052 , -3 , -16 , -112
10 , -20 , 7 , -19 , 0.0115646 , -0.0723957 , -0.0445513 , 0.634032 , 0.62858 , -0.690018 , 1.50467 , 1.43685 , -2.04798 , -2 , -60 , -141
10 , -20 , 6 , -20 , 0.0115403 , -0.0690635 , -0.0549483 , 0.662093 , 0.65711 , -0.733126 , 1.30926 , 1.30564 , -2.02849 , 48 , 33 , -161
10 , -20 , 8 , -19 , 0.0108503 , -0.065275 , -0.0650431 , 0.688728 , 0.68437 , -0.774006 , 1.34834 , 1.41859 , -1.97219 , -97 , -94 , -144
10 , -20 , 11 , -22 , 0.00952429 , -0.0607769 , -0.0747444 , 0.713819 , 0.711005 , -0.814104 , 1.28972 , 1.39496 , -1.92998 , -17 , -28 , -127
10 , -20 , 15 , -19 , 0.00771787 , -0.0553228 , -0.083971 , 0.738226 , 0.736975 , -0.853988 , 1.11385 , 1.22004 , -1.94924 , 65 , -2 , -179
10 , -20 , 11 , -20 , 0.00595597 , -0.0499557 , -0.0922641 , 0.763551 , 0.761675 , -0.895005 , 1.28972 , 1.1713 , -2.03025 , -35 , -35 , -104
10 , -20 , 10 , -17 , 0.00440961 , -0.0449765 , -0.100173 , 0.787704 , 0.784675 , -0.936451 , 1.17247 , 1.14276 , -2.04441 , -43 , 48 , -81
10 , -20 , 8 , -16 , 0.00345657 , -0.0397337 , -0.108501 , 0.81086 , 0.807284 , -0.976784 , 1.13339 , 1.07516 , -1.97551 , -111 , -33 , -123
10 , -20 , 8 , -19 , 0.00356335 , -0.0347667 , -0.116683 , 0.832258 , 0.82792 , -1.01596 , 1.01614 , 1.04081 , -1.87595 , 75 , 17 , -103
10 , -20 , 15 , -16 , 0.00375933 , -0.0302919 , -0.12538 , 0.853108 , 0.848047 , -1.05395 , 1.03568 , 0.953996 , -1.79826 , -47 , -15 , -187
10 , -20 , 13 , -15 , 0.00363635 , -0.0261146 , -0.134248 , 0.873255 , 0.866279 , -1.09073 , 1.07476 , 0.918501 , -1.83916 , 74 , 19 , -66
10 , -20 , 9 , -18 , 0.00322745 , -0.0224502 , -0.142905 , 0.894418 , 0.884003 , -1.12629 , 0.977058 , 0.884543 , -1.79413 , -19 , -52 , -91
10 , -20 , 14 , -23 , 0.0022021 , -0.0194153 , -0.151179 , 0.913588 , 0.899929 , -1.16037 , 0.957517 , 0.744653 , -1.76709 , 30 , 57 , -64
10 , -20 , 9 , -15 , 0.00101024 , -0.016951 , -0.159062 , 0.932113 , 0.914976 , -1.19447 , 0.859811 , 0.748461 , -1.68943 , -39 , -16 , -213
10 , -20 , 14 , -17 , -0.000190375 , -0.0145572 , -0.166523 , 0.948958 , 0.928869 , -1.22869 , 0.801187 , 0.69789 , -1.6619 , 86 , -18 , -251
10 , -20 , 15 , -24 , -0.00150876 , -0.0120401 , -0.173759 , 0.964962 , 0.941258 , -1.26212 , 0.762105 , 0.582156 , -1.56642 , -61 , 68 , -282
10 , -20 , 8 , -24 , -0.00283624 , -0.00909383 , -0.180834 , 0.980282 , 0.952866 , -1.29529 , 0.742564 , 0.497226 , -1.56851 , -26 , 67 , -73
10 , -20 , 12 , -17 , -0.0038037 , -0.00516384 , -0.188285 , 0.994723 , 0.964532 , -1.32845 , 0.703482 , 0.656108 , -1.70789 , -6 , -37 , -113
10 , -20 , 13 , -22 , -0.00412566 , -0.000896749 , -0.195662 , 1.00815 , 0.976276 , -1.3619 , 0.625317 , 0.524357 , -1.64672 , -52 , 19 , -127
10 , -20 , 15 , -18 , -0.00465561 , 0.00300201 , -0.202334 , 1.02009 , 0.986301 , -1.39199 , 0.547152 , 0.460873 , -1.62167 , 9 , 50 , -198
10 , -20 , 15 , -19 , -0.00586544 , 0.00676467 , -0.209063 , 1.03078 , 0.995251 , -1.42523 , 0.566693 , 0.465448 , -1.58871 , 17 , -39 , -172
10 , -20 , 8 , -21 , -0.00732893 , 0.0102833 , -0.215611 , 1.0407 , 1.00318 , -1.45629 , 0.488529 , 0.406681 , -1.45107 , -47 , -52 , -183
10 , -20 , 8 , -20 , -0.00849271 , 0.0134538 , -0.222192 , 1.0493 , 1.00977 , -1.48568 , 0.371282 , 0.265986 , -1.47759 , -34 , -1 , -136
10 , -20 , 8 , -20 , -0.00909549 , 0.0165477 , -0.228737 , 1.05655 , 1.01491 , -1.5135 , 0.312658 , 0.228282 , -1.46833 , -5 , 19 , -186
10 , -20 , 15 , -23 , -0.010904 , 0.0190107 , -0.23425 , 1.06265 , 1.01895 , -1.54072 , 0.254035 , 0.170565 , -1.2863 , 8 , 34 , -277
10 , -20 , 10 , -17 , -0.0134042 , 0.0204806 , -0.239851 , 1.06763 , 1.02181 , -1.56777 , 0.234494 , 0.117954 , -1.33996 , 76 , 76 , -159
10 , -20 , 8 , -16 , -0.014231 , 0.0221127 , -0.245674 , 1.07144 , 1.02357 , -1.59436 , 0.117247 , 0.0538515 , -1.30347 , 80 , 63 , -225
10 , -20 , 11 , -24 , -0.0138888 , 0.0242067 , -0.251192 , 1.0739 , 1.02409 , -1.62035 , 0.0781646 , 0 , -1.21877 , 86 , 82 , -247
10 , -20 , 7 , -16 , -0.0139295 , 0.0266473 , -0.256758 , 1.07513 , 1.0248 , -1.64499 , 0.0586235 , 0.109946 , -1.22004 , -10 , 49 , -155
10 , -20 , 8 , -24 , -0.0148737 , 0.0295566 , -0.262179 , 1.07523 , 1.0253 , -1.66809 , -0.0390823 , -0.0641814 , -1.15174 , 19 , 178 , -179
10 , -20 , 13 , -23 , -0.016493 , 0.0323376 , -0.267006 , 1.07404 , 1.02624 , -1.69062 , -0.0781646 , 0.146047 , -1.08763 , -15 , 0 , -216
10 , -20 , 8 , -22 , -0.0185454 , 0.0350852 , -0.271412 , 1.07162 , 1.0264 , -1.71165 , -0.136788 , -0.0426163 , -1.03347 , -11 , 100 , -262
10 , -20 , 7 , -16 , -0.0201409 , 0.0378655 , -0.275406 , 1.06814 , 1.02736 , -1.73225 , -0.195412 , 0.11291 , -0.958289 , -52 , 19 , -221
10 , -20 , 15 , -16 , -0.0212173 , 0.0406736 , -0.279248 , 1.06333 , 1.02761 , -1.75114 , -0.293117 , -0.0562488 , -0.90853 , 10 , 142 , -256
10 , -20 , 6 , -16 , -0.0219728 , 0.0434049 , -0.282752 , 1.05847 , 1.02732 , -1.7693 , -0.195412 , 0 , -0.853943 , -50 , -34 , -190
10 , -20 , 12 , -23 , -0.0225218 , 0.0457239 , -0.286228 , 1.05403 , 1.02517 , -1.78551 , -0.312658 , -0.0964833 , -0.816759 , -19 , -15 , -290
10 , -20 , 11 , -16 , -0.023336 , 0.0475933 , -0.28926 , 1.04801 , 1.02216 , -1.80222 , -0.312658 , -0.187415 , -0.787676 , -86 , 39 , -188
10 , -20 , 11 , -17 , -0.0241918 , 0.0492331 , -0.292172 , 1.0408 , 1.01807 , -1.81567 , -0.351741 , -0.236766 , -0.646337 , -81 , -4 , -259
10 , -20 , 11 , -15 , -0.02502 , 0.0507778 , -0.294691 , 1.03252 , 1.01245 , -1.82917 , -0.488529 , -0.289356 , -0.552133 , -41 , -87 , -299
10 , -20 , 10 , -20 , -0.0261199 , 0.0524898 , -0.296841 , 1.02317 , 1.00571 , -1.84129 , -0.547152 , -0.359873 , -0.559647 , 0 , -98 , -157
10 , -20 , 8 , -24 , -0.0275375 , 0.0544425 , -0.298413 , 1.01223 , 0.997693 , -1.85199 , -0.547152 , -0.40291 , -0.494087 , -118 , -39 , -174
10 , -20 , 9 , -20 , -0.0290892 , 0.0566268 , -0.299288 , 0.999667 , 0.989779 , -1.861 , -0.68394 , -0.332899 , -0.428217 , 5 , -54 , -289
10 , -20 , 14 , -23 , -0.0305623 , 0.0590903 , -0.299768 , 0.987063 , 0.981728 , -1.86921 , -0.703482 , -0.435537 , -0.352728 , -6 , -33 , -336
10 , -20 , 13 , -22 , -0.0316577 , 0.0616878 , -0.299935 , 0.974009 , 0.972798 , -1.87736 , -0.68394 , -0.488529 , -0.488729 , -3 , -50 , -177
10 , -20 , 7 , -15 , -0.0320789 , 0.0642294 , -0.300055 , 0.961464 , 0.96248 , -1.88586 , -0.605776 , -0.485292 , -0.406257 , 14 , -136 , -126
10 , -20 , 10 , -23 , -0.0320926 , 0.0667818 , -0.30022 , 0.949603 , 0.950775 , -1.8927 , -0.625317 , -0.64492 , -0.301869 , 44 , 1 , -233
10 , -20 , 6 , -18 , -0.0325716 , 0.0692877 , -0.300044 , 0.936627 , 0.939304 , -1.89836 , -0.664399 , -0.541303 , -0.244162 , -38 , 2 , -258
10 , -20 , 9 , -20 , -0.0336212 , 0.0716151 , -0.299548 , 0.92201 , 0.929338 , -1.9029 , -0.742564 , -0.495757 , -0.214659 , -31 , -51 , -305
10 , -20 , 10 , -20 , -0.034518 , 0.073678 , -0.298885 , 0.906417 , 0.920428 , -1.90626 , -0.84027 , -0.45853 , -0.129411 , -16 , -4 , -294
10 , -20 , 10 , -17 , -0.0349961 , 0.0755847 , -0.298122 , 0.889748 , 0.911439 , -1.90855 , -0.84027 , -0.430736 , -0.0906915 , -101 , -29 , -327
10 , -20 , 10 , -23 , -0.0352077 , 0.0775973 , -0.297208 , 0.871575 , 0.902352 , -1.9095 , -0.957517 , -0.487513 , -0.0133976 , -33 , 38 , -360
10 , -20 , 6 , -24 , -0.0355815 , 0.0794096 , -0.296025 , 0.852991 , 0.893813 , -1.90978 , -0.918434 , -0.401118 , 0 , -21 , -49 , -106
10 , -20 , 7 , -19 , -0.0359914 , 0.0807796 , -0.294863 , 0.834173 , 0.886211 , -1.90849 , -0.957517 , -0.364006 , 0.0778521 , 51 , -84 , -47
10 , -20 , 15 , -18 , -0.0362006 , 0.0818648 , -0.293653 , 0.814436 , 0.879762 , -1.90585 , -1.05522 , -0.352091 , 0.143124 , 11 , -49 , -114
10 , -20 , 12 , -19 , -0.0363898 , 0.0826591 , -0.292379 , 0.794172 , 0.873197 , -1.90223 , -0.977058 , -0.414885 , 0.188985 , 64 , 34 , -49
10 , -20 , 9 , -16 , -0.036778 , 0.0830079 , -0.290785 , 0.775647 , 0.865185 , -1.89729 , -0.879352 , -0.427596 , 0.260548 , -51 , 26 , -28
10 , -20 , 12 , -16 , -0.037364 , 0.0830632 , -0.288827 , 0.757943 , 0.856313 , -1.89125 , -0.859811 , -0.46306 , 0.313326 , 19 , -60 , 63
10 , -20 , 11 , -20 , -0.0379418 , 0.0830353 , -0.286511 , 0.741939 , 0.846347 , -1.8839 , -0.801187 , -0.542809 , 0.382159 , -32 , -69 , -27
10 , -20 , 7 , -22 , -0.0384216 , 0.0830856 , -0.283713 , 0.726814 , 0.836283 , -1.87507 , -0.801187 , -0.44922 , 0.477 , 48 , -79 , -86
10 , -20 , 14 , -21 , -0.0386692 , 0.0832366 , -0.280804 , 0.711669 , 0.826865 , -1.86495 , -0.762105 , -0.403187 , 0.432007 , -34 , -30 , -32
10 , -20 , 9 , -22 , -0.0385926 , 0.0835165 , -0.277745 , 0.696584 , 0.819302 , -1.85446 , -0.742564 , -0.329344 , 0.559382 , -100 , -30 , -14
10 , -20 , 10 , -19 , -0.0382035 , 0.0838237 , -0.27474 , 0.681889 , 0.813108 , -1.84291 , -0.664399 , -0.282657 , 0.63036 , 14 , -33 , -12
10 , -20 , 14 , -15 , -0.037377 , 0.0838817 , -0.271849 , 0.669832 , 0.807988 , -1.83019 , -0.605776 , -0.225475 , 0.671131 , 92 , -87 , -88
10 , -20 , 15 , -19 , -0.0366436 , 0.0834823 , -0.268876 , 0.65799 , 0.802653 , -1.81678 , -0.566693 , -0.268545 , 0.665797 , -57 , -106 , 8
10 , -20 , 9 , -18 , -0.0363855 , 0.0822452 , -0.265716 , 0.648219 , 0.796146 , -1.80267 , -0.468988 , -0.366626 , 0.755941 , -66 , -38 , -53
10 , -20 , 10 , -17 , -0.0361226 , 0.0800468 , -0.26233 , 0.638625 , 0.7896 , -1.78755 , -0.468988 , -0.289212 , 0.767319 , 54 , -64 , -179
10 , -20 , 15 , -20 , -0.0355321 , 0.0776218 , -0.258832 , 0.630808 , 0.783014 , -1.77211 , -0.371282 , -0.362993 , 0.811397 , -20 , -5 , 10
10 , -20 , 15 , -24 , -0.0350256 , 0.075605 , -0.255043 , 0.624418 , 0.77551 , -1.75607 , -0.312658 , -0.408809 , 0.723299 , -23 , -43 , -80
10 , -20 , 8 , -15 , -0.0346642 , 0.0739072 , -0.250898 , 0.618927 , 0.768046 , -1.74106 , -0.293117 , -0.351882 , 0.711449 , 38 , -180 , -48
10 , -20 , 15 , -16 , -0.0337421 , 0.0725909 , -0.247088 , 0.613397 , 0.760542 , -1.72683 , -0.293117 , -0.440776 , 0.766819 , -83 , -67 , 36
10 , -20 , 12 , -20 , -0.0325333 , 0.0718088 , -0.243312 , 0.607828 , 0.751221 , -1.71073 , -0.234494 , -0.476225 , 0.869782 , -52 , 8 , -124
10 , -20 , 15 , -22 , -0.0320458 , 0.0713175 , -0.239037 , 0.603509 , 0.742447 , -1.6949 , -0.17587 , -0.415474 , 0.736472 , -32 , 2 , -30
10 , -20 , 10 , -20 , -0.0318414 , 0.0705259 , -0.234871 , 0.600617 , 0.73506 , -1.68015 , -0.117247 , -0.330458 , 0.774414 , -12 , -50 , -99
10 , -20 , 15 , -18 , -0.0309838 , 0.0694338 , -0.231047 , 0.598819 , 0.728846 , -1.66604 , -0.0781646 , -0.303277 , 0.716668 , 0 , -117 , -74
10 , -20 , 14 , -17 , -0.0292999 , 0.068303 , -0.227748 , 0.598155 , 0.72228 , -1.65385 , 0 , -0.338666 , 0.607493 , 0 , -88 , -33
10 , -20 , 15 , -23 , -0.0275834 , 0.0670495 , -0.22468 , 0.598722 , 0.714503 , -1.64187 , 0.0586235 , -0.40291 , 0.652821 , 64 , -35 , -50
10 , -20 , 8 , -21 , -0.0269622 , 0.0658096 , -0.221423 , 0.600617 , 0.706765 , -1.62907 , 0.136788 , -0.334036 , 0.622326 , -14 , -30 , -181
10 , -20 , 14 , -24 , -0.0271245 , 0.0646202 , -0.218091 , 0.602473 , 0.700472 , -1.61783 , 0.0586235 , -0.286107 , 0.517874 , 8 , -15 , -39
10 , -20 , 8 , -24 , -0.0268104 , 0.0634696 , -0.21506 , 0.604115 , 0.695431 , -1.60808 , 0.117247 , -0.23879 , 0.43814 , -3 , -68 , 83
10 , -20 , 13 , -17 , -0.0254395 , 0.0627717 , -0.212556 , 0.605913 , 0.691601 , -1.59911 , 0.0781646 , -0.17437 , 0.431847 , 14 , -85 , -40
10 , -20 , 12 , -23 , -0.0236006 , 0.0625588 , -0.210492 , 0.607554 , 0.687477 , -1.59034 , 0.117247 , -0.223156 , 0.48091 , -29 , -37 , -87
10 , -20 , 10 , -19 , -0.0225323 , 0.0623444 , -0.208419 , 0.610563 , 0.683413 , -1.58141 , 0.17587 , -0.145178 , 0.422511 , -38 , -109 , -67
10 , -20 , 14 , -18 , -0.0223669 , 0.0617599 , -0.206504 , 0.614608 , 0.680775 , -1.5731 , 0.234494 , -0.0905794 , 0.421447 , -12 , -154 , -17
10 , -20 , 13 , -24 , -0.0223711 , 0.0608112 , -0.204661 , 0.619943 , 0.677551 , -1.56482 , 0.351741 , -0.195803 , 0.362093 , -18 , -57 , 128
10 , -20 , 11 , -18 , -0.0221766 , 0.0596635 , -0.202811 , 0.626763 , 0.674698 , -1.55737 , 0.293117 , -0.107962 , 0.357022 , 184 , -62 , -38
10 , -20 , 6 , -21 , -0.0215773 , 0.0585112 , -0.201168 , 0.634482 , 0.673076 , -1.54969 , 0.410364 , -0.0576538 , 0.384917 , 91 , -35 , -3
10 , -20 , 8 , -15 , -0.0209192 , 0.057656 , -0.199681 , 0.642474 , 0.672626 , -1.54234 , 0.351741 , -0.0071049 , 0.36789 , -3 , -80 , -14
10 , -20 , 12 , -17 , -0.0203692 , 0.0568976 , -0.198329 , 0.649177 , 0.671845 , -1.53439 , 0.312658 , -0.0723562 , 0.437324 , 3 , -49 , -36
10 , -20 , 9 , -19 , -0.0201599 , 0.0561109 , -0.196855 , 0.655215 , 0.670027 , -1.52554 , 0.371282 , -0.143263 , 0.476998 , -38 , -10 , 51
10 , -20 , 9 , -21 , -0.0205549 , 0.0550619 , -0.195026 , 0.662191 , 0.668112 , -1.51622 , 0.273576 , -0.0575977 , 0.439948 , 24 , -29 , -32
10 , -20 , 10 , -22 , -0.0208871 , 0.0537132 , -0.193119 , 0.667135 , 0.667565 , -1.50815 , 0.195412 , 0 , 0.35976 , 123 , 19 , -114
10 , -20 , 10 , -18 , -0.0201438 , 0.0523748 , -0.191593 , 0.672724 , 0.667975 , -1.50143 , 0.273576 , 0.0132187 , 0.268297 , 207 , 75 , -32
10 , -20 , 13 , -19 , -0.0185291 , 0.0510389 , -0.190626 , 0.678997 , 0.66991 , -1.49525 , 0.351741 , 0.160788 , 0.334606 , 83 , -18 , -40
10 , -20 , 13 , -15 , -0.0171155 , 0.0499067 , -0.190063 , 0.687223 , 0.673037 , -1.48923 , 0.410364 , 0.157336 , 0.279957 , 25 , 16 , 68
10 , -20 , 11 , -18 , -0.0163973 , 0.04873 , -0.189669 , 0.696115 , 0.676085 , -1.48337 , 0.488529 , 0.118287 , 0.332519 , 59 , 23 , -45
10 , -20 , 12 , -23 , -0.0163967 , 0.0472787 , -0.189192 , 0.705768 , 0.679251 , -1.47704 , 0.586235 , 0.173956 , 0.294885 , 14 , 14 , -49
10 , -20 , 6 , -22 , -0.0166709 , 0.0455994 , -0.188605 , 0.717923 , 0.683589 , -1.472 , 0.605776 , 0.222733 , 0.226694 , 26 , -20 , -91
10 , -20 , 12 , -16 , -0.0160777 , 0.0437992 , -0.188442 , 0.729335 , 0.689002 , -1.46813 , 0.547152 , 0.299403 , 0.133446 , -3 , -44 , -52
10 , -20 , 14 , -21 , -0.0145934 , 0.0421044 , -0.188775 , 0.74059 , 0.6942 , -1.46473 , 0.605776 , 0.233001 , 0.183772 , -17 , 45 , -38
10 , -20 , 14 , -19 , -0.01354 , 0.0404321 , -0.189164 , 0.753038 , 0.699534 , -1.46099 , 0.723023 , 0.284578 , 0.168651 , -17 , 38 , -50
10 , -20 , 8 , -16 , -0.013328 , 0.0386085 , -0.189515 , 0.767205 , 0.70485 , -1.45865 , 0.68394 , 0.259509 , 0.101741 , 25 , 50 , 0
10 , -20 , 15 , -20 , -0.0132819 , 0.0368035 , -0.189925 , 0.780806 , 0.709031 , -1.45636 , 0.68394 , 0.153543 , 0.162392 , -19 , 15 , -22
10 , -20 , 6 , -17 , -0.0132837 , 0.0352724 , -0.190229 , 0.794485 , 0.712002 , -1.45392 , 0.742564 , 0.137613 , 0.103941 , -18 , 62 , 6
10 , -20 , 7 , -19 , -0.0135846 , 0.0340323 , -0.190229 , 0.808554 , 0.715226 , -1.45167 , 0.644858 , 0.193221 , 0.123313 , 9 , 8 , -6
10 , -20 , 8 , -20 , -0.0137185 , 0.0330966 , -0.190318 , 0.821041 , 0.719623 , -1.44831 , 0.605776 , 0.229356 , 0.180047 , -17 , 32 , 117
10 , -20 , 15 , -18 , -0.0135764 , 0.0323434 , -0.190429 , 0.832238 , 0.724996 , -1.44456 , 0.566693 , 0.291078 , 0.139713 , 19 , -3 , 64
10 , -20 , 14 , -19 , -0.0133177 , 0.0315486 , -0.190607 , 0.843709 , 0.730331 , -1.4419 , 0.625317 , 0.237437 , 0.0942792 , 13 , -33 , 30
10 , -20 , 9 , -19 , -0.0127704 , 0.0303207 , -0.190914 , 0.856196 , 0.734318 , -1.4405 , 0.644858 , 0.171713 , 0.041284 , 54 , 48 , -4
10 , -20 , 6 , -22 , -0.0120407 , 0.0286989 , -0.191341 , 0.868878 , 0.738499 , -1.44026 , 0.566693 , 0.234775 , 0.00765712 , 75 , 66 , -66
10 , -20 , 12 , -19 , -0.0112974 , 0.0271094 , -0.19209 , 0.88031 , 0.743932 , -1.44075 , 0.50807 , 0.287509 , -0.053694 , 16 , 34 , -182
10 , -20 , 6 , -22 , -0.0105831 , 0.0257716 , -0.193128 , 0.89051 , 0.749208 , -1.44294 , 0.527611 , 0.241745 , -0.130622 , -82 , 49 , -186
10 , -20 , 12 , -24 , -0.0100595 , 0.0247916 , -0.194214 , 0.89944 , 0.754777 , -1.44653 , 0.371282 , 0.366855 , -0.214894 , 84 , -23 , -154
10 , -20 , 13 , -20 , -0.00940702 , 0.0242494 , -0.195614 , 0.90714 , 0.761558 , -1.45111 , 0.273576 , 0.380423 , -0.292532 , 178 , -58 , -174
10 , -20 , 14 , -17 , -0.00846429 , 0.0241212 , -0.197382 , 0.914213 , 0.768143 , -1.45689 , 0.3322 , 0.279425 , -0.341827 , 46 , -20 , -208
10 , -20 , 6 , -16 , -0.00775953 , 0.0241097 , -0.199355 , 0.921268 , 0.773341 , -1.46393 , 0.410364 , 0.232264 , -0.311826 , -20 , -12 , -292
10 , -20 , 11 , -22 , -0.00745701 , 0.0241357 , -0.201313 , 0.928615 , 0.777328 , -1.47145 , 0.312658 , 0.162977 , -0.309357 , -13 , 68 , -289
10 , -20 , 15 , -18 , -0.00754759 , 0.0243064 , -0.20311 , 0.934478 , 0.781783 , -1.47868 , 0.234494 , 0.256556 , -0.395036 , 72 , 48 , -159
10 , -20 , 14 , -15 , -0.00769495 , 0.0244006 , -0.205006 , 0.940223 , 0.786063 , -1.48708 , 0.371282 , 0.154557 , -0.397986 , -47 , 34 , -238
10 , -20 , 9 , -24 , -0.00758765 , 0.024609 , -0.207043 , 0.94759 , 0.789072 , -1.49537 , 0.3322 , 0.131737 , -0.394769 , 113 , 30 , -217
10 , -20 , 10 , -19 , -0.00773163 , 0.0253229 , -0.208945 , 0.954976 , 0.792042 , -1.50344 , 0.3322 , 0.182173 , -0.430106 , 83 , 76 , -357
10 , -20 , 12 , -19 , -0.0083712 , 0.0263384 , -0.21075 , 0.960878 , 0.796693 , -1.51202 , 0.312658 , 0.225996 , -0.415178 , -3 , 11 , -255
10 , -20 , 9 , -19 , -0.00884193 , 0.027417 , -0.212675 , 0.965646 , 0.800699 , -1.52112 , 0.234494 , 0.16579 , -0.45374 , -52 , 112 , -212
10 , -20 , 7 , -16 , -0.00892703 , 0.0284779 , -0.214709 , 0.969339 , 0.805017 , -1.52974 , 0.117247 , 0.22617 , -0.442775 , -3 , -35 , -159
10 , -20 , 6 , -23 , -0.00900811 , 0.0295452 , -0.216845 , 0.971489 , 0.808984 , -1.53699 , 0.0781646 , 0.167591 , -0.325866 , 14 , -2 , -232
10 , -20 , 8 , -17 , -0.00957057 , 0.0303922 , -0.218767 , 0.972661 , 0.813088 , -1.54408 , 0.0195412 , 0.229895 , -0.334227 , -19 , -8 , -340
10 , -20 , 15 , -21 , -0.0102633 , 0.0306992 , -0.220499 , 0.972563 , 0.817035 , -1.55163 , -0.0195412 , 0.151091 , -0.318431 , -3 , 33 , -264
10 , -20 , 7 , -17 , -0.0104808 , 0.0306841 , -0.222265 , 0.972368 , 0.819771 , -1.55897 , 0 , 0.12505 , -0.396908 , -19 , 37 , -142
10 , -20 , 11 , -24 , -0.0103882 , 0.030813 , -0.223994 , 0.972466 , 0.82151 , -1.5665 , -0.0195412 , 0.061969 , -0.331954 , -3 , 84 , -245
10 , -20 , 8 , -20 , -0.0106661 , 0.0312966 , -0.225623 , 0.971098 , 0.823328 , -1.57347 , -0.0977058 , 0.123782 , -0.383159 , -69 , 38 , -153
10 , -20 , 14 , -20 , -0.0114173 , 0.0321176 , -0.22711 , 0.968577 , 0.826396 , -1.58057 , -0.156329 , 0.170416 , -0.309684 , 34 , 37 , -215
10 , -20 , 10 , -19 , -0.011963 , 0.0333552 , -0.228717 , 0.965958 , 0.829307 , -1.5878 , -0.0781646 , 0.0932892 , -0.339451 , -20 , 22 , -262
10 , -20 , 12 , -21 , -0.012093 , 0.0347516 , -0.230322 , 0.963477 , 0.83091 , -1.5953 , -0.156329 , 0.0656616 , -0.345861 , -37 , 49 , -189
10 , -20 , 7 , -18 , -0.0123277 , 0.0359737 , -0.231865 , 0.959705 , 0.832825 , -1.60275 , -0.273576 , 0.137356 , -0.383913 , 48 , 4 , -167
10 , -20 , 10 , -20 , -0.0127107 , 0.0368974 , -0.23341 , 0.954664 , 0.835912 , -1.61005 , -0.293117 , 0.175519 , -0.34874 , 33 , 23 , -179
10 , -20 , 12 , -23 , -0.0128862 , 0.0375162 , -0.23513 , 0.948371 , 0.840192 , -1.61613 , -0.351741 , 0.229715 , -0.283614 , -36 , 15 , -212
10 , -20 , 7 , -19 , -0.0130794 , 0.0379686 , -0.236851 , 0.940926 , 0.845585 , -1.62192 , -0.371282 , 0.298945 , -0.314841 , -125 , -31 , -233
10 , -20 , 12 , -18 , -0.0131753 , 0.0381543 , -0.238625 , 0.932289 , 0.852151 , -1.62801 , -0.429905 , 0.336916 , -0.283478 , -69 , 14 , -235
10 , -20 , 6 , -17 , -0.0130024 , 0.0382675 , -0.240701 , 0.922362 , 0.858384 , -1.63321 , -0.50807 , 0.277968 , -0.231529 , -9 , 34 , -233
10 , -20 , 11 , -22 , -0.0130482 , 0.0382693 , -0.242538 , 0.911321 , 0.863778 , -1.63718 , -0.586235 , 0.216482 , -0.161451 , -26 , 68 , -228
10 , -20 , 7 , -15 , -0.0137702 , 0.0378927 , -0.244076 , 0.899245 , 0.868976 , -1.64085 , -0.68394 , 0.294293 , -0.208624 , -56 , 19 , -191
10 , -20 , 15 , -24 , -0.0145259 , 0.0373635 , -0.245431 , 0.884902 , 0.874271 , -1.64494 , -0.742564 , 0.258252 , -0.177056 , 50 , -2 , -174
10 , -20 , 10 , -21 , -0.0146806 , 0.0369048 , -0.246647 , 0.872141 , 0.879762 , -1.64826 , -0.664399 , 0.275616 , -0.201871 , 60 , -8 , -283
10 , -20 , 13 , -24 , -0.0143929 , 0.0365438 , -0.247926 , 0.858951 , 0.886113 , -1.65273 , -0.742564 , 0.353365 , -0.20201 , -20 , -20 , -246
10 , -20 , 9 , -23 , -0.0138773 , 0.0363253 , -0.249499 , 0.845331 , 0.893695 , -1.65768 , -0.68394 , 0.405138 , -0.270153 , 24 , 26 , -274
10 , -20 , 12 , -21 , -0.0132328 , 0.0362051 , -0.251371 , 0.832043 , 0.902254 , -1.66375 , -0.742564 , 0.474298 , -0.348532 , 86 , -10 , -342
10 , -20 , 11 , -24 , -0.0125296 , 0.0359614 , -0.253632 , 0.818716 , 0.911009 , -1.67132 , -0.644858 , 0.423885 , -0.399885 , -38 , 31 , -260
10 , -20 , 14 , -21 , -0.0119357 , 0.0356594 , -0.256083 , 0.805819 , 0.920134 , -1.68005 , -0.625317 , 0.449909 , -0.446484 , -34 , 15 , -260
10 , -20 , 12 , -23 , -0.011432 , 0.0353379 , -0.258874 , 0.794915 , 0.928713 , -1.68992 , -0.468988 , 0.437162 , -0.556727 , 51 , -7 , -174
10 , -20 , 6 , -24 , -0.0112375 , 0.0352415 , -0.261782 , 0.78532 , 0.93735 , -1.70061 , -0.410364 , 0.44922 , -0.534882 , -85 , 34 , -326
10 , -20 , 11 , -16 , -0.0112965 , 0.0354423 , -0.264815 , 0.775647 , 0.947316 , -1.71177 , -0.527611 , 0.52249 , -0.521791 , -20 , 11 , -310
10 , -20 , 9 , -16 , -0.0113477 , 0.0357782 , -0.268066 , 0.765642 , 0.95736 , -1.72232 , -0.449447 , 0.494294 , -0.522025 , -64 , -51 , -167
10 , -20 , 11 , -24 , -0.0117396 , 0.0365355 , -0.271048 , 0.756086 , 0.966115 , -1.73129 , -0.50807 , 0.359873 , -0.433922 , 19 , -20 , -178
10 , -20 , 11 , -19 , -0.012837 , 0.0372621 , -0.273627 , 0.746374 , 0.974811 , -1.73973 , -0.50807 , 0.451295 , -0.423579 , 95 , 6 , -310
10 , -20 , 15 , -22 , -0.0141545 , 0.0376738 , -0.275818 , 0.737835 , 0.98335 , -1.74854 , -0.390823 , 0.412549 , -0.403881 , -68 , -12 , -336
10 , -20 , 14 , -22 , -0.0148077 , 0.0382971 , -0.277922 , 0.730566 , 0.991245 , -1.75751 , -0.3322 , 0.360758 , -0.449218 , 25 , 16 , -225
10 , -20 , 9 , -15 , -0.0147299 , 0.0389071 , -0.280047 , 0.724508 , 0.997381 , -1.76746 , -0.312658 , 0.291223 , -0.497441 , -8 , -18 , -248
10 , -20 , 8 , -16 , -0.0141889 , 0.0393459 , -0.282462 , 0.718372 , 1.00281 , -1.77717 , -0.3322 , 0.218581 , -0.492217 , -18 , 8 , -192
10 , -20 , 8 , -22 , -0.0137872 , 0.0400309 , -0.285026 , 0.711083 , 1.00639 , -1.78592 , -0.410364 , 0.191454 , -0.490366 , 50 , -34 , -331
10 , -20 , 14 , -16 , -0.0142523 , 0.0408483 , -0.287184 , 0.702661 , 1.01063 , -1.79382 , -0.50807 , 0.229535 , -0.388104 , 31 , -43 , -215
10 , -20 , 11 , -18 , -0.0154694 , 0.0415349 , -0.289067 , 0.693965 , 1.01415 , -1.80062 , -0.449447 , 0.162033 , -0.282316 , -66 , 1 , -187
10 , -20 , 9 , -21 , -0.016726 , 0.0422378 , -0.290463 , 0.686149 , 1.01682 , -1.80633 , -0.371282 , 0.0939774 , -0.19227 , -3 , 37 , -193
10 , -20 , 12 , -22 , -0.0176125 , 0.0429109 , -0.291582 , 0.679407 , 1.01819 , -1.81029 , -0.429905 , 0.046087 , -0.174473 , 53 , 34 , -189
10 , -20 , 14 , -20 , -0.0182817 , 0.0435817 , -0.292358 , 0.67161 , 1.01854 , -1.81309 , -0.351741 , 0 , -0.0949518 , 82 , 0 , -211
10 , -20 , 9 , -24 , -0.0189435 , 0.0441885 , -0.292836 , 0.665865 , 1.0177 , -1.81473 , -0.273576 , -0.0990261 , -0.0654707 , -17 , 34 , -193
10 , -20 , 13 , -23 , -0.0196057 , 0.0445254 , -0.293057 , 0.659788 , 1.01688 , -1.8152 , -0.312658 , -0.0273939 , -0.0163924 , -33 , -22 , -191
10 , -20 , 15 , -24 , -0.0201605 , 0.0446807 , -0.293057 , 0.654277 , 1.01598 , -1.81543 , -0.254035 , -0.0775229 , -0.049429 , -37 , -27 , -221
10 , -20 , 7 , -20 , -0.0204319 , 0.0447094 , -0.292897 , 0.650095 , 1.01381 , -1.81666 , -0.156329 , -0.13366 , -0.0776875 , -95 , -34 , -278
10 , -20 , 8 , -16 , -0.0201542 , 0.0446593 , -0.292833 , 0.645855 , 1.01053 , -1.81825 , -0.234494 , -0.182969 , -0.0582621 , -66 , -93 , -213
10 , -20 , 8 , -20 , -0.0196208 , 0.0448853 , -0.292944 , 0.640422 , 1.00594 , -1.81873 , -0.273576 , -0.27292 , -0.0154586 , -48 , -37 , -194
10 , -20 , 6 , -22 , -0.0198569 , 0.0454024 , -0.292805 , 0.633778 , 1.00014 , -1.81846 , -0.390823 , -0.380177 , 0.0490735 , -46 , 14 , -68
10 , -20 , 12 , -18 , -0.0211758 , 0.0459411 , -0.292084 , 0.625845 , 0.994352 , -1.81676 , -0.410364 , -0.242244 , 0.132392 , -76 , -38 , -94
10 , -20 , 7 , -23 , -0.0225519 , 0.0466698 , -0.290946 , 0.617852 , 0.98847 , -1.81363 , -0.390823 , -0.340832 , 0.170218 , -68 , 68 , 32
10 , -20 , 10 , -18 , -0.0233606 , 0.0475852 , -0.289565 , 0.610114 , 0.982725 , -1.80937 , -0.429905 , -0.240455 , 0.257119 , -58 , -16 , -16
10 , -20 , 11 , -20 , -0.0238674 , 0.0485513 , -0.288056 , 0.602044 , 0.977116 , -1.80381 , -0.351741 , -0.28765 , 0.296676 , 0 , -46 , 28
10 , -20 , 12 , -24 , -0.0243375 , 0.0492732 , -0.286374 , 0.59538 , 0.970258 , -1.79687 , -0.273576 , -0.353578 , 0.388233 , -17 , -58 , -20
10 , -20 , 6 , -15 , -0.0250369 , 0.0494991 , -0.284391 , 0.590006 , 0.963457 , -1.78968 , -0.214953 , -0.298186 , 0.328237 , -44 , -124 , -68
10 , -20 , 9 , -16 , -0.0254571 , 0.0492082 , -0.282162 , 0.584828 , 0.956501 , -1.78282 , -0.234494 , -0.397445 , 0.402633 , -35 , -42 , -86
10 , -20 , 9 , -22 , -0.0248918 , 0.0486485 , -0.280037 , 0.579219 , 0.94802 , -1.77514 , -0.273576 , -0.447848 , 0.441107 , 52 , 2 , -30
10 , -20 , 9 , -15 , -0.0242626 , 0.048141 , -0.277867 , 0.574881 , 0.93993 , -1.76619 , -0.136788 , -0.351669 , 0.474298 , -51 , -45 , 33
10 , -20 , 8 , -24 , -0.0248145 , 0.0478846 , -0.275344 , 0.571852 , 0.931546 , -1.75507 , -0.136788 , -0.45234 , 0.561527 , -1 , -14 , -101
10 , -20 , 8 , -21 , -0.0260941 , 0.0477108 , -0.272129 , 0.570016 , 0.923476 , -1.74424 , -0.0390823 , -0.354649 , 0.446651 , -58 , -67 , -31
10 , -20 , 6 , -21 , -0.0265133 , 0.0475102 , -0.26872 , 0.569449 , 0.916676 , -1.73395 , 0 , -0.319474 , 0.572213 , -77 , -39 , -15
10 , -20 , 6 , -19 , -0.0252789 , 0.0477625 , -0.265721 , 0.568902 , 0.910696 , -1.72255 , -0.0586235 , -0.23254 , 0.643856 , -42 , -18 , -17
10 , -20 , 8 , -20 , -0.0238339 , 0.0480012 , -0.262964 , 0.566909 , 0.906084 , -1.70934 , -0.156329 , -0.214893 , 0.677724 , -3 , 50 , -87
10 , -20 , 15 , -20 , -0.0234185 , 0.0475139 , -0.260198 , 0.564954 , 0.902821 , -1.69553 , -0.0781646 , -0.125263 , 0.673445 , -35 , -6 , 5
10 , -20 , 12 , -19 , -0.0236077 , 0.0462296 , -0.257224 , 0.564368 , 0.899479 , -1.68144 , 0 , -0.18658 , 0.708438 , -3 , -30 , -49
10 , -20 , 6 , -15 , -0.0233954 , 0.0442087 , -0.254089 , 0.564993 , 0.894985 , -1.66797 , 0.0390823 , -0.247356 , 0.648489 , -1 , -64 , -115
10 , -20 , 14 , -20 , -0.0223466 , 0.0416882 , -0.251035 , 0.565658 , 0.889318 , -1.65529 , 0.0195412 , -0.330458 , 0.667309 , -3 , -46 , -49
10 , -20 , 11 , -21 , -0.0209814 , 0.0393101 , -0.24811 , 0.566146 , 0.882225 , -1.64238 , 0.0390823 , -0.361425 , 0.647773 , 31 , -39 , -10
10 , -20 , 6 , -21 , -0.02014 , 0.0373944 , -0.245005 , 0.568003 , 0.875209 , -1.63012 , 0.136788 , -0.318085 , 0.593353 , -92 , -45 , -88
10 , -20 , 10 , -24 , -0.0199237 , 0.0359976 , -0.241879 , 0.56984 , 0.869386 , -1.61844 , 0.0781646 , -0.267441 , 0.590066 , -3 , 19 , -47
10 , -20 , 9 , -15 , -0.019642 , 0.0355393 , -0.238821 , 0.571579 , 0.864696 , -1.60697 , 0.0977058 , -0.162391 , 0.567228 , 14 , -33 , -14
10 , -20 , 15 , -16 , -0.0190276 , 0.0355562 , -0.235908 , 0.574549 , 0.860084 , -1.5952 , 0.17587 , -0.254994 , 0.653183 , 6 , -14 , -115
10 , -20 , 9 , -20 , -0.0182815 , 0.0354099 , -0.233138 , 0.578848 , 0.854535 , -1.58319 , 0.195412 , -0.319822 , 0.596067 , 65 , -17 , -92
10 , -20 , 13 , -16 , -0.0178197 , 0.0348889 , -0.230294 , 0.584202 , 0.848966 , -1.57265 , 0.3322 , -0.266105 , 0.501052 , 82 , -87 , -16
10 , -20 , 10 , -15 , -0.0174185 , 0.0337532 , -0.227689 , 0.590866 , 0.842673 , -1.56239 , 0.371282 , -0.310011 , 0.602188 , 34 , -88 , 21
10 , -20 , 9 , -18 , -0.0169685 , 0.0321813 , -0.225129 , 0.598839 , 0.835619 , -1.54981 , 0.410364 , -0.415178 , 0.619043 , 97 , -44 , 19
10 , -20 , 9 , -19 , -0.0169088 , 0.030628 , -0.222231 , 0.608355 , 0.827021 , -1.53709 , 0.488529 , -0.447164 , 0.615146 , -3 , 18 , 9
10 , -20 , 7 , -17 , -0.0173812 , 0.0292881 , -0.218847 , 0.616778 , 0.818931 , -1.52419 , 0.410364 , -0.375549 , 0.594555 , -31 , 6 , 66
10 , -20 , 15 , -22 , -0.0178702 , 0.028395 , -0.215219 , 0.624711 , 0.81213 , -1.51094 , 0.3322 , -0.310011 , 0.686054 , 51 , -32 , -58
10 , -20 , 7 , -19 , -0.0177825 , 0.0280753 , -0.211715 , 0.63245 , 0.806405 , -1.49781 , 0.390823 , -0.268913 , 0.616114 , 81 , -19 , -17
10 , -20 , 6 , -20 , -0.0169407 , 0.0281155 , -0.208391 , 0.640129 , 0.801813 , -1.48609 , 0.3322 , -0.200764 , 0.555143 , 53 , -40 , 36
10 , -20 , 13 , -16 , -0.0155445 , 0.0280294 , -0.205614 , 0.646343 , 0.79851 , -1.47501 , 0.293117 , -0.12254 , 0.540306 , -3 , -86 , -100
10 , -20 , 14 , -22 , -0.0142361 , 0.0273025 , -0.203174 , 0.65287 , 0.794837 , -1.46502 , 0.410364 , -0.207589 , 0.423732 , -34 , -19 , -20
10 , -20 , 8 , -23 , -0.0133708 , 0.0257306 , -0.201073 , 0.66053 , 0.791358 , -1.45681 , 0.429905 , -0.126072 , 0.363553 , -1 , -17 , -8
10 , -20 , 14 , -16 , -0.0127672 , 0.0237152 , -0.199226 , 0.668347 , 0.78917 , -1.44966 , 0.351741 , -0.0832479 , 0.342524 , 57 , -102 , 49
10 , -20 , 7 , -23 , -0.0121419 , 0.0218164 , -0.197704 , 0.676163 , 0.786864 , -1.4436 , 0.429905 , -0.148564 , 0.265623 , -9 , 35 , 28
10 , -20 , 15 , -22 , -0.011609 , 0.0204107 , -0.196321 , 0.684019 , 0.784753 , -1.43848 , 0.371282 , -0.0631987 , 0.205552 , 44 , -1 , 2
10 , -20 , 15 , -19 , -0.0112484 , 0.0198652 , -0.195052 , 0.691659 , 0.783776 , -1.43467 , 0.390823 , -0.0664965 , 0.192649 , 78 , 45 , -52
10 , -20 , 12 , -15 , -0.0107466 , 0.0199452 , -0.194134 , 0.700433 , 0.782643 , -1.43215 , 0.468988 , -0.0642375 , 0.0915705 , 9 , 2 , -21
10 , -20 , 9 , -24 , -0.0100349 , 0.0202844 , -0.193495 , 0.710516 , 0.780376 , -1.42985 , 0.547152 , -0.147665 , 0.162033 , 50 , 19 , -103
10 , -20 , 14 , -18 , -0.00982433 , 0.0206313 , -0.19285 , 0.720991 , 0.778363 , -1.42731 , 0.50807 , -0.0852826 , 0.0913988 , -12 , -50 , -88
10 , -20 , 15 , -21 , -0.0102401 , 0.0206928 , -0.192082 , 0.731113 , 0.776077 , -1.426 , 0.527611 , -0.149932 , 0.0606606 , 78 , -45 , -179
10 , -20 , 8 , -22 , -0.0105556 , 0.0203323 , -0.191388 , 0.74231 , 0.772501 , -1.4258 , 0.605776 , -0.179057 , 0 , -1 , -49 , -164
10 , -20 , 8 , -21 , -0.0103679 , 0.0199802 , -0.190791 , 0.753761 , 0.769374 , -1.42672 , 0.527611 , -0.144964 , -0.0518692 , 47 , -48 , -283
10 , -20 , 11 , -20 , -0.010045 , 0.0200339 , -0.190402 , 0.764079 , 0.767244 , -1.42881 , 0.410364 , -0.0642792 , -0.149245 , 61 , -87 , -245
10 , -20 , 7 , -19 , -0.00978206 , 0.0205077 , -0.190257 , 0.772794 , 0.766346 , -1.43268 , 0.429905 , -0.0494039 , -0.252252 , -8 , -68 , -253
0 , 0 , 0 , 0 , -0.00908294 , 0.0214835 , -0.190566 , 0.780337 , 0.766052 , -1.43665 , 0.390823 , 0 , -0.143755 , -10 , -83 , -214
0 , 0 , 0 , 0 , -0.00828408 , 0.0228258 , -0.19123 , 0.786414 , 0.76529 , -1.43934 , 0.293117 , -0.0809484 , -0.0834375 , 38 , -18 , -212
0 , 0 , 0 , 0 , -0.00867182 , 0.0242394 , -0.191719 , 0.791769 , 0.763102 , -1.44102 , 0.234494 , -0.111113 , -0.0541997 , 34 , -103 , -201
0 , 0 , 0 , 0 , -0.0104148 , 0.0251541 , -0.191632 , 0.796048 , 0.759741 , -1.44145 , 0.156329 , -0.230256 , -0.0118483 , 49 , -35 , -165
0 , 0 , 0 , 0 , -0.0120222 , 0.0253876 , -0.191025 , 0.798921 , 0.75509 , -1.44124 , 0.0977058 , -0.247147 , 0.0422227 , 47 , -80 , -24
0 , 0 , 0 , 0 , -0.0125607 , 0.0254456 , -0.19027 , 0.800836 , 0.749227 , -1.43934 , 0.0390823 , -0.334227 , 0.104796 , 42 , -36 , 48
0 , 0 , 0 , 0 , -0.0128372 , 0.0257855 , -0.189363 , 0.801363 , 0.742154 , -1.43602 , 0 , -0.374829 , 0.191454 , 18 , -5 , -1
0 , 0 , 0 , 0 , -0.0142458 , 0.0263771 , -0.188 , 0.800758 , 0.734279 , -1.43155 , -0.0977058 , -0.431053 , 0.264069 , -10 , -94 , -39
0 , 0 , 0 , 0 , -0.0163798 , 0.0270171 , -0.185939 , 0.798823 , 0.724918 , -1.42561 , -0.117247 , -0.542308 , 0.308219 , 2 , -21 , -69
0 , 0 , 0 , 0 , -0.0178486 , 0.0279061 , -0.183382 , 0.795735 , 0.714366 , -1.41902 , -0.156329 , -0.552529 , 0.398256 , -46 , -111 , -84
0 , 0 , 0 , 0 , -0.0183008 , 0.0290957 , -0.180417 , 0.791475 , 0.702348 , -1.4112 , -0.273576 , -0.61839 , 0.431053 , 20 , 2 , 70
0 , 0 , 0 , 0 , -0.0184497 , 0.0302388 , -0.177198 , 0.786043 , 0.689666 , -1.4021 , -0.293117 , -0.678115 , 0.52436 , -30 , -56 , 0
0 , 0 , 0 , 0 , -0.0187846 , 0.0310381 , -0.173758 , 0.779555 , 0.675557 , -1.39131 , -0.390823 , -0.753513 , 0.548135 , -70 , -83 , -120
0 , 0 , 0 , 0 , -0.0193302 , 0.0315892 , -0.169892 , 0.771563 , 0.659846 , -1.37966 , -0.390823 , -0.78531 , 0.578425 , -76 , -4 , -49
0 , 0 , 0 , 0 , -0.0200022 , 0.0319928 , -0.165486 , 0.762418 , 0.643608 , -1.36733 , -0.449447 , -0.869138 , 0.665415 , -16 , -87 , 35
0 , 0 , 0 , 0 , -0.0206243 , 0.0321762 , -0.160837 , 0.752217 , 0.625591 , -1.35301 , -0.586235 , -0.947064 , 0.748222 , -22 , 30 , -47
0 , 0 , 0 , 0 , -0.021332 , 0.0325063 , -0.155655 , 0.740786 , 0.607046 , -1.33769 , -0.605776 , -0.981967 , 0.74066 , -114 , -99 , 11
0 , 0 , 0 , 0 , -0.0219053 , 0.0332295 , -0.150207 , 0.728182 , 0.585453 , -1.32172 , -0.664399 , -1.08462 , 0.86721 , -19 , 11 , -26
0 , 0 , 0 , 0 , -0.0223808 , 0.0341841 , -0.144317 , 0.714092 , 0.564388 , -1.30365 , -0.703482 , -1.15628 , 0.915276 , -12 , -77 , -81
0 , 0 , 0 , 0 , -0.0227791 , 0.0352275 , -0.138055 , 0.699339 , 0.541388 , -1.28528 , -0.84027 , -1.18311 , 0.930528 , -49 , 5 , 93
0 , 0 , 0 , 0 , -0.0231014 , 0.0361827 , -0.131324 , 0.682768 , 0.51788 , -1.26476 , -0.898893 , -1.27372 , 1.02399 , 76 , -63 , -81
0 , 0 , 0 , 0 , -0.0234194 , 0.0369028 , -0.124254 , 0.665337 , 0.492613 , -1.24309 , -0.820728 , -1.23809 , 1.09576 , -36 , -103 , 53
0 , 0 , 0 , 0 , -0.0235612 , 0.0376993 , -0.116786 , 0.646949 , 0.466428 , -1.22019 , -1.01614 , -1.41688 , 1.11823 , -10 , -7 , -79
0 , 0 , 0 , 0 , -0.0237156 , 0.0384295 , -0.108861 , 0.626841 , 0.439344 , -1.1969 , -0.977058 , -1.44749 , 1.2473 , -95 , -67 , -27
0 , 0 , 0 , 0 , -0.023871 , 0.0390115 , -0.100854 , 0.604857 , 0.410442 , -1.17198 , -1.13339 , -1.36731 , 1.2614 , 46 , -180 , 67
0 , 0 , 0 , 0 , -0.0240094 , 0.0396067 , -0.0921857 , 0.582541 , 0.380466 , -1.14558 , -1.11385 , -1.54272 , 1.33538 , -50 , 47 , -20
0 , 0 , 0 , 0 , -0.0246163 , 0.0404731 , -0.0830399 , 0.558877 , 0.351174 , -1.11877 , -1.27018 , -1.48226 , 1.40753 , 38 , -93 , -54
0 , 0 , 0 , 0 , -0.0255128 , 0.0418023 , -0.0739294 , 0.534372 , 0.322996 , -1.09026 , -1.28972 , -1.35388 , 1.43597 , -21 , -148 , 65
0 , 0 , 0 , 0 , -0.0255615 , 0.0429893 , -0.0646483 , 0.508226 , 0.295482 , -1.06021 , -1.30926 , -1.27929 , 1.47945 , 51 , -78 , -32
0 , 0 , 0 , 0 , -0.025052 , 0.0438499 , -0.0550704 , 0.481162 , 0.269609 , -1.02966 , -1.38742 , -1.27442 , 1.65719 , 27 , -30 , -99
0 , 0 , 0 , 0 , -0.0245831 , 0.0444191 , -0.0456055 , 0.453023 , 0.245124 , -0.997752 , -1.48513 , -1.20873 , 1.66662 , 42 , -62 , -78
0 , 0 , 0 , 0 , -0.0236113 , 0.044419 , -0.0366399 , 0.423359 , 0.22103 , -0.964493 , -1.44605 , -1.16431 , 1.64788 , -48 , -21 , 33
0 , 0 , 0 , 0 , -0.0225535 , 0.0431803 , -0.0274922 , 0.392601 , 0.19889 , -0.930003 , -1.54375 , -1.10453 , 1.75125 , 20 , -55 , 100
0 , 0 , 0 , 0 , -0.0219913 , 0.0409408 , -0.0182167 , 0.36243 , 0.177316 , -0.894223 , -1.50467 , -0.999967 , 1.73185 , 35 , -63 , 32
0 , 0 , 0 , 0 , -0.0219488 , 0.0386596 , -0.00881796 , 0.333704 , 0.157619 , -0.85731 , -1.48513 , -0.976647 , 1.83485 , 15 , -80 , 67
0 , 0 , 0 , 0 , -0.0218819 , 0.0362693 , 0.000358939 , 0.305741 , 0.13839 , -0.819263 , -1.27018 , -0.865288 , 1.87745 , -36 , -58 , 36
0 , 0 , 0 , 0 , -0.02157 , 0.0337096 , 0.00971112 , 0.279439 , 0.121175 , -0.779966 , -1.36788 , -0.818477 , 1.98052 , 75 , -99 , -35
0 , 0 , 0 , 0 , -0.021334 , 0.0310523 , 0.0189721 , 0.254309 , 0.104408 , -0.739555 , -1.27018 , -0.81819 , 2.05156 , -112 , -5 , 62
0 , 0 , 0 , 0 , -0.0216299 , 0.0283082 , 0.0284548 , 0.229999 , 0.0887559 , -0.69633 , -1.17247 , -0.708224 , 1.92998 , -3 , -149 , 34
0 , 0 , 0 , 0 , -0.0219679 , 0.0249909 , 0.0381158 , 0.207312 , 0.0747449 , -0.657892 , -1.15293 , -0.682461 , 1.86698 , -3 , -96 , 24
0 , 0 , 0 , 0 , -0.0219297 , 0.0208804 , 0.0475677 , 0.185465 , 0.0616133 , -0.617012 , -0.977058 , -0.586821 , 1.8655 , -28 , -29 , 2
0 , 0 , 0 , 0 , -0.0212169 , 0.0161399 , 0.0565008 , 0.165181 , 0.0503185 , -0.580939 , -1.07476 , -0.510875 , 1.8655 , 70 , -159 , -42
0 , 0 , 0 , 0 , -0.0188034 , 0.0106652 , 0.0641913 , 0.145738 , 0.0402157 , -0.542443 , -0.801187 , -0.505809 , 1.82343 , -96 , -98 , -97
0 , 0 , 0 , 0 , -0.0160459 , 0.00521535 , 0.071461 , 0.127877 , 0.0306405 , -0.508871 , -0.898893 , -0.425421 , 1.83055 , 5 , -36 , -46
0 , 0 , 0 , 0 , -0.0143853 , 0.000266914 , 0.0783392 , 0.110779 , 0.0225896 , -0.473052 , -0.781646 , -0.363777 , 1.74734 , 45 , -71 , -124
0 , 0 , 0 , 0 , -0.0136853 , -0.00432448 , 0.0849576 , 0.0944815 , 0.0159651 , -0.440165 , -0.742564 , -0.319299 , 1.69677 , -18 , -61 , -77
0 , 0 , 0 , 0 , -0.0134921 , -0.00830312 , 0.091252 , 0.0798061 , 0.0104741 , -0.408117 , -0.605776 , -0.237149 , 1.56851 , -27 , -135 , -65
0 , 0 , 0 , 0 , -0.0129636 , -0.0120687 , 0.0973211 , 0.0665963 , 0.00613592 , -0.377242 , -0.625317 , -0.207882 , 1.47294 , 21 , -35 , 18
0 , 0 , 0 , 0 , -0.0120849 , -0.0161413 , 0.102945 , 0.0546566 , 0.00281393 , -0.347813 , -0.547152 , -0.108321 , 1.48602 , -83 , -108 , -104
0 , 0 , 0 , 0 , -0.0113391 , -0.0204983 , 0.108133 , 0.0436354 , 0.000977058 , -0.319908 , -0.527611 , -0.0649495 , 1.40163 , 16 , -130 , 1
0 , 0 , 0 , 0 , -0.0107564 , -0.0256031 , 0.112907 , 0.0340212 , 0.00017587 , -0.292668 , -0.468988 , -0.0176782 , 1.28701 , 34 , -141 , -6
0 , 0 , 0 , 0 , -0.0103279 , -0.0311052 , 0.117182 , 0.0255989 , 0.000117247 , -0.266639 , -0.371282 , -0.00387984 , 1.2765 , -17 , -53 , -87
0 , 0 , 0 , 0 , -0.00989162 , -0.0363479 , 0.121242 , 0.0184469 , 7.81646e-05 , -0.24231 , -0.410364 , 0 , 1.19761 , 4 , -140 , 16
0 , 0 , 0 , 0 , -0.00957328 , -0.0410836 , 0.125085 , 0.0122523 , 7.81646e-05 , -0.21849 , -0.234494 , 0 , 1.14386 , -99 , -114 , -1
0 , 0 , 0 , 0 , -0.00946681 , -0.0452834 , 0.128608 , 0.00738656 , 1.95412e-05 , -0.196486 , -0.214953 , -0.00234484 , 1.10819 , -69 , -136 , -2
0 , 0 , 0 , 0 , -0.00952304 , -0.0490608 , 0.132104 , 0.00367374 , 1.95412e-05 , -0.175284 , -0.136788 , 0 , 0.982372 , -26 , -136 , -11
0 , 0 , 0 , 0 , -0.00947181 , -0.0524945 , 0.13531 , 0.00125063 , 0 , -0.155489 , -0.0781646 , 0 , 0.923568 , -25 , -119 , -54
0 , 0 , 0 , 0 , -0.00916234 , -0.0556782 , 0.138405 , 3.90823e-05 , 0 , -0.136671 , -0.0195412 , 0 , 0.855498 , -35 , -58 , 33
0 , 0 , 0 , 0 , -0.00887574 , -0.0586016 , 0.141189 , -9.77058e-05 , 0 , -0.119494 , 0 , 0 , 0.887224 , 3 , -40 , -26
0 , 0 , 0 , 0 , -0.00875132 , -0.0614084 , 0.143806 , 0 , 0 , -0.102083 , 0 , 0 , 0.802237 , -5 , -101 , -86
0 , 0 , 0 , 0 , -0.00876394 , -0.0643267 , 0.146263 , 1.95412e-05 , 0 , -0.0880329 , 0 , 0 , 0.674017 , 27 , -136 , 53
0 , 0 , 0 , 0 , -0.00888224 , -0.0672414 , 0.148624 , 1.95412e-05 , 0 , -0.0740219 , -0.0195412 , 0 , 0.745369 , 3 , -101 , -82
0 , 0 , 0 , 0 , -0.00897189 , -0.0700305 , 0.150838 , 0 , 0 , -0.0611443 , 0 , 0 , 0.638251 , 3 , -136 , -48
0 , 0 , 0 , 0 , -0.00888535 , -0.0725816 , 0.152837 , 0 , 0 , -0.0498299 , 0 , 0 , 0.533665 , -1 , -62 , 49
0 , 0 , 0 , 0 , -0.00858029 , -0.0747507 , 0.154604 , 0 , 0 , -0.0390432 , -0.0195412 , 0 , 0.503853 , 3 , -123 , 1
0 , 0 , 0 , 0 , -0.00820459 , -0.0765528 , 0.156137 , 0 , 0 , -0.0297612 , 0 , 0 , 0.462328 , -25 , -119 , -103
0 , 0 , 0 , 0 , -0.00789383 , -0.0780308 , 0.157448 , 0 , 0 , -0.021847 , 0 , 0 , 0.402907 , -25 , -140 , -68
0 , 0 , 0 , 0 , -0.00758926 , -0.079333 , 0.158573 , 0 , 0 , -0.0153984 , 0 , 0 , 0.308706 , -15 , -136 , -8
0 , 0 , 0 , 0 , -0.00729051 , -0.0804949 , 0.159512 , 0 , -1.95412e-05 , -0.0100442 , 0 , 0 , 0.210497 , -21 , -75 , 99
0 , 0 , 0 , 0 , -0.00705155 , -0.0813916 , 0.160236 , 0 , -1.95412e-05 , -0.00596005 , 0 , 0 , 0.187955 , 9 , -58 , 49
0 , 0 , 0 , 0 , -0.00686647 , -0.0819704 , 0.160767 , 0 , -3.90823e-05 , -0.0027553 , 0 , 0 , 0.133965 , 5 , -84 , 38
0 , 0 , 0 , 0 , -0.00678282 , -0.0825471 , 0.161122 , -1.95412e-05 , -5.86235e-05 , -0.000820729 , 0.0195412 , 0 , 0.110568 , -39 , -140 , 19
0 , 0 , 0 , 0 , -0.00678869 , -0.0831678 , 0.161293 , 0 , -5.86235e-05 , -0.000136788 , 0 , 0 , -0.0309195 , -5 , -79 , 31
0 , 0 , 0 , 0 , -0.00670291 , -0.0835052 , 0.161293 , 0 , -5.86235e-05 , -3.90823e-05 , 0 , 0 , 0 , -8 , -84 , 55
0 , 0 , 0 , 0 , -0.00663246 , -0.0834731 , 0.161293 , 0 , -5.86235e-05 , -1.95412e-05 , 0 , 0 , 0 , 5 , -119 , 49
0 , 0 , 0 , 0 , -0.00670529 , -0.0831709 , 0.161293 , 0 , -5.86235e-05 , -1.95412e-05 , 0 , 0 , 0 , -18 , -69 , 31
0 , 0 , 0 , 0 , -0.00694316 , -0.0827744 , 0.161293 , 0 , -5.86235e-05 , -1.95412e-05 , 0 , 0 , 0 , -15 , -84 , 36
0 , 0 , 0 , 0 , -0.00724426 , -0.0824212 , 0.161293 , 0 , -5.86235e-05 , -1.95412e-05 , 0 , 0 , 0 , -25 , -91 , 25
0 , 0 , 0 , 0 , -0.00745911 , -0.0822028 , 0.161293 , 0 , -3.90823e-05 , 0 , 0 , 0 , 0 , -15 , -84 , 13
0 , 0 , 0 , 0 , -0.00757246 , -0.0821502 , 0.161293 , 0 , -5.86235e-05 , 0 , 0 , 0 , 0 , 13 , -101 , 55
0 , 0 , 0 , 0 , -0.00767071 , -0.082229 , 0.161293 , 0 , -5.86235e-05 , 0 , 0 , 0 , 0 , 3 , -65 , 55
0 , 0 , 0 , 0 , -0.00783452 , -0.0823163 , 0.161293 , 0 , -3.90823e-05 , 0 , 0 , 0 , 0 , -1 , -66 , 31
0 , 0 , 0 , 0 , -0.00804733 , -0.0823209 , 0.161293 , 0 , -3.90823e-05 , 0 , 0 , 0 , 0 , -8 , -104 , 55
0 , 0 , 0 , 0 , -0.00821805 , -0.0821992 , 0.161293 , 0 , -3.90823e-05 , 0 , 0 , 0 , 0 , -31 , -84 , 7
0 , 0 , 0 , 0 , -0.00831534 , -0.0819664 , 0.161293 , 0 , -5.86235e-05 , 0 , 0 , 0 , 0 , -5 , -48 , 55
0 , 0 , 0 , 0 , -0.00836443 , -0.0817051 , 0.161293 , 0 , -5.86235e-05 , 0 , 0 , 0 , 0 , -21 , -65 , 31
0 , 0 , 0 , 0 , -0.00843883 , -0.0815196 , 0.161293 , 0 , -3.90823e-05 , 0 , 0 , 0 , 0 , 19 , -19 , 25
0 , 0 , 0 , 0 , -0.00858164 , -0.0814284 , 0.161293 , 0 , -3.90823e-05 , 0 , 0 , 0 , 0 , -19 , -69 , 42
0 , 0 , 0 , 0 , -0.00875128 , -0.0814224 , 0.161293 , 0 , -3.90823e-05 , 0 , 0 , 0 , 0 , 5 , -84 , 67
0 , 0 , 0 , 0 , -0.00890476 , -0.0814763 , 0.161293 , 0 , -3.90823e-05 , 0 , 0 , 0 , 0 , -11 , -65 , 49
0 , 0 , 0 , 0 , -0.00898461 , -0.0815236 , 0.161293 , 0 , -3.90823e-05 , 0 , 0 , 0 , 0 , 9 , -65 , 36
0 , 0 , 0 , 0 , -0.00906294 , -0.0815 , 0.161293 , 0 , -3.90823e-05 , 0 , 0 , 0 , 0 , -9 , -48 , 31
0 , 0 , 0 , 0 , -0.00917736 , -0.0813774 , 0.161293 , 0 , -3.90823e-05 , 0 , 0 , 0 , 0 , -39 , -84 , 55
0 , 0 , 0 , 0 , -0.00928404 , -0.0812146 , 0.161293 , 0 , -3.90823e-05 , 0 , 0 , 0 , 0 , 5 , -74 , -17
0 , 0 , 0 , 0 , -0.0093733 , -0.0810451 , 0.161293 , 0 , -3.90823e-05 , 0 , 0 , 0 , 0 , 33 , -117 , 73
0 , 0 , 0 , 0 , -0.00944458 , -0.0809351 , 0.161293 , 0 , -3.90823e-05 , 0 , 0 , 0 , 0 , -11 , -52 , 42
0 , 0 , 0 , 0 , -0.00953547 , -0.0809016 , 0.161293 , 0 , -3.90823e-05 , 0 , 0 , 0 , 0 , -1 , -48 , 31
0 , 0 , 0 , 0 , -0.00962613 , -0.0809211 , 0.161293 , 0 , -3.90823e-05 , 0 , 0 , 0 , 0 , -1 , -26 , 7
0 , 0 , 0 , 0 , -0.00970435 , -0.0809389 , 0.161293 , 0 , -3.90823e-05 , 0 , 0 , 0 , 0 , -15 , -65 , 13
0 , 0 , 0 , 0 , -0.00979072 , -0.0809093 , 0.161293 , 0 , -3.90823e-05 , 0 , 0 , 0 , 0 , -1 , -65 , 13
0 , 0 , 0 , 0 , -0.00986332 , -0.0808296 , 0.161293 , 0 , -3.90823e-05 , 0 , 0 , 0 , 0 , -25 , -69 , 25
0 , 0 , 0 , 0 , -0.0099068 , -0.0807144 , 0.161293 , 0 , -3.90823e-05 , 0 , 0 , 0 , 0 , -29 , -52 , 31
0 , 0 , 0 , 0 , -0.00996742 , -0.080584 , 0.161293 , 0 , -3.90823e-05 , 0 , 0 , 0 , 0 , -26 , -26 , 13
0 , 0 , 0 , 0 , -0.0100482 , -0.0804828 , 0.161293 , 0 , -3.90823e-05 , 0 , 0 , 0 , 0 , -1 , -52 , 49
0 , 0 , 0 , 0 , -0.0101367 , -0.0804323 , 0.161293 , 0 , -3.90823e-05 , 0 , 0 , 0 , 0 , -12 , -84 , 31
0 , 0 , 0 , 0 , -0.0102079 , -0.0804085 , 0.161293 , 0 , -3.90823e-05 , 0 , 0 , 0 , 0 , 9 , -52 , 36
0 , 0 , 0 , 0 , -0.0102667 , -0.0804041 , 0.161293 , 0 , -1.95412e-05 , 0 , 0 , 0 , 0 , -9 , -74 , 60
0 , 0 , 0 , 0 , -0.0103326 , -0.0803858 , 0.161293 , 0 , 0 , 0 , 0 , 0 , 0 , -5 , -52 , 13
0 , 0 , 0 , 0 , -0.0103815 , -0.0803554 , 0.161293 , 0 , 0 , 0 , 0 , 0 , 0 , 9 , -69 , 60
0 , 0 , 0 , 0 , -0.0104251 , -0.0803152 , 0.161293 , 0 , 0 , 0 , 0 , 0 , 0 , -5 , -69 , 42
0 , 0 , 0 , 0 , -0.0104668 , -0.0802773 , 0.161293 , 0 , 0 , 0 , 0 , 0 , 0 , -1 , -69 , 31
0 , 0 , 0 , 0 , -0.0105126 , -0.0802241 , 0.161293 , 0 , 0 , 0 , 0 , 0 , 0 , 9 , -48 , 73
0 , 0 , 0 , 0 , -0.010558 , -0.0801815 , 0.161293 , 0 , 0 , 0 , 0 , 0 , 0 , -1 , -84 , 55
0 , 0 , 0 , 0 , -0.0106061 , -0.0801586 , 0.161293 , 0 , 0 , 0 , 0 , 0 , 0 , -1 , -87 , 25
0 , 0 , 0 , 0 , -0.0106648 , -0.0801374 , 0.161293 , 0 , 0 , 0 , 0 , 0 , 0 , -1 , -62 , 55
0 , 0 , 0 , 0 , -0.0107178 , -0.0801137 , 0.161293 , 0 , 1.95412e-05 , 0 , 0 , 0 , 0 , -11 , -87 , 55
0 , 0 , 0 , 0 , -0.0107623 , -0.0800773 , 0.161293 , 0 , 1.95412e-05 , 0 , 0 , 0 , 0 , 3 , -52 , 60
0 , 0 , 0 , 0 , -0.0108087 , -0.0800348 , 0.161293 , 0 , 1.95412e-05 , 0 , 0 , 0 , 0 , -1 , 13 , 31
0 , 0 , 0 , 0 , -0.0108529 , -0.0799876 , 0.161293 , 0 , 1.95412e-05 , 0 , 0 , 0 , 0 , -19 , -74 , 36
0 , 0 , 0 , 0 , -0.0108887 , -0.0799527 , 0.161293 , 0 , 1.95412e-05 , 0 , 0 , 0 , 0 , 3 , 0 , 55
0 , 0 , 0 , 0 , -0.010917 , -0.0799269 , 0.161293 , 0 , 1.95412e-05 , 0 , 0 , 0 , 0 , 3 , -74 , 31
0 , 0 , 0 , 0 , -0.0109477 , -0.0799025 , 0.161293 , 0 , 1.95412e-05 , 1.95412e-05 , 0 , 0 , 0 , -15 , -74 , -17
0 , 0 , 0 , 0 , -0.0109923 , -0.0798865 , 0.161293 , 0 , 1.95412e-05 , 0 , 0 , 0 , 0 , 19 , 0 , 36
0 , 0 , 0 , 0 , -0.0110377 , -0.0798806 , 0.161293 , 0 , 1.95412e-05 , 0 , 0 , 0 , 0 , 3 , -48 , 55
0 , 0 , 0 , 0 , -0.0110749 , -0.0798619 , 0.161293 , 0 , 1.95412e-05 , 0 , 0 , 0 , 0 , 6 , -87 , 25
0 , 0 , 0 , 0 , -0.0110908 , -0.0798434 , 0.161293 , 0 , 1.95412e-05 , 0 , 0 , 0 , 0 , -15 , -87 , 36
0 , 0 , 0 , 0 , -0.0110869 , -0.0798135 , 0.161293 , 0 , 1.95412e-05 , 0 , 0 , 0 , 0 , -15 , -87 , 25
0 , 0 , 0 , 0 , -0.011096 , -0.0797857 , 0.161293 , 0 , 1.95412e-05 , 1.95412e-05 , 0 , 0 , 0 , -21 , -83 , 36
0 , 0 , 0 , 0 , -0.0111324 , -0.0797532 , 0.161293 , 0 , 1.95412e-05 , 0 , 0 , 0 , 0 , -18 , -69 , 31
0 , 0 , 0 , 0 , -0.011167 , -0.0797245 , 0.161293 , 0 , 1.95412e-05 , 0 , 0 , 0 , 0 , 5 , -87 , 31
0 , 0 , 0 , 0 , -0.011185 , -0.0797149 , 0.161293 , 0 , 1.95412e-05 , 1.95412e-05 , 0 , 0 , 0 , -15 , -61 , 13
0 , 0 , 0 , 0 , -0.0111845 , -0.0796978 , 0.161293 , 0 , 1.95412e-05 , 0 , 0 , 0 , 0 , -11 , -74 , 25
0 , 0 , 0 , 0 , -0.0111848 , -0.0796766 , 0.161293 , 0 , 0 , 0 , 0 , 0 , 0 , -29 , -87 , 13
0 , 0 , 0 , 0 , -0.0112049 , -0.0796437 , 0.161293 , 0 , 1.95412e-05 , 0 , 0 , 0 , 0 , -25 , -52 , 36
0 , 0 , 0 , 0 , -0.0112366 , -0.0796341 , 0.161293 , 0 , 1.95412e-05 , 0 , 0 , 0 , 0 , 13 , -69 , -5
0 , 0 , 0 , 0 , -0.0112784 , -0.0796382 , 0.161293 , 0 , 1.95412e-05 , 1.95412e-05 , 0 , 0 , 0 , -15 , -69 , 36
0 , 0 , 0 , 0 , -0.0113242 , -0.0796483 , 0.161293 , 0 , 0 , 0 , 0 , 0 , 0 , 37 , -52 , 31
0 , 0 , 0 , 0 , -0.0113578 , -0.0796481 , 0.161293 , 0 , 0 , 0 , 0 , 0 , 0 , -1 , -69 , -5
0 , 0 , 0 , 0 , -0.0113755 , -0.0796359 , 0.161293 , 0 , 0 , 0 , 0 , 0 , 0 , -5 , -39 , 36
0 , 0 , 0 , 0 , -0.0113926 , -0.079612 , 0.161293 , 0 , 1.95412e-05 , 0 , 0 , 0 , 0 , 3 , -69 , 55
0 , 0 , 0 , 0 , -0.0114169 , -0.0795862 , 0.161293 , 0 , 0 , 0 , 0 , 0 , 0 , -9 , -65 , 31
0 , 0 , 0 , 0 , -0.0114394 , -0.0795656 , 0.161293 , 0 , 0 , 0 , 0 , 0 , 0 , -11 , -74 , 13
0 , 0 , 0 , 0 , -0.0114395 , -0.0795624 , 0.161293 , 0 , 0 , 0 , 0 , 0 , 0 , -15 , -87 , 18
0 , 0 , 0 , 0 , -0.0114533 , -0.0795578 , 0.161293 , 0 , 1.95412e-05 , 0 , 0 , 0 , 0 , -5 , -79 , 36
0 , 0 , 0 , 0 , -0.0114768 , -0.0795324 , 0.161293 , 0 , 0 , 1.95412e-05 , 0 , 0 , 0 , -1 , -69 , 36
0 , 0 , 0 , 0 , -0.0114948 , -0.0795221 , 0.161293 , 0 , 1.95412e-05 , 0 , 0 , 0 , 0 , -15 , -91 , 31
0 , 0 , 0 , 0 , -0.0115096 , -0.079503 , 0.161293 , 0 , 1.95412e-05 , 0 , 0 , 0 , 0 , -11 , -87 , 60
0 , 0 , 0 , 0 , -0.0115192 , -0.0794756 , 0.161293 , 0 , 0 , 1.95412e-05 , 0 , 0 , 0 , 5 , -105 , 13
0 , 0 , 0 , 0 , -0.0115414 , -0.0794472 , 0.161293 , 0 , 0 , 0 , 0 , 0 , 0 , -1 , -69 , 36
0 , 0 , 0 , 0 , -0.0115606 , -0.0794373 , 0.161293 , 0 , 0 , 0 , 0 , 0 , 0 , -9 , -69 , 31
0 , 0 , 0 , 0 , -0.0115691 , -0.0794278 , 0.161293 , 0 , 0 , 1.95412e-05 , 0 , 0 , 0 , 3 , -69 , 31
0 , 0 , 0 , 0 , -0.0115915 , -0.0794249 , 0.161293 , 0 , 0 , 0 , 0 , 0 , 0 , -19 , -69 , 36
0 , 0 , 0 , 0 , -0.011613 , -0.079412 , 0.161293 , 0 , 0 , 0 , 0 , 0 , 0 , -35 , -62 , 36
0 , 0 , 0 , 0 , -0.0116231 , -0.0794005 , 0.161293 , 0 , 0 , 0 , 0 , 0 , 0 , 5 , -105 , 55
0 , 0 , 0 , 0 , -0.0116293 , -0.0793979 , 0.161293 , 0 , 0 , 0 , 0 , 0 , 0 , -15 , -91 , 36
0 , 0 , 0 , 0 , -0.011623 , -0.0793831 , 0.161293 , 0 , 0 , 0 , 0 , 0 , 0 , -5 , -87 , 24
0 , 0 , 0 , 0 , -0.0116194 , -0.0793728 , 0.161293 , 0 , 0 , 0 , 0 , 0 , 0 , 6 , -84 , 42
0 , 0 , 0 , 0 , -0.0116195 , -0.0793788 , 0.161293 , 0 , 0 , 0 , 0 , 0 , 0 , -22 , -65 , 78
0 , 0 , 0 , 0 , -0.0116253 , -0.0793881 , 0.161293 , 0 , 0 , 0 , 0 , 0 , 0 , -1 , -65 , 18
0 , 0 , 0 , 0 , -0.0116308 , -0.0793851 , 0.161293 , 0 , 0 , 0 , 0 , 0 , 0 , 29 , -105 , -17
0 , 0 , 0 , 0 , -0.0116346 , -0.0793743 , 0.161293 , 0 , 0 , 0 , 0 , 0 , 0 , 13 , -91 , 36
0 , 0 , 0 , 0 , -0.0116399 , -0.0793502 , 0.161293 , 0 , 0 , 0 , 0 , 0 , 0 , -9 , -65 , 36
0 , 0 , 0 , 0 , -0.0116464 , -0.0793463 , 0.161293 , 0 , 0 , 0 , 0 , 0 , 0 , -11 , -69 , -29
0 , 0 , 0 , 0 , -0.0116565 , -0.0793522 , 0.161293 , 0 , 0 , 0 , 0 , 0 , 0 , 3 , -65 , -47
0 , 0 , 0 , 0 , -0.0116515 , -0.0793543 , 0.161293 , 0 , 0 , 0 , 0 , 0 , 0 , -21 , -65 , 13
0 , 0 , 0 , 0 , -0.0116538 , -0.0793409 , 0.161293 , 0 , 0 , 0 , 0 , 0 , 0 , -35 , -87 , -5
0 , 0 , 0 , 0 , -0.0116633 , -0.0793317 , 0.161293 , 0 , 0 , 0 , 0 , 0 , 0 , -19 , -65 , 36
0 , 0 , 0 , 0 , -0.011674 , -0.0793118 , 0.161293 , 0 , 0 , 0 , 0 , 0 , 0 , -11 , -105 , 55
0 , 0 , 0 , 0 , -0.0116893 , -0.0792978 , 0.161293 , 0 , 0 , 0 , 0 , 0 , 0 , -21 , -44 , 13
0 , 0 , 0 , 0 , -0.0116904 , -0.0793079 , 0.161293 , 0 , 1.95412e-05 , 0 , 0 , 0 , 0 , 13 , -87 , 31
0 , 0 , 0 , 0 , -0.0116786 , -0.0793003 , 0.161293 , 0 , 0 , 0 , 0 , 0 , 0 , -1 , -109 , -11
0 , 0 , 0 , 0 , -0.0116666 , -0.0792966 , 0.161293 , 0 , 0 , 0 , 0 , 0 , 0 , -35 , -101 , 25
0 , 0 , 0 , 0 , -0.011675 , -0.079305 , 0.161293 , 0 , 0 , 0 , 0 , 0 , 0 , -15 , -130 , 18
0 , 0 , 0 , 0 , -0.0116896 , -0.0793131 , 0.161293 , 0 , 0 , 0 , 0 , 0 , 0 , -1 , -69 , 13
0 , 0 , 0 , 0 , -0.011689 , -0.0793152 , 0.161293 , 0 , 0 , 0 , 0 , 0 , 0 , -9 , -65 , 31
0 , 0 , 0 , 0 , -0.0116948 , -0.0792991 , 0.161293 , 0 , 0 , 0 , 0 , 0 , 0 , -1 , -87 , 42
0 , 0 , 0 , 0 , -0.0117092 , -0.0792687 , 0.161293 , 0 , 0 , 0 , 0 , 0 , 0 , -2 , -69 , 42
0 , 0 , 0 , 0 , -0.0117104 , -0.0792576 , 0.161293 , 0 , 0 , 0 , 0 , 0 , 0 , -1 , -78 , 55
0 , 0 , 0 , 0 , -0.0117092 , -0.0792432 , 0.161293 , 0 , 0 , 0 , 0 , 0 , 0 , -5 , -69 , 42
0 , 0 , 0 , 0 , -0.0116967 , -0.0792372 , 0.161293 , 0 , 0 , 0 , 0 , 0 , 0 , -5 , -69 , 36
0 , 0 , 0 , 0 , -0.0116818 , -0.0792326 , 0.161293 , 0 , 0 , 0 , 0 , 0 , 0 , -5 , -97 , -5
0 , 0 , 0 , 0 , -0.0116898 , -0.0792243 , 0.161293 , 0 , 0 , 0 , 0 , 0 , 0 , -35 , -84 , -5
0 , 0 , 0 , 0 , -0.0117144 , -0.0792287 , 0.161293 , 0 , 0 , 0 , 0 , 0 , 0 , 5 , -40 , 31
0 , 0 , 0 , 0 , -0.0117293 , -0.0792434 , 0.161293 , 0 , 0 , 0 , 0 , 0 , 0 , -1 , -65 , 31
0 , 0 , 0 , 0 , -0.0117358 , -0.0792624 , 0.161293 , 0 , 0 , 0 , 0 , 0 , 0 , -5 , -101 , 13
0 , 0 , 0 , 0 , -0.0117417 , -0.0792687 , 0.161293 , 0 , 0 , 0 , 0 , 0 , 0 , 16 , -79 , -11
0 , 0 , 0 , 0 , -0.0117475 , -0.0792581 , 0.161293 , 0 , 0 , 0 , 0 , 0 , 0 , -15 , -65 , 13
0 , 0 , 0 , 0 , -0.0117529 , -0.0792348 , 0.161293 , 0 , 0 , 0 , 0 , 0 , 0 , 13 , -56 , 18
0 , 0 , 0 , 0 , -0.0117568 , -0.0792201 , 0.161293 , 0 , 0 , 0 , 0 , 0 , 0 , -9 , -87 , 25
0 , 0 , 0 , 0 , -0.0117664 , -0.0791999 , 0.161293 , 0 , 0 , 0 , 0 , 0 , 0 , -1 , -87 , 13
0 , 0 , 0 , 0 , -0.0117694 , -0.0791944 , 0.161293 , 0 , 0 , 0 , 0 , 0 , 0 , 16 , -101 , 49
0 , 0 , 0 , 0 , -0.0117695 , -0.0792137 , 0.161293 , 0 , 0 , 0 , 0 , 0 , 0 , -5 , -74 , 13
0 , 0 , 0 , 0 , -0.011775 , -0.0792303 , 0.161293 , 0 , 0 , 0 , 0 , 0 , 0 , -21 , -84 , 73
0 , 0 , 0 , 0 , -0.0117787 , -0.0792235 , 0.161293 , 0 , 0 , 0 , 0 , 0 , 0 , 27 , -105 , 7
0 , 0 , 0 , 0 , -0.0117797 , -0.0792068 , 0.161293 , 0 , 0 , 0 , 0 , 0 , 0 , 19 , -69 , 18
0 , 0 , 0 , 0 , -0.0117943 , -0.0791854 , 0.161293 , 0 , 0 , 0 , 0 , 0 , 0 , -1 , -69 , 49
0 , 0 , 0 , 0 , -0.011809 , -0.0791811 , 0.161293 , 0 , 0 , 1.95412e-05 , 0 , 0 , 0 , 30 , -87 , 31
0 , 0 , 0 , 0 , -0.0118119 , -0.0791952 , 0.161293 , 0 , 0 , 0 , 0 , 0 , 0 , -31 , -65 , 36
0 , 0 , 0 , 0 , -0.011803 , -0.0792011 , 0.161293 , 0 , 0 , 0 , 0 , 0 , 0 , -29 , -84 , 13
0 , 0 , 0 , 0 , -0.011782 , -0.0792157 , 0.161293 , 0 , 0 , 0 , 0 , 0 , 0 , 27 , -65 , 36
0 , 0 , 0 , 0 , -0.0117646 , -0.0792181 , 0.161293 , 0 , 0 , 1.95412e-05 , 0 , 0 , 0 , -18 , -87 , 13
0 , 0 , 0 , 0 , -0.0117628 , -0.0792176 , 0.161293 , 0 , 0 , 0 , 0 , 0 , 0 , -1 , -74 , 55
0 , 0 , 0 , 0 , -0.0117704 , -0.0792211 , 0.161293 , 0 , 0 , 0 , 0 , 0 , 0 , 29 , -65 , 25
0 , 0 , 0 , 0 , -0.0117665 , -0.0792191 , 0.161293 , 0 , 0 , 0 , 0 , 0 , 0 , -19 , -74 , 31
0 , 0 , 0 , 0 , -0.0117647 , -0.0792028 , 0.161293 , 0 , 0 , 0 , 0 , 0 , 0 , -1 , -113 , 60
0 , 0 , 0 , 0 , -0.0117626 , -0.0791918 , 0.161293 , 0 , 0 , 0 , 0 , 0 , 0 , 3 , -74 , -11
0 , 0 , 0 , 0 , -0.0117558 , -0.0791848 , 0.161293 , 0 , 0 , 0 , 0 , 0 , 0 , -11 , -78 , 18
0 , 0 , 0 , 0 , -0.0117549 , -0.0791869 , 0.161293 , 0 , 0 , 0 , 0 , 0 , 0 , 3 , -40 , 13
0 , 0 , 0 , 0 , -0.0117617 , -0.0791848 , 0.161293 , 0 , 0 , 0 , 0 , 0 , 0 , -1 , -84 , 13
0 , 0 , 0 , 0 , -0.0117493 , -0.0791789 , 0.161293 , 0 , 0 , 1.95412e-05 , 0 , 0 , 0 , -1 , -87 , -17
0 , 0 , 0 , 0 , -0.0117354 , -0.0791891 , 0.161293 , 0 , 0 , 0 , 0 , 0 , 0 , -5 , -26 , 31
0 , 0 , 0 , 0 , -0.0117401 , -0.0791721 , 0.161293 , 0 , 1.95412e-05 , 0 , 0 , 0 , 0 , -8 , -87 , 55
0 , 0 , 0 , 0 , -0.0117374 , -0.0791539 , 0.161293 , 0 , 0 , 0 , 0 , 0 , 0 , 9 , -87 , 31
0 , 0 , 0 , 0 , -0.0117272 , -0.0791536 , 0.161293 , 0 , 0 , 0 , 0 , 0 , 0 , -1 , -62 , 31
0 , 0 , 0 , 0 , -0.0117207 , -0.079165 , 0.161293 , 0 , 0 , 0 , 0 , 0 , 0 , 9 , -65 , 18
0 , 0 , 0 , 0 , -0.0117276 , -0.079167 , 0.161293 , 0 , 0 , 0 , 0 , 0 , 0 , 5 , -74 , 36
0 , 0 , 0 , 0 , -0.0117258 , -0.0791804 , 0.161293 , 0 , 0 , 0 , 0 , 0 , 0 , -15 , -65 , 42
0 , 0 , 0 , 0 , -0.0117101 , -0.0791884 , 0.161293 , 0 , 0 , 0 , 0 , 0 , 0 , -11 , -48 , 42
0 , 0 , 0 , 0 , -0.0117087 , -0.0791689 , 0.161293 , 0 , 0 , 0 , 0 , 0 , 0 , -5 , -65 , 18
0 , 0 , 0 , 0 , -0.011709 , -0.0791387 , 0.161293 , 0 , 0 , 0 , 0 , 0 , 0 , -5 , -101 , 13
0 , 0 , 0 , 0 , -0.0116807 , -0.0791243 , 0.161293 , 0 , 0 , 0 , 0 , 0 , 0 , 16 , -48 , 18
0 , 0 , 0 , 0 , -0.0116517 , -0.0791331 , 0.161293 , 0 , 0 , 0 , 0 , 0 , 0 , 9 , -105 , 13
0 , 0 , 0 , 0 , -0.0116501 , -0.0791336 , 0.161293 , 0 , 0 , 0 , 0 , 0 , 0 , 27 , -87 , 31
0 , 0 , 0 , 0 , -0.0116654 , -0.079136 , 0.161293 , 0 , 0 , 0 , 0 , 0 , 0 , 29 , -84 , 7
0 , 0 , 0 , 0 , -0.0116774 , -0.0791379 , 0.161293 , 0 , 0 , 0 , 0 , 0 , 0 , -1 , -65 , 55
0 , 0 , 0 , 0 , -0.0116925 , -0.0791356 , 0.161293 , 0 , 0 , 0 , 0 , 0 , 0 , -9 , -87 , 7
0 , 0 , 0 , 0 , -0.0116977 , -0.0791132 , 0.161293 , 0 , 0 , 0 , 0 , 0 , 0 , 13 , -48 , 13
0 , 0 , 0 , 0 , -0.0116818 , -0.0791013 , 0.161293 , 0 , 0 , 0 , 0 , 0 , 0 , -5 , -69 , -5
0 , 0 , 0 , 0 , -0.0116661 , -0.0791188 , 0.161293 , 0 , 0 , 0 , 0 , 0 , 0 , -1 , -65 , 36
0 , 0 , 0 , 0 , -0.0116649 , -0.0791375 , 0.161293 , 0 , 0 , 0 , 0 , 0 , 0 , -19 , -105 , -17
0 , 0 , 0 , 0 , -0.0116699 , -0.0791266 , 0.161293 , 0 , 0 , 0 , 0 , 0 , 0 , -15 , -95 , 49
0 , 0 , 0 , 0 , -0.011654 , -0.0791152 , 0.161293 , 0 , 0 , 0 , 0 , 0 , 0 , 9 , -84 , 36
0 , 0 , 0 , 0 , -0.0116396 , -0.0791091 , 0.161293 , 0 , 0 , 0 , 0 , 0 , 0 , -9 , -65 , 2
0 , 0 , 0 , 0 , -0.0116158 , -0.0790981 , 0.161293 , 0 , 0 , 0 , 0 , 0 , 0 , 3 , -65 , -11
0 , 0 , 0 , 0 , -0.0116061 , -0.07909 , 0.161293 , 0 , 0 , 0 , 0 , 0 , 0 , 9 , -56 , 13
0 , 0 , 0 , 0 , -0.011605 , -0.0790749 , 0.161293 , 0 , 0 , 0 , 0 , 0 , 0 , 5 , -65 , 13
0 , 0 , 0 , 0 , -0.0115857 , -0.079076 , 0.161293 , 0 , 0 , 0 , 0 , 0 , 0 , -9 , -84 , 36
0 , 0 , 0 , 0 , -0.0115839 , -0.0790786 , 0.161293 , 0 , 0 , 0 , 0 , 0 , 0 , 13 , -52 , 25
0 , 0 , 0 , 0 , -0.0115794 , -0.0790676 , 0.161293 , 0 , 0 , 0 , 0 , 0 , 0 , 13 , -65 , 49
0 , 0 , 0 , 0 , -0.0115731 , -0.0790597 , 0.161293 , 0 , 0 , 0 , 0 , 0 , 0 , -5 , -65 , 13
0 , 0 , 0 , 0 , -0.0115708 , -0.0790869 , 0.161293 , 0 , 0 , 0 , 0 , 0 , 0 , 13 , -84 , 31
0 , 0 , 0 , 0 , -0.0115623 , -0.079096 , 0.161293 , 0 , 0 , 0 , 0 , 0 , 0 , -8 , -97 , 31
0 , 0 , 0 , 0 , -0.011557 , -0.0790944 , 0.161293 , 0 , 0 , 0 , 0 , 0 , 0 , 9 , -78 , 18
0 , 0 , 0 , 0 , -0.011558 , -0.0790869 , 0.161293 , 0 , 0 , 0 , 0 , 0 , 0 , 9 , -74 , 36
0 , 0 , 0 , 0 , -0.0115558 , -0.0790695 , 0.161293 , 0 , 0 , 0 , 0 , 0 , 0 , -1 , -84 , 24
0 , 0 , 0 , 0 , -0.0115612 , -0.0790521 , 0.161293 , 0 , 1.95412e-05 , 0 , 0 , 0 , 0 , -11 , -105 , 13
0 , 0 , 0 , 0 , -0.011568 , -0.0790441 , 0.161293 , 0 , 0 , 0 , 0 , 0 , 0 , -18 , -109 , 18
0 , 0 , 0 , 0 , -0.0115736 , -0.0790546 , 0.161293 , 0 , 0 , 0 , 0 , 0 , 0 , 12 , -69 , 13
0 , 0 , 0 , 0 , -0.0115883 , -0.0790523 , 0.161293 , 0 , 0 , 0 , 0 , 0 , 0 , 13 , -95 , -58
0 , 0 , 0 , 0 , -0.011608 , -0.0790466 , 0.161293 , 0 , 0 , 0 , 0 , 0 , 0 , -1 , -69 , 7
0 , 0 , 0 , 0 , -0.0116247 , -0.079034 , 0.161293 , 0 , 1.95412e-05 , 0 , 0 , 0 , 0 , -15 , -109 , 24
0.000701, , 1.000000, -1.830274, 0.836218
0.000709, , 1.000000, -1.839380, 0.845206
0.001277, , 1.000000, -1.954057, 0.956068
0.001257, , 1.000000, -1.959924, 0.961858
