0 , 0 , 0 , 0 , -0.0116054 , -0.0735745 , 0.108769 , 0 , 0 , 0 , 0 , 0 , 0 , -1 , -65 , 18
0 , 0 , 0 , 0 , -0.0115999 , -0.0735599 , 0.108769 , 0 , 0 , 0 , 0 , 0 , 0 , 6 , -79 , 24
0 , 0 , 0 , 0 , -0.0115985 , -0.0735602 , 0.108769 , 0 , 0 , 1.95412e-05 , 0 , 0 , 0 , 13 , -79 , -5
0 , 0 , 0 , 0 , -0.0116055 , -0.0735673 , 0.108769 , 0 , 0 , 0 , -0.0195412 , 0 , 0 , 16 , -84 , 55
0 , 0 , 0 , 0 , -0.0116105 , -0.0735499 , 0.108769 , -1.95412e-05 , 0 , 0 , 0.0195412 , 0 , 0 , 30 , -87 , 13
0 , 0 , 0 , 0 , -0.0116166 , -0.0735457 , 0.108769 , 0 , 0 , 0 , 0 , 0 , 0 , -11 , -87 , 24
0 , 0 , 0 , 0 , -0.0116268 , -0.0735402 , 0.108769 , 0 , 0 , 0 , 0 , 0 , 0 , 3 , -84 , 13
0 , 0 , 0 , 0 , -0.0116314 , -0.0735431 , 0.108769 , 0 , 0 , 0 , 0 , 0 , 0 , 13 , -87 , 42
0 , 0 , 0 , 0 , -0.0116215 , -0.0735427 , 0.108769 , 0 , 0 , 0 , 0 , 0 , 0 , 30 , -87 , 36
0 , 0 , 0 , 0 , -0.0115865 , -0.0735281 , 0.108769 , 0 , 0 , 0 , 0 , 0 , 0 , 16 , -79 , 24
0 , 0 , 0 , 0 , -0.0115592 , -0.0735106 , 0.108769 , 0 , 0 , 0 , 0 , 0 , 0 , 23 , -69 , 18
0 , 0 , 0 , 0 , -0.0115558 , -0.0734936 , 0.108769 , 0 , 0 , 0 , 0 , 0 , 0 , 16 , -62 , 13
0 , 0 , 0 , 0 , -0.0115577 , -0.073478 , 0.108769 , 0 , 0 , 0 , 0 , 0 , 0 , -1 , -84 , 31
0 , 0 , 0 , 0 , -0.0115614 , -0.0734655 , 0.108769 , 0 , 0 , 0 , 0 , 0 , 0 , 3 , -119 , 13
0 , 0 , 0 , 0 , -0.0115774 , -0.0734673 , 0.108769 , 0 , 0 , 0 , 0 , 0 , 0 , 6 , -65 , 13
0 , 0 , 0 , 0 , -0.0115806 , -0.0734587 , 0.108769 , 0 , 0 , 0 , 0 , 0 , 0 , -1 , -87 , 0
0 , 0 , 0 , 0 , -0.011576 , -0.0734501 , 0.108769 , 0 , 0 , 1.95412e-05 , 0 , 0 , 0 , 6 , -62 , 55
0 , 0 , 0 , 0 , -0.011564 , -0.0734555 , 0.108769 , 0 , 0 , 0 , 0 , 0 , 0 , 6 , -74 , 0
0 , 0 , 0 , 0 , -0.0115557 , -0.0734727 , 0.108769 , 0 , 0 , 0 , 0 , 0 , 0 , 20 , -84 , 18
0 , 0 , 0 , 0 , -0.0115527 , -0.0734708 , 0.108769 , 0 , 0 , 0 , 0 , 0 , 0 , 30 , -48 , -41
0 , 0 , 0 , 0 , -0.011545 , -0.0734631 , 0.108769 , 0 , 0 , 0 , 0 , 0 , 0 , 37 , -84 , 36
0 , 0 , 0 , 0 , -0.0115474 , -0.0734581 , 0.108769 , 0 , 0 , 0 , 0 , 0 , 0 , 27 , -87 , 42
0 , 0 , 0 , 0 , -0.0115568 , -0.073466 , 0.108769 , 0 , 0 , 0 , 0 , 0 , 0 , 6 , -105 , 36
0 , 0 , 0 , 0 , -0.0115572 , -0.073463 , 0.108769 , 0 , 0 , 0 , 0 , 0 , 0 , 13 , -65 , 18
0 , 0 , 0 , 0 , -0.0115473 , -0.0734618 , 0.108769 , 0 , 0 , 1.95412e-05 , 0 , 0 , 0 , 16 , -105 , 24
0 , 0 , 0 , 0 , -0.0115422 , -0.0734774 , 0.108769 , 0 , 0 , 0 , 0 , 0 , 0 , 6 , -79 , 55
0 , 0 , 0 , 0 , -0.0115306 , -0.0734886 , 0.108769 , 0 , 0 , 0 , 0 , 0 , 0 , 16 , -123 , 18
0 , 0 , 0 , 0 , -0.0115206 , -0.0735045 , 0.108769 , 0 , 0 , 0 , 0 , 0 , 0 , 20 , -105 , 6
0 , 0 , 0 , 0 , -0.0115251 , -0.0734975 , 0.108769 , 0 , 0 , 0 , 0 , 0 , 0 , 16 , -69 , 13
0 , 0 , 0 , 0 , -0.0115356 , -0.0734819 , 0.108769 , 0 , 0 , 0 , 0 , 0 , 0 , -1 , -65 , 31
0 , 0 , 0 , 0 , -0.0115357 , -0.0734617 , 0.108769 , 0 , 0 , 0 , 0 , 0 , 0 , 40 , -87 , -18
0 , 0 , 0 , 0 , -0.0115383 , -0.07345 , 0.108769 , 0 , 0 , 0 , 0 , 0 , 0 , 20 , -87 , 13
0 , 0 , 0 , 0 , -0.0115401 , -0.0734421 , 0.108769 , 0 , 0 , 0 , 0 , 0 , 0 , 20 , -79 , -34
0 , 0 , 0 , 0 , -0.0115214 , -0.0734386 , 0.108769 , 0 , 0 , 0 , 0 , 0 , 0 , 13 , -84 , 36
0 , 0 , 0 , 0 , -0.0115058 , -0.0734263 , 0.108769 , 0 , 0 , 0 , 0 , 0 , 0 , 16 , -123 , 6
0 , 0 , 0 , 0 , -0.0115055 , -0.0733977 , 0.108769 , 0 , 0 , 0 , 0 , 0 , 0 , 6 , -69 , 7
0 , 0 , 0 , 0 , -0.0115076 , -0.0733686 , 0.108769 , 0 , 0 , 0 , 0 , 0 , 0 , 16 , -65 , 89
0 , 0 , 0 , 0 , -0.0115157 , -0.0733519 , 0.108769 , 0 , 0 , 0 , 0 , 0 , 0 , 16 , -52 , 2
0 , 0 , 0 , 0 , -0.0115271 , -0.073353 , 0.108769 , 0 , 0 , 0 , 0 , 0 , 0 , 16 , -69 , 13
0 , 0 , 0 , 0 , -0.011522 , -0.0733602 , 0.108769 , 0 , 0 , 0 , 0 , 0 , 0 , 3 , -101 , -11
0 , 0 , 0 , 0 , -0.011511 , -0.0733697 , 0.108769 , 0 , 0 , 0 , 0 , 0 , 0 , -15 , -109 , 13
0 , 0 , 0 , 0 , -0.0114953 , -0.0733773 , 0.108769 , 0 , 0 , 0 , 0 , 0 , 0 , 34 , -91 , 36
0 , 0 , 0 , 0 , -0.0114957 , -0.0733875 , 0.108769 , 0 , 0 , 0 , 0 , 0 , 0 , 30 , -91 , -5
0 , 0 , 0 , 0 , -0.0114992 , -0.0733803 , 0.108769 , 0 , 0 , 0 , 0 , 0 , 0 , 20 , -84 , -11
0 , 0 , 0 , 0 , -0.0114864 , -0.0733825 , 0.108769 , 0 , 0 , 0 , 0 , 0 , 0 , 30 , -130 , 31
0 , 0 , 0 , 0 , -0.0114724 , -0.0733796 , 0.108769 , 0 , 0 , 0 , 0 , 0 , 0 , 30 , -87 , 36
0 , 0 , 0 , 0 , -0.0114717 , -0.0733656 , 0.108769 , 0 , 0 , 0 , 0 , 0 , 0 , 16 , -105 , -5
0 , 0 , 0 , 0 , -0.0114654 , -0.0733635 , 0.108769 , 0 , 0 , 0 , 0 , 0 , 0 , 40 , -65 , 13
0 , 0 , 0 , 0 , -0.0114447 , -0.0733654 , 0.108769 , 0 , 0 , 0 , 0 , 0 , 0 , 23 , -109 , 18
0 , 0 , 0 , 0 , -0.0114365 , -0.0733584 , 0.108769 , 0 , 0 , 0 , 0 , 0 , 0 , 16 , -91 , -23
-10 , -30 , -5 , -26 , -0.0114276 , -0.0733523 , 0.108769 , 0 , 0 , 0 , 0 , 0 , 0 , -1 , -65 , 13
-10 , -30 , -7 , -32 , -0.0114165 , -0.0733454 , 0.108769 , -0.000566694 , 0.000566694 , -0.000351741 , -0.0586235 , 0.0422418 , -0.0480991 , -3 , -28 , -25
-10 , -30 , -8 , -31 , -0.011218 , -0.0733358 , 0.108629 , -0.00255989 , 0.00236448 , -0.00191503 , -0.117247 , 0.142845 , -0.118002 , -63 , -81 , -65
-10 , -30 , -12 , -26 , -0.0105821 , -0.0734049 , 0.108074 , -0.00564739 , 0.00553015 , -0.0047485 , -0.195412 , 0.187295 , -0.160964 , -12 , -35 , -78
-10 , -30 , -6 , -30 , -0.00954748 , -0.0735378 , 0.107062 , -0.0100246 , 0.00980966 , -0.00891077 , -0.234494 , 0.236958 , -0.227575 , -27 , 3 , -82
-10 , -30 , -5 , -34 , -0.00834026 , -0.0738552 , 0.105535 , -0.0154375 , 0.0152226 , -0.0139719 , -0.234494 , 0.318951 , -0.290214 , -47 , 19 , -119
-10 , -30 , -13 , -31 , -0.00728965 , -0.0743215 , 0.103606 , -0.0222378 , 0.0218861 , -0.0202837 , -0.429905 , 0.369629 , -0.369863 , -20 , 20 , -85
-10 , -30 , -7 , -32 , -0.00661985 , -0.0746384 , 0.101338 , -0.030152 , 0.0298589 , -0.0278266 , -0.449447 , 0.439125 , -0.427906 , -58 , 17 , -105
-10 , -30 , -10 , -25 , -0.00629394 , -0.0747191 , 0.098657 , -0.039395 , 0.0393363 , -0.037011 , -0.468988 , 0.46416 , -0.493047 , -50 , -16 , -49
-10 , -30 , -13 , -30 , -0.00590814 , -0.0748521 , 0.0955183 , -0.0497518 , 0.0495955 , -0.0471528 , -0.527611 , 0.570267 , -0.539314 , 2 , -32 , -9
-10 , -30 , -14 , -30 , -0.00513698 , -0.0748663 , 0.0919662 , -0.0610661 , 0.0609293 , -0.0588189 , -0.664399 , 0.585939 , -0.577285 , -31 , 51 , -84
-10 , -30 , -9 , -34 , -0.00414071 , -0.0749989 , 0.0880088 , -0.0738265 , 0.0737483 , -0.0712861 , -0.762105 , 0.682061 , -0.695414 , 15 , 5 , -29
-10 , -30 , -10 , -25 , -0.00318651 , -0.0755224 , 0.0835676 , -0.0879157 , 0.0876616 , -0.0851604 , -0.762105 , 0.756428 , -0.747745 , 97 , -19 , -94
-10 , -30 , -6 , -34 , -0.00254163 , -0.0758521 , 0.0787594 , -0.102923 , 0.102591 , -0.0991323 , -0.781646 , 0.793816 , -0.767319 , -57 , 51 , -160
-10 , -30 , -8 , -34 , -0.00218961 , -0.0759658 , 0.073704 , -0.119436 , 0.11924 , -0.116016 , -0.781646 , 0.802509 , -0.869138 , -31 , 6 , -79
-10 , -30 , -11 , -28 , -0.00171726 , -0.076203 , 0.0681906 , -0.136749 , 0.13669 , -0.133486 , -0.879352 , 0.884213 , -0.860841 , -80 , 41 , -127
-10 , -30 , -6 , -32 , -0.000857848 , -0.0764915 , 0.0622629 , -0.156544 , 0.156232 , -0.151718 , -1.05522 , 0.980321 , -0.966586 , 3 , -50 , -67
-10 , -30 , -14 , -30 , 0.000316537 , -0.0767592 , 0.0558135 , -0.175558 , 0.175304 , -0.171747 , -0.996599 , 0.982787 , -1.00382 , -54 , 18 , -63
-10 , -30 , -7 , -32 , 0.00141591 , -0.0770333 , 0.0490149 , -0.197776 , 0.197463 , -0.192344 , -1.11385 , 1.14387 , -1.12091 , 12 , -69 , -90
-10 , -30 , -9 , -29 , 0.00235021 , -0.0774279 , 0.0419076 , -0.219994 , 0.219799 , -0.214699 , -1.07476 , 1.11663 , -1.09679 , -104 , 27 , -95
-10 , -30 , -8 , -30 , 0.00315166 , -0.0779333 , 0.0344141 , -0.243795 , 0.243483 , -0.237796 , -1.25063 , 1.28419 , -1.26685 , 34 , 28 , 19
-10 , -30 , -6 , -25 , 0.00390283 , -0.0783131 , 0.0264554 , -0.268398 , 0.267948 , -0.26232 , -1.28972 , 1.29411 , -1.17599 , -34 , 16 , -180
-10 , -30 , -14 , -29 , 0.00477652 , -0.0786647 , 0.0183507 , -0.293293 , 0.294192 , -0.288232 , -1.27018 , 1.28842 , -1.32332 , -2 , 19 , -92
-10 , -30 , -13 , -30 , 0.00588798 , -0.0792041 , 0.00960975 , -0.317856 , 0.321393 , -0.314847 , -1.28972 , 1.38836 , -1.34534 , 15 , -68 , -75
-10 , -30 , -10 , -30 , 0.00730326 , -0.0797576 , 0.000353162 , -0.343651 , 0.349494 , -0.342967 , -1.30926 , 1.54272 , -1.44393 , 14 , -28 , -123
-10 , -30 , -13 , -30 , 0.00843135 , -0.0800612 , -0.0092007 , -0.371087 , 0.379274 , -0.372474 , -1.36788 , 1.41859 , -1.43508 , 14 , 19 , -145
-10 , -30 , -14 , -28 , 0.00930942 , -0.0805208 , -0.0193559 , -0.399363 , 0.410169 , -0.402802 , -1.54375 , 1.56642 , -1.58549 , 47 , -7 , -18
-10 , -30 , -8 , -29 , 0.0101378 , -0.0812526 , -0.0296249 , -0.428831 , 0.442138 , -0.434361 , -1.50467 , 1.68096 , -1.65954 , -100 , -5 , -79
-10 , -30 , -8 , -30 , 0.0105579 , -0.0820706 , -0.0400896 , -0.458631 , 0.475085 , -0.468968 , -1.36788 , 1.7631 , -1.6931 , -13 , -69 , -99
-10 , -30 , -7 , -32 , 0.0110525 , -0.0837351 , -0.0507965 , -0.487083 , 0.509321 , -0.501485 , -1.38742 , 1.885 , -1.65954 , 20 , -39 , -188
-10 , -30 , -8 , -32 , 0.0119032 , -0.0864519 , -0.061852 , -0.513913 , 0.546703 , -0.538613 , -1.3288 , 1.77512 , -1.75125 , 11 , 35 , -163
-10 , -30 , -14 , -30 , 0.0125811 , -0.090103 , -0.0727213 , -0.541016 , 0.583636 , -0.575233 , -1.27018 , 1.79551 , -1.81076 , -38 , 103 , -86
-10 , -30 , -10 , -34 , 0.0134001 , -0.0942487 , -0.0845505 , -0.565814 , 0.619904 , -0.613006 , -1.28972 , 1.83916 , -1.89873 , 2 , 130 , -113
-10 , -30 , -13 , -32 , 0.0148644 , -0.0985308 , -0.0968433 , -0.591648 , 0.659143 , -0.65201 , -1.25063 , 1.89566 , -1.97885 , -42 , 51 , -115
-10 , -30 , -10 , -26 , 0.0170991 , -0.102927 , -0.1095 , -0.61752 , 0.699515 , -0.691991 , -1.30926 , 1.94601 , -2.03553 , -77 , 100 , -112
-10 , -30 , -5 , -32 , 0.0194341 , -0.106943 , -0.122321 , -0.644936 , 0.743052 , -0.732442 , -1.27018 , 1.99569 , -2.00593 , 83 , 123 , -167
-10 , -30 , -10 , -27 , 0.0209777 , -0.110682 , -0.135318 , -0.669402 , 0.78573 , -0.772696 , -1.25063 , 2.11065 , -2.06784 , -52 , 80 , -130
-10 , -30 , -11 , -30 , 0.0217627 , -0.114515 , -0.148137 , -0.691776 , 0.82747 , -0.813108 , -1.15293 , 2.24181 , -1.97718 , 73 , 16 , -145
-10 , -30 , -12 , -28 , 0.021989 , -0.118413 , -0.160703 , -0.71503 , 0.874858 , -0.852463 , -1.0943 , 2.31484 , -1.9205 , -30 , -87 , -157
-10 , -30 , -13 , -26 , 0.0217548 , -0.122274 , -0.1721 , -0.736135 , 0.921444 , -0.890569 , -0.957517 , 2.41371 , -1.89719 , -81 , -133 , -109
-10 , -30 , -13 , -32 , 0.0209111 , -0.126229 , -0.182805 , -0.755813 , 0.966857 , -0.927482 , -1.0943 , 2.49196 , -1.83485 , 11 , -102 , -125
-10 , -30 , -10 , -31 , 0.0199654 , -0.129683 , -0.192813 , -0.776781 , 1.01827 , -0.963848 , -0.898893 , 2.43629 , -1.89107 , -90 , 49 , -139
-10 , -30 , -14 , -33 , 0.0194296 , -0.132188 , -0.20227 , -0.795442 , 1.06798 , -1.00047 , -0.996599 , 2.55161 , -1.86106 , 38 , 53 , -123
-10 , -30 , -6 , -28 , 0.0195914 , -0.134024 , -0.211108 , -0.814182 , 1.11908 , -1.03674 , -1.01614 , 2.61128 , -1.77378 , -16 , -52 , -131
-10 , -30 , -7 , -27 , 0.0204268 , -0.135725 , -0.219868 , -0.832805 , 1.1705 , -1.07164 , -0.898893 , 2.57684 , -1.76046 , -63 , -108 , -172
-10 , -30 , -13 , -30 , 0.0216454 , -0.137306 , -0.229001 , -0.85049 , 1.2205 , -1.10552 , -0.801187 , 2.394 , -1.68458 , 15 , 97 , -147
-10 , -30 , -5 , -31 , 0.0230254 , -0.138784 , -0.238298 , -0.866553 , 1.27016 , -1.13847 , -0.820728 , 2.42871 , -1.56329 , -118 , 44 , -229
-10 , -30 , -14 , -28 , 0.0240254 , -0.140585 , -0.247682 , -0.881795 , 1.31991 , -1.17091 , -0.762105 , 2.54745 , -1.61497 , -70 , -39 , -192
-10 , -30 , -8 , -33 , 0.0247828 , -0.142883 , -0.256847 , -0.896685 , 1.36868 , -1.20501 , -0.781646 , 2.44902 , -1.67018 , -102 , -93 , -118
-10 , -30 , -14 , -32 , 0.0249875 , -0.145208 , -0.265563 , -0.911869 , 1.41626 , -1.23543 , -0.742564 , 2.32748 , -1.6678 , -96 , 16 , -91
-10 , -30 , -5 , -25 , 0.0248816 , -0.147094 , -0.273836 , -0.92629 , 1.46377 , -1.26933 , -0.644858 , 2.31942 , -1.61943 , -125 , 49 , -197
-10 , -30 , -9 , -28 , 0.0247828 , -0.148344 , -0.281985 , -0.939148 , 1.511 , -1.30091 , -0.644858 , 2.27662 , -1.50509 , -113 , 45 , -179
-10 , -30 , -7 , -34 , 0.0250488 , -0.148869 , -0.289846 , -0.951049 , 1.55729 , -1.33114 , -0.50807 , 2.35435 , -1.47294 , -148 , -67 , -166
-10 , -30 , -14 , -33 , 0.0260879 , -0.149462 , -0.297609 , -0.961718 , 1.60257 , -1.36065 , -0.566693 , 2.30234 , -1.58334 , 6 , -46 , -94
-10 , -30 , -7 , -31 , 0.027201 , -0.150231 , -0.305355 , -0.971586 , 1.65031 , -1.39061 , -0.449447 , 2.33442 , -1.46011 , -65 , -89 , -214
-10 , -30 , -14 , -34 , 0.0279861 , -0.15066 , -0.313238 , -0.979364 , 1.69318 , -1.41957 , -0.371282 , 2.19769 , -1.38672 , -109 , -23 , -233
-10 , -30 , -9 , -30 , 0.0284339 , -0.15078 , -0.320884 , -0.986359 , 1.73842 , -1.44741 , -0.312658 , 2.20388 , -1.33008 , -147 , 51 , -188
-10 , -30 , -11 , -26 , 0.0284995 , -0.150923 , -0.328157 , -0.992437 , 1.7854 , -1.47374 , -0.293117 , 2.14737 , -1.29055 , -64 , 53 , -294
-10 , -30 , -9 , -30 , 0.0280729 , -0.151039 , -0.334699 , -0.997088 , 1.82915 , -1.49892 , -0.214953 , 2.11731 , -1.205 , -64 , 16 , -299
-10 , -30 , -10 , -29 , 0.0273711 , -0.150745 , -0.340887 , -1.00043 , 1.87171 , -1.52317 , -0.117247 , 2.1793 , -1.162 , -84 , -22 , -197
-10 , -30 , -13 , -27 , 0.0268061 , -0.150105 , -0.346393 , -1.0026 , 1.91324 , -1.54571 , -0.0781646 , 1.96723 , -1.19213 , -60 , -20 , -263
-10 , -30 , -5 , -31 , 0.0262876 , -0.149065 , -0.35147 , -1.00358 , 1.95349 , -1.56783 , -0.0195412 , 1.90723 , -1.03575 , -72 , -55 , -174
-10 , -30 , -13 , -25 , 0.0260927 , -0.148195 , -0.355384 , -1.00352 , 1.99246 , -1.58801 , 0.0586235 , 1.94438 , -1.01206 , 31 , -18 , -309
-10 , -30 , -13 , -25 , 0.0258734 , -0.147364 , -0.359797 , -1.00189 , 2.03031 , -1.60769 , 0.0977058 , 1.88423 , -0.911354 , 29 , -20 , -145
-10 , -30 , -11 , -31 , 0.025946 , -0.145762 , -0.364203 , -0.999276 , 2.06702 , -1.62522 , 0.17587 , 1.77645 , -0.912776 , 8 , 31 , -253
-10 , -30 , -13 , -30 , 0.0262145 , -0.143769 , -0.36842 , -0.995427 , 2.10263 , -1.64241 , 0.234494 , 1.67733 , -0.794356 , -87 , 74 , -255
-10 , -30 , -12 , -28 , 0.0257266 , -0.141834 , -0.372324 , -0.990307 , 2.13704 , -1.65873 , 0.273576 , 1.62898 , -0.729139 , -37 , 39 , -304
-10 , -30 , -14 , -33 , 0.0246556 , -0.139777 , -0.375813 , -0.98421 , 2.17016 , -1.67223 , 0.351741 , 1.60722 , -0.726429 , -33 , -25 , -197
-10 , -30 , -5 , -31 , 0.023134 , -0.13751 , -0.378696 , -0.977879 , 2.20196 , -1.68646 , 0.254035 , 1.61274 , -0.632053 , 63 , -176 , -203
-10 , -30 , -9 , -26 , 0.0215302 , -0.134933 , -0.380986 , -0.971879 , 2.23232 , -1.69768 , 0.371282 , 1.45603 , -0.613213 , 99 , 26 , -260
-10 , -30 , -8 , -29 , 0.0200801 , -0.132221 , -0.382829 , -0.963848 , 2.26324 , -1.70893 , 0.351741 , 1.39538 , -0.473529 , 68 , 19 , -323
-10 , -30 , -6 , -30 , 0.0190153 , -0.129608 , -0.384493 , -0.955719 , 2.29028 , -1.71882 , 0.468988 , 1.3713 , -0.490366 , 11 , -30 , -209
-10 , -30 , -5 , -31 , 0.018589 , -0.126705 , -0.386173 , -0.945479 , 2.31852 , -1.72736 , 0.547152 , 1.39704 , -0.386439 , -50 , -122 , -295
-10 , -30 , -12 , -27 , 0.0182994 , -0.123543 , -0.387657 , -0.934419 , 2.34418 , -1.73443 , 0.644858 , 1.20873 , -0.321136 , -9 , 33 , -276
-10 , -30 , -7 , -26 , 0.0173599 , -0.120231 , -0.388735 , -0.922049 , 2.36901 , -1.74028 , 0.605776 , 1.20562 , -0.279556 , 78 , -33 , -310
-10 , -30 , -10 , -33 , 0.0159529 , -0.1167 , -0.389315 , -0.909055 , 2.39219 , -1.74514 , 0.644858 , 1.22132 , -0.255106 , -20 , -45 , -179
-10 , -30 , -6 , -31 , 0.0144559 , -0.113019 , -0.389404 , -0.895219 , 2.41458 , -1.74866 , 0.801187 , 1.04965 , -0.163114 , -70 , 2 , -263
-10 , -30 , -8 , -33 , 0.0129018 , -0.109238 , -0.389089 , -0.879665 , 2.43541 , -1.75122 , 0.781646 , 1.01644 , -0.0993278 , 65 , -3 , -274
-10 , -30 , -10 , -27 , 0.0113595 , -0.105031 , -0.388371 , -0.863172 , 2.4554 , -1.75345 , 0.879352 , 0.929054 , -0.151638 , -57 , -12 , -207
-10 , -30 , -14 , -25 , 0.0099565 , -0.100504 , -0.387411 , -0.845604 , 2.47383 , -1.75579 , 0.957517 , 0.844411 , -0.0957271 , 16 , 53 , -241
-10 , -30 , -14 , -33 , 0.00891623 , -0.0958483 , -0.38662 , -0.828291 , 2.49128 , -1.757 , 0.84027 , 0.859897 , -0.0286915 , -39 , -17 , -239
-10 , -30 , -10 , -30 , 0.00802844 , -0.0909585 , -0.385843 , -0.812736 , 2.50723 , -1.75718 , 0.742564 , 0.818763 , 0 , 68 , 38 , -147
-10 , -30 , -14 , -28 , 0.00667338 , -0.0864465 , -0.384744 , -0.7981 , 2.52257 , -1.7565 , 0.742564 , 0.707365 , 0.0773798 , -23 , -17 , -54
-10 , -30 , -6 , -25 , 0.00511723 , -0.082501 , -0.383327 , -0.784812 , 2.53623 , -1.75398 , 0.625317 , 0.643675 , 0.164211 , -3 , 47 , -80
-10 , -30 , -5 , -31 , 0.00412417 , -0.0788028 , -0.381981 , -0.771524 , 2.54864 , -1.75026 , 0.644858 , 0.586674 , 0.204121 , 83 , 30 , -77
-10 , -30 , -7 , -26 , 0.00344839 , -0.0754332 , -0.380589 , -0.756829 , 2.5603 , -1.7463 , 0.742564 , 0.550969 , 0.193348 , 19 , -21 , -83
-10 , -30 , -6 , -27 , 0.0024247 , -0.0724007 , -0.378996 , -0.740981 , 2.57046 , -1.74247 , 0.859811 , 0.485695 , 0.223924 , -67 , -18 , -57
-10 , -30 , -12 , -25 , 0.00132071 , -0.0691592 , -0.377265 , -0.723863 , 2.57926 , -1.73766 , 0.957517 , 0.415474 , 0.279691 , -64 , -3 , -30
-10 , -30 , -14 , -28 , 0.000106261 , -0.0653857 , -0.375349 , -0.70655 , 2.58703 , -1.73164 , 0.781646 , 0.356912 , 0.347294 , -38 , 81 , -33
-10 , -30 , -6 , -34 , -0.00182177 , -0.0614141 , -0.372859 , -0.690995 , 2.59372 , -1.7247 , 0.742564 , 0.262179 , 0.367544 , 34 , 70 , -11
-10 , -30 , -10 , -32 , -0.00421772 , -0.0576234 , -0.369551 , -0.675147 , 2.59923 , -1.71679 , 0.84027 , 0.225126 , 0.371976 , -40 , -3 , -40
-10 , -30 , -13 , -32 , -0.00582675 , -0.0540244 , -0.365784 , -0.659299 , 2.60353 , -1.70926 , 0.742564 , 0.158099 , 0.377241 , 6 , -3 , -29
-10 , -30 , -7 , -27 , -0.00577227 , -0.0501861 , -0.362468 , -0.644721 , 2.60644 , -1.7009 , 0.703482 , 0.102131 , 0.428846 , 48 , -2 , -16
-10 , -30 , -9 , -30 , -0.00470712 , -0.0464545 , -0.359801 , -0.629303 , 2.60828 , -1.69166 , 0.742564 , 0.0897195 , 0.509325 , 12 , -33 , 2
-10 , -30 , -8 , -29 , -0.00440444 , -0.0432656 , -0.357355 , -0.615566 , 2.60888 , -1.68083 , 0.762105 , 0 , 0.558316 , -70 , -57 , -51
-10 , -30 , -11 , -26 , -0.00552524 , -0.0406482 , -0.354476 , -0.601281 , 2.60812 , -1.66866 , 0.566693 , -0.0730599 , 0.635827 , 59 , -34 , -147
-10 , -30 , -5 , -27 , -0.00737084 , -0.0387105 , -0.351031 , -0.589166 , 2.60636 , -1.65564 , 0.586235 , -0.164765 , 0.651008 , 12 , -18 , -44
-10 , -30 , -12 , -25 , -0.00877998 , -0.0371452 , -0.347168 , -0.577168 , 2.60333 , -1.6415 , 0.605776 , -0.181834 , 0.765817 , 52 , -77 , -17
-10 , -30 , -10 , -34 , -0.00931488 , -0.0356363 , -0.343044 , -0.564857 , 2.59901 , -1.62547 , 0.605776 , -0.252252 , 0.71579 , 52 , -64 , -39
-10 , -30 , -14 , -29 , -0.00968631 , -0.0339597 , -0.338509 , -0.553796 , 2.5934 , -1.61003 , 0.50807 , -0.342426 , 0.750617 , 30 , 14 , -28
-10 , -30 , -9 , -25 , -0.0100465 , -0.0323483 , -0.333682 , -0.54426 , 2.58658 , -1.59438 , 0.449447 , -0.358771 , 0.860841 , -1 , 2 , -81
-10 , -30 , -11 , -31 , -0.00999012 , -0.0309171 , -0.329049 , -0.535819 , 2.57875 , -1.57742 , 0.410364 , -0.395036 , 0.811397 , -30 , -51 , 30
-10 , -30 , -8 , -27 , -0.00935874 , -0.0296837 , -0.32464 , -0.528354 , 2.56996 , -1.56075 , 0.3322 , -0.500198 , 0.865288 , -1 , -51 , -64
-10 , -30 , -9 , -26 , -0.00842851 , -0.0289631 , -0.320475 , -0.522257 , 2.55962 , -1.54369 , 0.293117 , -0.577852 , 0.897066 , -1 , -33 , -86
-10 , -30 , -11 , -29 , -0.00761103 , -0.0288761 , -0.316566 , -0.517352 , 2.54787 , -1.52507 , 0.254035 , -0.595161 , 0.928319 , -3 , 2 , 1
-10 , -30 , -6 , -34 , -0.00710575 , -0.0293138 , -0.312738 , -0.513659 , 2.53537 , -1.50746 , 0.156329 , -0.653546 , 0.953223 , 28 , -49 , -131
-10 , -30 , -14 , -33 , -0.00708189 , -0.0303037 , -0.308675 , -0.509985 , 2.52171 , -1.48962 , 0.234494 , -0.766318 , 0.793816 , -20 , 29 , -23
-10 , -30 , -10 , -27 , -0.0072208 , -0.0316898 , -0.304689 , -0.506214 , 2.50762 , -1.47438 , 0.17587 , -0.643856 , 0.826263 , 57 , 2 , -101
-10 , -30 , -6 , -34 , -0.00723029 , -0.0326636 , -0.300663 , -0.503595 , 2.49392 , -1.45771 , 0.0977058 , -0.709727 , 0.781121 , 17 , -50 , 19
-10 , -30 , -13 , -28 , -0.00697463 , -0.0332344 , -0.296666 , -0.500996 , 2.47811 , -1.44206 , 0.136788 , -0.782166 , 0.802509 , 46 , -49 , -18
-10 , -30 , -9 , -29 , -0.00657533 , -0.0336792 , -0.292754 , -0.498378 , 2.46148 , -1.42576 , 0.0781646 , -0.883545 , 0.864014 , 19 , 40 , -20
-10 , -30 , -10 , -30 , -0.00633569 , -0.034279 , -0.288783 , -0.497127 , 2.4452 , -1.41007 , 0.0195412 , -0.928319 , 0.76482 , 13 , -52 , 32
-10 , -30 , -10 , -25 , -0.00598894 , -0.0353121 , -0.284972 , -0.496971 , 2.42523 , -1.3952 , -0.0195412 , -0.983613 , 0.721964 , -5 , 29 , -69
-10 , -30 , -9 , -34 , -0.00532459 , -0.0364254 , -0.281488 , -0.498124 , 2.40567 , -1.38041 , -0.0977058 , -1.10506 , 0.753999 , -27 , 70 , -80
-10 , -30 , -13 , -29 , -0.00442652 , -0.0376226 , -0.278176 , -0.500488 , 2.38549 , -1.36595 , -0.17587 , -0.970584 , 0.723299 , -51 , 47 , -60
-10 , -30 , -8 , -27 , -0.00362808 , -0.0389381 , -0.275108 , -0.504064 , 2.36724 , -1.35199 , -0.234494 , -0.905381 , 0.633766 , -58 , -52 , -22
-10 , -30 , -8 , -33 , -0.00299359 , -0.0404033 , -0.272109 , -0.508734 , 2.34807 , -1.33947 , -0.273576 , -0.991933 , 0.559914 , -66 , 37 , -66
-10 , -30 , -12 , -32 , -0.00235209 , -0.0420753 , -0.269444 , -0.51489 , 2.32962 , -1.32847 , -0.312658 , -0.871075 , 0.516276 , -101 , -115 , 65
-10 , -30 , -5 , -25 , -0.00142059 , -0.0439624 , -0.267258 , -0.522042 , 2.31195 , -1.31832 , -0.429905 , -0.890253 , 0.454971 , 13 , 1 , -32
-10 , -30 , -11 , -32 , -4.04261e-05 , -0.0461196 , -0.265507 , -0.529096 , 2.29425 , -1.30932 , -0.3322 , -0.873021 , 0.418436 , 20 , -26 , -94
-10 , -30 , -9 , -33 , 0.00136399 , -0.0483469 , -0.264266 , -0.535799 , 2.27684 , -1.30158 , -0.3322 , -0.833309 , 0.334318 , -113 , -21 , -73
-10 , -30 , -10 , -29 , 0.00262843 , -0.0506539 , -0.26336 , -0.544065 , 2.26027 , -1.29532 , -0.410364 , -0.821053 , 0.274325 , -86 , 50 , -47
-10 , -30 , -11 , -25 , 0.00339264 , -0.0529977 , -0.262607 , -0.553445 , 2.24547 , -1.29019 , -0.586235 , -0.777496 , 0.24946 , 14 , -12 , -61
-10 , -30 , -10 , -31 , 0.00367002 , -0.0552957 , -0.262002 , -0.56427 , 2.22992 , -1.28514 , -0.527611 , -0.833901 , 0.300171 , -84 , 52 , -65
-10 , -30 , -5 , -28 , 0.00394955 , -0.0579473 , -0.261381 , -0.575839 , 2.21489 , -1.27998 , -0.605776 , -0.693358 , 0.288075 , -36 , -50 , -47
-10 , -30 , -12 , -30 , 0.00437838 , -0.0609743 , -0.260862 , -0.587896 , 2.19988 , -1.27563 , -0.527611 , -0.833309 , 0.159387 , -119 , 6 , -31
-10 , -30 , -11 , -28 , 0.00529144 , -0.0639003 , -0.260699 , -0.599581 , 2.18445 , -1.27291 , -0.586235 , -0.734167 , 0.118287 , -64 , 15 , -52
-10 , -30 , -13 , -25 , 0.00660324 , -0.0667318 , -0.260968 , -0.612635 , 2.17073 , -1.27113 , -0.68394 , -0.673058 , 0.0479655 , 50 , -51 , -35
-10 , -30 , -7 , -28 , 0.00800541 , -0.0696571 , -0.2616 , -0.627388 , 2.15592 , -1.26976 , -0.801187 , -0.743008 , 0.0785415 , -62 , -48 , -121
-10 , -30 , -14 , -25 , 0.0090581 , -0.0728969 , -0.262302 , -0.641067 , 2.14107 , -1.26824 , -0.742564 , -0.78531 , 0.0336877 , 18 , 46 , -108
-10 , -30 , -10 , -26 , 0.00961708 , -0.0764861 , -0.262981 , -0.655235 , 2.12641 , -1.26687 , -0.625317 , -0.772377 , 0.0981304 , -114 , -3 , -49
-10 , -30 , -8 , -34 , 0.0102413 , -0.0802566 , -0.263861 , -0.670027 , 2.11007 , -1.26449 , -0.68394 , -0.813081 , 0.154842 , -132 , 19 , -131
-10 , -30 , -5 , -34 , 0.0106838 , -0.0841924 , -0.264582 , -0.683081 , 2.09505 , -1.26179 , -0.605776 , -0.684852 , 0.0913702 , 10 , -65 , -38
-10 , -30 , -9 , -34 , 0.0107072 , -0.0879088 , -0.265048 , -0.694649 , 2.08147 , -1.26019 , -0.547152 , -0.613858 , 0.0536153 , -79 , -1 , -85
-10 , -30 , -14 , -26 , 0.0108545 , -0.0912233 , -0.26543 , -0.704967 , 2.06845 , -1.25976 , -0.527611 , -0.614821 , 0 , -92 , -14 , -102
-10 , -30 , -9 , -29 , 0.0113645 , -0.0939527 , -0.265887 , -0.715714 , 2.05704 , -1.25966 , -0.527611 , -0.523422 , 0.0177593 , -74 , -6 , -64
-10 , -30 , -13 , -25 , 0.0119306 , -0.0961693 , -0.266387 , -0.726188 , 2.04694 , -1.25931 , -0.50807 , -0.473916 , 0 , -79 , -66 , -81
-10 , -30 , -12 , -28 , 0.0122866 , -0.0984055 , -0.266717 , -0.736565 , 2.03777 , -1.25919 , -0.527611 , -0.378825 , 0.0246328 , -91 , -50 , -79
-10 , -30 , -6 , -26 , 0.0128292 , -0.100878 , -0.267209 , -0.748563 , 2.02988 , -1.25886 , -0.605776 , -0.371387 , 0 , -82 , -11 , -129
-10 , -30 , -12 , -27 , 0.0138945 , -0.103774 , -0.267974 , -0.760581 , 2.02175 , -1.25929 , -0.527611 , -0.43105 , -0.0304853 , -66 , 17 , -198
-10 , -30 , -10 , -30 , 0.0152256 , -0.106849 , -0.26908 , -0.772325 , 2.01411 , -1.26035 , -0.644858 , -0.370094 , -0.0481301 , -34 , -16 , -196
-10 , -30 , -10 , -25 , 0.0165173 , -0.109809 , -0.270568 , -0.784069 , 2.00748 , -1.26117 , -0.566693 , -0.323259 , -0.109905 , -93 , -51 , -151
-10 , -30 , -14 , -29 , 0.0172464 , -0.112847 , -0.271994 , -0.794837 , 2.00068 , -1.26222 , -0.547152 , -0.409095 , -0.0204524 , -82 , 73 , -336
-10 , -30 , -5 , -34 , 0.0172083 , -0.115856 , -0.273161 , -0.805369 , 1.99396 , -1.26326 , -0.50807 , -0.298642 , -0.0583539 , -141 , -17 , -274
-10 , -30 , -11 , -25 , 0.0169859 , -0.118678 , -0.27397 , -0.815941 , 1.98825 , -1.26531 , -0.449447 , -0.228018 , -0.107566 , -120 , -30 , -228
-10 , -30 , -5 , -27 , 0.0171851 , -0.121083 , -0.274675 , -0.825321 , 1.98268 , -1.26758 , -0.429905 , -0.300631 , -0.0675377 , -131 , -16 , -263
-10 , -30 , -7 , -27 , 0.0179416 , -0.122973 , -0.275677 , -0.833587 , 1.97608 , -1.26976 , -0.429905 , -0.366397 , -0.149932 , 29 , -48 , -203
-10 , -30 , -14 , -26 , 0.0186825 , -0.124639 , -0.276745 , -0.840641 , 1.96819 , -1.27291 , -0.293117 , -0.426041 , -0.176896 , -49 , -19 , -243
-10 , -30 , -7 , -27 , 0.0192547 , -0.126109 , -0.27795 , -0.847441 , 1.96033 , -1.27647 , -0.351741 , -0.414298 , -0.135015 , -95 , -49 , -226
-10 , -30 , -5 , -27 , 0.0199048 , -0.12763 , -0.279363 , -0.854554 , 1.95224 , -1.27979 , -0.312658 , -0.373872 , -0.19659 , -77 , -36 , -159
-10 , -30 , -7 , -30 , 0.0202798 , -0.129094 , -0.280692 , -0.860319 , 1.9437 , -1.28403 , -0.254035 , -0.466376 , -0.275486 , -115 , 76 , -127
-10 , -30 , -10 , -26 , 0.0206054 , -0.130295 , -0.282113 , -0.864989 , 1.93557 , -1.28972 , -0.195412 , -0.347912 , -0.331579 , -65 , -35 , -109
-10 , -30 , -11 , -26 , 0.0211676 , -0.131088 , -0.283743 , -0.868253 , 1.92859 , -1.29529 , -0.156329 , -0.334991 , -0.230799 , -67 , -37 , -205
-10 , -30 , -7 , -32 , 0.0214226 , -0.131331 , -0.285362 , -0.870578 , 1.92238 , -1.29984 , -0.0781646 , -0.271153 , -0.216882 , -124 , -34 , -219
-10 , -30 , -7 , -25 , 0.0208829 , -0.13151 , -0.286612 , -0.871536 , 1.91765 , -1.30418 , -0.0195412 , -0.2032 , -0.25117 , -77 , -72 , -179
-10 , -30 , -5 , -31 , 0.0199795 , -0.131688 , -0.287434 , -0.871301 , 1.91257 , -1.30885 , 0.0390823 , -0.296977 , -0.208772 , -40 , 49 , -209
-10 , -30 , -11 , -31 , 0.0195519 , -0.131505 , -0.2881 , -0.869757 , 1.9078 , -1.31346 , 0.117247 , -0.191204 , -0.265263 , -38 , 2 , -168
-10 , -30 , -11 , -29 , 0.0196342 , -0.13073 , -0.288863 , -0.867002 , 1.90432 , -1.31911 , 0.136788 , -0.162933 , -0.322637 , -3 , 50 , -151
-10 , -30 , -14 , -30 , 0.0199089 , -0.129359 , -0.289826 , -0.863152 , 1.90214 , -1.32598 , 0.254035 , -0.0966419 , -0.365939 , -79 , 33 , -192
-10 , -30 , -9 , -30 , 0.0201726 , -0.127594 , -0.291048 , -0.859127 , 1.90104 , -1.33361 , 0.117247 , -0.025748 , -0.404856 , 49 , 20 , -194
-10 , -30 , -9 , -28 , 0.020298 , -0.12568 , -0.292355 , -0.855473 , 1.90112 , -1.34181 , 0.254035 , 0.0658977 , -0.469739 , -45 , 2 , -220
-10 , -30 , -11 , -30 , 0.0203407 , -0.123867 , -0.29393 , -0.850451 , 1.90239 , -1.35127 , 0.293117 , 0.0920297 , -0.514239 , 16 , 12 , -219
-10 , -30 , -11 , -29 , 0.0205986 , -0.122031 , -0.295933 , -0.844002 , 1.90487 , -1.36217 , 0.293117 , 0.152744 , -0.550969 , 63 , 51 , -177
-10 , -30 , -12 , -33 , 0.0209082 , -0.119853 , -0.298188 , -0.836518 , 1.90868 , -1.37312 , 0.351741 , 0.213021 , -0.512216 , 45 , 48 , -210
-10 , -30 , -12 , -31 , 0.0206784 , -0.117308 , -0.300342 , -0.828936 , 1.91363 , -1.38373 , 0.273576 , 0.234775 , -0.541804 , -18 , 65 , -227
-10 , -30 , -14 , -33 , 0.0197355 , -0.114672 , -0.302248 , -0.822819 , 1.91988 , -1.39633 , 0.273576 , 0.333655 , -0.64315 , -33 , 5 , -190
-10 , -30 , -7 , -27 , 0.0187712 , -0.112136 , -0.304119 , -0.817973 , 1.92719 , -1.40968 , 0.254035 , 0.394504 , -0.671899 , -4 , -79 , -191
-10 , -30 , -12 , -31 , 0.0187088 , -0.109649 , -0.306439 , -0.813127 , 1.93426 , -1.42269 , 0.293117 , 0.323529 , -0.636519 , 48 , 56 , -228
-10 , -30 , -9 , -25 , 0.0194036 , -0.107397 , -0.309089 , -0.807831 , 1.94139 , -1.43528 , 0.234494 , 0.388233 , -0.557519 , 2 , 31 , -273
-10 , -30 , -9 , -30 , 0.020028 , -0.105397 , -0.311998 , -0.802985 , 1.94868 , -1.44683 , 0.293117 , 0.324423 , -0.540058 , -17 , 48 , -221
-10 , -30 , -6 , -28 , 0.0198348 , -0.103527 , -0.314834 , -0.796615 , 1.95609 , -1.45761 , 0.3322 , 0.437813 , -0.591855 , 0 , -46 , -229
-10 , -30 , -6 , -33 , 0.0188025 , -0.101578 , -0.317334 , -0.788701 , 1.96375 , -1.4693 , 0.3322 , 0.356373 , -0.546604 , 14 , -21 , -190
-10 , -30 , -12 , -31 , 0.0173418 , -0.0991794 , -0.319494 , -0.78022 , 1.97098 , -1.48116 , 0.468988 , 0.389783 , -0.614177 , -18 , -18 , -180
-10 , -30 , -6 , -32 , 0.0159706 , -0.0960358 , -0.321421 , -0.771895 , 1.97876 , -1.49298 , 0.410364 , 0.46749 , -0.544824 , 104 , 17 , -223
-10 , -30 , -5 , -30 , 0.0149746 , -0.0925062 , -0.323004 , -0.762672 , 1.98888 , -1.50424 , 0.449447 , 0.512442 , -0.591554 , 13 , 56 , -245
-10 , -30 , -6 , -30 , 0.0142716 , -0.0891732 , -0.324494 , -0.752784 , 1.99949 , -1.51737 , 0.527611 , 0.541804 , -0.683253 , -51 , -29 , -193
-10 , -30 , -14 , -30 , 0.0143271 , -0.0857024 , -0.326533 , -0.741626 , 2.01026 , -1.5316 , 0.605776 , 0.579565 , -0.709727 , -13 , 1 , -222
-10 , -30 , -6 , -28 , 0.0149301 , -0.0818633 , -0.329097 , -0.730742 , 2.02194 , -1.54537 , 0.488529 , 0.615465 , -0.77698 , 83 , 39 , -198
-10 , -30 , -5 , -34 , 0.0153035 , -0.078037 , -0.331966 , -0.719681 , 2.03392 , -1.5589 , 0.605776 , 0.518103 , -0.649204 , 1 , 80 , -119
-10 , -30 , -5 , -30 , 0.0148046 , -0.0744169 , -0.334777 , -0.707409 , 2.046 , -1.57191 , 0.605776 , 0.587112 , -0.63274 , -50 , -8 , -205
-10 , -30 , -10 , -25 , 0.0132998 , -0.0708046 , -0.337328 , -0.694219 , 2.05755 , -1.58553 , 0.703482 , 0.536108 , -0.745841 , -34 , 34 , -245
-10 , -30 , -7 , -31 , 0.0115765 , -0.0668751 , -0.339705 , -0.68056 , 2.06804 , -1.60013 , 0.664399 , 0.495967 , -0.677724 , -11 , 56 , -175
-10 , -30 , -6 , -25 , 0.00998567 , -0.0624938 , -0.341868 , -0.667174 , 2.07904 , -1.61324 , 0.644858 , 0.601883 , -0.617412 , 54 , -65 , -165
-10 , -30 , -8 , -30 , 0.00830556 , -0.057949 , -0.343583 , -0.652811 , 2.08957 , -1.62483 , 0.762105 , 0.51379 , -0.609387 , 51 , 16 , -136
-10 , -30 , -6 , -31 , 0.0066017 , -0.0534175 , -0.344987 , -0.63798 , 2.10011 , -1.63567 , 0.703482 , 0.509101 , -0.492012 , -17 , 39 , -206
-10 , -30 , -14 , -26 , 0.00524759 , -0.0491039 , -0.34622 , -0.623539 , 2.11023 , -1.64648 , 0.820728 , 0.517645 , -0.559113 , -83 , 0 , -185
-10 , -30 , -14 , -34 , 0.00428446 , -0.0448708 , -0.347491 , -0.609059 , 2.11949 , -1.65738 , 0.723023 , 0.444113 , -0.506682 , -16 , 15 , -209
-10 , -30 , -13 , -30 , 0.0035929 , -0.0407083 , -0.348877 , -0.59538 , 2.12854 , -1.66682 , 0.625317 , 0.516734 , -0.416504 , -21 , -38 , -293
-10 , -30 , -11 , -34 , 0.00293209 , -0.0369446 , -0.3503 , -0.58346 , 2.1387 , -1.67515 , 0.644858 , 0.550196 , -0.352304 , -127 , 34 , -296
-10 , -30 , -6 , -32 , 0.00206896 , -0.0337817 , -0.351579 , -0.572497 , 2.15025 , -1.68331 , 0.468988 , 0.609387 , -0.401667 , 141 , -17 , -274
-10 , -30 , -8 , -27 , 0.0014654 , -0.0311837 , -0.352883 , -0.561574 , 2.16184 , -1.69234 , 0.50807 , 0.51994 , -0.449046 , 102 , 4 , -264
-10 , -30 , -6 , -26 , 0.00130093 , -0.0285839 , -0.354438 , -0.550005 , 2.17253 , -1.70147 , 0.547152 , 0.455324 , -0.437648 , -82 , -2 , -357
-10 , -30 , -11 , -28 , 0.0011239 , -0.0259213 , -0.356096 , -0.539238 , 2.18114 , -1.70977 , 0.586235 , 0.401118 , -0.399339 , 12 , 83 , -251
-10 , -30 , -10 , -30 , 0.000384667 , -0.0233185 , -0.357599 , -0.528256 , 2.18896 , -1.717 , 0.50807 , 0.346369 , -0.37736 , 55 , 82 , -209
-10 , -30 , -5 , -31 , -0.000925851 , -0.0207592 , -0.358715 , -0.518388 , 2.19674 , -1.72304 , 0.449447 , 0.406963 , -0.215368 , 34 , 0 , -283
-10 , -30 , -6 , -29 , -0.0024469 , -0.0186704 , -0.359358 , -0.508676 , 2.20383 , -1.72863 , 0.488529 , 0.354005 , -0.310504 , 12 , -7 , -229
-10 , -30 , -9 , -28 , -0.00350346 , -0.0165978 , -0.359786 , -0.497752 , 2.20958 , -1.73426 , 0.605776 , 0.260201 , -0.252034 , -13 , -20 , -259
-10 , -30 , -6 , -31 , -0.0038118 , -0.0140477 , -0.36031 , -0.486575 , 2.21399 , -1.7386 , 0.566693 , 0.195934 , -0.209893 , 19 , 0 , -292
-10 , -30 , -7 , -27 , -0.00412034 , -0.011624 , -0.360739 , -0.475769 , 2.21726 , -1.74188 , 0.547152 , 0.124836 , -0.117247 , -35 , 43 , -270
-10 , -30 , -5 , -28 , -0.0050449 , -0.00938764 , -0.360892 , -0.46592 , 2.21933 , -1.74403 , 0.390823 , 0.0647623 , -0.076273 , 90 , 65 , -314
-10 , -30 , -14 , -34 , -0.0062089 , -0.0075342 , -0.360804 , -0.456208 , 2.22027 , -1.74506 , 0.449447 , 0.0269275 , -0.0264445 , 64 , 53 , -277
-10 , -30 , -10 , -32 , -0.0069946 , -0.00617348 , -0.360608 , -0.446164 , 2.22138 , -1.74506 , 0.468988 , 0.107605 , 0 , 21 , 56 , -117
-10 , -30 , -14 , -28 , -0.00741795 , -0.00487763 , -0.360286 , -0.437429 , 2.22373 , -1.74389 , 0.410364 , 0.148942 , 0.121777 , -31 , 39 , -75
-10 , -30 , -8 , -28 , -0.00795478 , -0.00365339 , -0.359812 , -0.430003 , 2.22728 , -1.74131 , 0.351741 , 0.187654 , 0.203412 , -35 , 37 , -73
-10 , -30 , -6 , -29 , -0.00912398 , -0.00259216 , -0.358887 , -0.423848 , 2.23054 , -1.73715 , 0.273576 , 0.151716 , 0.222058 , -1 , 36 , -7
-10 , -30 , -14 , -30 , -0.0105669 , -0.00175149 , -0.357422 , -0.418806 , 2.23271 , -1.73197 , 0.156329 , 0.104015 , 0.301869 , 66 , 47 , -8
-10 , -30 , -10 , -25 , -0.0114992 , -0.00117487 , -0.355682 , -0.414996 , 2.23514 , -1.7256 , 0.17587 , 0.143897 , 0.357459 , -30 , -13 , 16
-10 , -30 , -12 , -25 , -0.0117055 , -0.000844788 , -0.353917 , -0.412377 , 2.23733 , -1.71792 , 0.0781646 , 0.0807707 , 0.409668 , 76 , -9 , -25
-10 , -30 , -9 , -25 , -0.0116983 , -0.000767068 , -0.352144 , -0.410911 , 2.23822 , -1.70885 , 0.0195412 , 0.0193002 , 0.489342 , 105 , -7 , -131
-10 , -30 , -11 , -30 , -0.0119595 , -0.00113234 , -0.350193 , -0.410657 , 2.23807 , -1.69895 , -0.0195412 , -0.0485929 , 0.548908 , 39 , 34 , -58
-10 , -30 , -10 , -30 , -0.0123169 , -0.00201672 , -0.34796 , -0.411693 , 2.23793 , -1.68793 , -0.0977058 , 0 , 0.607808 , -24 , -3 , -77
-10 , -30 , -13 , -25 , -0.0124325 , -0.00317887 , -0.345424 , -0.414018 , 2.23758 , -1.6754 , -0.136788 , -0.0454585 , 0.649925 , -15 , -20 , -55
-10 , -30 , -14 , -32 , -0.0124858 , -0.00441217 , -0.342591 , -0.417419 , 2.23615 , -1.66168 , -0.17587 , -0.0923196 , 0.753031 , -56 , -4 , -98
-10 , -30 , -9 , -25 , -0.0127045 , -0.00564341 , -0.339395 , -0.422069 , 2.23484 , -1.64714 , -0.293117 , -0.0444184 , 0.761342 , -36 , -50 , -47
-10 , -30 , -5 , -30 , -0.0130176 , -0.00688075 , -0.335731 , -0.427893 , 2.23334 , -1.63096 , -0.293117 , -0.108682 , 0.862106 , -115 , -16 , -95
-10 , -30 , -9 , -33 , -0.0130486 , -0.00846919 , -0.331663 , -0.433716 , 2.23074 , -1.61486 , -0.273576 , -0.173032 , 0.763326 , -17 , 37 , -46
-10 , -30 , -10 , -32 , -0.0122654 , -0.0104024 , -0.327681 , -0.439402 , 2.22816 , -1.59976 , -0.351741 , -0.0759951 , 0.743952 , 27 , -12 , -81
-10 , -30 , -10 , -27 , -0.0102863 , -0.0124392 , -0.324277 , -0.44632 , 2.22701 , -1.58563 , -0.410364 , -0.0903564 , 0.693768 , 17 , 34 , -51
-10 , -30 , -14 , -32 , -0.00761938 , -0.0146468 , -0.321691 , -0.454586 , 2.22544 , -1.5722 , -0.410364 , -0.038047 , 0.710156 , -53 , -92 , 20
-10 , -30 , -11 , -26 , -0.00546148 , -0.0172093 , -0.319585 , -0.463868 , 2.22441 , -1.55839 , -0.488529 , -0.0738137 , 0.65574 , -65 , 57 , -67
-10 , -30 , -5 , -29 , -0.00430306 , -0.0203429 , -0.317568 , -0.474713 , 2.22283 , -1.54451 , -0.50807 , -0.0593951 , 0.689279 , -51 , -53 , -103
-10 , -30 , -10 , -29 , -0.0039802 , -0.0241223 , -0.315373 , -0.485422 , 2.22034 , -1.53093 , -0.429905 , -0.146485 , 0.618061 , -92 , -15 , 31
-10 , -30 , -10 , -28 , -0.00392525 , -0.0280768 , -0.313053 , -0.495701 , 2.21673 , -1.51677 , -0.527611 , -0.224955 , 0.697895 , -80 , -46 , -25
-10 , -30 , -10 , -34 , -0.00377232 , -0.0317427 , -0.310514 , -0.507484 , 2.2118 , -1.50367 , -0.625317 , -0.278364 , 0.723299 , -88 , -14 , -50
-10 , -30 , -7 , -26 , -0.00351182 , -0.0352037 , -0.307811 , -0.520655 , 2.20692 , -1.48933 , -0.723023 , -0.214109 , 0.652458 , 67 , -115 , 33
-10 , -30 , -8 , -32 , -0.00290184 , -0.0385021 , -0.305146 , -0.533708 , 2.20194 , -1.47559 , -0.644858 , -0.262296 , 0.65721 , -32 , -41 , -12
-10 , -30 , -12 , -26 , -0.00200453 , -0.041867 , -0.30242 , -0.545394 , 2.19705 , -1.46252 , -0.586235 , -0.23208 , 0.696239 , 14 , -38 , -99
-10 , -30 , -11 , -30 , -0.000921991 , -0.0452835 , -0.300057 , -0.557236 , 2.19178 , -1.44831 , -0.566693 , -0.246213 , 0.650645 , -98 , 1 , 117
-10 , -30 , -14 , -26 , 0.000248091 , -0.0487166 , -0.297832 , -0.570152 , 2.18689 , -1.43438 , -0.68394 , -0.222987 , 0.704183 , 27 , 18 , -84
-10 , -30 , -11 , -33 , 0.00122811 , -0.0523623 , -0.295582 , -0.584222 , 2.18193 , -1.42041 , -0.762105 , -0.277703 , 0.705457 , -56 , 16 , -36
-10 , -30 , -11 , -33 , 0.00202215 , -0.0564468 , -0.293257 , -0.600617 , 2.17708 , -1.40679 , -0.723023 , -0.211103 , 0.659428 , -49 , -27 , 2
-10 , -30 , -12 , -25 , 0.00285426 , -0.0609951 , -0.290933 , -0.617149 , 2.1735 , -1.39393 , -0.820728 , -0.146265 , 0.701235 , -102 , -34 , -81
-10 , -30 , -11 , -26 , 0.00402896 , -0.0657673 , -0.288884 , -0.635088 , 2.16985 , -1.38134 , -0.937975 , -0.245697 , 0.693768 , -59 , -20 , -83
-10 , -30 , -6 , -29 , 0.00541262 , -0.0706759 , -0.286953 , -0.653828 , 2.16477 , -1.36796 , -0.977058 , -0.317398 , 0.675773 , 68 , -15 , -13
-10 , -30 , -11 , -31 , 0.00684809 , -0.0757009 , -0.285118 , -0.671102 , 2.15859 , -1.35393 , -0.801187 , -0.314841 , 0.727789 , -84 , -33 , -82
-10 , -30 , -11 , -32 , 0.00827429 , -0.0809926 , -0.283395 , -0.687438 , 2.15242 , -1.34095 , -0.762105 , -0.292239 , 0.62266 , 20 , 35 , -81
-10 , -30 , -5 , -27 , 0.00959558 , -0.0863081 , -0.2819 , -0.702172 , 2.14761 , -1.32972 , -0.781646 , -0.191705 , 0.540058 , -76 , -47 , 33
-10 , -30 , -14 , -31 , 0.0107219 , -0.0909894 , -0.280531 , -0.716086 , 2.14265 , -1.31928 , -0.68394 , -0.270652 , 0.500837 , -1 , 20 , 6
-10 , -30 , -9 , -28 , 0.011608 , -0.0950004 , -0.279151 , -0.729765 , 2.13802 , -1.30998 , -0.723023 , -0.179771 , 0.458888 , -34 , -65 , -87
-10 , -30 , -11 , -29 , 0.0122103 , -0.0986259 , -0.277799 , -0.74358 , 2.13321 , -1.30197 , -0.644858 , -0.268421 , 0.371974 , -94 , -52 , -68
-10 , -30 , -10 , -32 , 0.012778 , -0.102203 , -0.276628 , -0.756321 , 2.12842 , -1.29534 , -0.625317 , -0.193732 , 0.278893 , -22 , -56 , -53
-10 , -30 , -7 , -26 , 0.0139414 , -0.105697 , -0.275832 , -0.767596 , 2.12473 , -1.28995 , -0.50807 , -0.145936 , 0.276525 , 2 , -45 , 11
-10 , -30 , -14 , -34 , 0.015568 , -0.108903 , -0.275571 , -0.777582 , 2.12104 , -1.28553 , -0.50807 , -0.220886 , 0.184465 , -53 , -3 , 2
-10 , -30 , -10 , -32 , 0.0170504 , -0.111673 , -0.275751 , -0.787841 , 2.11742 , -1.28211 , -0.488529 , -0.155665 , 0.13646 , -167 , -26 , -63
-10 , -30 , -13 , -26 , 0.0180829 , -0.114404 , -0.276108 , -0.798159 , 2.11496 , -1.28032 , -0.50807 , -0.10321 , 0.0754667 , -47 , -50 , -35
-10 , -30 , -11 , -30 , 0.0185291 , -0.117165 , -0.276455 , -0.808711 , 2.11211 , -1.27842 , -0.566693 , -0.143193 , 0.112434 , 45 , -4 , -31
-10 , -30 , -13 , -27 , 0.0186568 , -0.119762 , -0.276651 , -0.818403 , 2.10982 , -1.27655 , -0.50807 , -0.0966741 , 0.105895 , -49 , 19 , -49
-10 , -30 , -9 , -28 , 0.0187615 , -0.122297 , -0.276724 , -0.828584 , 2.10867 , -1.27463 , -0.50807 , -0.0197654 , 0.110861 , -142 , -35 , -34
-10 , -30 , -8 , -30 , 0.0192185 , -0.124942 , -0.276964 , -0.83939 , 2.10712 , -1.27277 , -0.50807 , -0.131442 , 0.103356 , -30 , 52 , -108
-10 , -30 , -13 , -33 , 0.0199109 , -0.127648 , -0.277302 , -0.848301 , 2.10624 , -1.27188 , -0.410364 , 0 , 0.0134238 , 2 , -13 , -51
-10 , -30 , -5 , -30 , 0.020765 , -0.129935 , -0.277852 , -0.857036 , 2.10583 , -1.27205 , -0.488529 , 0 , -0.041618 , -45 , 50 , -115
0 , 0 , 0 , 0 , 0.0216356 , -0.132066 , -0.278629 , -0.86624 , 2.10618 , -1.27311 , -0.410364 , -0.0720008 , -0.0690977 , -52 , 66 , -180
0 , 0 , 0 , 0 , 0.0221115 , -0.134097 , -0.279398 , -0.873294 , 2.10466 , -1.27395 , -0.351741 , -0.120278 , -0.0360183 , -118 , 33 , -128
0 , 0 , 0 , 0 , 0.0223633 , -0.135948 , -0.280196 , -0.879958 , 2.10237 , -1.27393 , -0.312658 , -0.158957 , 0.00423885 , -56 , -4 , -38
0 , 0 , 0 , 0 , 0.0223642 , -0.137727 , -0.280752 , -0.88539 , 2.09876 , -1.27258 , -0.195412 , -0.19515 , 0.115354 , -84 , -7 , -20
0 , 0 , 0 , 0 , 0.0219331 , -0.139316 , -0.281085 , -0.889533 , 2.09407 , -1.26976 , -0.195412 , -0.291659 , 0.17647 , 15 , -33 , -85
0 , 0 , 0 , 0 , 0.0208306 , -0.14065 , -0.280665 , -0.892464 , 2.08801 , -1.2656 , -0.117247 , -0.326957 , 0.21179 , -64 , -66 , -35
0 , 0 , 0 , 0 , 0.0194845 , -0.141684 , -0.279579 , -0.894262 , 2.08082 , -1.26062 , -0.0586235 , -0.438142 , 0.285133 , -44 , 13 , -30
0 , 0 , 0 , 0 , 0.0184419 , -0.142369 , -0.278076 , -0.894848 , 2.07201 , -1.25437 , -0.0195412 , -0.472769 , 0.355293 , -63 , 7 , -30
0 , 0 , 0 , 0 , 0.0177714 , -0.14267 , -0.276199 , -0.894399 , 2.06233 , -1.2469 , 0.0781646 , -0.53294 , 0.395568 , 5 , 51 , 18
0 , 0 , 0 , 0 , 0.0173078 , -0.142711 , -0.274076 , -0.892425 , 2.05168 , -1.23801 , 0.117247 , -0.573893 , 0.450949 , -25 , -57 , -31
0 , 0 , 0 , 0 , 0.0167568 , -0.142673 , -0.27172 , -0.889396 , 2.03971 , -1.22787 , 0.156329 , -0.708009 , 0.553571 , 67 , 15 , -84
0 , 0 , 0 , 0 , 0.0161394 , -0.142507 , -0.269151 , -0.885253 , 2.02611 , -1.21677 , 0.273576 , -0.70673 , 0.543312 , 27 , -9 , 27
0 , 0 , 0 , 0 , 0.0153571 , -0.142069 , -0.26621 , -0.87988 , 2.0119 , -1.20473 , 0.371282 , -0.738795 , 0.6467 , -57 , -47 , 75
0 , 0 , 0 , 0 , 0.0141632 , -0.141278 , -0.262788 , -0.873216 , 1.99625 , -1.19078 , 0.3322 , -0.823939 , 0.734625 , 33 , -48 , -105
0 , 0 , 0 , 0 , 0.0126764 , -0.140164 , -0.258812 , -0.865517 , 1.97909 , -1.17606 , 0.449447 , -0.895014 , 0.730508 , -2 , 1 , 28
0 , 0 , 0 , 0 , 0.0112256 , -0.13874 , -0.254585 , -0.856528 , 1.96135 , -1.16028 , 0.390823 , -0.985268 , 0.876938 , 98 , 15 , -6
0 , 0 , 0 , 0 , 0.00998448 , -0.137124 , -0.249951 , -0.84623 , 1.94175 , -1.14285 , 0.527611 , -1.00641 , 0.89844 , 1 , 33 , -67
0 , 0 , 0 , 0 , 0.00898288 , -0.13537 , -0.245039 , -0.834837 , 1.92158 , -1.12381 , 0.625317 , -1.08965 , 0.929054 , -3 , -3 , 44
0 , 0 , 0 , 0 , 0.007855 , -0.133165 , -0.239817 , -0.822253 , 1.89846 , -1.10384 , 0.644858 , -1.08914 , 0.965789 , 32 , 8 , -31
0 , 0 , 0 , 0 , 0.00651971 , -0.130893 , -0.23435 , -0.807929 , 1.87583 , -1.08332 , 0.742564 , -1.17012 , 1.05248 , 19 , -81 , 13
0 , 0 , 0 , 0 , 0.00509835 , -0.128613 , -0.228506 , -0.79257 , 1.8516 , -1.06105 , 0.762105 , -1.17012 , 1.14667 , 10 , -56 , -44
0 , 0 , 0 , 0 , 0.00361823 , -0.126002 , -0.222164 , -0.776468 , 1.82622 , -1.03807 , 0.762105 , -1.35938 , 1.21877 , 83 , 31 , -50
0 , 0 , 0 , 0 , 0.00207895 , -0.12323 , -0.215204 , -0.75892 , 1.80009 , -1.01352 , 0.879352 , -1.42376 , 1.20315 , 15 , -21 , -29
0 , 0 , 0 , 0 , 0.000527074 , -0.12009 , -0.208026 , -0.740375 , 1.77203 , -0.987786 , 0.977058 , -1.39413 , 1.32034 , -36 , 10 , -104
0 , 0 , 0 , 0 , -0.000652404 , -0.116754 , -0.200403 , -0.720385 , 1.74303 , -0.961132 , 1.03568 , -1.48979 , 1.33766 , -10 , 34 , 13
0 , 0 , 0 , 0 , -0.00171462 , -0.11324 , -0.192565 , -0.699417 , 1.71321 , -0.933032 , 1.07476 , -1.63638 , 1.39413 , -5 , 7 , 31
0 , 0 , 0 , 0 , -0.00261852 , -0.109534 , -0.184758 , -0.677062 , 1.68197 , -0.9037 , 1.15293 , -1.50028 , 1.4665 , 10 , -50 , -48
0 , 0 , 0 , 0 , -0.00354083 , -0.105812 , -0.17665 , -0.65371 , 1.64912 , -0.87349 , 1.21155 , -1.57484 , 1.61608 , -41 , -119 , -105
0 , 0 , 0 , 0 , -0.00478725 , -0.102129 , -0.168381 , -0.628932 , 1.61529 , -0.841892 , 1.27018 , -1.68336 , 1.5759 , -102 , -20 , 17
0 , 0 , 0 , 0 , -0.00618496 , -0.0985606 , -0.159894 , -0.603294 , 1.58041 , -0.809063 , 1.3288 , -1.80102 , 1.70914 , 35 , 20 , 1
0 , 0 , 0 , 0 , -0.00741887 , -0.0955369 , -0.151139 , -0.576112 , 1.54444 , -0.774944 , 1.28972 , -1.9158 , 1.71915 , 39 , 90 , 32
0 , 0 , 0 , 0 , -0.00828501 , -0.0936629 , -0.142246 , -0.547817 , 1.50719 , -0.739574 , 1.52421 , -1.99399 , 1.80518 , -81 , 104 , 49
0 , 0 , 0 , 0 , -0.0086024 , -0.0931851 , -0.13317 , -0.518407 , 1.46873 , -0.703169 , 1.54375 , -2.02849 , 1.8277 , -3 , 50 , -18
0 , 0 , 0 , 0 , -0.00828122 , -0.0942727 , -0.123778 , -0.487825 , 1.42908 , -0.665533 , 1.52421 , -2.10686 , 1.8537 , 135 , 76 , -96
0 , 0 , 0 , 0 , -0.00772959 , -0.0972408 , -0.114784 , -0.455876 , 1.38816 , -0.624887 , 1.60237 , -2.19153 , 1.85664 , 33 , 83 , 45
0 , 0 , 0 , 0 , -0.00674049 , -0.102021 , -0.106681 , -0.423359 , 1.34596 , -0.588756 , 1.52421 , -2.21638 , 1.93158 , 66 , 68 , -103
0 , 0 , 0 , 0 , -0.00484526 , -0.107834 , -0.0990854 , -0.391957 , 1.3025 , -0.551881 , 1.60237 , -2.30347 , 1.86254 , -105 , 80 , -83
0 , 0 , 0 , 0 , -0.00275278 , -0.114016 , -0.0922502 , -0.361961 , 1.25786 , -0.51446 , 1.48513 , -2.27662 , 1.83198 , 11 , 100 , -120
0 , 0 , 0 , 0 , -0.0013542 , -0.1199 , -0.0859141 , -0.331613 , 1.20973 , -0.480009 , 1.36788 , -2.26235 , 1.72042 , 97 , 26 , -24
0 , 0 , 0 , 0 , -0.000858269 , -0.124863 , -0.0798457 , -0.303924 , 1.16287 , -0.446672 , 1.28972 , -2.14638 , 1.61943 , -49 , -116 , 30
0 , 0 , 0 , 0 , -0.00119394 , -0.128704 , -0.073636 , -0.277641 , 1.11504 , -0.414487 , 1.36788 , -2.34729 , 1.56433 , -35 , -44 , -49
0 , 0 , 0 , 0 , -0.00206016 , -0.131527 , -0.0669384 , -0.252452 , 1.06566 , -0.383437 , 1.23109 , -2.58252 , 1.51384 , 65 , 62 , -114
0 , 0 , 0 , 0 , -0.00306531 , -0.133594 , -0.0595601 , -0.228299 , 1.01548 , -0.354008 , 1.17247 , -2.53644 , 1.52565 , -85 , 89 , -94
0 , 0 , 0 , 0 , -0.00391931 , -0.135174 , -0.052082 , -0.205749 , 0.966701 , -0.325478 , 1.0943 , -2.32748 , 1.4008 , 22 , -39 , 67
0 , 0 , 0 , 0 , -0.00468436 , -0.136355 , -0.0444857 , -0.183941 , 0.919548 , -0.297983 , 0.977058 , -2.29334 , 1.32258 , 29 , -39 , -14
0 , 0 , 0 , 0 , -0.00437481 , -0.137696 , -0.037932 , -0.163696 , 0.873431 , -0.272013 , 1.01614 , -2.34494 , 1.30274 , -20 , 34 , -88
0 , 0 , 0 , 0 , -0.00273994 , -0.139746 , -0.031924 , -0.144351 , 0.828232 , -0.247235 , 0.879352 , -2.29895 , 1.22323 , 64 , 24 , -90
0 , 0 , 0 , 0 , -0.000878445 , -0.14234 , -0.0268955 , -0.126627 , 0.784089 , -0.223297 , 0.918434 , -2.258 , 1.13611 , 49 , 104 , -47
0 , 0 , 0 , 0 , 0.000616741 , -0.145302 , -0.0226194 , -0.109548 , 0.741255 , -0.201098 , 0.84027 , -2.19153 , 1.10298 , -6 , 78 , -3
0 , 0 , 0 , 0 , 0.00091586 , -0.148305 , -0.0184412 , -0.0941298 , 0.699573 , -0.179446 , 0.781646 , -2.13855 , 1.02398 , 20 , 95 , -50
0 , 0 , 0 , 0 , -0.000402239 , -0.151153 , -0.0136141 , -0.0796302 , 0.659143 , -0.159593 , 0.68394 , -2.07424 , 1.03942 , 5 , 80 , -32
0 , 0 , 0 , 0 , -0.00324669 , -0.153374 , -0.00756783 , -0.0663227 , 0.620002 , -0.140364 , 0.605776 , -1.99398 , 0.903282 , 43 , 95 , -49
0 , 0 , 0 , 0 , -0.00680579 , -0.153992 , -0.000415542 , -0.054598 , 0.582072 , -0.122953 , 0.625317 , -1.92603 , 0.907481 , -22 , 87 , -53
0 , 0 , 0 , 0 , -0.00969185 , -0.152452 , 0.00768164 , -0.0435963 , 0.545452 , -0.10603 , 0.468988 , -1.81777 , 0.816196 , 83 , 50 , -20
0 , 0 , 0 , 0 , -0.0112345 , -0.148978 , 0.0159707 , -0.033943 , 0.509966 , -0.0908273 , 0.429905 , -1.80101 , 0.682261 , 8 , 87 , 20
0 , 0 , 0 , 0 , -0.0110529 , -0.144183 , 0.0239639 , -0.0256575 , 0.475671 , -0.0760151 , 0.371282 , -1.64787 , 0.688263 , 7 , -17 , 16
0 , 0 , 0 , 0 , -0.00987843 , -0.13886 , 0.0313538 , -0.0183296 , 0.442431 , -0.0635088 , 0.293117 , -1.62222 , 0.574174 , 38 , -26 , -39
0 , 0 , 0 , 0 , -0.00896029 , -0.133956 , 0.0378232 , -0.0121546 , 0.408703 , -0.0514128 , 0.293117 , -1.47433 , 0.541055 , 48 , -69 , 26
0 , 0 , 0 , 0 , -0.0083162 , -0.130456 , 0.0437064 , -0.00746472 , 0.37945 , -0.041564 , 0.214953 , -1.48366 , 0.536108 , 36 , -8 , -17
0 , 0 , 0 , 0 , -0.00815792 , -0.128324 , 0.0494836 , -0.00361511 , 0.348595 , -0.0314417 , 0.136788 , -1.51236 , 0.402907 , 31 , 34 , 15
0 , 0 , 0 , 0 , -0.00864151 , -0.126982 , 0.055158 , -0.00125063 , 0.320514 , -0.0233908 , 0.0977058 , -1.4012 , 0.333559 , 0 , -27 , -50
0 , 0 , 0 , 0 , -0.00924444 , -0.125744 , 0.060486 , -3.90823e-05 , 0.292961 , -0.0165123 , 0.0390823 , -1.26206 , 0.293995 , 30 , -57 , 24
0 , 0 , 0 , 0 , -0.00921546 , -0.123823 , 0.0652648 , 0.000136788 , 0.267206 , -0.0109626 , -0.0195412 , -1.29233 , 0.265144 , 38 , 20 , -41
0 , 0 , 0 , 0 , -0.00863426 , -0.12097 , 0.0698895 , 0 , 0.24274 , -0.00666353 , 0 , -1.1849 , 0.20584 , 27 , -112 , 61
0 , 0 , 0 , 0 , -0.0084968 , -0.117058 , 0.0742455 , -1.95412e-05 , 0.218724 , -0.00324383 , 0 , -1.1713 , 0.135953 , -1 , 1 , 32
0 , 0 , 0 , 0 , -0.00853673 , -0.112279 , 0.078389 , -1.95412e-05 , 0.19674 , -0.00113339 , 0.0195412 , -1.07565 , 0.0614752 , 9 , -28 , 82
0 , 0 , 0 , 0 , -0.00850931 , -0.10736 , 0.0822551 , 0 , 0.175323 , -7.81646e-05 , 0 , -0.983613 , 0.0404682 , 27 , -80 , 18
0 , 0 , 0 , 0 , -0.00803556 , -0.10303 , 0.0856302 , -1.95412e-05 , 0.155704 , 0 , 0.0195412 , -0.960245 , 0 , 27 , -68 , 36
0 , 0 , 0 , 0 , -0.00698461 , -0.0995168 , 0.0886827 , 0 , 0.13669 , 0 , 0 , -0.87399 , 0 , 16 , -42 , 13
0 , 0 , 0 , 0 , -0.0058927 , -0.0968966 , 0.0913122 , 0 , 0.119553 , 0 , 0 , -0.911354 , 0 , 23 , -45 , 36
0 , 0 , 0 , 0 , -0.0052949 , -0.0948223 , 0.0936371 , 0 , 0.102826 , 0 , 0 , -0.802504 , 0 , 27 , -16 , 36
0 , 0 , 0 , 0 , -0.00534622 , -0.0929813 , 0.0958859 , 0 , 0.0881111 , 0 , 0 , -0.69789 , 0 , 24 , -147 , 18
0 , 0 , 0 , 0 , -0.0057263 , -0.0910912 , 0.0980244 , 0 , 0.0741587 , 0 , 0 , -0.665601 , 0 , 13 , -96 , 18
0 , 0 , 0 , 0 , -0.00615791 , -0.0888931 , 0.100135 , 0 , 0.0610466 , 0 , 0 , -0.59425 , 0 , 10 , -45 , 55
0 , 0 , 0 , 0 , -0.00615674 , -0.0863454 , 0.102022 , 0 , 0.0498299 , 0 , 0 , -0.500837 , 0 , 44 , -112 , 7
0 , 0 , 0 , 0 , -0.00580557 , -0.08368 , 0.103794 , 0 , 0.0397467 , 0 , 0 , -0.511324 , 0 , 3 , -64 , 55
0 , 0 , 0 , 0 , -0.00543731 , -0.0812203 , 0.105424 , 0 , 0.0302497 , 0 , 0 , -0.432005 , 0 , 13 , -110 , -11
0 , 0 , 0 , 0 , -0.0053247 , -0.0791559 , 0.106837 , 0 , 0.021847 , 0 , 0 , -0.340238 , 0 , 20 , -23 , 36
0 , 0 , 0 , 0 , -0.00536969 , -0.0777048 , 0.107927 , 0 , 0.015672 , 0 , 0 , -0.311163 , 0 , 20 , -62 , 36
0 , 0 , 0 , 0 , -0.00540631 , -0.0767873 , 0.108821 , 0 , 0.0102982 , 0 , 0 , -0.218335 , 0 , 20 , -148 , 36
0 , 0 , 0 , 0 , -0.00531536 , -0.0762631 , 0.109496 , 0 , 0.00584281 , 0 , 0 , -0.20419 , 0 , 20 , -67 , 7
0 , 0 , 0 , 0 , -0.00524244 , -0.0759451 , 0.110023 , 0 , 0.00269668 , 0 , 0 , -0.117106 , 0 , 3 , -132 , 18
0 , 0 , 0 , 0 , -0.00528286 , -0.0756573 , 0.110378 , 0 , 0.000859811 , 1.95412e-05 , 0 , -0.0644212 , 0 , 16 , -167 , -23
0 , 0 , 0 , 0 , -0.00532952 , -0.0752652 , 0.110619 , 0 , 0.00017587 , 0 , 0 , 0 , 0 , 13 , -159 , 36
0 , 0 , 0 , 0 , -0.00529498 , -0.0748543 , 0.110708 , 0 , 0.000136788 , 1.95412e-05 , 0 , -0.00339203 , 0 , 27 , -110 , 18
0 , 0 , 0 , 0 , -0.00516661 , -0.0745889 , 0.110708 , 0 , 9.77058e-05 , 1.95412e-05 , 0 , 0 , 0 , -1 , -123 , 36
0 , 0 , 0 , 0 , -0.00517511 , -0.0744754 , 0.110708 , 0 , 7.81646e-05 , 0 , 0 , 0 , 0 , 16 , -154 , 7
0 , 0 , 0 , 0 , -0.00546456 , -0.0745743 , 0.110708 , 0 , 7.81646e-05 , 0 , 0 , 0 , 0 , 30 , -132 , 13
0 , 0 , 0 , 0 , -0.005901 , -0.0748326 , 0.110708 , 0 , 7.81646e-05 , 0 , 0 , 0 , 0 , 5 , -132 , 55
0 , 0 , 0 , 0 , -0.00625735 , -0.0751397 , 0.110708 , 0 , 7.81646e-05 , 0 , 0 , 0 , 0 , -31 , -149 , 42
0 , 0 , 0 , 0 , -0.00649389 , -0.075353 , 0.110708 , 0 , 3.90823e-05 , 0 , 0 , 0 , 0 , 30 , -101 , 18
0 , 0 , 0 , 0 , -0.00666379 , -0.0754121 , 0.110708 , 0 , 1.95412e-05 , 1.95412e-05 , 0 , -0.00395856 , 0 , 16 , -114 , 42
0 , 0 , 0 , 0 , -0.00682738 , -0.0753135 , 0.110708 , 0 , 0 , 0 , 0 , 0 , 0 , 16 , -114 , 13
0 , 0 , 0 , 0 , -0.0070152 , -0.0751423 , 0.110708 , 0 , 0 , 0 , 0 , 0 , 0 , 34 , -132 , 7
0 , 0 , 0 , 0 , -0.00718434 , -0.0749972 , 0.110708 , 0 , 0 , 0 , 0 , 0 , 0 , 16 , -114 , 31
0 , 0 , 0 , 0 , -0.00730247 , -0.074936 , 0.110708 , 0 , 0 , 0 , 0 , 0 , 0 , 16 , -132 , 18
0 , 0 , 0 , 0 , -0.00744563 , -0.0750057 , 0.110708 , 0 , 0 , 1.95412e-05 , 0 , 0 , 0 , 13 , -114 , 42
0 , 0 , 0 , 0 , -0.00766112 , -0.0751621 , 0.110708 , 0 , 0 , 0 , 0 , 0 , 0 , 27 , -140 , -11
0 , 0 , 0 , 0 , -0.00791393 , -0.0753234 , 0.110708 , 0 , 0 , 0 , 0 , 0 , 0 , 6 , -49 , 60
0 , 0 , 0 , 0 , -0.00815745 , -0.0754063 , 0.110708 , 0 , 0 , 0 , 0 , 0 , 0 , 16 , -136 , 13
0 , 0 , 0 , 0 , -0.00831923 , -0.0754018 , 0.110708 , 0 , 0 , 0 , 0 , 0 , 0 , 13 , -119 , 18
0 , 0 , 0 , 0 , -0.00840096 , -0.0753341 , 0.110708 , 0 , 0 , 0 , 0 , 0 , 0 , 16 , -58 , 36
0 , 0 , 0 , 0 , -0.00847873 , -0.0752561 , 0.110708 , 0 , 0 , 1.95412e-05 , 0 , 0 , 0 , 16 , -154 , 13
0 , 0 , 0 , 0 , -0.00858458 , -0.0751826 , 0.110708 , 0 , 0 , 0 , 0 , 0 , 0 , 20 , -136 , 18
0 , 0 , 0 , 0 , -0.0086982 , -0.0751621 , 0.110708 , 0 , -1.95412e-05 , 0 , 0 , -0.00270981 , 0 , 40 , -140 , 18
0 , 0 , 0 , 0 , -0.00883204 , -0.0752153 , 0.110708 , 0 , -1.95412e-05 , 0 , 0 , 0 , 0 , 23 , -75 , 13
0 , 0 , 0 , 0 , -0.00898361 , -0.0752923 , 0.110708 , 0 , -1.95412e-05 , 1.95412e-05 , 0 , 0 , 0 , 30 , -97 , 7
0 , 0 , 0 , 0 , -0.00914883 , -0.0753634 , 0.110708 , 0 , -3.90823e-05 , 0 , 0 , 0 , 0 , 13 , -130 , 36
0 , 0 , 0 , 0 , -0.00930711 , -0.0754074 , 0.110708 , 0 , -3.90823e-05 , 0 , 0 , 0 , 0 , 3 , -114 , 55
0 , 0 , 0 , 0 , -0.00941657 , -0.0754126 , 0.110708 , 0 , -3.90823e-05 , 0 , 0 , 0 , 0 , -1 , -119 , 0
0 , 0 , 0 , 0 , -0.00947935 , -0.0753776 , 0.110708 , 0 , -5.86235e-05 , 0 , 0 , 0 , 0 , 16 , -40 , 36
0 , 0 , 0 , 0 , -0.00950873 , -0.0753249 , 0.110708 , 0 , -5.86235e-05 , 0 , 0 , 0 , 0 , -1 , -136 , 31
0 , 0 , 0 , 0 , -0.00953768 , -0.0752711 , 0.110708 , 0 , -5.86235e-05 , 0 , 0 , 0 , 0 , 13 , -87 , -5
0 , 0 , 0 , 0 , -0.00960337 , -0.0752566 , 0.110708 , 0 , -5.86235e-05 , 0 , 0 , 0 , 0 , 27 , -87 , 13
0 , 0 , 0 , 0 , -0.00970464 , -0.0752715 , 0.110708 , 0 , -5.86235e-05 , 0 , 0 , 0 , 0 , 6 , -104 , 24
0 , 0 , 0 , 0 , -0.0098188 , -0.0753022 , 0.110708 , 0 , -3.90823e-05 , 0 , 0 , 0 , 0 , -5 , -101 , 24
0 , 0 , 0 , 0 , -0.00992497 , -0.0753247 , 0.110708 , 0 , -3.90823e-05 , 0 , 0 , 0 , 0 , 3 , -101 , 49
0 , 0 , 0 , 0 , -0.0100243 , -0.0753311 , 0.110708 , 0 , -5.86235e-05 , 0 , 0 , 0 , 0 , 16 , -87 , 24
0 , 0 , 0 , 0 , -0.0101256 , -0.0753078 , 0.110708 , 0 , -3.90823e-05 , 0 , 0 , 0 , 0 , 47 , -101 , 18
0 , 0 , 0 , 0 , -0.0101943 , -0.0752741 , 0.110708 , 0 , -3.90823e-05 , 0 , 0 , 0 , 0 , 16 , -79 , 18
0 , 0 , 0 , 0 , -0.0102165 , -0.0752627 , 0.110708 , 0 , -3.90823e-05 , 0 , 0 , 0 , 0 , -1 , -79 , 36
0 , 0 , 0 , 0 , -0.0102241 , -0.0752581 , 0.110708 , 0 , -3.90823e-05 , 0 , 0 , 0 , 0 , 37 , -84 , 36
0 , 0 , 0 , 0 , -0.010256 , -0.0752746 , 0.110708 , 0 , -3.90823e-05 , 0 , 0 , 0 , 0 , 30 , -87 , 36
0 , 0 , 0 , 0 , -0.0103339 , -0.0753124 , 0.110708 , 0 , -3.90823e-05 , 0 , 0 , 0 , 0 , 3 , -84 , 31
0 , 0 , 0 , 0 , -0.0104611 , -0.0753377 , 0.110708 , 0 , -3.90823e-05 , 0 , 0 , 0 , 0 , -15 , -79 , 31
0 , 0 , 0 , 0 , -0.0105698 , -0.0753393 , 0.110708 , 0 , -3.90823e-05 , 0 , 0 , 0 , 0 , 6 , -119 , 36
0 , 0 , 0 , 0 , -0.0106469 , -0.07535 , 0.110708 , 0 , -3.90823e-05 , 0 , 0 , 0 , 0 , 3 , -104 , 42
0 , 0 , 0 , 0 , -0.0107113 , -0.0753494 , 0.110708 , 0 , -3.90823e-05 , 0 , 0 , 0 , 0 , 23 , -62 , -5
0 , 0 , 0 , 0 , -0.0107452 , -0.0753353 , 0.110708 , 0 , -3.90823e-05 , 0 , 0 , 0 , 0 , 3 , -91 , 73
0 , 0 , 0 , 0 , -0.0107515 , -0.0753075 , 0.110708 , 0 , -3.90823e-05 , 0 , 0 , 0 , 0 , 30 , -87 , 0
0 , 0 , 0 , 0 , -0.0107513 , -0.0752946 , 0.110708 , 0 , -3.90823e-05 , 0 , 0 , 0 , 0 , 23 , -87 , 36
0 , 0 , 0 , 0 , -0.0107894 , -0.0753024 , 0.110708 , 0 , -3.90823e-05 , 0 , 0 , 0 , 0 , 3 , -84 , -11
0 , 0 , 0 , 0 , -0.01086 , -0.0753128 , 0.110708 , 0 , -3.90823e-05 , 0 , 0 , 0 , 0 , 9 , -65 , 55
0 , 0 , 0 , 0 , -0.0109504 , -0.0753149 , 0.110708 , 0 , -3.90823e-05 , 0 , 0 , 0 , 0 , -1 , -48 , 13
0 , 0 , 0 , 0 , -0.0110361 , -0.0753191 , 0.110708 , 0 , -3.90823e-05 , 0 , 0 , 0 , 0 , -1 , -87 , 42
0 , 0 , 0 , 0 , -0.0110949 , -0.075327 , 0.110708 , 0 , -3.90823e-05 , 0 , 0 , 0 , 0 , 13 , -52 , 18
0 , 0 , 0 , 0 , -0.0111221 , -0.0753123 , 0.110708 , 0 , -3.90823e-05 , 0 , 0 , 0 , 0 , 13 , -84 , 31
0 , 0 , 0 , 0 , -0.0111046 , -0.0752953 , 0.110708 , 0 , -3.90823e-05 , 0 , 0 , 0 , 0 , 37 , -87 , 42
0 , 0 , 0 , 0 , -0.0110698 , -0.0752794 , 0.110708 , 0 , -3.90823e-05 , 0 , 0 , 0 , 0 , -5 , -26 , -58
0 , 0 , 0 , 0 , -0.0110735 , -0.0752834 , 0.110708 , 0 , -3.90823e-05 , 0 , 0 , 0 , 0 , -1 , -65 , 31
0 , 0 , 0 , 0 , -0.0111114 , -0.0752995 , 0.110708 , 0 , -3.90823e-05 , 0 , 0 , 0 , 0 , 13 , -87 , 36
0 , 0 , 0 , 0 , -0.0111556 , -0.0753281 , 0.110708 , 0 , -1.95412e-05 , 0 , 0 , 0.00377369 , 0 , -4 , -48 , 42
0 , 0 , 0 , 0 , -0.0112141 , -0.0753552 , 0.110708 , 0 , -1.95412e-05 , 0 , 0 , 0 , 0 , -8 , -109 , 36
0 , 0 , 0 , 0 , -0.0112615 , -0.0753707 , 0.110708 , 0 , 0 , 0 , 0 , 0 , 0 , -4 , -74 , 42
0 , 0 , 0 , 0 , -0.0112902 , -0.075373 , 0.110708 , 0 , 0 , 0 , 0 , 0 , 0 , 30 , -69 , 18
0 , 0 , 0 , 0 , -0.0113035 , -0.0753671 , 0.110708 , 0 , 0 , 0 , 0 , 0 , 0 , 6 , -130 , -5
0 , 0 , 0 , 0 , -0.01131 , -0.0753608 , 0.110708 , 0 , 0 , 0 , 0 , 0 , 0 , 13 , -91 , 49
0 , 0 , 0 , 0 , -0.0113131 , -0.0753474 , 0.110708 , 0 , 0 , 0 , 0 , 0 , 0 , 16 , -84 , 13
0 , 0 , 0 , 0 , -0.0113168 , -0.0753465 , 0.110708 , 0 , 0 , 0 , 0 , 0 , 0 , -11 , -69 , 24
0 , 0 , 0 , 0 , -0.0113357 , -0.0753556 , 0.110708 , 0 , 0 , 0 , 0 , 0 , 0 , 27 , -91 , 0
0 , 0 , 0 , 0 , -0.0113761 , -0.0753728 , 0.110708 , 0 , 0 , 0 , 0 , 0 , 0 , 16 , -87 , 36
0 , 0 , 0 , 0 , -0.0114344 , -0.0753822 , 0.110708 , 0 , 0 , 0 , 0 , 0 , 0 , 20 , -48 , 13
0 , 0 , 0 , 0 , -0.0114915 , -0.0753875 , 0.110708 , 0 , 0 , 0 , 0 , 0 , 0 , 27 , -79 , 24
0 , 0 , 0 , 0 , -0.0115108 , -0.0753912 , 0.110708 , 0 , 1.95412e-05 , 0 , 0 , 0.00276229 , 0 , 38 , -87 , 13
0 , 0 , 0 , 0 , -0.0114938 , -0.075398 , 0.110708 , 0 , 1.95412e-05 , 0 , 0 , 0 , 0 , 3 , -69 , 18
0 , 0 , 0 , 0 , -0.011469 , -0.0753982 , 0.110708 , 0 , 0 , 0 , 0 , 0 , 0 , 13 , -69 , 36
0 , 0 , 0 , 0 , -0.0114541 , -0.0754003 , 0.110708 , 0 , 0 , 0 , 0 , 0 , 0 , 27 , -87 , 31
0 , 0 , 0 , 0 , -0.0114666 , -0.0754102 , 0.110708 , 0 , 0 , 0 , 0 , 0 , 0 , 27 , -105 , 13
0 , 0 , 0 , 0 , -0.0115004 , -0.0754194 , 0.110708 , 0 , 0 , 0 , 0 , 0 , 0 , 3 , -83 , -5
0 , 0 , 0 , 0 , -0.0115417 , -0.0754167 , 0.110708 , 0 , 1.95412e-05 , 0 , 0 , 0 , 0 , 3 , -74 , 31
0 , 0 , 0 , 0 , -0.0115902 , -0.0754118 , 0.110708 , 0 , 1.95412e-05 , 0 , 0 , 0 , 0 , 61 , -39 , 55
0 , 0 , 0 , 0 , -0.011641 , -0.0754265 , 0.110708 , 0 , 1.95412e-05 , 0 , 0 , 0 , 0 , 13 , -123 , 13
0 , 0 , 0 , 0 , -0.0116726 , -0.0754366 , 0.110708 , 0 , 1.95412e-05 , 0 , 0 , 0 , 0 , 6 , -4 , 31
0 , 0 , 0 , 0 , -0.0116844 , -0.0754405 , 0.110708 , 0 , 1.95412e-05 , 1.95412e-05 , 0 , 0 , 0 , 20 , -101 , 7
0 , 0 , 0 , 0 , -0.0116729 , -0.0754399 , 0.110708 , 0 , 1.95412e-05 , 0 , 0 , 0 , 0 , 34 , -65 , 18
0 , 0 , 0 , 0 , -0.0116669 , -0.075452 , 0.110708 , 0 , 1.95412e-05 , 0 , 0 , 0 , 0 , 16 , -87 , -34
0 , 0 , 0 , 0 , -0.0116923 , -0.075454 , 0.110708 , 0 , 1.95412e-05 , 0 , 0 , 0 , 0 , 16 , -83 , 18
0 , 0 , 0 , 0 , -0.0117239 , -0.0754482 , 0.110708 , 0 , 1.95412e-05 , 0 , 0 , 0 , 0 , 3 , -101 , 13
0 , 0 , 0 , 0 , -0.0117467 , -0.0754478 , 0.110708 , 0 , 1.95412e-05 , 0 , 0 , 0 , 0 , 13 , -65 , -5
0 , 0 , 0 , 0 , -0.0117649 , -0.0754383 , 0.110708 , 0 , 1.95412e-05 , 0 , 0 , 0 , 0 , 20 , 4 , -70
0 , 0 , 0 , 0 , -0.0117715 , -0.0754137 , 0.110708 , 0 , 1.95412e-05 , 0 , 0 , 0 , 0 , 6 , -123 , 24
0 , 0 , 0 , 0 , -0.0117756 , -0.0754029 , 0.110708 , 0 , 1.95412e-05 , 0 , 0 , 0 , 0 , -1 , -83 , -5
0 , 0 , 0 , 0 , -0.0117726 , -0.0754196 , 0.110708 , 0 , 1.95412e-05 , 0 , 0 , 0 , 0 , -1 , -127 , 60
0 , 0 , 0 , 0 , -0.0117528 , -0.0754324 , 0.110708 , 0 , 1.95412e-05 , 0 , 0 , 0 , 0 , 16 , -61 , -5
0 , 0 , 0 , 0 , -0.0117377 , -0.0754198 , 0.110708 , 0 , 1.95412e-05 , 0 , 0 , 0 , 0 , 13 , -87 , -52
0 , 0 , 0 , 0 , -0.0117357 , -0.0754017 , 0.110708 , 0 , 1.95412e-05 , 0 , 0 , 0 , 0 , 34 , -61 , 25
0 , 0 , 0 , 0 , -0.0117395 , -0.0753966 , 0.110708 , 0 , 1.95412e-05 , 0 , 0 , 0 , 0 , 3 , -101 , 18
0 , 0 , 0 , 0 , -0.011749 , -0.0753651 , 0.110708 , 0 , 1.95412e-05 , 0 , 0 , 0 , 0 , 16 , -35 , -5
0 , 0 , 0 , 0 , -0.0117753 , -0.0753402 , 0.110708 , 0 , 1.95412e-05 , 0 , 0 , 0 , 0 , 6 , -101 , 55
0 , 0 , 0 , 0 , -0.0117916 , -0.0753461 , 0.110708 , 0 , 1.95412e-05 , 0 , 0 , 0 , 0 , 20 , -65 , 36
0 , 0 , 0 , 0 , -0.0117923 , -0.0753599 , 0.110708 , 0 , 1.95412e-05 , 0 , 0 , 0 , 0 , 23 , -44 , 18
0 , 0 , 0 , 0 , -0.0117862 , -0.0753523 , 0.110708 , 0 , 1.95412e-05 , 0 , 0 , 0 , 0 , 16 , -95 , 60
0 , 0 , 0 , 0 , -0.0117681 , -0.0753513 , 0.110708 , 0 , 1.95412e-05 , 0 , 0 , 0 , 0 , 16 , -140 , 13
0 , 0 , 0 , 0 , -0.0117626 , -0.0753625 , 0.110708 , 0 , 1.95412e-05 , 0 , 0 , 0 , 0 , 9 , -44 , 24
0 , 0 , 0 , 0 , -0.0117673 , -0.075377 , 0.110708 , 0 , 1.95412e-05 , 0 , 0 , 0 , 0 , 16 , -166 , 13
0 , 0 , 0 , 0 , -0.0117767 , -0.0753827 , 0.110708 , 0 , 1.95412e-05 , 0 , 0 , 0 , 0 , -1 , -110 , 36
0 , 0 , 0 , 0 , -0.0117775 , -0.0753712 , 0.110708 , 0 , 0 , 0 , 0 , 0 , 0 , 6 , -87 , 18
0 , 0 , 0 , 0 , -0.0117833 , -0.0753791 , 0.110708 , 0 , 1.95412e-05 , 0 , 0 , 0 , 0 , 3 , -65 , 18
0 , 0 , 0 , 0 , -0.0117886 , -0.0753836 , 0.110708 , 0 , 0 , 0 , 0 , 0 , 0 , 13 , -83 , 36
0 , 0 , 0 , 0 , -0.0117769 , -0.0753791 , 0.110708 , 0 , 1.95412e-05 , 0 , 0 , 0 , 0 , 24 , -83 , -11
0 , 0 , 0 , 0 , -0.0117537 , -0.0753839 , 0.110708 , 0 , 0 , 0 , 0 , 0 , 0 , 23 , -69 , 31
0 , 0 , 0 , 0 , -0.0117281 , -0.075403 , 0.110708 , 0 , 0 , 0 , 0 , 0 , 0 , 16 , -123 , 89
0 , 0 , 0 , 0 , -0.0117185 , -0.0753999 , 0.110708 , 0 , 1.95412e-05 , 0 , 0 , 0 , 0 , 16 , -145 , 36
0 , 0 , 0 , 0 , -0.011718 , -0.0753903 , 0.110708 , 0 , 1.95412e-05 , 0 , 0 , 0 , 0 , 3 , -101 , 42
0 , 0 , 0 , 0 , -0.0117257 , -0.0753752 , 0.110708 , 0 , 1.95412e-05 , 0 , 0 , 0 , 0 , 3 , -79 , 24
0 , 0 , 0 , 0 , -0.0117443 , -0.0753601 , 0.110708 , 0 , 0 , 0 , 0 , 0 , 0 , 16 , -52 , 18
0 , 0 , 0 , 0 , -0.0117695 , -0.0753562 , 0.110708 , 0 , 1.95412e-05 , 0 , 0 , 0 , 0 , 23 , -105 , 36
0 , 0 , 0 , 0 , -0.0117763 , -0.0753506 , 0.110708 , 0 , 0 , 0 , 0 , 0 , 0 , 20 , -105 , 18
0 , 0 , 0 , 0 , -0.0117699 , -0.0753728 , 0.110708 , 0 , 1.95412e-05 , 0 , 0 , 0 , 0 , 16 , -101 , 36
0 , 0 , 0 , 0 , -0.0117542 , -0.0754159 , 0.110708 , 0 , 0 , 0 , 0 , 0 , 0 , 13 , -57 , 36
0 , 0 , 0 , 0 , -0.0117245 , -0.0754307 , 0.110708 , 0 , 0 , 0 , 0 , 0 , 0 , 13 , -58 , 13
0 , 0 , 0 , 0 , -0.0116901 , -0.075418 , 0.110708 , 0 , 1.95412e-05 , 0 , 0 , 0 , 0 , 30 , -123 , -5
0 , 0 , 0 , 0 , -0.0116844 , -0.0754229 , 0.110708 , 0 , 0 , 0 , 0 , 0 , 0 , 20 , -140 , 36
0 , 0 , 0 , 0 , -0.0116993 , -0.0754132 , 0.110708 , 0 , 0 , 1.95412e-05 , 0 , 0 , 0 , -1 , -123 , 13
0 , 0 , 0 , 0 , -0.0117143 , -0.0754043 , 0.110708 , 0 , 0 , 0 , 0 , 0 , 0 , 3 , -104 , 42
0 , 0 , 0 , 0 , -0.0117258 , -0.0753979 , 0.110708 , 0 , 0 , 0 , 0 , 0 , 0 , 16 , -123 , 13
0 , 0 , 0 , 0 , -0.0117285 , -0.0753924 , 0.110708 , 0 , 0 , 0 , 0 , 0 , 0 , 30 , -127 , 48
0 , 0 , 0 , 0 , -0.0117326 , -0.0754004 , 0.110708 , 0 , 0 , 0 , 0 , 0 , 0 , 34 , -87 , 13
0 , 0 , 0 , 0 , -0.0117233 , -0.0754046 , 0.110708 , 0 , 0 , 1.95412e-05 , 0 , 0 , 0 , 27 , -84 , 18
0 , 0 , 0 , 0 , -0.0117094 , -0.0754007 , 0.110708 , 0 , 0 , 0 , 0 , 0 , 0 , 6 , -101 , 31
0 , 0 , 0 , 0 , -0.011689 , -0.0754076 , 0.110708 , 0 , 0 , 0 , 0 , 0 , 0 , 13 , -79 , 13
0 , 0 , 0 , 0 , -0.0116737 , -0.0754054 , 0.110708 , 0 , 0 , 0 , 0 , 0 , 0 , 30 , -69 , -5
0 , 0 , 0 , 0 , -0.0116734 , -0.0753805 , 0.110708 , 0 , 0 , 0 , 0 , 0 , 0 , 27 , -97 , 13
0 , 0 , 0 , 0 , -0.0116713 , -0.0753691 , 0.110708 , 0 , 0 , 0 , 0 , 0 , 0 , 16 , -145 , -5
0 , 0 , 0 , 0 , -0.0116627 , -0.0753595 , 0.110708 , 0 , 0 , 0 , 0 , 0 , 0 , 6 , -123 , 36
0 , 0 , 0 , 0 , -0.0116577 , -0.0753566 , 0.110708 , 0 , 0 , 0 , 0 , 0 , 0 , 6 , -123 , 55
0 , 0 , 0 , 0 , -0.0116602 , -0.0753495 , 0.110708 , 0 , 0 , 0 , 0 , 0 , 0 , 7 , -62 , 0
0 , 0 , 0 , 0 , -0.0116579 , -0.0753461 , 0.110708 , 0 , 0 , 1.95412e-05 , 0 , 0 , 0 , 23 , -101 , 18
0 , 0 , 0 , 0 , -0.011663 , -0.0753376 , 0.110708 , 0 , 0 , 0 , 0 , 0 , 0 , 13 , -84 , 13
0 , 0 , 0 , 0 , -0.0116673 , -0.0753292 , 0.110708 , 0 , 0 , 0 , 0 , 0 , 0 , 27 , -119 , -29
0 , 0 , 0 , 0 , -0.0116635 , -0.0753257 , 0.110708 , 0 , 0 , 0 , 0 , 0 , 0 , 37 , -119 , -47
0 , 0 , 0 , 0 , -0.0116691 , -0.0753168 , 0.110708 , 0 , 0 , 0 , 0 , 0 , 0 , 3 , -83 , 36
0 , 0 , 0 , 0 , -0.0116755 , -0.0753065 , 0.110708 , 0 , 1.95412e-05 , 0 , 0 , 0 , 0 , 16 , -87 , -58
0 , 0 , 0 , 0 , -0.0116708 , -0.0753025 , 0.110708 , 0 , 0 , 0 , 0 , 0 , 0 , 16 , -123 , 36
0 , 0 , 0 , 0 , -0.0116631 , -0.075299 , 0.110708 , 0 , 0 , 0 , 0 , 0 , 0 , 13 , -101 , -5
0 , 0 , 0 , 0 , -0.0116518 , -0.0752866 , 0.110708 , 0 , 0 , 0 , 0 , 0 , 0 , 13 , -74 , 18
0 , 0 , 0 , 0 , -0.0116531 , -0.0752768 , 0.110708 , 0 , 0 , 0 , 0 , 0 , 0 , 13 , -105 , 6
0 , 0 , 0 , 0 , -0.0116644 , -0.0752542 , 0.110708 , 0 , 0 , 0 , 0 , 0 , 0 , 16 , -87 , 36
0 , 0 , 0 , 0 , -0.0116672 , -0.0752317 , 0.110708 , 0 , 0 , 0 , 0 , 0 , 0 , -8 , -127 , 60
0 , 0 , 0 , 0 , -0.0116692 , -0.0752192 , 0.110708 , 0 , 0 , 0 , 0 , 0 , 0 , 16 , -97 , 13
0 , 0 , 0 , 0 , -0.0116711 , -0.0752353 , 0.110708 , 0 , 0 , 0 , 0 , 0 , 0 , 40 , -123 , 18
0 , 0 , 0 , 0 , -0.0116648 , -0.0752442 , 0.110708 , 0 , 0 , 0 , 0 , 0 , 0 , 34 , -127 , 36
0 , 0 , 0 , 0 , -0.0116497 , -0.0752428 , 0.110708 , 0 , 0 , 0 , 0 , 0 , 0 , 6 , -97 , -18
0 , 0 , 0 , 0 , -0.0116442 , -0.0752451 , 0.110708 , 0 , 0 , 0 , 0 , 0 , 0 , 10 , -101 , -76
0 , 0 , 0 , 0 , -0.0116354 , -0.0752341 , 0.110708 , 0 , 0 , 0 , 0 , 0 , 0 , -1 , -69 , 13
0 , 0 , 0 , 0 , -0.0116191 , -0.0752266 , 0.110708 , 0 , 0 , 0 , 0 , 0 , 0 , -1 , -84 , -29
0 , 0 , 0 , 0 , -0.0116059 , -0.075236 , 0.110708 , 0 , 0 , 0 , 0 , 0 , 0 , 3 , -119 , -5
0 , 0 , 0 , 0 , -0.0115993 , -0.075239 , 0.110708 , 0 , 0 , 0 , 0 , 0 , 0 , 30 , -87 , 13
0 , 0 , 0 , 0 , -0.0116048 , -0.0752257 , 0.110708 , 0 , 0 , 0 , 0 , 0 , 0 , 6 , -119 , -11
0 , 0 , 0 , 0 , -0.0116259 , -0.0752328 , 0.110708 , 0 , 0 , 0 , 0 , 0 , 0 , 30 , -101 , 13
0 , 0 , 0 , 0 , -0.0116304 , -0.0752336 , 0.110708 , 0 , 0 , 0 , 0 , 0 , 0 , 30 , -84 , 36
0 , 0 , 0 , 0 , -0.0116211 , -0.0752337 , 0.110708 , 0 , 0 , 0 , 0 , 0 , 0 , 30 , -105 , 18
0 , 0 , 0 , 0 , -0.0116049 , -0.0752285 , 0.110708 , 0 , 0 , 0 , 0 , 0 , 0 , 3 , -105 , 18
0 , 0 , 0 , 0 , -0.0115874 , -0.0752319 , 0.110708 , 0 , 0 , 0 , 0 , 0 , 0 , 16 , -127 , 18
0 , 0 , 0 , 0 , -0.0115869 , -0.0752417 , 0.110708 , 0 , 0 , 0 , 0 , 0 , 0 , -1 , -84 , 0
0 , 0 , 0 , 0 , -0.0115856 , -0.0752503 , 0.110708 , 0 , 0 , 1.95412e-05 , 0 , 0 , 0 , 27 , -97 , 31
0 , 0 , 0 , 0 , -0.0115862 , -0.0752474 , 0.110708 , 0 , 0 , 0 , 0 , 0 , 0 , 3 , -105 , 0
0 , 0 , 0 , 0 , -0.0115932 , -0.0752285 , 0.110708 , 0 , 0 , 0 , 0 , 0 , 0 , -8 , -101 , 24
0 , 0 , 0 , 0 , -0.0116065 , -0.075222 , 0.110708 , 0 , 0 , 0 , 0 , 0 , 0 , 16 , -97 , 18
0 , 0 , 0 , 0 , -0.0116093 , -0.0752219 , 0.110708 , 0 , 0 , 0 , 0 , 0 , 0 , 3 , -62 , 13
0 , 0 , 0 , 0 , -0.0115935 , -0.0752334 , 0.110708 , 0 , 0 , 0 , 0 , 0 , 0 , -1 , -119 , 42
0.001260, , 1.000000, -1.983263, 0.986062
0.001262, , 1.000000, -1.983129, 0.985927
0.001554, , 1.000000, -1.964292, 0.966845
0.001530, , 1.000000, -1.968045, 0.970543
