0 , 0 , 0 , 0 , -0.00525073 , -0.115734 , 0.0201516 , 0 , 0 , 0 , 0 , 0 , 0 , 34 , -56 , 17
0 , 0 , 0 , 0 , -0.00524233 , -0.115688 , 0.0201516 , 0 , 0 , 0 , 0 , 0 , 0 , 20 , -74 , -30
0 , 0 , 0 , 0 , -0.00525883 , -0.115644 , 0.0201516 , 0 , 0 , 0 , 0 , 0 , 0 , 40 , -39 , -30
0 , 0 , 0 , 0 , -0.00526866 , -0.11559 , 0.0201516 , 0 , 0 , 0 , 0 , 0 , 0 , 24 , -52 , -36
0 , 0 , 0 , 0 , -0.00527274 , -0.115578 , 0.0201516 , 0 , 0 , 0 , 0 , 0 , 0 , -4 , -35 , -36
0 , 0 , 0 , 0 , -0.00528911 , -0.115549 , 0.0201516 , 0 , 0 , 0 , 0 , 0 , 0 , 30 , -60 , -23
0 , 0 , 0 , 0 , -0.00529375 , -0.115498 , 0.0201516 , 0 , 0 , 0 , 0 , 0 , 0 , 20 , -35 , 12
0 , 0 , 0 , 0 , -0.00529393 , -0.115452 , 0.0201516 , 0 , 0 , 0 , 0 , 0 , 0 , 20 , -43 , -23
0 , 0 , 0 , 0 , -0.0052785 , -0.115432 , 0.0201516 , 0 , 0 , 0 , 0 , 0 , 0 , 13 , -100 , 24
0 , 0 , 0 , 0 , -0.00528106 , -0.115387 , 0.0201516 , 0 , 0 , 0 , 0 , 0 , 0 , 13 , -52 , -36
0 , 0 , 0 , 0 , -0.00529829 , -0.115356 , 0.0201516 , 0 , 0 , 0 , 0 , 0 , 0 , 27 , -56 , -18
0 , 0 , 0 , 0 , -0.00530862 , -0.11537 , 0.0201516 , 0 , 0 , 0 , 0 , 0 , 0 , 20 , -43 , -54
0 , 0 , 0 , 0 , -0.00530305 , -0.11535 , 0.0201516 , 0 , 0 , 0 , 0 , 0 , 0 , 47 , -52 , -41
0 , 0 , 0 , 0 , -0.00531031 , -0.115318 , 0.0201516 , 0 , 0 , 0 , 0 , 0 , 0 , 34 , -39 , 6
0 , 0 , 0 , 0 , -0.00531334 , -0.115285 , 0.0201516 , 0 , 0 , 0 , 0 , 0 , 0 , 16 , -56 , -36
0 , 0 , 0 , 0 , -0.00530169 , -0.115274 , 0.0201516 , 0 , 0 , 0 , 0 , 0 , 0 , 30 , -52 , -107
0 , 0 , 0 , 0 , -0.0052922 , -0.115242 , 0.0201516 , 0 , 0 , 0 , 0 , 0 , 0 , 30 , -74 , -36
0 , 0 , 0 , 0 , -0.00529588 , -0.115192 , 0.0201516 , 0 , 0 , 0 , 0 , 0 , 0 , 30 , -21 , 6
0 , 0 , 0 , 0 , -0.00531507 , -0.115173 , 0.0201516 , 0 , 0 , 0 , 0 , 0 , 0 , 24 , -13 , -30
0 , 0 , 0 , 0 , -0.00533761 , -0.11516 , 0.0201516 , 0 , 0 , 0 , 0 , 0 , 0 , 27 , -48 , -36
0 , 0 , 0 , 0 , -0.00536861 , -0.115142 , 0.0201516 , 0 , 0 , 0 , 0 , 0 , 0 , 6 , -65 , 30
0 , 0 , 0 , 0 , -0.00537809 , -0.115108 , 0.0201516 , 0 , 0 , 0 , 0 , 0 , 0 , 13 , -52 , -23
0 , 0 , 0 , 0 , -0.0053751 , -0.11505 , 0.0201516 , 0 , 0 , 0 , 0 , 0 , 0 , 16 , -52 , -12
0 , 0 , 0 , 0 , -0.00537736 , -0.115018 , 0.0201516 , 0 , 0 , 0 , 0 , 0 , 0 , 13 , -56 , -59
0 , 0 , 0 , 0 , -0.0053898 , -0.114992 , 0.0201516 , 0 , 0 , 0 , 0 , 0 , 0 , 13 , -56 , -41
0 , 0 , 0 , 0 , -0.00538799 , -0.114965 , 0.0201516 , 0 , 0 , 0 , 0 , 0 , 0 , 27 , -52 , -59
0 , 0 , 0 , 0 , -0.00537659 , -0.114974 , 0.0201516 , 0 , 0 , 0 , 0 , 0 , 0 , 44 , -39 , -18
0 , 0 , 0 , 0 , -0.00537283 , -0.114976 , 0.0201516 , 0 , 0 , 0 , 0 , 0 , 0 , 20 , -35 , -12
0 , 0 , 0 , 0 , -0.00538234 , -0.114948 , 0.0201516 , 0 , 0 , 0 , 0 , 0 , 0 , 20 , -56 , 30
0 , 0 , 0 , 0 , -0.00538533 , -0.114912 , 0.0201516 , 0 , 0 , 0 , 0 , 0 , 0 , 44 , -52 , -59
0 , 0 , 0 , 0 , -0.00538834 , -0.114888 , 0.0201516 , 0 , 0 , 0 , 0 , 0 , 0 , 16 , -69 , -54
0 , 0 , 0 , 0 , -0.00539907 , -0.114862 , 0.0201516 , 0 , 0 , 0 , 0 , 0 , 0 , 9 , -52 , -83
0 , 0 , 0 , 0 , -0.0054011 , -0.114854 , 0.0201516 , 0 , 0 , 0 , 0 , 0 , 0 , 9 , -39 , -54
0 , 0 , 0 , 0 , -0.00540601 , -0.114844 , 0.0201516 , 0 , 0 , 0 , 0 , 0 , 0 , 34 , -35 , 30
0 , 0 , 0 , 0 , -0.00540416 , -0.114842 , 0.0201516 , 0 , 0 , 0 , 0 , 0 , 0 , 30 , -13 , -36
0 , 0 , 0 , 0 , -0.00540946 , -0.114835 , 0.0201516 , 0 , 0 , 0 , 0 , 0 , 0 , 13 , -35 , -41
0 , 0 , 0 , 0 , -0.00541903 , -0.114794 , 0.0201516 , 0 , 0 , 0 , 0 , 0 , 0 , 13 , -65 , 6
0 , 0 , 0 , 0 , -0.00542884 , -0.114756 , 0.0201516 , 0 , 0 , 0 , 0 , 0 , 0 , 16 , -9 , -18
0 , 0 , 0 , 0 , -0.00542135 , -0.114735 , 0.0201516 , 0 , 0 , 0 , 0 , 0 , 0 , 23 , -69 , -83
0 , 0 , 0 , 0 , -0.00540963 , -0.114715 , 0.0201516 , 0 , 0 , 0 , 0 , 0 , 0 , 16 , -35 , -41
0 , 0 , 0 , 0 , -0.00539803 , -0.114686 , 0.0201516 , 0 , 0 , 0 , 0.0195412 , 0 , 0 , -1 , -78 , 24
0 , 0 , 0 , 0 , -0.00538595 , -0.114677 , 0.0201516 , 0 , 0 , 0 , 0 , 0 , 0 , 13 , -78 , -41
0 , 0 , 0 , 0 , -0.00540509 , -0.114662 , 0.0201516 , 0 , 0 , 0 , 0 , 0 , 0 , 6 , -56 , -12
0 , 0 , 0 , 0 , -0.00543495 , -0.114625 , 0.0201516 , 0 , 0 , 0 , 0 , 0 , 0 , -8 , -35 , -1
0 , 0 , 0 , 0 , -0.00544627 , -0.114589 , 0.0201516 , 0 , 0 , 0 , 0 , 0 , 0 , 34 , -35 , -65
0 , 0 , 0 , 0 , -0.00543503 , -0.114592 , 0.0201516 , 0 , 0 , 0 , 0 , 0 , 0 , -1 , -56 , -54
0 , 0 , 0 , 0 , -0.00542186 , -0.114579 , 0.0201516 , 0 , 0 , 0 , 0 , 0 , 0 , 27 , -78 , -36
0 , 0 , 0 , 0 , -0.00541306 , -0.114527 , 0.0201516 , 0 , 0 , 0 , 0 , 0 , 0 , 30 , -39 , -54
0 , 0 , 0 , 0 , -0.00540472 , -0.114495 , 0.0201516 , 0 , 0 , 0 , 0 , 0 , 0 , 16 , -56 , -54
0 , 0 , 0 , 0 , -0.0054007 , -0.114497 , 0.0201516 , 0 , 0 , 0 , 0 , 0 , 0 , 20 , -39 , -36
-40 , 50 , -41 , 55 , -0.005411 , -0.114487 , 0.0201516 , 0 , 0 , 0 , 0 , 0 , 0 , 3 , -52 , -70
-40 , 50 , -35 , 48 , -0.00541222 , -0.11446 , 0.0201516 , -0.000527611 , -0.000488529 , 0.000429905 , -0.0781646 , -0.0301705 , 0.0337688 , 17 , -115 , 31
-40 , 50 , -35 , 52 , -0.00550513 , -0.114395 , 0.0202248 , -0.0024231 , -0.0024231 , 0.00191503 , -0.117247 , -0.145684 , 0.136269 , -62 , -36 , -1
-40 , 50 , -43 , 55 , -0.00614685 , -0.114398 , 0.0207467 , -0.00549107 , -0.00556923 , 0.00478758 , -0.17587 , -0.172522 , 0.180379 , 19 , -79 , 0
-40 , 50 , -41 , 46 , -0.00729143 , -0.114464 , 0.0218504 , -0.0100246 , -0.00986828 , 0.00920388 , -0.195412 , -0.263357 , 0.233002 , -16 , -28 , 5
-40 , 50 , -38 , 53 , -0.00835055 , -0.114396 , 0.0233582 , -0.015418 , -0.0155157 , 0.0146168 , -0.254035 , -0.289783 , 0.324423 , -75 , -108 , -3
-40 , 50 , -37 , 51 , -0.00910079 , -0.114239 , 0.0253397 , -0.0222378 , -0.0220424 , 0.02087 , -0.429905 , -0.358334 , 0.362993 , -14 , -78 , -32
-40 , 50 , -35 , 47 , -0.00949225 , -0.114146 , 0.027588 , -0.0301715 , -0.0297026 , 0.0283933 , -0.429905 , -0.387207 , 0.408809 , -123 , -133 , 72
-40 , 50 , -42 , 48 , -0.00979257 , -0.113958 , 0.0302063 , -0.0394341 , -0.0386524 , 0.03705 , -0.50807 , -0.463425 , 0.466745 , -3 , -149 , 93
-40 , 50 , -37 , 49 , -0.0105012 , -0.113593 , 0.0332433 , -0.0497518 , -0.0492828 , 0.0475632 , -0.547152 , -0.562061 , 0.566956 , 2 , -55 , -16
-40 , 50 , -37 , 52 , -0.0116569 , -0.11337 , 0.0367366 , -0.061027 , -0.0607339 , 0.0589557 , -0.605776 , -0.58977 , 0.600032 , -32 , -110 , -47
-40 , 50 , -39 , 55 , -0.0128568 , -0.1132 , 0.0406403 , -0.0738265 , -0.0730839 , 0.0710321 , -0.742564 , -0.685653 , 0.615465 , 29 , -99 , 110
-40 , 50 , -39 , 47 , -0.0137748 , -0.112885 , 0.0448627 , -0.0878961 , -0.087134 , 0.0848477 , -0.703482 , -0.802509 , 0.692948 , 2 , -36 , 45
-40 , 50 , -37 , 51 , -0.0144585 , -0.112574 , 0.0496658 , -0.102904 , -0.102513 , 0.0999921 , -0.762105 , -0.716229 , 0.75014 , -86 , -83 , -2
-40 , 50 , -41 , 47 , -0.015102 , -0.112293 , 0.0548649 , -0.119436 , -0.118322 , 0.115547 , -0.820728 , -0.824521 , 0.837474 , -66 , -98 , 57
-40 , 50 , -36 , 53 , -0.0159695 , -0.112155 , 0.0603103 , -0.136729 , -0.136319 , 0.13331 , -0.859811 , -0.934235 , 0.896379 , -84 , 20 , -86
-40 , 50 , -43 , 53 , -0.0171961 , -0.111993 , 0.0663491 , -0.155509 , -0.15545 , 0.151503 , -1.03568 , -1.00296 , 0.92539 , 42 , -104 , 117
-40 , 50 , -43 , 48 , -0.0184856 , -0.111749 , 0.0725163 , -0.175558 , -0.175773 , 0.171435 , -0.898893 , -1.05818 , 1.02938 , -128 , -16 , -67
-40 , 50 , -38 , 49 , -0.0195754 , -0.111717 , 0.0792876 , -0.196584 , -0.196604 , 0.192011 , -1.17247 , -1.11983 , 1.03392 , 58 , -105 , 81
-40 , 50 , -43 , 55 , -0.0204608 , -0.111958 , 0.0862392 , -0.218802 , -0.21933 , 0.214425 , -1.13339 , -1.14499 , 1.23809 , -133 , -19 , -67
-40 , 50 , -39 , 55 , -0.0213573 , -0.112243 , 0.0939627 , -0.242603 , -0.242389 , 0.237249 , -1.21155 , -1.2407 , 1.15174 , 81 , -92 , 32
-40 , 50 , -36 , 48 , -0.022431 , -0.112249 , 0.101662 , -0.267069 , -0.267401 , 0.262145 , -1.28972 , -1.205 , 1.26004 , -67 , -120 , 56
-40 , 50 , -37 , 55 , -0.0232027 , -0.112037 , 0.110042 , -0.293235 , -0.293293 , 0.287646 , -1.38742 , -1.34999 , 1.36017 , 9 , -58 , 8
-40 , 50 , -39 , 47 , -0.0239672 , -0.111846 , 0.118803 , -0.321706 , -0.320084 , 0.315746 , -1.44605 , -1.48696 , 1.36017 , 86 , -29 , 103
-40 , 50 , -41 , 49 , -0.0245161 , -0.111852 , 0.127728 , -0.349845 , -0.34881 , 0.344237 , -1.48513 , -1.37291 , 1.34226 , -66 , -167 , 66
-40 , 50 , -39 , 46 , -0.0248674 , -0.111961 , 0.137476 , -0.378082 , -0.378473 , 0.373588 , -1.4265 , -1.52765 , 1.59195 , -140 , -35 , -160
-40 , 50 , -43 , 48 , -0.0260857 , -0.112071 , 0.147623 , -0.410618 , -0.408879 , 0.40372 , -1.54375 , -1.62279 , 1.61053 , -14 , -30 , -3
-40 , 50 , -43 , 55 , -0.0272945 , -0.11228 , 0.157669 , -0.442412 , -0.440555 , 0.435455 , -1.661 , -1.67018 , 1.56642 , 19 , -53 , 102
-40 , 50 , -39 , 55 , -0.0278587 , -0.112565 , 0.168117 , -0.475319 , -0.473893 , 0.468538 , -1.70008 , -1.66662 , 1.66543 , -67 , -191 , -25
-40 , 50 , -38 , 55 , -0.0283975 , -0.112921 , 0.179345 , -0.509438 , -0.508598 , 0.502872 , -1.77825 , -1.65836 , 1.698 , -36 , -166 , 7
-40 , 50 , -44 , 50 , -0.0299266 , -0.113445 , 0.19132 , -0.544886 , -0.544202 , 0.538261 , -1.7587 , -1.77781 , 1.81496 , -83 , -44 , -36
-40 , 50 , -36 , 49 , -0.0334375 , -0.114661 , 0.203531 , -0.581525 , -0.580822 , 0.574745 , -1.85641 , -1.89107 , 1.94762 , -38 , -17 , -60
-40 , 50 , -43 , 55 , -0.0374709 , -0.116704 , 0.215718 , -0.619435 , -0.618614 , 0.61242 , -1.81733 , -1.99909 , 1.98387 , -66 , 9 , -140
-40 , 50 , -39 , 53 , -0.0401118 , -0.120154 , 0.227288 , -0.658381 , -0.657658 , 0.651287 , -1.95412 , -2.10686 , 2.0373 , -6 , 29 , -76
-40 , 50 , -40 , 55 , -0.0415555 , -0.125457 , 0.239617 , -0.698577 , -0.700081 , 0.691405 , -2.01274 , -2.10686 , 2.11637 , -131 , -36 , -67
-40 , 50 , -36 , 55 , -0.0425687 , -0.131736 , 0.252297 , -0.740004 , -0.741782 , 0.732813 , -1.95412 , -2.17526 , 2.19769 , -118 , -1 , -85
-40 , 50 , -44 , 54 , -0.0437399 , -0.138747 , 0.265345 , -0.782447 , -0.784597 , 0.775432 , -2.0909 , -2.19975 , 2.16122 , -97 , -57 , -75
-40 , 50 , -40 , 53 , -0.0452934 , -0.146183 , 0.279039 , -0.826083 , -0.828721 , 0.819243 , -2.22769 , -2.20804 , 2.24396 , -74 , -114 , -6
-40 , 50 , -37 , 55 , -0.0471627 , -0.154237 , 0.29295 , -0.871106 , -0.873724 , 0.864208 , -2.26677 , -2.17023 , 2.19254 , -47 , -190 , 67
-40 , 50 , -35 , 47 , -0.049403 , -0.162748 , 0.307346 , -0.917223 , -0.919802 , 0.912357 , -2.38402 , -2.26891 , 2.27883 , 36 , -187 , 74
-40 , 50 , -40 , 52 , -0.0521089 , -0.171306 , 0.322236 , -0.964806 , -0.96588 , 0.957184 , -2.46219 , -2.19563 , 2.37582 , 2 , -157 , 35
-40 , 50 , -41 , 52 , -0.0550204 , -0.180301 , 0.337154 , -1.01352 , -1.01088 , 1.00825 , -2.38402 , -2.25582 , 2.49726 , -77 , -81 , -49
-40 , 50 , -36 , 51 , -0.0578863 , -0.189893 , 0.351768 , -1.06558 , -1.05493 , 1.05835 , -2.48173 , -2.26235 , 2.55857 , -93 , -52 , -106
-40 , 50 , -37 , 50 , -0.059749 , -0.200091 , 0.366278 , -1.11652 , -1.09868 , 1.10927 , -2.63806 , -2.23859 , 2.50795 , -72 , -36 , 73
-40 , 50 , -40 , 49 , -0.0611146 , -0.210631 , 0.380354 , -1.16905 , -1.1413 , 1.16114 , -2.69668 , -2.14344 , 2.62884 , 24 , -81 , 29
-40 , 50 , -39 , 52 , -0.0622474 , -0.221427 , 0.39372 , -1.22249 , -1.18275 , 1.21483 , -2.63806 , -2.03377 , 2.72191 , -185 , -85 , -94
-40 , 50 , -35 , 49 , -0.0635935 , -0.232452 , 0.406894 , -1.27686 , -1.22285 , 1.26945 , -2.83347 , -1.95656 , 2.65865 , 9 , -147 , 116
-40 , 50 , -42 , 48 , -0.0658745 , -0.243784 , 0.419037 , -1.33191 , -1.26167 , 1.32497 , -2.77484 , -1.92286 , 2.80662 , -42 , -97 , 15
-40 , 50 , -40 , 53 , -0.0688105 , -0.254864 , 0.431222 , -1.38643 , -1.30138 , 1.38228 , -2.73576 , -1.90956 , 2.88963 , -211 , -97 , -35
-40 , 50 , -44 , 55 , -0.0720487 , -0.264644 , 0.443212 , -1.44227 , -1.33581 , 1.44024 , -2.95071 , -1.82912 , 2.89677 , 14 , -110 , 105
-40 , 50 , -36 , 46 , -0.0752268 , -0.273729 , 0.455145 , -1.49955 , -1.37097 , 1.49984 , -2.77484 , -1.80101 , 3.04735 , -244 , -101 , -32
-40 , 50 , -44 , 55 , -0.0780265 , -0.283151 , 0.466538 , -1.55639 , -1.40683 , 1.55962 , -2.85301 , -1.63695 , 2.99289 , -128 , -186 , 30
-40 , 50 , -35 , 50 , -0.0803708 , -0.292993 , 0.477702 , -1.61381 , -1.4396 , 1.61981 , -2.91163 , -1.51677 , 3.01405 , -74 , -257 , -68
-40 , 50 , -36 , 52 , -0.0832446 , -0.303232 , 0.488407 , -1.67083 , -1.47168 , 1.6796 , -2.77484 , -1.49122 , 2.92934 , -189 , -313 , 119
-40 , 50 , -40 , 53 , -0.0872372 , -0.313799 , 0.498991 , -1.72703 , -1.50383 , 1.73977 , -2.87255 , -1.62222 , 3.01405 , -13 , -145 , 6
-40 , 50 , -35 , 54 , -0.0923257 , -0.324666 , 0.509623 , -1.78194 , -1.53525 , 1.79953 , -2.69668 , -1.63012 , 2.97203 , -275 , -155 , 34
-40 , 50 , -41 , 49 , -0.0973628 , -0.335485 , 0.520546 , -1.8356 , -1.56689 , 1.85981 , -2.67714 , -1.64211 , 3.03159 , -206 , -147 , -66
-40 , 50 , -38 , 50 , -0.101888 , -0.345703 , 0.531804 , -1.88834 , -1.59853 , 1.91953 , -2.61851 , -1.51091 , 2.95703 , -102 , -313 , -6
-40 , 50 , -36 , 49 , -0.106361 , -0.355167 , 0.542984 , -1.93971 , -1.62919 , 1.9828 , -2.48173 , -1.45603 , 2.98527 , -243 , -304 , -51
-40 , 50 , -36 , 50 , -0.109881 , -0.364329 , 0.553395 , -1.98966 , -1.65871 , 2.03949 , -2.48173 , -1.46238 , 2.94774 , -226 , -147 , -19
-40 , 50 , -36 , 49 , -0.112516 , -0.373727 , 0.563111 , -2.03853 , -1.68642 , 2.10277 , -2.46219 , -1.3709 , 2.99863 , -132 , -260 , -10
-40 , 50 , -44 , 53 , -0.11553 , -0.383215 , 0.572528 , -2.08645 , -1.71341 , 2.15938 , -2.38402 , -1.22964 , 2.9777 , -183 , -376 , 47
-40 , 50 , -36 , 48 , -0.11926 , -0.392417 , 0.581664 , -2.13649 , -1.73946 , 2.22271 , -2.28632 , -1.24962 , 3.06527 , -277 , -174 , 86
-40 , 50 , -44 , 50 , -0.123393 , -0.401074 , 0.590402 , -2.18386 , -1.76371 , 2.28235 , -2.28632 , -1.1707 , 3.00825 , -300 , -280 , 30
-40 , 50 , -42 , 48 , -0.127298 , -0.409601 , 0.599109 , -2.23101 , -1.78712 , 2.34269 , -2.28632 , -1.06733 , 3.05928 , -346 , -310 , -87
-40 , 50 , -39 , 46 , -0.131316 , -0.418261 , 0.607603 , -2.27772 , -1.81023 , 2.40239 , -2.38402 , -1.11345 , 2.98527 , -165 , -205 , -52
-40 , 50 , -40 , 52 , -0.13536 , -0.426953 , 0.615612 , -2.32323 , -1.83099 , 2.46273 , -2.30586 , -0.951677 , 3.016 , -118 , -305 , 37
-40 , 50 , -43 , 49 , -0.139272 , -0.435595 , 0.623499 , -2.36741 , -1.85059 , 2.52229 , -2.16907 , -1.00641 , 3.00056 , -137 , -223 , 33
-40 , 50 , -44 , 46 , -0.143242 , -0.443974 , 0.631089 , -2.41046 , -1.86903 , 2.5826 , -2.12999 , -0.864009 , 3.04735 , -167 , -299 , 20
-40 , 50 , -42 , 52 , -0.146932 , -0.451896 , 0.638232 , -2.45226 , -1.88623 , 2.64234 , -2.03228 , -0.810548 , 3.03159 , -252 , -275 , 38
-40 , 50 , -37 , 47 , -0.150415 , -0.459404 , 0.645019 , -2.49281 , -1.90259 , 2.7027 , -2.05182 , -0.752306 , 3.06327 , -221 , -223 , 56
-40 , 50 , -39 , 49 , -0.153782 , -0.466654 , 0.651388 , -2.53222 , -1.91617 , 2.76218 , -1.95412 , -0.775177 , 2.9948 , -180 , -280 , -11
-40 , 50 , -40 , 49 , -0.156818 , -0.473888 , 0.657388 , -2.57054 , -1.93008 , 2.82235 , -1.87595 , -0.69977 , 3.04338 , -268 , -221 , -10
-40 , 50 , -37 , 48 , -0.159498 , -0.481144 , 0.6628 , -2.60734 , -1.94343 , 2.88199 , -1.87595 , -0.580429 , 2.98148 , -252 , -278 , -49
-40 , 50 , -37 , 53 , -0.16218 , -0.487982 , 0.667955 , -2.64302 , -1.95421 , 2.94176 , -1.83687 , -0.503204 , 3.01793 , -238 , -387 , 61
-40 , 50 , -36 , 53 , -0.165088 , -0.494349 , 0.672837 , -2.67731 , -1.96439 , 3.00084 , -1.73916 , -0.416356 , 2.97392 , -437 , -342 , -9
-40 , 50 , -42 , 55 , -0.168003 , -0.500564 , 0.677387 , -2.71139 , -1.97329 , 3.061 , -1.64146 , -0.440115 , 3.06527 , -218 , -243 , -23
-40 , 50 , -37 , 48 , -0.17093 , -0.506558 , 0.681407 , -2.74323 , -1.98083 , 3.12074 , -1.52421 , -0.358334 , 2.96451 , -393 , -319 , -26
-40 , 50 , -41 , 55 , -0.173749 , -0.512253 , 0.685333 , -2.7743 , -1.98732 , 3.18054 , -1.60237 , -0.26793 , 2.97959 , -285 , -351 , 4
-40 , 50 , -38 , 53 , -0.176412 , -0.517927 , 0.688937 , -2.8039 , -1.99214 , 3.24248 , -1.50467 , -0.238597 , 2.97014 , -224 , -381 , 10
-40 , 50 , -43 , 50 , -0.178681 , -0.523571 , 0.692054 , -2.83218 , -1.99629 , 3.30236 , -1.34834 , -0.194956 , 3.00825 , -399 , -363 , -62
-40 , 50 , -44 , 51 , -0.180417 , -0.528999 , 0.69467 , -2.86088 , -1.99933 , 3.36045 , -1.21155 , -0.0968339 , 2.85099 , -360 , -382 , 33
-40 , 50 , -44 , 47 , -0.182222 , -0.53412 , 0.697025 , -2.88678 , -2.00111 , 3.41781 , -1.27018 , -0.0411385 , 2.85099 , -288 , -366 , -73
-40 , 50 , -43 , 46 , -0.184086 , -0.538913 , 0.699033 , -2.91142 , -2.00146 , 3.47368 , -1.17247 , -0.0125543 , 2.7362 , -373 , -325 , 49
-40 , 50 , -41 , 49 , -0.185914 , -0.543399 , 0.700904 , -2.93506 , -2.00146 , 3.52825 , -1.15293 , 0 , 2.81505 , -319 , -133 , -162
-40 , 50 , -37 , 49 , -0.187707 , -0.547915 , 0.702398 , -2.95609 , -2.00008 , 3.58217 , -1.15293 , 0.139713 , 2.69069 , -273 , -33 , -43
-40 , 50 , -40 , 50 , -0.189348 , -0.552267 , 0.703607 , -2.97823 , -1.99679 , 3.63432 , -1.03568 , 0.184118 , 2.4986 , -346 , -51 , 133
-40 , 50 , -36 , 47 , -0.191245 , -0.55617 , 0.704902 , -2.99828 , -1.99224 , 3.68531 , -0.977058 , 0.244671 , 2.52686 , -344 , -38 , -40
-40 , 50 , -37 , 53 , -0.192468 , -0.560303 , 0.705235 , -3.0171 , -1.98667 , 3.73557 , -0.820728 , 0.338666 , 2.56277 , -313 , -34 , -129
-40 , 50 , -39 , 52 , -0.192698 , -0.564612 , 0.704867 , -3.03431 , -1.9803 , 3.78444 , -0.84027 , 0.332899 , 2.38791 , -448 , -6 , -16
-40 , 50 , -40 , 50 , -0.193324 , -0.568326 , 0.704137 , -3.05075 , -1.97309 , 3.83188 , -0.801187 , 0.352304 , 2.29444 , -406 , 37 , 38
-40 , 50 , -40 , 54 , -0.194586 , -0.571276 , 0.703343 , -3.06611 , -1.9651 , 3.8781 , -0.762105 , 0.431053 , 2.19769 , -384 , -66 , 17
-40 , 50 , -39 , 47 , -0.196024 , -0.574077 , 0.70263 , -3.07998 , -1.95576 , 3.92373 , -0.703482 , 0.459429 , 2.2967 , -338 , -69 , 50
-40 , 50 , -44 , 46 , -0.197088 , -0.577341 , 0.701488 , -3.0929 , -1.94593 , 3.96865 , -0.566693 , 0.512442 , 2.29557 , -366 , -30 , -115
-40 , 50 , -42 , 54 , -0.197738 , -0.58041 , 0.699994 , -3.10415 , -1.93422 , 4.01248 , -0.50807 , 0.606553 , 2.23645 , -549 , 1 , -141
-40 , 50 , -36 , 49 , -0.198385 , -0.583133 , 0.698409 , -3.11453 , -1.92119 , 4.056 , -0.468988 , 0.645273 , 2.28998 , -483 , -58 , -49
-40 , 50 , -42 , 46 , -0.198401 , -0.586137 , 0.69613 , -3.12397 , -1.90761 , 4.09934 , -0.429905 , 0.734167 , 2.14737 , -422 , -74 , -63
-40 , 50 , -44 , 50 , -0.197826 , -0.589115 , 0.693319 , -3.13159 , -1.89293 , 4.1414 , -0.371282 , 0.773393 , 2.06875 , -451 , -4 , -9
-40 , 50 , -41 , 49 , -0.197421 , -0.591617 , 0.690188 , -3.13837 , -1.8763 , 4.18429 , -0.3322 , 0.835685 , 1.98387 , -360 , -33 , 45
-40 , 50 , -39 , 53 , -0.197399 , -0.593764 , 0.686833 , -3.14396 , -1.85938 , 4.22382 , -0.17587 , 0.86721 , 1.9664 , -444 , -30 , 21
-40 , 50 , -38 , 50 , -0.197239 , -0.596028 , 0.683121 , -3.14843 , -1.84177 , 4.26224 , -0.214953 , 0.771866 , 1.85223 , -308 , -49 , -11
-40 , 50 , -44 , 49 , -0.197146 , -0.598023 , 0.67926 , -3.15136 , -1.82589 , 4.29933 , -0.117247 , 0.754968 , 1.82698 , -397 , -3 , -49
-40 , 50 , -36 , 54 , -0.197558 , -0.59923 , 0.675558 , -3.15347 , -1.8101 , 4.3353 , -0.0781646 , 0.888903 , 1.87145 , -385 , -68 , -67
-40 , 50 , -38 , 53 , -0.198227 , -0.600131 , 0.672402 , -3.15427 , -1.79382 , 4.36991 , 0 , 0.755941 , 1.74668 , -372 , -32 , -69
-40 , 50 , -39 , 47 , -0.198444 , -0.601256 , 0.669018 , -3.15429 , -1.7793 , 4.40331 , 0.0195412 , 0.708009 , 1.6876 , -4 , 48 , -20
-40 , 50 , -40 , 47 , -0.19805 , -0.602356 , 0.665686 , -3.1522 , -1.76402 , 4.43582 , 0.0977058 , 0.845937 , 1.57009 , -40 , -111 , 56
-40 , 50 , -39 , 46 , -0.197311 , -0.603187 , 0.662252 , -3.14935 , -1.74774 , 4.46725 , 0.195412 , 0.806373 , 1.43114 , -69 , -58 , 62
-40 , 50 , -35 , 48 , -0.195751 , -0.603989 , 0.658424 , -3.14536 , -1.73072 , 4.49738 , 0.195412 , 0.951677 , 1.48414 , -30 , -108 , -38
-40 , 50 , -41 , 47 , -0.193576 , -0.604781 , 0.654033 , -3.14013 , -1.71329 , 4.52569 , 0.293117 , 0.814212 , 1.47898 , 19 , -37 , 11
-40 , 50 , -41 , 51 , -0.191235 , -0.605238 , 0.649033 , -3.13397 , -1.69635 , 4.55338 , 0.3322 , 0.915992 , 1.33309 , 122 , -36 , 97
-40 , 50 , -43 , 49 , -0.189584 , -0.605032 , 0.644198 , -3.1261 , -1.67786 , 4.58008 , 0.449447 , 0.875626 , 1.26787 , 49 , -99 , -32
-40 , 50 , -44 , 52 , -0.188508 , -0.604451 , 0.639349 , -3.11715 , -1.66078 , 4.60614 , 0.449447 , 0.835685 , 1.27442 , -3 , -21 , -17
-40 , 50 , -41 , 48 , -0.187553 , -0.603913 , 0.634775 , -3.10869 , -1.64353 , 4.62903 , 0.390823 , 0.882214 , 1.14667 , 46 , -122 , -26
-40 , 50 , -42 , 52 , -0.186566 , -0.603572 , 0.630223 , -3.10017 , -1.62657 , 4.65187 , 0.449447 , 0.823362 , 1.16316 , 19 , -72 , 4
-40 , 50 , -38 , 55 , -0.184968 , -0.603482 , 0.625669 , -3.09049 , -1.6107 , 4.67329 , 0.547152 , 0.780601 , 1.04497 , 67 , -49 , 99
-40 , 50 , -41 , 50 , -0.183084 , -0.603094 , 0.621351 , -3.07933 , -1.59542 , 4.69396 , 0.566693 , 0.696239 , 1.01512 , -3 , -160 , -51
-40 , 50 , -41 , 51 , -0.181235 , -0.601804 , 0.617074 , -3.0671 , -1.58199 , 4.71286 , 0.586235 , 0.615465 , 0.91706 , -2 , -39 , 113
-40 , 50 , -35 , 49 , -0.179384 , -0.599809 , 0.612907 , -3.05374 , -1.5696 , 4.73191 , 0.664399 , 0.675773 , 0.89501 , 184 , -57 , -80
-40 , 50 , -39 , 51 , -0.177528 , -0.597838 , 0.608771 , -3.03902 , -1.55821 , 4.7485 , 0.820728 , 0.552009 , 0.781646 , -67 , -98 , 18
-40 , 50 , -41 , 48 , -0.175831 , -0.595733 , 0.605024 , -3.02323 , -1.54821 , 4.76402 , 0.762105 , 0.467862 , 0.777496 , -54 , -60 , 22
-40 , 50 , -37 , 53 , -0.174566 , -0.593069 , 0.601732 , -3.00678 , -1.53955 , 4.77865 , 0.781646 , 0.372327 , 0.590213 , -62 , 20 , 63
-40 , 50 , -41 , 50 , -0.173543 , -0.590198 , 0.59876 , -2.99073 , -1.53183 , 4.79147 , 0.84027 , 0.378825 , 0.633418 , -118 , -8 , -4
-40 , 50 , -35 , 50 , -0.172112 , -0.587612 , 0.595901 , -2.97512 , -1.52503 , 4.80337 , 0.781646 , 0.29925 , 0.587995 , -26 , -44 , -3
-40 , 50 , -37 , 48 , -0.170451 , -0.585321 , 0.593265 , -2.95941 , -1.51975 , 4.81439 , 0.859811 , 0.25367 , 0.529329 , -83 , -123 , -83
-40 , 50 , -37 , 46 , -0.169061 , -0.58264 , 0.590946 , -2.94227 , -1.51575 , 4.82385 , 0.84027 , 0.164072 , 0.4219 , -8 , -67 , -27
-40 , 50 , -35 , 47 , -0.16795 , -0.579022 , 0.589202 , -2.92396 , -1.51292 , 4.83192 , 1.01614 , 0.0965465 , 0.375308 , -81 , -29 , 27
-40 , 50 , -41 , 55 , -0.166601 , -0.5748 , 0.587587 , -2.90454 , -1.51112 , 4.83892 , 0.977058 , 0.0678824 , 0.319299 , -84 , -117 , 104
-40 , 50 , -35 , 52 , -0.164409 , -0.570465 , 0.585855 , -2.88492 , -1.51073 , 4.84601 , 0.937975 , 0.00866137 , 0.377484 , -64 , -88 , 17
-40 , 50 , -43 , 47 , -0.162034 , -0.56632 , 0.58399 , -2.86548 , -1.51106 , 4.85334 , 0.918434 , -0.0371167 , 0.335468 , -17 , -177 , 61
-40 , 50 , -40 , 55 , -0.160128 , -0.56228 , 0.582196 , -2.84638 , -1.51155 , 4.85914 , 1.05522 , 0 , 0.241149 , -81 , -225 , 39
-40 , 50 , -43 , 54 , -0.159072 , -0.558066 , 0.580886 , -2.82774 , -1.51231 , 4.86381 , 0.820728 , -0.0829879 , 0.19852 , -53 , -215 , 31
-40 , 50 , -40 , 50 , -0.158442 , -0.554048 , 0.579817 , -2.81103 , -1.5143 , 4.86819 , 0.820728 , -0.152111 , 0.252687 , 4 , -198 , 1
-40 , 50 , -39 , 51 , -0.157859 , -0.55032 , 0.579032 , -2.79501 , -1.51768 , 4.87267 , 0.762105 , -0.196722 , 0.182285 , -123 , -216 , 62
-40 , 50 , -44 , 47 , -0.157493 , -0.546688 , 0.578608 , -2.78061 , -1.52224 , 4.87612 , 0.723023 , -0.281842 , 0.159216 , -68 , -151 , 65
-40 , 50 , -43 , 49 , -0.157371 , -0.543066 , 0.578796 , -2.76724 , -1.52652 , 4.87851 , 0.68394 , -0.179661 , 0.10446 , -80 , -208 , 22
-40 , 50 , -41 , 54 , -0.156982 , -0.539842 , 0.579315 , -2.75485 , -1.52968 , 4.8797 , 0.527611 , -0.113523 , 0.0623256 , -40 , -268 , -11
-40 , 50 , -42 , 55 , -0.155516 , -0.537523 , 0.579582 , -2.74411 , -1.53306 , 4.87964 , 0.586235 , -0.186936 , -0.0621002 , -133 , -137 , 142
-40 , 50 , -42 , 47 , -0.153458 , -0.535643 , 0.579188 , -2.7343 , -1.5374 , 4.87947 , 0.390823 , -0.279691 , 0.0346228 , 11 , -108 , 33
-40 , 50 , -39 , 47 , -0.152276 , -0.53319 , 0.57887 , -2.72531 , -1.54162 , 4.87902 , 0.410364 , -0.20642 , -0.0631032 , 5 , -189 , 82
-40 , 50 , -39 , 49 , -0.152336 , -0.530379 , 0.579179 , -2.718 , -1.54457 , 4.87794 , 0.371282 , -0.122438 , -0.0884743 , -45 , -212 , 114
-40 , 50 , -43 , 50 , -0.152469 , -0.528467 , 0.57974 , -2.71178 , -1.5477 , 4.87532 , 0.254035 , -0.175941 , -0.141534 , -101 , -258 , -16
-40 , 50 , -38 , 52 , -0.151939 , -0.527624 , 0.58002 , -2.70702 , -1.55198 , 4.87165 , 0.156329 , -0.278893 , -0.231896 , 29 , -245 , -14
-40 , 50 , -39 , 51 , -0.151673 , -0.526627 , 0.580455 , -2.70327 , -1.55772 , 4.8669 , 0.136788 , -0.305488 , -0.292531 , -49 , -272 , -35
-40 , 50 , -42 , 54 , -0.152448 , -0.525025 , 0.581543 , -2.7008 , -1.56456 , 4.86084 , 0.0586235 , -0.372212 , -0.311494 , 0 , -233 , -124
-40 , 50 , -38 , 55 , -0.153528 , -0.523503 , 0.583101 , -2.69947 , -1.57275 , 4.85455 , 0.0195412 , -0.47087 , -0.307089 , 11 , -207 , -81
-40 , 50 , -44 , 53 , -0.154483 , -0.522532 , 0.585047 , -2.69922 , -1.58201 , 4.84802 , 0 , -0.466004 , -0.300631 , -83 , -211 , -83
-40 , 50 , -37 , 50 , -0.155297 , -0.522044 , 0.587282 , -2.7002 , -1.59208 , 4.84142 , -0.117247 , -0.51696 , -0.306127 , -230 , -318 , 75
-40 , 50 , -40 , 50 , -0.156212 , -0.521579 , 0.589983 , -2.70162 , -1.60372 , 4.83511 , -0.0390823 , -0.5985 , -0.325144 , -254 , -270 , -24
-40 , 50 , -43 , 52 , -0.157225 , -0.520883 , 0.593003 , -2.70266 , -1.61644 , 4.82792 , -0.0781646 , -0.517645 , -0.358334 , -256 , -336 , -35
-40 , 50 , -39 , 48 , -0.157843 , -0.520173 , 0.596333 , -2.70479 , -1.62809 , 4.81965 , -0.156329 , -0.551489 , -0.442441 , -325 , -323 , -179
-40 , 50 , -35 , 47 , -0.157663 , -0.520247 , 0.59929 , -2.7084 , -1.63935 , 4.80976 , -0.195412 , -0.513337 , -0.545332 , -291 , -283 , -46
-40 , 50 , -42 , 49 , -0.157201 , -0.520899 , 0.601884 , -2.71184 , -1.64959 , 4.79859 , -0.117247 , -0.532697 , -0.619697 , -280 , -181 , 86
-40 , 50 , -44 , 53 , -0.157037 , -0.521291 , 0.604244 , -2.71538 , -1.65854 , 4.78661 , -0.17587 , -0.434891 , -0.603429 , -259 , -248 , 0
-40 , 50 , -38 , 51 , -0.1573 , -0.521288 , 0.606784 , -2.71986 , -1.66737 , 4.77443 , -0.293117 , -0.462146 , -0.546604 , -167 , -288 , -109
-40 , 50 , -36 , 47 , -0.157672 , -0.521327 , 0.608946 , -2.72464 , -1.67733 , 4.76185 , -0.214953 , -0.563416 , -0.645631 , -157 , -261 , 37
-40 , 50 , -44 , 46 , -0.158235 , -0.521493 , 0.611157 , -2.72818 , -1.68746 , 4.74786 , -0.136788 , -0.470304 , -0.640693 , -191 , -273 , -45
-40 , 50 , -37 , 52 , -0.159545 , -0.521222 , 0.613922 , -2.73129 , -1.69641 , 4.73363 , -0.17587 , -0.409381 , -0.757897 , -218 , -222 , -67
-40 , 50 , -36 , 50 , -0.160652 , -0.520979 , 0.616879 , -2.73496 , -1.70542 , 4.71735 , -0.156329 , -0.454093 , -0.860841 , -191 , -290 , 123
-40 , 50 , -43 , 49 , -0.160579 , -0.521222 , 0.619336 , -2.73725 , -1.71526 , 4.7007 , -0.117247 , -0.567781 , -0.835685 , -189 , -283 , -69
-40 , 50 , -42 , 46 , -0.160144 , -0.521173 , 0.621478 , -2.73932 , -1.72541 , 4.68321 , -0.117247 , -0.497441 , -0.863379 , -290 , -255 , 19
-40 , 50 , -42 , 48 , -0.160362 , -0.520617 , 0.623856 , -2.74286 , -1.73451 , 4.66623 , -0.234494 , -0.420388 , -0.86721 , -237 , -207 , -18
-40 , 50 , -35 , 55 , -0.161051 , -0.520125 , 0.626156 , -2.74772 , -1.74243 , 4.64814 , -0.234494 , -0.35976 , -0.906078 , -293 , -243 , 31
-40 , 50 , -36 , 49 , -0.161613 , -0.5208 , 0.628132 , -2.75229 , -1.74968 , 4.62938 , -0.195412 , -0.401529 , -0.858322 , -281 , -273 , -25
-40 , 50 , -41 , 46 , -0.162115 , -0.522132 , 0.630101 , -2.75571 , -1.75726 , 4.6115 , -0.136788 , -0.340339 , -0.928319 , -371 , -282 , -72
-40 , 50 , -43 , 47 , -0.163245 , -0.522305 , 0.632799 , -2.75898 , -1.764 , 4.59162 , -0.195412 , -0.258593 , -1.00125 , -381 , -277 , -2
-40 , 50 , -40 , 48 , -0.163764 , -0.522157 , 0.635226 , -2.76388 , -1.76914 , 4.57242 , -0.17587 , -0.223838 , -0.958681 , -399 , -167 , -92
-40 , 50 , -42 , 53 , -0.162618 , -0.523217 , 0.636494 , -2.7697 , -1.77328 , 4.55315 , -0.312658 , -0.189904 , -0.878908 , -326 , -211 , 61
-40 , 50 , -39 , 50 , -0.161329 , -0.525199 , 0.636764 , -2.77686 , -1.77735 , 4.53589 , -0.312658 , -0.241049 , -0.890931 , -326 , -185 , -21
-40 , 50 , -40 , 47 , -0.162075 , -0.526617 , 0.637561 , -2.78399 , -1.78112 , 4.51903 , -0.312658 , -0.177593 , -0.785835 , -358 , -188 , 64
-40 , 50 , -35 , 48 , -0.164876 , -0.526878 , 0.63946 , -2.79071 , -1.78344 , 4.50297 , -0.371282 , -0.0762324 , -0.790606 , -330 , -237 , -46
-40 , 50 , -40 , 48 , -0.167024 , -0.527622 , 0.641478 , -2.79794 , -1.78475 , 4.48565 , -0.371282 , -0.0345286 , -0.934979 , -309 , -252 , 72
-40 , 50 , -40 , 47 , -0.166862 , -0.529874 , 0.642551 , -2.80484 , -1.78497 , 4.46789 , -0.390823 , 0 , -0.779566 , -249 , -193 , -17
-40 , 50 , -36 , 49 , -0.165818 , -0.532279 , 0.642862 , -2.81291 , -1.78444 , 4.45171 , -0.429905 , 0.0612701 , -0.787419 , -349 , -53 , -51
-40 , 50 , -39 , 48 , -0.165698 , -0.533851 , 0.643066 , -2.82127 , -1.78241 , 4.43524 , -0.312658 , 0.138655 , -0.795429 , -433 , 18 , 78
-40 , 50 , -38 , 46 , -0.166346 , -0.535111 , 0.64321 , -2.82825 , -1.77877 , 4.41986 , -0.351741 , 0.216962 , -0.682061 , -307 , -28 , -115
-40 , 50 , -42 , 54 , -0.166597 , -0.536929 , 0.642878 , -2.83386 , -1.77395 , 4.40487 , -0.273576 , 0.25848 , -0.796512 , -359 , -28 , 54
-40 , 50 , -40 , 47 , -0.166261 , -0.539104 , 0.642075 , -2.83999 , -1.76906 , 4.38975 , -0.351741 , 0.209968 , -0.69998 , -308 , -20 , 1
-40 , 50 , -35 , 51 , -0.166456 , -0.540598 , 0.641309 , -2.84683 , -1.76412 , 4.37618 , -0.293117 , 0.28036 , -0.653546 , -331 , -130 , 15
-40 , 50 , -37 , 50 , -0.167421 , -0.541807 , 0.640646 , -2.85356 , -1.75937 , 4.36329 , -0.293117 , 0.21271 , -0.656475 , -238 , -105 , 11
-40 , 50 , -39 , 54 , -0.168413 , -0.543294 , 0.639938 , -2.85864 , -1.75603 , 4.35168 , -0.234494 , 0.143124 , -0.514463 , -247 , -83 , -8
-40 , 50 , -37 , 47 , -0.169647 , -0.544522 , 0.639493 , -2.86235 , -1.75382 , 4.34181 , -0.195412 , 0.0863119 , -0.492427 , -256 , -38 , -76
-40 , 50 , -43 , 55 , -0.171347 , -0.544919 , 0.6397 , -2.86522 , -1.75134 , 4.33181 , -0.0977058 , 0.148942 , -0.568053 , -371 , -86 , -15
-40 , 50 , -36 , 54 , -0.172426 , -0.545069 , 0.64016 , -2.86821 , -1.74921 , 4.32133 , -0.214953 , 0.0797593 , -0.495337 , -261 , -96 , 56
-40 , 50 , -39 , 50 , -0.172144 , -0.545942 , 0.639932 , -2.8712 , -1.74823 , 4.31221 , -0.117247 , 0.0213087 , -0.402769 , -312 , -52 , 82
-40 , 50 , -44 , 53 , -0.171541 , -0.546925 , 0.639234 , -2.87269 , -1.74706 , 4.30458 , -0.0390823 , 0.0919439 , -0.367313 , -409 , -58 , -16
-40 , 50 , -37 , 50 , -0.171784 , -0.547091 , 0.638973 , -2.87421 , -1.74477 , 4.29816 , -0.0977058 , 0.144678 , -0.325504 , -367 , -84 , -19
-40 , 50 , -35 , 49 , -0.17257 , -0.547017 , 0.639083 , -2.87587 , -1.74268 , 4.29255 , -0.0390823 , 0.0694746 , -0.243959 , -306 , -30 , -12
-40 , 50 , -36 , 55 , -0.172619 , -0.547569 , 0.638696 , -2.87622 , -1.74176 , 4.28819 , 0 , 0.0205263 , -0.184813 , -243 , -15 , -20
-40 , 50 , -38 , 49 , -0.172261 , -0.548116 , 0.638183 , -2.87542 , -1.7417 , 4.28502 , 0.0781646 , 0 , -0.116085 , -20 , -64 , -31
-40 , 50 , -43 , 50 , -0.172643 , -0.547662 , 0.638183 , -2.87292 , -1.7417 , 4.28303 , 0.136788 , 0 , -0.0803711 , -105 , 4 , 53
-40 , 50 , -39 , 49 , -0.172972 , -0.546447 , 0.638521 , -2.87071 , -1.74069 , 4.28244 , 0.0977058 , 0.0569704 , 0 , -98 , 33 , -22
-40 , 50 , -40 , 46 , -0.172307 , -0.545924 , 0.638409 , -2.86868 , -1.73821 , 4.28287 , 0.156329 , 0.159563 , 0.0172309 , -83 , -16 , 112
-40 , 50 , -37 , 49 , -0.170561 , -0.546679 , 0.637289 , -2.86653 , -1.73467 , 4.28465 , 0.0781646 , 0.223242 , 0.117058 , -76 , 2 , 51
-40 , 50 , -39 , 50 , -0.16892 , -0.547392 , 0.635918 , -2.86458 , -1.72959 , 4.28762 , 0.136788 , 0.277968 , 0.177324 , -50 , -35 , 5
-40 , 50 , -44 , 48 , -0.168354 , -0.547052 , 0.634637 , -2.86108 , -1.72353 , 4.29214 , 0.234494 , 0.354434 , 0.239279 , -107 , -116 , -28
-40 , 50 , -42 , 53 , -0.167773 , -0.546463 , 0.633271 , -2.85778 , -1.71622 , 4.29761 , 0.0977058 , 0.306287 , 0.296977 , -24 , -35 , 12
-40 , 50 , -41 , 51 , -0.166442 , -0.546513 , 0.631178 , -2.85576 , -1.70946 , 4.30406 , 0.0977058 , 0.276785 , 0.376031 , -13 , -34 , -3
-40 , 50 , -35 , 50 , -0.16524 , -0.546972 , 0.62863 , -2.8549 , -1.70387 , 4.31166 , 0.0195412 , 0.250099 , 0.425116 , 44 , -60 , 87
-40 , 50 , -40 , 50 , -0.165712 , -0.546924 , 0.626708 , -2.85414 , -1.69942 , 4.32057 , 0.0586235 , 0.204905 , 0.534398 , 57 , 39 , 31
-40 , 50 , -36 , 52 , -0.16782 , -0.546201 , 0.625952 , -2.85322 , -1.69455 , 4.33075 , 0 , 0.237437 , 0.493252 , 104 , -16 , 51
-40 , 50 , -43 , 53 , -0.169824 , -0.545823 , 0.625952 , -2.85232 , -1.69 , 4.34169 , 0.0781646 , 0.201039 , 0.619368 , 68 , -16 , -19
-40 , 50 , -44 , 48 , -0.169983 , -0.546457 , 0.625431 , -2.85143 , -1.68623 , 4.35352 , 0 , 0.135389 , 0.592155 , 39 , -20 , 135
-40 , 50 , -43 , 54 , -0.168983 , -0.547224 , 0.624604 , -2.85139 , -1.68259 , 4.36692 , 0 , 0.21225 , 0.688873 , -252 , -150 , 78
-40 , 50 , -42 , 55 , -0.168085 , -0.547416 , 0.623532 , -2.85334 , -1.67911 , 4.38164 , -0.136788 , 0.138655 , 0.775439 , -233 , -20 , 15
-40 , 50 , -40 , 49 , -0.167836 , -0.547642 , 0.622386 , -2.85623 , -1.67708 , 4.39692 , -0.156329 , 0.0712303 , 0.797595 , -318 , -3 , 68
-40 , 50 , -38 , 55 , -0.168726 , -0.548319 , 0.621293 , -2.86026 , -1.67456 , 4.41337 , -0.214953 , 0.151403 , 0.767825 , -284 , -131 , -84
-40 , 50 , -35 , 46 , -0.170918 , -0.549264 , 0.621229 , -2.86399 , -1.67243 , 4.42891 , -0.117247 , 0.0883944 , 0.822785 , -361 , -40 , 37
-40 , 50 , -43 , 52 , -0.173345 , -0.55008 , 0.621931 , -2.86638 , -1.66995 , 4.44489 , -0.0977058 , 0.157083 , 0.775439 , -365 , -128 , -2
-40 , 50 , -38 , 52 , -0.174361 , -0.55069 , 0.622966 , -2.86854 , -1.66786 , 4.46095 , -0.0977058 , 0.0787311 , 0.802509 , -309 , -65 , 1
-40 , 50 , -44 , 52 , -0.173285 , -0.551554 , 0.622966 , -2.87105 , -1.66684 , 4.47707 , -0.0977058 , 0.0294823 , 0.803611 , -305 , -36 , 104
-40 , 50 , -44 , 50 , -0.171254 , -0.552439 , 0.621969 , -2.8731 , -1.66567 , 4.49521 , -0.156329 , 0.0846422 , 0.88023 , -373 , -46 , -18
-40 , 50 , -39 , 52 , -0.17046 , -0.552873 , 0.620903 , -2.87679 , -1.66342 , 4.51196 , -0.195412 , 0.143334 , 0.884213 , -331 , -30 , -2
-40 , 50 , -44 , 50 , -0.171517 , -0.553272 , 0.620357 , -2.88046 , -1.66125 , 4.53019 , -0.117247 , 0.0805929 , 0.944774 , -327 , 54 , -34
-40 , 50 , -44 , 52 , -0.173382 , -0.554055 , 0.620357 , -2.88379 , -1.65883 , 4.54881 , -0.195412 , 0.158785 , 0.885549 , -391 , -8 , 51
-40 , 50 , -43 , 54 , -0.174802 , -0.555343 , 0.620904 , -2.88896 , -1.65553 , 4.56698 , -0.214953 , 0.144964 , 0.901899 , -350 , 18 , 43
-40 , 50 , -42 , 50 , -0.175241 , -0.556946 , 0.621114 , -2.89475 , -1.65306 , 4.58643 , -0.351741 , 0.114097 , 0.930528 , -335 , 9 , 73
-40 , 50 , -36 , 50 , -0.174763 , -0.558692 , 0.620747 , -2.90212 , -1.65029 , 4.60569 , -0.410364 , 0.166543 , 0.996995 , -287 , -49 , -40
-40 , 50 , -37 , 55 , -0.174562 , -0.560486 , 0.620149 , -2.90946 , -1.64787 , 4.62438 , -0.234494 , 0.0896372 , 0.884881 , -470 , -36 , -29
-40 , 50 , -41 , 55 , -0.175202 , -0.562098 , 0.619698 , -2.91531 , -1.64646 , 4.64116 , -0.312658 , 0.0380172 , 0.873021 , -292 , -68 , 47
-40 , 50 , -44 , 55 , -0.176764 , -0.562996 , 0.619887 , -2.92146 , -1.64634 , 4.65859 , -0.351741 , 0 , 0.812518 , -321 , -108 , 54
-40 , 50 , -42 , 52 , -0.178746 , -0.563626 , 0.620726 , -2.9284 , -1.64691 , 4.6762 , -0.351741 , -0.0986587 , 0.897066 , -398 , -218 , 86
-40 , 50 , -36 , 47 , -0.179967 , -0.565214 , 0.621508 , -2.937 , -1.64941 , 4.69494 , -0.390823 , -0.146265 , 0.894327 , -331 , -144 , -67
-40 , 50 , -37 , 46 , -0.18073 , -0.567333 , 0.622147 , -2.94534 , -1.65174 , 4.71186 , -0.410364 , -0.0671357 , 0.824521 , -326 , -165 , 66
-40 , 50 , -35 , 51 , -0.182041 , -0.568948 , 0.623243 , -2.95261 , -1.65287 , 4.72789 , -0.3322 , -0.0254796 , 0.773903 , -356 , -193 , -17
-40 , 50 , -36 , 55 , -0.183229 , -0.570104 , 0.624702 , -2.9588 , -1.65408 , 4.74293 , -0.273576 , -0.115082 , 0.704183 , -280 , -169 , -17
-40 , 50 , -41 , 55 , -0.183215 , -0.571185 , 0.625666 , -2.96353 , -1.65652 , 4.75608 , -0.17587 , -0.155913 , 0.622989 , -258 , -260 , 131
-40 , 50 , -40 , 54 , -0.1823 , -0.572073 , 0.625992 , -2.96674 , -1.6602 , 4.76976 , -0.156329 , -0.226345 , 0.751099 , -319 , -119 , -76
-40 , 50 , -39 , 52 , -0.181801 , -0.572196 , 0.626296 , -2.96918 , -1.66498 , 4.78336 , -0.0977058 , -0.253562 , 0.629682 , -238 , -231 , -31
-40 , 50 , -39 , 53 , -0.182418 , -0.571589 , 0.62703 , -2.97039 , -1.67081 , 4.7954 , -0.0195412 , -0.343428 , 0.57082 , -306 , -254 , 131
-40 , 50 , -40 , 52 , -0.183717 , -0.570827 , 0.62837 , -2.97053 , -1.67816 , 4.80679 , 0 , -0.392128 , 0.53586 , -127 , -272 , 41
-40 , 50 , -37 , 52 , -0.184991 , -0.570179 , 0.630147 , -2.96924 , -1.68664 , 4.81705 , 0.136788 , -0.477389 , 0.522254 , 19 , -288 , -35
-40 , 50 , -44 , 51 , -0.185842 , -0.569335 , 0.632377 , -2.96658 , -1.69639 , 4.82575 , 0.195412 , -0.5253 , 0.373872 , -37 , -229 , 64
-40 , 50 , -44 , 53 , -0.186018 , -0.567977 , 0.63486 , -2.96406 , -1.70588 , 4.83308 , 0.0977058 , -0.41695 , 0.358224 , 3 , -279 , 12
-40 , 50 , -40 , 51 , -0.18517 , -0.566785 , 0.637057 , -2.96289 , -1.71394 , 4.84075 , 0.0390823 , -0.373634 , 0.448874 , 47 , -275 , 79
-40 , 50 , -36 , 51 , -0.183414 , -0.566506 , 0.638279 , -2.96177 , -1.72101 , 4.84822 , 0.136788 , -0.417842 , 0.354217 , -28 , -228 , 6
-40 , 50 , -40 , 49 , -0.181874 , -0.566479 , 0.638931 , -2.95933 , -1.72863 , 4.85453 , 0.17587 , -0.473532 , 0.283614 , -32 , -143 , -34
-40 , 50 , -43 , 51 , -0.181747 , -0.565197 , 0.640106 , -2.95548 , -1.73588 , 4.85934 , 0.17587 , -0.301404 , 0.240753 , -52 , -225 , -9
-40 , 50 , -38 , 46 , -0.182543 , -0.562848 , 0.642096 , -2.95193 , -1.74164 , 4.86303 , 0.17587 , -0.280091 , 0.141193 , -100 , -174 , -1
-40 , 50 , -39 , 52 , -0.182119 , -0.561566 , 0.643679 , -2.94835 , -1.74622 , 4.86551 , 0.234494 , -0.202849 , 0.097738 , -64 , -302 , 19
-40 , 50 , -39 , 51 , -0.179798 , -0.561974 , 0.64402 , -2.9435 , -1.751 , 4.86673 , 0.312658 , -0.262179 , 0.0279103 , -81 , -281 , 28
-40 , 50 , -39 , 54 , -0.177583 , -0.561801 , 0.64402 , -2.93756 , -1.75655 , 4.86694 , 0.351741 , -0.244059 , 0 , 37 , -319 , -36
-40 , 50 , -38 , 47 , -0.177071 , -0.559371 , 0.644792 , -2.9301 , -1.76275 , 4.86588 , 0.449447 , -0.282793 , -0.0913988 , 49 , -282 , -11
-40 , 50 , -35 , 49 , -0.17738 , -0.556007 , 0.645966 , -2.92158 , -1.76859 , 4.86374 , 0.468988 , -0.280627 , -0.147665 , -60 , -223 , -47
-40 , 50 , -35 , 50 , -0.176595 , -0.553836 , 0.646646 , -2.91177 , -1.77457 , 4.86024 , 0.566693 , -0.261244 , -0.201455 , -147 , -223 , -69
-40 , 50 , -44 , 49 , -0.174762 , -0.552549 , 0.646882 , -2.90112 , -1.78077 , 4.8557 , 0.547152 , -0.324602 , -0.291659 , -17 , -222 , -21
-40 , 50 , -42 , 54 , -0.173515 , -0.549993 , 0.647551 , -2.89012 , -1.78696 , 4.84951 , 0.547152 , -0.267563 , -0.342827 , -91 , -318 , -27
-40 , 50 , -43 , 48 , -0.172868 , -0.546396 , 0.648557 , -2.88037 , -1.79292 , 4.84318 , 0.50807 , -0.333655 , -0.289356 , -104 , -300 , 25
-40 , 50 , -41 , 48 , -0.17153 , -0.543852 , 0.648848 , -2.87187 , -1.79937 , 4.83704 , 0.390823 , -0.261361 , -0.324962 , -149 , -276 , 99
-40 , 50 , -42 , 46 , -0.170126 , -0.542607 , 0.648848 , -2.86479 , -1.80437 , 4.83012 , 0.312658 , -0.256332 , -0.366855 , -81 , -221 , 13
-40 , 50 , -35 , 48 , -0.169934 , -0.54137 , 0.649329 , -2.85887 , -1.80828 , 4.82207 , 0.254035 , -0.17375 , -0.473916 , -41 , -239 , -50
-40 , 50 , -37 , 50 , -0.170565 , -0.539532 , 0.650528 , -2.85305 , -1.81088 , 4.81267 , 0.351741 , -0.11265 , -0.565863 , 57 , -217 , -65
0 , 0 , 0 , 0 , -0.170231 , -0.537922 , 0.651466 , -2.84549 , -1.81236 , 4.80156 , 0.390823 , -0.0257432 , -0.607178 , 27 , -193 , 37
0 , 0 , 0 , 0 , -0.167845 , -0.537043 , 0.651378 , -2.83784 , -1.8125 , 4.79089 , 0.410364 , -0.00728261 , -0.603118 , -18 , -157 , 4
0 , 0 , 0 , 0 , -0.164711 , -0.53587 , 0.65035 , -2.82843 , -1.81211 , 4.77834 , 0.50807 , 0.0608753 , -0.742535 , 9 , -46 , -46
0 , 0 , 0 , 0 , -0.162314 , -0.533503 , 0.648934 , -2.8177 , -1.8099 , 4.76388 , 0.547152 , 0.146047 , -0.743952 , 100 , -48 , 29
0 , 0 , 0 , 0 , -0.160742 , -0.530682 , 0.647506 , -2.80556 , -1.80648 , 4.74842 , 0.605776 , 0.217931 , -0.761342 , 48 , -48 , -55
0 , 0 , 0 , 0 , -0.159067 , -0.52848 , 0.645571 , -2.79224 , -1.80166 , 4.73222 , 0.703482 , 0.263594 , -0.866566 , -131 , -69 , -45
0 , 0 , 0 , 0 , -0.15713 , -0.526521 , 0.643402 , -2.77807 , -1.79595 , 4.71305 , 0.625317 , 0.295183 , -0.890931 , 116 , -20 , 19
0 , 0 , 0 , 0 , -0.155667 , -0.523852 , 0.641271 , -2.7623 , -1.78884 , 4.69543 , 0.742564 , 0.366168 , -0.92685 , -18 , -39 , -100
0 , 0 , 0 , 0 , -0.153918 , -0.520426 , 0.6389 , -2.74553 , -1.78094 , 4.67381 , 0.84027 , 0.405978 , -1.04219 , -158 , 13 , 62
0 , 0 , 0 , 0 , -0.151125 , -0.5171 , 0.635876 , -2.72683 , -1.7715 , 4.65279 , 0.977058 , 0.521097 , -1.12413 , -76 , -32 , -87
0 , 0 , 0 , 0 , -0.147789 , -0.514029 , 0.631926 , -2.70719 , -1.76054 , 4.62985 , 0.918434 , 0.485895 , -1.14835 , -56 , -32 , -5
0 , 0 , 0 , 0 , -0.144808 , -0.51069 , 0.62739 , -2.68718 , -1.74874 , 4.6063 , 1.05522 , 0.636862 , -1.23223 , 40 , -96 , -22
0 , 0 , 0 , 0 , -0.142915 , -0.506753 , 0.622834 , -2.66516 , -1.73541 , 4.58121 , 1.01614 , 0.682461 , -1.25599 , -11 , 1 , -167
0 , 0 , 0 , 0 , -0.141685 , -0.502366 , 0.618628 , -2.64247 , -1.7215 , 4.55469 , 1.17247 , 0.702494 , -1.38507 , -17 , -68 , 90
0 , 0 , 0 , 0 , -0.139891 , -0.49825 , 0.614114 , -2.61846 , -1.70635 , 4.52771 , 1.19201 , 0.784781 , -1.40753 , 117 , -26 , -52
0 , 0 , 0 , 0 , -0.13696 , -0.494367 , 0.608897 , -2.59296 , -1.68992 , 4.499 , 1.28972 , 0.891608 , -1.34999 , -115 , -20 , -114
0 , 0 , 0 , 0 , -0.133602 , -0.490191 , 0.602832 , -2.56687 , -1.67098 , 4.46877 , 1.36788 , 0.940986 , -1.45738 , -14 , -98 , -21
0 , 0 , 0 , 0 , -0.130856 , -0.485304 , 0.59646 , -2.53902 , -1.65324 , 4.43795 , 1.38742 , 0.992773 , -1.63524 , 68 , -14 , 87
0 , 0 , 0 , 0 , -0.128858 , -0.479914 , 0.590133 , -2.50998 , -1.63276 , 4.40608 , 1.48513 , 1.00469 , -1.69922 , -131 , -16 , 75
0 , 0 , 0 , 0 , -0.126577 , -0.47443 , 0.583418 , -2.48018 , -1.61056 , 4.37259 , 1.64146 , 1.14611 , -1.73699 , -129 , -74 , 11
0 , 0 , 0 , 0 , -0.123549 , -0.468746 , 0.576556 , -2.449 , -1.58748 , 4.33792 , 1.58283 , 1.12737 , -1.72168 , 32 , -78 , -117
0 , 0 , 0 , 0 , -0.120325 , -0.463043 , 0.569166 , -2.41642 , -1.56392 , 4.30191 , 1.661 , 1.2849 , -1.79276 , -34 , -112 , -136
0 , 0 , 0 , 0 , -0.116871 , -0.457451 , 0.560907 , -2.38281 , -1.53898 , 4.26484 , 1.70008 , 1.23939 , -1.85664 , -79 , 16 , -3
0 , 0 , 0 , 0 , -0.113081 , -0.451327 , 0.55201 , -2.34816 , -1.51243 , 4.22468 , 1.7587 , 1.33235 , -1.93796 , -142 , -98 , -20
0 , 0 , 0 , 0 , -0.109732 , -0.44452 , 0.543059 , -2.31238 , -1.48532 , 4.18716 , 1.87595 , 1.44127 , -1.94924 , -211 , -122 , -20
0 , 0 , 0 , 0 , -0.106512 , -0.437469 , 0.534001 , -2.27541 , -1.45675 , 4.1445 , 1.89549 , 1.39829 , -2.04085 , -131 , 38 , -7
0 , 0 , 0 , 0 , -0.103391 , -0.430101 , 0.52492 , -2.23518 , -1.42662 , 4.10261 , 1.95412 , 1.48039 , -2.11065 , 43 , -16 , -50
0 , 0 , 0 , 0 , -0.100426 , -0.422469 , 0.515472 , -2.19781 , -1.39555 , 4.06175 , 2.05182 , 1.59195 , -2.07884 , -114 , -28 , -81
0 , 0 , 0 , 0 , -0.0969498 , -0.415054 , 0.505972 , -2.15496 , -1.36368 , 4.01538 , 2.0909 , 1.67256 , -2.15527 , -67 , -106 , -94
0 , 0 , 0 , 0 , -0.0924704 , -0.408072 , 0.495839 , -2.11306 , -1.3304 , 3.97006 , 2.14953 , 1.72421 , -2.30572 , -84 , -78 , -94
0 , 0 , 0 , 0 , -0.0871586 , -0.400632 , 0.48523 , -2.0698 , -1.29568 , 3.92338 , 2.26677 , 1.74994 , -2.41995 , -154 , 17 , 110
0 , 0 , 0 , 0 , -0.0816257 , -0.39259 , 0.473702 , -2.02548 , -1.25972 , 3.87534 , 2.26677 , 1.73699 , -2.51197 , -91 , 2 , 103
0 , 0 , 0 , 0 , -0.0763523 , -0.384048 , 0.461818 , -1.97993 , -1.22253 , 3.82608 , 2.30586 , 1.83055 , -2.51466 , -38 , 2 , 108
0 , 0 , 0 , 0 , -0.0718801 , -0.374963 , 0.449529 , -1.93328 , -1.1824 , 3.77586 , 2.34494 , 1.89873 , -2.47094 , 53 , 16 , -51
0 , 0 , 0 , 0 , -0.0678707 , -0.365712 , 0.437121 , -1.88558 , -1.14488 , 3.72468 , 2.40356 , 1.94439 , -2.58966 , 24 , 2 , 34
0 , 0 , 0 , 0 , -0.064193 , -0.356135 , 0.424804 , -1.83648 , -1.10417 , 3.67182 , 2.52081 , 1.98555 , -2.76036 , -4 , 51 , 93
0 , 0 , 0 , 0 , -0.060604 , -0.346866 , 0.412146 , -1.78591 , -1.0604 , 3.61781 , 2.59897 , 1.99399 , -2.68145 , -141 , 81 , -76
0 , 0 , 0 , 0 , -0.0569102 , -0.337784 , 0.399753 , -1.73441 , -1.01743 , 3.56304 , 2.59897 , 2.06784 , -2.83034 , -6 , 74 , 2
0 , 0 , 0 , 0 , -0.0529167 , -0.327858 , 0.386755 , -1.68187 , -0.973365 , 3.50645 , 2.61851 , 2.19357 , -2.84406 , 33 , 5 , -69
0 , 0 , 0 , 0 , -0.048296 , -0.31676 , 0.37327 , -1.62788 , -0.927853 , 3.44911 , 2.81393 , 2.26126 , -2.85793 , -116 , 19 , -62
0 , 0 , 0 , 0 , -0.0433258 , -0.305235 , 0.359166 , -1.57261 , -0.881541 , 3.39041 , 2.73576 , 2.37702 , -2.95146 , 19 , -153 , -34
0 , 0 , 0 , 0 , -0.0385005 , -0.293851 , 0.344767 , -1.51657 , -0.835932 , 3.3277 , 2.81393 , 2.30914 , -2.94589 , 19 , -127 , -95
0 , 0 , 0 , 0 , -0.0345266 , -0.282071 , 0.330261 , -1.45875 , -0.791632 , 3.2707 , 2.87255 , 2.21638 , -3.01018 , -110 , -128 , 34
0 , 0 , 0 , 0 , -0.0317742 , -0.27035 , 0.316257 , -1.40067 , -0.748602 , 3.21071 , 2.85301 , 2.13466 , -2.90394 , -69 , -66 , -110
0 , 0 , 0 , 0 , -0.0300196 , -0.258935 , 0.302681 , -1.3431 , -0.706843 , 3.15068 , 2.89209 , 2.00593 , -2.96451 , -77 , -23 , 83
0 , 0 , 0 , 0 , -0.0288092 , -0.24777 , 0.290035 , -1.28682 , -0.666295 , 3.08774 , 2.73576 , 1.95247 , -2.88076 , 68 , 8 , -77
0 , 0 , 0 , 0 , -0.0276978 , -0.237359 , 0.278027 , -1.23193 , -0.626958 , 3.02767 , 2.77484 , 1.89183 , -3.06126 , -66 , -12 , 53
0 , 0 , 0 , 0 , -0.0264638 , -0.227801 , 0.266664 , -1.17788 , -0.588795 , 2.96775 , 2.69668 , 1.86254 , -2.87545 , -93 , -13 , -132
0 , 0 , 0 , 0 , -0.0252238 , -0.219655 , 0.255504 , -1.12282 , -0.551862 , 2.90761 , 2.52081 , 1.78729 , -3.07733 , 46 , -68 , 166
0 , 0 , 0 , 0 , -0.0243999 , -0.213718 , 0.245013 , -1.07154 , -0.516121 , 2.84767 , 2.59897 , 1.81216 , -2.87545 , -98 , -125 , -65
0 , 0 , 0 , 0 , -0.0239456 , -0.209598 , 0.234972 , -1.02104 , -0.481807 , 2.78766 , 2.48173 , 1.68457 , -3.01212 , -26 , -67 , 29
0 , 0 , 0 , 0 , -0.0245075 , -0.207291 , 0.226161 , -0.972153 , -0.448704 , 2.72767 , 2.34494 , 1.66779 , -2.91476 , 76 , -46 , -114
0 , 0 , 0 , 0 , -0.0256678 , -0.206514 , 0.218448 , -0.92457 , -0.416461 , 2.66754 , 2.34494 , 1.54221 , -3.08746 , 56 , 30 , 78
0 , 0 , 0 , 0 , -0.0282791 , -0.207462 , 0.211839 , -0.878023 , -0.385215 , 2.60769 , 2.36448 , 1.45692 , -2.90215 , -88 , -8 , -111
0 , 0 , 0 , 0 , -0.0312503 , -0.211021 , 0.206413 , -0.83259 , -0.355317 , 2.54768 , 2.28632 , 1.43685 , -3.02182 , -86 , -108 , 110
0 , 0 , 0 , 0 , -0.0323427 , -0.216172 , 0.201863 , -0.788251 , -0.327139 , 2.48775 , 2.28632 , 1.43992 , -2.88963 , -98 , -52 , 15
0 , 0 , 0 , 0 , -0.0317922 , -0.221754 , 0.197594 , -0.745124 , -0.299722 , 2.42758 , 2.0909 , 1.27338 , -3.00632 , -58 , 51 , 78
0 , 0 , 0 , 0 , -0.0305644 , -0.226884 , 0.19344 , -0.703306 , -0.271974 , 2.36763 , 2.11044 , 1.26275 , -2.88606 , -60 , -49 , -15
0 , 0 , 0 , 0 , -0.0292177 , -0.230959 , 0.188578 , -0.662621 , -0.247352 , 2.30767 , 1.97366 , 1.16779 , -3.08746 , -43 , 21 , 91
0 , 0 , 0 , 0 , -0.0271648 , -0.233613 , 0.183294 , -0.623187 , -0.223551 , 2.24766 , 1.89549 , 1.12791 , -2.95703 , 2 , 7 , -15
0 , 0 , 0 , 0 , -0.0254905 , -0.234563 , 0.178066 , -0.584925 , -0.200903 , 2.18761 , 1.81733 , 1.13721 , -3.05331 , -45 , -51 , 108
0 , 0 , 0 , 0 , -0.0244093 , -0.234209 , 0.172307 , -0.547954 , -0.17972 , 2.12768 , 1.89549 , 0.977458 , -2.94774 , -17 , 87 , -62
0 , 0 , 0 , 0 , -0.0235715 , -0.233087 , 0.166908 , -0.512193 , -0.159378 , 2.06767 , 1.83687 , 0.968175 , -3.04142 , -64 , -49 , 209
0 , 0 , 0 , 0 , -0.0233407 , -0.231811 , 0.161858 , -0.477684 , -0.140618 , 2.00766 , 1.77825 , 0.875621 , -2.95146 , -76 , 76 , 97
0 , 0 , 0 , 0 , -0.0239373 , -0.231049 , 0.157593 , -0.444346 , -0.122797 , 1.94767 , 1.71962 , 0.929417 , -3.13912 , -20 , -83 , 221
0 , 0 , 0 , 0 , -0.0250313 , -0.231138 , 0.153873 , -0.411928 , -0.106089 , 1.8876 , 1.54375 , 0.753756 , -2.92385 , 117 , 7 , -62
0 , 0 , 0 , 0 , -0.0262255 , -0.232209 , 0.151082 , -0.380799 , -0.0910032 , 1.82763 , 1.4265 , 0.732335 , -3.17742 , -19 , 67 , 140
0 , 0 , 0 , 0 , -0.0270985 , -0.234147 , 0.148865 , -0.351116 , -0.0765036 , 1.76484 , 1.46559 , 0.727555 , -2.93484 , -75 , -19 , -78
0 , 0 , 0 , 0 , -0.0274472 , -0.236665 , 0.147026 , -0.323015 , -0.0637042 , 1.70764 , 1.46559 , 0.55646 , -3.06727 , -9 , 65 , 300
0 , 0 , 0 , 0 , -0.0273123 , -0.239243 , 0.145507 , -0.295638 , -0.0521358 , 1.6446 , 1.3288 , 0.539314 , -2.90755 , 33 , 43 , 159
0 , 0 , 0 , 0 , -0.0267236 , -0.241274 , 0.143869 , -0.269394 , -0.0412123 , 1.58473 , 1.34834 , 0.54533 , -3.03747 , -122 , -34 , 144
0 , 0 , 0 , 0 , -0.0258582 , -0.242553 , 0.142216 , -0.243678 , -0.0319498 , 1.5248 , 1.23109 , 0.456746 , -2.9589 , -33 , -38 , -62
0 , 0 , 0 , 0 , -0.0250243 , -0.242879 , 0.140468 , -0.219897 , -0.0239379 , 1.46492 , 1.11385 , 0.380299 , -3.00632 , 8 , 19 , 141
0 , 0 , 0 , 0 , -0.024418 , -0.242246 , 0.13874 , -0.197483 , -0.0170985 , 1.40624 , 1.15293 , 0.299553 , -2.79992 , -3 , 34 , -62
0 , 0 , 0 , 0 , -0.0241157 , -0.241254 , 0.137178 , -0.176378 , -0.0112948 , 1.34873 , 0.937975 , 0.245388 , -2.87898 , 68 , 31 , 90
0 , 0 , 0 , 0 , -0.0239976 , -0.240002 , 0.135817 , -0.156271 , -0.00672216 , 1.29245 , 0.957517 , 0.21672 , -2.7062 , -43 , 5 , -81
0 , 0 , 0 , 0 , -0.0240103 , -0.238701 , 0.134768 , -0.137589 , -0.00314613 , 1.23754 , 0.918434 , 0.144678 , -2.7833 , 0 , -16 , 98
0 , 0 , 0 , 0 , -0.0241609 , -0.237852 , 0.133969 , -0.119944 , -0.000879352 , 1.18337 , 0.84027 , 0.0866185 , -2.64815 , -4 , -35 , 92
0 , 0 , 0 , 0 , -0.024471 , -0.23752 , 0.133569 , -0.103646 , 0 , 1.13085 , 0.742564 , 0.0114213 , -2.51197 , -17 , -3 , -81
0 , 0 , 0 , 0 , -0.0249386 , -0.237634 , 0.133437 , -0.0886387 , 0.000136788 , 1.07965 , 0.703482 , 0 , -2.55718 , 99 , -21 , -13
0 , 0 , 0 , 0 , -0.0254069 , -0.237931 , 0.133757 , -0.0743541 , 9.77058e-05 , 1.02906 , 0.703482 , 0 , -2.45671 , -40 , -35 , 54
0 , 0 , 0 , 0 , -0.0256805 , -0.238128 , 0.134193 , -0.0616914 , 9.77058e-05 , 0.979872 , 0.644858 , 0 , -2.32286 , 54 , -43 , -116
0 , 0 , 0 , 0 , -0.025458 , -0.238261 , 0.134586 , -0.0503185 , 9.77058e-05 , 0.932152 , 0.527611 , 0 , -2.32286 , 99 , -21 , -74
0 , 0 , 0 , 0 , -0.0246733 , -0.238278 , 0.134725 , -0.0397467 , 9.77058e-05 , 0.885644 , 0.527611 , 0 , -2.30799 , -29 , -43 , 33
0 , 0 , 0 , 0 , -0.0236438 , -0.237957 , 0.134577 , -0.0304842 , 5.86235e-05 , 0.84025 , 0.429905 , 0 , -2.3508 , -132 , -21 , 0
0 , 0 , 0 , 0 , -0.0227359 , -0.237415 , 0.134222 , -0.02257 , 7.81646e-05 , 0.795755 , 0.410364 , 0 , -2.29782 , -32 , -26 , 102
0 , 0 , 0 , 0 , -0.0221849 , -0.2367 , 0.133847 , -0.0159456 , 5.86235e-05 , 0.752589 , 0.312658 , 0 , -2.17325 , 50 , -21 , 109
0 , 0 , 0 , 0 , -0.0218828 , -0.235798 , 0.133426 , -0.0102786 , 5.86235e-05 , 0.710575 , 0.234494 , 0 , -2.01801 , 82 , 6 , -17
0 , 0 , 0 , 0 , -0.0211451 , -0.235039 , 0.132688 , -0.00576464 , 5.86235e-05 , 0.669949 , 0.195412 , 0 , -2.00593 , 35 , -17 , -33
0 , 0 , 0 , 0 , -0.0191468 , -0.233797 , 0.13025 , -0.00261852 , 5.86235e-05 , 0.630476 , 0.136788 , 0 , -1.94923 , 36 , -69 , 32
0 , 0 , 0 , 0 , -0.0148834 , -0.231424 , 0.125578 , -0.000664399 , 3.90823e-05 , 0.592273 , 0.0781646 , 0 , -1.9111 , 60 , -3 , 75
0 , 0 , 0 , 0 , -0.00955258 , -0.227645 , 0.119867 , 0.000117247 , 1.95412e-05 , 0.555282 , 0.0195412 , 0 , -1.85296 , 8 , -56 , 64
0 , 0 , 0 , 0 , -0.00593524 , -0.221843 , 0.113527 , 5.86235e-05 , 1.95412e-05 , 0.519521 , 0 , 0 , -1.78389 , 3 , -21 , 1
0 , 0 , 0 , 0 , -0.00500261 , -0.214413 , 0.107466 , 0 , 3.90823e-05 , 0.484972 , 0 , 0 , -1.71163 , 13 , -35 , 29
0 , 0 , 0 , 0 , -0.00573718 , -0.206294 , 0.102111 , -1.95412e-05 , 1.95412e-05 , 0.451498 , 0 , 0 , -1.63069 , 16 , -35 , -46
0 , 0 , 0 , 0 , -0.00695449 , -0.198314 , 0.0974157 , 0 , 1.95412e-05 , 0.417536 , 0 , 0 , -1.42591 , 16 , -21 , -114
0 , 0 , 0 , 0 , -0.00743489 , -0.191172 , 0.0928864 , 0 , 3.90823e-05 , 0.386231 , 0 , 0 , -1.45646 , 30 , -17 , -49
0 , 0 , 0 , 0 , -0.00662058 , -0.185329 , 0.0880837 , 0 , 1.95412e-05 , 0.356567 , 0 , 0 , -1.50171 , 27 , -35 , 4
0 , 0 , 0 , 0 , -0.00538865 , -0.181004 , 0.083109 , -1.95412e-05 , 3.90823e-05 , 0.328233 , 0 , 0 , -1.43202 , -1 , -17 , -99
0 , 0 , 0 , 0 , -0.0047723 , -0.178131 , 0.0786036 , 0 , 3.90823e-05 , 0.300641 , 0 , 0 , -1.31222 , 13 , -35 , -69
0 , 0 , 0 , 0 , -0.00543256 , -0.17541 , 0.0742984 , 0 , 3.90823e-05 , 0.274241 , 0 , 0 , -1.32632 , 20 , -17 , -12
0 , 0 , 0 , 0 , -0.00644332 , -0.1719 , 0.0701667 , 0 , 1.95412e-05 , 0.24956 , 0 , 0 , -1.19822 , 3 , -35 , -94
0 , 0 , 0 , 0 , -0.00675088 , -0.167661 , 0.0663988 , 0 , 1.95412e-05 , 0.225427 , 0 , 0 , -1.12305 , 13 , -56 , -65
0 , 0 , 0 , 0 , -0.00650886 , -0.162507 , 0.062778 , 0 , 1.95412e-05 , 0.203052 , 0 , 0 , -1.129 , 20 , 13 , 27
0 , 0 , 0 , 0 , -0.00598107 , -0.156984 , 0.0591196 , 0 , 1.95412e-05 , 0.181479 , 0 , 0 , -1.00684 , 13 , -39 , -112
0 , 0 , 0 , 0 , -0.00564877 , -0.15159 , 0.0557562 , 0 , 1.95412e-05 , 0.161293 , 0 , 0 , -1.03988 , 3 , -56 , 42
0 , 0 , 0 , 0 , -0.00593714 , -0.146761 , 0.0523842 , 0 , 1.95412e-05 , 0.142279 , 0 , 0 , -0.918854 , 16 , -56 , -60
0 , 0 , 0 , 0 , -0.00666846 , -0.14306 , 0.0494684 , 0 , 1.95412e-05 , 0.124555 , 0 , 0 , -0.894666 , -11 , -35 , 7
0 , 0 , 0 , 0 , -0.00739449 , -0.140373 , 0.0466942 , 0 , 1.95412e-05 , 0.107652 , 0 , 0 , -0.787944 , 16 , -21 , -82
0 , 0 , 0 , 0 , -0.00758357 , -0.138553 , 0.0441522 , 0 , 1.95412e-05 , 0.0924883 , 0 , 0 , -0.719082 , 6 , -17 , -168
0 , 0 , 0 , 0 , -0.00740874 , -0.137126 , 0.0417368 , 0 , 1.95412e-05 , 0.0779106 , 0 , 0 , -0.670363 , 16 , -35 , -46
0 , 0 , 0 , 0 , -0.00712763 , -0.135496 , 0.0394466 , 0 , 1.95412e-05 , 0.0648962 , 0 , 0 , -0.571097 , 13 , -35 , -100
0 , 0 , 0 , 0 , -0.00702591 , -0.133371 , 0.0373707 , 0 , 1.95412e-05 , 0.0532301 , 0 , 0 , -0.509101 , 27 , -35 , -232
0 , 0 , 0 , 0 , -0.00740142 , -0.130589 , 0.0356073 , 0 , 1.95412e-05 , 0.0418376 , 0 , 0 , -0.528374 , 16 , -56 , 23
0 , 0 , 0 , 0 , -0.00793234 , -0.127564 , 0.0340138 , 0 , 1.95412e-05 , 0.0327119 , 0 , 0 , -0.451469 , 27 , -52 , -41
0 , 0 , 0 , 0 , -0.00817357 , -0.124906 , 0.0326097 , 0 , 1.95412e-05 , 0.0242897 , 0 , 0 , -0.355505 , 3 , -43 , -108
0 , 0 , 0 , 0 , -0.00824745 , -0.122869 , 0.0313868 , 0 , 1.95412e-05 , 0.0174503 , 0 , 0 , -0.326317 , 6 , -56 , -135
0 , 0 , 0 , 0 , -0.00836581 , -0.12147 , 0.0303122 , 0 , 1.95412e-05 , 0.0116074 , 0 , 0 , -0.262532 , 6 , -56 , -136
0 , 0 , 0 , 0 , -0.00849602 , -0.120801 , 0.0294099 , 0 , 1.95412e-05 , 0.00681986 , 0 , 0 , -0.199941 , 13 , -52 , -112
0 , 0 , 0 , 0 , -0.00863988 , -0.12065 , 0.0286879 , 0 , 1.95412e-05 , 0.00328291 , 0 , 0 , -0.136971 , -11 , -56 , -70
0 , 0 , 0 , 0 , -0.00882165 , -0.120667 , 0.0281781 , 0 , 1.95412e-05 , 0.000996599 , 0 , 0 , -0.0979336 , 23 , -39 , -70
0 , 0 , 0 , 0 , -0.009019 , -0.120637 , 0.0278959 , 0 , 1.95412e-05 , 7.81646e-05 , 0 , 0 , -0.014737 , 34 , -56 , -48
0 , 0 , 0 , 0 , -0.00922648 , -0.120377 , 0.0278214 , 0 , 1.95412e-05 , -0.000117247 , 0 , 0 , 0 , 16 , -56 , -48
0 , 0 , 0 , 0 , -0.00936224 , -0.119904 , 0.0278885 , 0 , 1.95412e-05 , -0.000117247 , 0 , 0 , 0 , 37 , -69 , -54
0 , 0 , 0 , 0 , -0.0092748 , -0.119386 , 0.0279587 , 0 , 1.95412e-05 , -0.000117247 , 0 , 0 , 0 , 3 , -48 , -42
0 , 0 , 0 , 0 , -0.00900857 , -0.119057 , 0.0279587 , 0 , 1.95412e-05 , -0.000117247 , 0 , 0 , 0 , 30 , -56 , 30
0 , 0 , 0 , 0 , -0.00873909 , -0.119058 , 0.0279587 , 0 , 1.95412e-05 , -0.000117247 , 0 , 0 , 0 , 6 , -30 , -72
0 , 0 , 0 , 0 , -0.00861801 , -0.11935 , 0.0279587 , 0 , 1.95412e-05 , -0.000117247 , 0 , 0 , 0 , 20 , -52 , -48
0 , 0 , 0 , 0 , -0.00852597 , -0.11976 , 0.0279587 , 0 , 1.95412e-05 , -9.77058e-05 , 0 , 0 , 0 , 34 , -69 , -36
0 , 0 , 0 , 0 , -0.00833085 , -0.120081 , 0.0279587 , 0 , 1.95412e-05 , -9.77058e-05 , 0 , 0 , 0 , 10 , -56 , 66
0 , 0 , 0 , 0 , -0.00812251 , -0.120133 , 0.0279587 , 0 , 1.95412e-05 , -9.77058e-05 , 0 , 0 , 0 , 30 , -30 , -12
0 , 0 , 0 , 0 , -0.00801983 , -0.119948 , 0.0279587 , 0 , 1.95412e-05 , -9.77058e-05 , 0 , 0 , 0 , 9 , -48 , 18
0 , 0 , 0 , 0 , -0.00795377 , -0.119637 , 0.0279587 , 0 , 1.95412e-05 , -9.77058e-05 , 0 , 0 , 0 , 16 , -69 , -18
0 , 0 , 0 , 0 , -0.00782567 , -0.119336 , 0.0279587 , 0 , 1.95412e-05 , -7.81646e-05 , 0 , 0 , 0 , 20 , -39 , 6
0 , 0 , 0 , 0 , -0.0076791 , -0.119176 , 0.0279587 , 0 , 1.95412e-05 , -5.86235e-05 , 0 , 0 , 0 , 16 , -35 , -18
0 , 0 , 0 , 0 , -0.00755687 , -0.119229 , 0.0279587 , 0 , 1.95412e-05 , -5.86235e-05 , 0 , 0 , 0 , 27 , -21 , 6
0 , 0 , 0 , 0 , -0.00746082 , -0.119426 , 0.0279587 , 0 , 1.95412e-05 , -5.86235e-05 , 0 , 0 , 0 , 40 , -35 , -30
0 , 0 , 0 , 0 , -0.00733038 , -0.119637 , 0.0279587 , 0 , 1.95412e-05 , -5.86235e-05 , 0 , 0 , 0 , 30 , -56 , 35
0 , 0 , 0 , 0 , -0.00718914 , -0.11976 , 0.0279587 , 0 , 1.95412e-05 , -5.86235e-05 , 0 , 0 , 0 , 30 , -44 , -41
0 , 0 , 0 , 0 , -0.00708049 , -0.11976 , 0.0279587 , 0 , 0 , -3.90823e-05 , 0 , 0 , 0 , 44 , -52 , -18
0 , 0 , 0 , 0 , -0.00701334 , -0.119633 , 0.0279587 , 0 , 0 , -3.90823e-05 , 0 , 0 , 0 , 20 , -65 , -36
0 , 0 , 0 , 0 , -0.00694411 , -0.119421 , 0.0279587 , 0 , 0 , -3.90823e-05 , 0 , 0 , 0 , 13 , -69 , -47
0 , 0 , 0 , 0 , -0.00686312 , -0.119246 , 0.0279587 , 0 , 0 , -3.90823e-05 , 0 , 0 , 0 , 27 , -60 , 48
0 , 0 , 0 , 0 , -0.00679033 , -0.119167 , 0.0279587 , 0 , 0 , -1.95412e-05 , 0 , 0 , 0 , 3 , -13 , -47
0 , 0 , 0 , 0 , -0.00672607 , -0.119186 , 0.0279587 , 0 , 0 , -1.95412e-05 , 0 , 0 , 0 , 27 , -74 , -36
0 , 0 , 0 , 0 , -0.00664515 , -0.119262 , 0.0279587 , 0 , 0 , -1.95412e-05 , 0 , 0 , 0 , 30 , -56 , -36
0 , 0 , 0 , 0 , -0.00651057 , -0.119363 , 0.0279587 , 0 , 0 , -1.95412e-05 , 0 , 0 , 0 , 54 , -39 , -41
0 , 0 , 0 , 0 , -0.0063826 , -0.119416 , 0.0279587 , 0 , 0 , -1.95412e-05 , 0 , 0 , 0 , 20 , -56 , 0
0 , 0 , 0 , 0 , -0.00630278 , -0.119377 , 0.0279587 , 0 , 0 , -1.95412e-05 , 0 , 0 , 0 , 9 , -52 , -59
0 , 0 , 0 , 0 , -0.00625747 , -0.119269 , 0.0279587 , 0 , 0 , -1.95412e-05 , 0 , 0 , 0 , 13 , -60 , 30
0 , 0 , 0 , 0 , -0.00620807 , -0.119162 , 0.0279587 , 0 , 0 , -1.95412e-05 , 0 , 0 , 0 , 20 , -74 , -5
0 , 0 , 0 , 0 , -0.00617898 , -0.119083 , 0.0279587 , 0 , 0 , -1.95412e-05 , 0 , 0 , 0 , 16 , -44 , 71
0 , 0 , 0 , 0 , -0.00614918 , -0.119048 , 0.0279587 , 0 , 0 , -1.95412e-05 , 0 , 0 , 0 , 16 , -52 , 30
0 , 0 , 0 , 0 , -0.00609119 , -0.119065 , 0.0279587 , 0 , 0 , -1.95412e-05 , 0 , 0 , 0 , 30 , -52 , -41
0 , 0 , 0 , 0 , -0.00600812 , -0.1191 , 0.0279587 , 0 , 0 , 0 , 0 , 0 , 0 , 27 , -48 , 6
0 , 0 , 0 , 0 , -0.00593001 , -0.11913 , 0.0279587 , 0 , 0 , 0 , 0 , 0 , 0 , 27 , -30 , -12
0 , 0 , 0 , 0 , -0.00586535 , -0.119114 , 0.0279587 , 0 , 0 , 0 , 0 , 0 , 0 , 20 , -17 , -41
0 , 0 , 0 , 0 , -0.00581072 , -0.119071 , 0.0279587 , 0 , 0 , 0 , 0 , 0 , 0 , 20 , -52 , -65
0 , 0 , 0 , 0 , -0.00577685 , -0.119018 , 0.0279587 , 0 , 0 , 0 , 0 , 0 , 0 , 27 , -56 , -36
0 , 0 , 0 , 0 , -0.005761 , -0.118953 , 0.0279587 , 0 , 0 , 0 , 0 , 0 , 0 , 16 , -56 , -18
0 , 0 , 0 , 0 , -0.00575202 , -0.118876 , 0.0279587 , 0 , 0 , 0 , 0 , 0 , 0 , 10 , -48 , 24
0 , 0 , 0 , 0 , -0.00571958 , -0.118843 , 0.0279587 , 0 , 0 , 0 , 0 , 0 , 0 , 13 , -30 , -41
0 , 0 , 0 , 0 , -0.00567046 , -0.118842 , 0.0279587 , 0 , 0 , 0 , 0 , 0 , 0 , 13 , -39 , -59
0 , 0 , 0 , 0 , -0.00559525 , -0.118833 , 0.0279587 , 0 , 0 , 0 , 0 , 0 , 0 , 6 , -65 , -12
0 , 0 , 0 , 0 , -0.0055251 , -0.118831 , 0.0279587 , 0 , 0 , 0 , 0 , 0 , 0 , 30 , -52 , -41
0 , 0 , 0 , 0 , -0.00547515 , -0.118844 , 0.0279587 , 0 , 0 , 0 , 0 , 0 , 0 , 13 , -56 , 6
0 , 0 , 0 , 0 , -0.00545524 , -0.118854 , 0.0279587 , 0 , 0 , 1.95412e-05 , 0 , 0 , 0 , 16 , -26 , -41
0 , 0 , 0 , 0 , -0.00545106 , -0.118835 , 0.0279587 , 0 , 0 , 0 , 0 , 0 , 0 , 20 , -52 , 0
0 , 0 , 0 , 0 , -0.00544495 , -0.118764 , 0.0279587 , 0 , 0 , 0 , 0 , 0 , 0 , 16 , -30 , -36
0 , 0 , 0 , 0 , -0.00542039 , -0.118678 , 0.0279587 , 0 , 0 , 0 , 0 , 0 , 0 , 16 , -39 , -54
0 , 0 , 0 , 0 , -0.00537361 , -0.118619 , 0.0279587 , 0 , 0 , 0 , 0 , 0 , 0 , 30 , -56 , -41
0 , 0 , 0 , 0 , -0.00531362 , -0.118546 , 0.0279587 , 0 , 0 , 0 , 0 , 0 , 0 , 27 , -52 , -59
0 , 0 , 0 , 0 , -0.00524861 , -0.118518 , 0.0279587 , 0 , 0 , 1.95412e-05 , 0 , 0 , 0 , 40 , -52 , 24
0 , 0 , 0 , 0 , -0.00520427 , -0.118519 , 0.0279587 , 0 , 0 , 1.95412e-05 , 0 , 0 , 0 , 30 , -48 , -54
0 , 0 , 0 , 0 , -0.00517421 , -0.11852 , 0.0279587 , 0 , 0 , 0 , 0 , 0 , 0 , 3 , -56 , -36
0 , 0 , 0 , 0 , -0.00517003 , -0.118517 , 0.0279587 , 0 , 0 , 0 , 0 , 0 , 0 , 3 , -74 , -36
0 , 0 , 0 , 0 , -0.00517164 , -0.118505 , 0.0279587 , 0 , 0 , 0 , 0 , 0 , 0 , -8 , -56 , 0
0 , 0 , 0 , 0 , -0.00516945 , -0.118467 , 0.0279587 , 0 , 0 , 0 , 0 , 0 , 0 , 3 , -74 , 0
0 , 0 , 0 , 0 , -0.00515385 , -0.118399 , 0.0279587 , 0 , 0 , 0 , 0 , 0 , 0 , 13 , -74 , 82
0 , 0 , 0 , 0 , -0.0051113 , -0.118331 , 0.0279587 , 0 , 0 , 0 , 0 , 0 , 0 , 13 , -65 , -18
0 , 0 , 0 , 0 , -0.00505452 , -0.118288 , 0.0279587 , 0 , 0 , 0 , 0 , 0 , 0 , 16 , -52 , 24
0 , 0 , 0 , 0 , -0.00501322 , -0.118273 , 0.0279587 , 0 , 0 , 0 , 0 , 0 , 0 , 30 , -35 , -18
0 , 0 , 0 , 0 , -0.00500524 , -0.118248 , 0.0279587 , 0 , 0 , 0 , 0 , 0 , 0 , 16 , -35 , -47
0 , 0 , 0 , 0 , -0.00501662 , -0.118254 , 0.0279587 , 0 , 0 , 1.95412e-05 , 0 , 0 , 0 , 27 , -35 , -54
0 , 0 , 0 , 0 , -0.00503269 , -0.118258 , 0.0279587 , 0 , 0 , 0 , 0 , 0 , 0 , 23 , -30 , 35
0 , 0 , 0 , 0 , -0.00505593 , -0.118228 , 0.0279587 , 0 , -1.95412e-05 , 0 , 0 , 0 , 0 , 20 , -30 , -30
0 , 0 , 0 , 0 , -0.00507158 , -0.11817 , 0.0279587 , 0 , 0 , 1.95412e-05 , 0 , 0 , 0 , 48 , -56 , -41
0 , 0 , 0 , 0 , -0.00504685 , -0.118102 , 0.0279587 , 0 , 0 , 0 , 0 , 0 , 0 , 13 , -56 , 12
0 , 0 , 0 , 0 , -0.0050058 , -0.118054 , 0.0279587 , 0 , 0 , 0 , 0 , 0 , 0 , 30 , -56 , -52
0 , 0 , 0 , 0 , -0.00497541 , -0.118034 , 0.0279587 , 0 , 0 , 0 , 0 , 0 , 0 , 13 , -48 , 48
0 , 0 , 0 , 0 , -0.00495556 , -0.118021 , 0.0279587 , 0 , 0 , 0 , 0 , 0 , 0 , 34 , -52 , 6
0 , 0 , 0 , 0 , -0.00493988 , -0.118011 , 0.0279587 , 0 , -1.95412e-05 , 0 , 0 , 0 , 0 , 16 , -48 , -41
0 , 0 , 0 , 0 , -0.00494833 , -0.118007 , 0.0279587 , 0 , 0 , 0 , 0 , 0 , 0 , 24 , -52 , -18
0 , 0 , 0 , 0 , -0.00496774 , -0.117961 , 0.0279587 , 0 , 0 , 0 , 0 , 0 , 0 , 24 , -56 , -47
0 , 0 , 0 , 0 , -0.00496819 , -0.117906 , 0.0279587 , 0 , -1.95412e-05 , 0 , 0 , 0 , 0 , 13 , -48 , -59
0 , 0 , 0 , 0 , -0.00494229 , -0.117854 , 0.0279587 , 0 , 0 , 0 , 0 , 0 , 0 , 3 , -17 , -12
0 , 0 , 0 , 0 , -0.00492725 , -0.117794 , 0.0279587 , 0 , 0 , 0 , 0 , 0 , 0 , 9 , -52 , 59
0 , 0 , 0 , 0 , -0.00493334 , -0.117741 , 0.0279587 , 0 , 0 , 0 , 0 , 0 , 0 , 34 , -74 , -36
0 , 0 , 0 , 0 , -0.00491753 , -0.117719 , 0.0279587 , 0 , 0 , 0 , 0 , 0 , 0 , 20 , -52 , -36
0 , 0 , 0 , 0 , -0.00490915 , -0.117718 , 0.0279587 , 0 , 0 , 0 , 0 , 0 , 0 , 30 , -56 , -54
0 , 0 , 0 , 0 , -0.0049156 , -0.117695 , 0.0279587 , 0 , 0 , 0 , 0 , 0 , 0 , 9 , -69 , -47
0 , 0 , 0 , 0 , -0.00492145 , -0.117638 , 0.0279587 , 0 , 0 , 0 , -0.0195412 , 0 , 0 , 27 , -56 , -36
0 , 0 , 0 , 0 , -0.00491149 , -0.117592 , 0.0279587 , 0 , 0 , 0 , 0 , 0 , 0 , 3 , -69 , -54
0 , 0 , 0 , 0 , -0.00491866 , -0.117537 , 0.0279587 , 0 , 0 , 0 , 0 , 0 , 0 , 40 , -26 , -41
0 , 0 , 0 , 0 , -0.00494755 , -0.117489 , 0.0279587 , 0 , 0 , 0 , 0 , 0 , 0 , 6 , -35 , -12
0 , 0 , 0 , 0 , -0.00496351 , -0.117472 , 0.0279587 , 0 , 0 , 0 , 0 , 0 , 0 , 6 , -35 , 30
0 , 0 , 0 , 0 , -0.0049396 , -0.117467 , 0.0279587 , 0 , -1.95412e-05 , 0 , 0 , 0 , 0 , 20 , -65 , -36
0 , 0 , 0 , 0 , -0.00490202 , -0.117471 , 0.0279587 , 0 , -1.95412e-05 , 0 , 0.0195412 , 0 , 0 , 16 , -52 , 6
0 , 0 , 0 , 0 , -0.00488805 , -0.117422 , 0.0279587 , 0 , 0 , 0 , 0 , 0 , 0 , 20 , -52 , 53
0 , 0 , 0 , 0 , -0.00488533 , -0.117352 , 0.0279587 , 0 , -1.95412e-05 , 0 , 0 , 0 , 0 , 34 , -52 , 6
0 , 0 , 0 , 0 , -0.00489085 , -0.117285 , 0.0279587 , 0 , 0 , 0 , 0 , 0 , 0 , 34 , -65 , -54
0 , 0 , 0 , 0 , -0.0049005 , -0.117258 , 0.0279587 , 0 , 0 , 0 , 0 , 0 , 0 , 37 , -13 , -54
0 , 0 , 0 , 0 , -0.00490581 , -0.117214 , 0.0279587 , 0 , 0 , 0 , 0 , 0 , 0 , 30 , -56 , 12
0 , 0 , 0 , 0 , -0.00489803 , -0.117182 , 0.0279587 , 0 , -1.95412e-05 , 0 , 0 , 0 , 0 , 48 , -26 , 30
0 , 0 , 0 , 0 , -0.00489136 , -0.117184 , 0.0279587 , 0 , 0 , 0 , 0 , 0 , 0 , 16 , -52 , -65
0 , 0 , 0 , 0 , -0.00487971 , -0.117156 , 0.0279587 , 0 , 0 , 0 , 0 , 0 , 0 , 13 , -65 , -59
0 , 0 , 0 , 0 , -0.00486928 , -0.117123 , 0.0279587 , 0 , 0 , 0 , 0 , 0 , 0 , 24 , -17 , -36
0 , 0 , 0 , 0 , -0.00486441 , -0.117088 , 0.0279587 , 0 , 0 , 0 , 0 , 0 , 0 , 30 , -117 , 18
0 , 0 , 0 , 0 , -0.0048731 , -0.117037 , 0.0279587 , 0 , -1.95412e-05 , 0 , 0 , 0 , 0 , 44 , -35 , -59
0 , 0 , 0 , 0 , -0.0048835 , -0.116966 , 0.0279587 , 0 , 0 , 0 , 0 , 0 , 0 , 6 , -39 , 12
0 , 0 , 0 , 0 , -0.00488101 , -0.116898 , 0.0279587 , 0 , 0 , 0 , 0 , 0 , 0 , 23 , -13 , -36
0 , 0 , 0 , 0 , -0.00487123 , -0.116869 , 0.0279587 , 0 , 0 , 0 , 0 , 0 , 0 , 16 , -60 , -36
0 , 0 , 0 , 0 , -0.00486969 , -0.116877 , 0.0279587 , 0 , -1.95412e-05 , 0 , 0 , 0 , 0 , 30 , -56 , -18
0 , 0 , 0 , 0 , -0.00487915 , -0.116866 , 0.0279587 , 0 , 0 , 0 , 0 , 0 , 0 , 3 , -52 , 35
0 , 0 , 0 , 0 , -0.00486728 , -0.116856 , 0.0279587 , 0 , 0 , 0 , 0 , 0 , 0 , 27 , -78 , -36
0 , 0 , 0 , 0 , -0.00485991 , -0.116834 , 0.0279587 , 0 , 0 , 0 , 0 , 0 , 0 , 13 , -30 , 6
0 , 0 , 0 , 0 , -0.00488499 , -0.116794 , 0.0279587 , 0 , 0 , 0 , 0 , 0 , 0 , 30 , -35 , -54
0 , 0 , 0 , 0 , -0.00490418 , -0.116737 , 0.0279587 , 0 , 0 , 0 , 0 , 0 , 0 , 13 , -52 , -36
0 , 0 , 0 , 0 , -0.0049005 , -0.116694 , 0.0279587 , 0 , -1.95412e-05 , 0 , 0 , 0 , 0 , 16 , -35 , -30
0 , 0 , 0 , 0 , -0.0049138 , -0.116673 , 0.0279587 , 0 , -1.95412e-05 , 0 , 0 , 0 , 0 , 16 , -48 , -59
0 , 0 , 0 , 0 , -0.00493259 , -0.116662 , 0.0279587 , 0 , 0 , 0 , 0 , 0 , 0 , 34 , -35 , -36
0 , 0 , 0 , 0 , -0.0049356 , -0.116645 , 0.0279587 , 0 , 0 , 0 , 0 , 0 , 0 , 3 , -52 , -36
0 , 0 , 0 , 0 , -0.00491656 , -0.116619 , 0.0279587 , 0 , -1.95412e-05 , 0 , 0 , 0 , 0 , 30 , -78 , -54
0 , 0 , 0 , 0 , -0.00489728 , -0.116594 , 0.0279587 , 0 , -1.95412e-05 , 0 , 0 , 0 , 0 , 20 , -52 , -54
0 , 0 , 0 , 0 , -0.00488999 , -0.116537 , 0.0279587 , 0 , 0 , 0 , 0 , 0 , 0 , 13 , -35 , -12
0 , 0 , 0 , 0 , -0.00487804 , -0.116521 , 0.0279587 , 0 , 0 , 0 , 0 , 0 , 0 , 44 , -48 , -54
0 , 0 , 0 , 0 , -0.00488302 , -0.116533 , 0.0279587 , 0 , 0 , 0 , 0 , 0 , 0 , 6 , -56 , -6
0 , 0 , 0 , 0 , -0.00491816 , -0.11649 , 0.0279587 , 0 , 0 , 0 , 0 , 0 , 0 , 34 , -52 , -12
0 , 0 , 0 , 0 , -0.00493084 , -0.116473 , 0.0279587 , 0 , 0 , 0 , 0 , 0 , 0 , 27 , -35 , -12
0 , 0 , 0 , 0 , -0.0049067 , -0.11645 , 0.0279587 , 0 , 0 , 0 , 0 , 0 , 0 , 3 , -39 , -59
0 , 0 , 0 , 0 , -0.00488718 , -0.116392 , 0.0279587 , 0 , 0 , 0 , 0 , 0 , 0 , 16 , -52 , -12
0 , 0 , 0 , 0 , -0.00490489 , -0.116379 , 0.0279587 , 0 , 0 , 0 , 0 , 0 , 0 , 9 , -39 , -41
0 , 0 , 0 , 0 , -0.00491816 , -0.116355 , 0.0279587 , 0 , 0 , 0 , 0 , 0 , 0 , 6 , -52 , 24
0 , 0 , 0 , 0 , -0.00492495 , -0.116309 , 0.0279587 , 0 , 0 , 0 , 0 , 0 , 0 , 13 , -35 , -59
0 , 0 , 0 , 0 , -0.00495964 , -0.116317 , 0.0279587 , 0 , 0 , 0 , 0 , 0 , 0 , 34 , -74 , -59
0 , 0 , 0 , 0 , -0.00498943 , -0.116345 , 0.0279587 , 0 , 0 , 0 , 0 , 0 , 0 , 34 , -35 , -59
0 , 0 , 0 , 0 , -0.00498441 , -0.116308 , 0.0279587 , 0 , 0 , 0 , 0 , 0 , 0 , 30 , -35 , -54
0 , 0 , 0 , 0 , -0.00495268 , -0.116271 , 0.0279587 , 0 , 0 , 0 , 0 , 0 , 0 , 6 , -52 , -41
0 , 0 , 0 , 0 , -0.0049427 , -0.116221 , 0.0279587 , 0 , 0 , 0 , 0 , 0 , 0 , 34 , -56 , 30
0 , 0 , 0 , 0 , -0.00493472 , -0.116156 , 0.0279587 , 0 , 0 , 0 , 0 , 0 , 0 , 10 , -52 , -83
0 , 0 , 0 , 0 , -0.00492666 , -0.116126 , 0.0279587 , 0 , 0 , 0 , 0 , 0 , 0 , 20 , -56 , -47
0.000100, , 1.000000, -1.797823, 0.798343
0.000120, , 1.000000, -1.796685, 0.797232
-0.000131, , 1.000000, -1.748435, 0.747957
-0.000160, , 1.000000, -1.767796, 0.767298
