0 , 0 , 0 , 0 , -0.0092636 , -0.102716 , 0.199188 , 0 , 0 , 0 , 0 , 0 , 0 , 13 , -39 , 31
0 , 0 , 0 , 0 , -0.0092689 , -0.102699 , 0.199188 , 0 , 0 , 0 , 0 , 0 , 0 , -35 , -60 , 36
0 , 0 , 0 , 0 , -0.0092688 , -0.102713 , 0.199188 , 0 , 0 , 0 , 0 , 0 , 0 , 9 , -39 , 49
0 , 0 , 0 , 0 , -0.00928735 , -0.102718 , 0.199188 , 0 , 0 , 0 , 0 , 0 , 0 , -15 , -56 , 13
0 , 0 , 0 , 0 , -0.00930368 , -0.102704 , 0.199188 , 0 , 0 , 0 , 0 , 0 , 0 , -1 , -43 , -58
0 , 0 , 0 , 0 , -0.00929123 , -0.102711 , 0.199188 , 0 , 0 , 0 , 0 , 0 , 0 , 5 , -21 , 31
0 , 0 , 0 , 0 , -0.00928793 , -0.102721 , 0.199188 , 0 , 0 , 0 , 0 , 0 , 0 , -29 , -43 , 31
0 , 0 , 0 , 0 , -0.00930982 , -0.10273 , 0.199188 , 0 , 0 , 0 , 0 , 0 , 0 , -15 , -35 , 13
0 , 0 , 0 , 0 , -0.00932663 , -0.102731 , 0.199188 , 0 , 0 , 0 , 0 , 0 , 0 , -22 , -35 , 43
0 , 0 , 0 , 0 , -0.00931115 , -0.102747 , 0.199188 , 0 , 0 , 0 , 0 , 0 , 0 , -21 , -17 , 13
0 , 0 , 0 , 0 , -0.00930135 , -0.102762 , 0.199188 , 0 , 0 , 0 , 0 , 0 , 0 , -15 , -35 , 55
0 , 0 , 0 , 0 , -0.00931522 , -0.102758 , 0.199188 , 0 , 0 , 0 , 0 , 0 , 0 , 9 , -56 , 18
0 , 0 , 0 , 0 , -0.00932696 , -0.102743 , 0.199188 , 0 , 0 , 0 , 0 , 0 , 0 , -21 , -17 , -5
0 , 0 , 0 , 0 , -0.00930963 , -0.102752 , 0.199188 , 0 , 0 , 0 , 0 , 0 , 0 , 2 , -52 , 49
0 , 0 , 0 , 0 , -0.00929196 , -0.10278 , 0.199188 , 0 , 0 , 0 , 0 , 0 , 0 , -21 , -39 , 7
0 , 0 , 0 , 0 , -0.00929299 , -0.102768 , 0.199188 , 0 , 0 , 0 , 0 , 0 , 0 , -15 , -43 , 13
0 , 0 , 0 , 0 , -0.00929793 , -0.102752 , 0.199188 , 0 , 0 , 0 , 0 , 0 , 0 , -1 , -17 , 13
0 , 0 , 0 , 0 , -0.00927415 , -0.102768 , 0.199188 , 0 , 0 , 0 , 0 , 0 , 0 , -35 , -35 , 13
0 , 0 , 0 , 0 , -0.00925282 , -0.102787 , 0.199188 , 0 , 0 , 0 , 0 , 0 , 0 , -1 , -35 , 25
0 , 0 , 0 , 0 , -0.00926929 , -0.102782 , 0.199188 , 0 , 0 , 0 , 0 , 0 , 0 , 9 , -52 , 55
0 , 0 , 0 , 0 , -0.00927535 , -0.102789 , 0.199188 , 0 , 0 , 0 , 0 , 0 , 0 , -1 , -39 , 13
0 , 0 , 0 , 0 , -0.00927624 , -0.10281 , 0.199188 , 0 , 0 , 0 , 0 , 0 , 0 , -11 , -30 , -5
0 , 0 , 0 , 0 , -0.00928191 , -0.102818 , 0.199188 , 0 , 0 , 0 , 0 , 0 , 0 , -5 , -35 , 55
0 , 0 , 0 , 0 , -0.00928453 , -0.10279 , 0.199188 , 0 , 0 , 0 , 0 , 0 , 0 , -5 , -35 , 13
0 , 0 , 0 , 0 , -0.00927013 , -0.102784 , 0.199188 , 0 , 0 , 0 , 0 , 0 , 0 , 3 , -21 , 13
0 , 0 , 0 , 0 , -0.00925034 , -0.102807 , 0.199188 , 0 , 0 , 0 , 0 , 0 , 0 , -11 , -13 , 13
0 , 0 , 0 , 0 , -0.0092547 , -0.102797 , 0.199188 , 0 , 0 , 0 , 0 , 0 , 0 , -8 , -56 , 31
0 , 0 , 0 , 0 , -0.00927872 , -0.10277 , 0.199188 , 0 , 0 , 0 , 0 , 0 , 0 , 3 , -35 , 60
0 , 0 , 0 , 0 , -0.00927968 , -0.102764 , 0.199188 , 0 , 0 , 0 , 0 , 0 , 0 , -21 , -39 , 36
0 , 0 , 0 , 0 , -0.0092799 , -0.10277 , 0.199188 , 0 , 0 , 0 , 0 , 0 , 0 , 3 , -56 , 31
0 , 0 , 0 , 0 , -0.00928388 , -0.102741 , 0.199188 , 0 , 0 , 0 , 0 , 0 , 0 , 9 , -43 , 60
0 , 0 , 0 , 0 , -0.00926968 , -0.102708 , 0.199188 , 0 , 0 , 0 , 0 , 0 , 0 , -21 , -52 , 13
0 , 0 , 0 , 0 , -0.00925434 , -0.102703 , 0.199188 , 0 , 0 , 0 , 0 , 0 , 0 , -1 , -17 , 36
0 , 0 , 0 , 0 , -0.0092535 , -0.102714 , 0.199188 , 0 , 0 , 0 , 0 , 0 , 0 , -19 , -52 , 25
0 , 0 , 0 , 0 , -0.00925688 , -0.102707 , 0.199188 , 0 , 1.95412e-05 , 0 , 0 , 0 , 0 , -9 , -21 , 36
0 , 0 , 0 , 0 , -0.00924858 , -0.102708 , 0.199188 , 0 , 1.95412e-05 , 0 , 0 , 0 , 0 , -12 , -52 , 49
0 , 0 , 0 , 0 , -0.00924132 , -0.102718 , 0.199188 , 0 , 1.95412e-05 , 0 , 0 , 0 , 0 , -1 , -21 , 36
0 , 0 , 0 , 0 , -0.00924711 , -0.102709 , 0.199188 , 0 , 1.95412e-05 , 0 , 0 , 0 , 0 , -21 , -39 , 55
0 , 0 , 0 , 0 , -0.00926627 , -0.102682 , 0.199188 , 0 , 0 , 0 , 0 , 0 , 0 , -12 , -35 , 55
0 , 0 , 0 , 0 , -0.00926331 , -0.102673 , 0.199188 , 1.95412e-05 , 0 , 0 , 0 , 0 , 0 , 9 , -39 , 73
0 , 0 , 0 , 0 , -0.00926024 , -0.102691 , 0.199188 , 1.95412e-05 , 1.95412e-05 , 0 , -0.0195412 , 0 , 0 , 6 , -52 , 25
0 , 0 , 0 , 0 , -0.00927117 , -0.102701 , 0.199188 , 0 , 0 , 0 , 0 , 0 , 0 , -19 , -52 , 36
0 , 0 , 0 , 0 , -0.00927143 , -0.102708 , 0.199188 , 0 , 0 , 0 , 0 , 0 , 0 , -15 , -30 , 13
0 , 0 , 0 , 0 , -0.00926322 , -0.102718 , 0.199188 , 0 , 0 , 0 , 0 , 0 , 0 , -5 , -35 , 36
0 , 0 , 0 , 0 , -0.00927621 , -0.102729 , 0.199188 , 0 , 0 , 0 , 0 , 0 , 0 , 23 , -35 , 36
0 , 0 , 0 , 0 , -0.00929694 , -0.102722 , 0.199188 , 0 , 0 , 0 , 0 , 0 , 0 , -11 , -52 , 36
0 , 0 , 0 , 0 , -0.00929701 , -0.102732 , 0.199188 , 0 , 0 , 0 , 0 , 0 , 0 , 13 , -74 , 13
0 , 0 , 0 , 0 , -0.00929847 , -0.102751 , 0.199188 , 0 , 0 , 0 , 0 , 0 , 0 , -31 , -52 , 18
0 , 0 , 0 , 0 , -0.00931472 , -0.102753 , 0.199188 , 0 , 0 , 0 , 0 , 0 , 0 , 15 , -43 , 31
0 , 0 , 0 , 0 , -0.00932654 , -0.102727 , 0.199188 , 0 , 0 , 0 , 0 , 0 , 0 , 16 , -52 , 31
40 , 10 , 36 , 12 , -0.00931106 , -0.102728 , 0.199188 , 0 , 0 , 0 , 0 , 0 , 0 , -31 , -74 , 31
40 , 10 , 43 , 10 , -0.00931024 , -0.102748 , 0.199188 , 0.000527611 , -0.000566694 , -0.000371282 , 0.0586235 , -0.0410634 , -0.043054 , 10 , -121 , -11
40 , 10 , 36 , 9 , -0.00938786 , -0.102821 , 0.199188 , 0.00248173 , -0.00259897 , -0.00195412 , 0.156329 , -0.137163 , -0.112261 , -14 , -52 , -35
40 , 10 , 44 , 11 , -0.00953492 , -0.102775 , 0.199291 , 0.00572556 , -0.00576464 , -0.00482667 , 0.195412 , -0.170813 , -0.156998 , 11 , -81 , -15
40 , 10 , 38 , 12 , -0.0096531 , -0.1023 , 0.199377 , 0.00988783 , -0.0101614 , -0.00891077 , 0.254035 , -0.251171 , -0.220721 , 0 , -55 , -37
40 , 10 , 39 , 6 , -0.00971104 , -0.101209 , 0.199487 , 0.0153593 , -0.0158479 , -0.0140306 , 0.351741 , -0.297883 , -0.282249 , -38 , 2 , -103
40 , 10 , 45 , 11 , -0.00975956 , -0.0993015 , 0.199608 , 0.0218275 , -0.022101 , -0.0202837 , 0.3322 , -0.35659 , -0.376031 , 25 , -60 , -122
40 , 10 , 45 , 12 , -0.00970888 , -0.0968368 , 0.199608 , 0.0298784 , -0.030152 , -0.027768 , 0.449447 , -0.400706 , -0.45339 , 53 , -113 , -88
40 , 10 , 38 , 7 , -0.00939625 , -0.0942782 , 0.199608 , 0.0392777 , -0.03918 , -0.0369914 , 0.410364 , -0.459072 , -0.47934 , 134 , -133 , -81
40 , 10 , 44 , 10 , -0.00893707 , -0.0914474 , 0.199608 , 0.0495173 , -0.0498886 , -0.0471919 , 0.566693 , -0.562605 , -0.521097 , -37 , -64 , 27
40 , 10 , 37 , 15 , -0.00861462 , -0.0879861 , 0.199608 , 0.0609489 , -0.0613983 , -0.0582131 , 0.586235 , -0.592752 , -0.567228 , 38 , -73 , -135
40 , 10 , 42 , 6 , -0.00848877 , -0.0839963 , 0.199608 , 0.0735529 , -0.0737679 , -0.0704654 , 0.742564 , -0.671517 , -0.69009 , 38 , -149 , -73
40 , 10 , 41 , 6 , -0.00842475 , -0.0798418 , 0.199608 , 0.0877007 , -0.0878375 , -0.0844569 , 0.703482 , -0.819908 , -0.721071 , -15 , 41 , -16
40 , 10 , 42 , 6 , -0.00844318 , -0.0754139 , 0.199608 , 0.102689 , -0.103275 , -0.0991127 , 0.781646 , -0.727336 , -0.747745 , 49 , -78 , -113
40 , 10 , 42 , 8 , -0.00852905 , -0.0702112 , 0.199608 , 0.119142 , -0.119221 , -0.115136 , 0.801187 , -0.811397 , -0.852702 , 72 , -115 , -80
40 , 10 , 37 , 14 , -0.00856205 , -0.0641976 , 0.19974 , 0.136534 , -0.137277 , -0.132626 , 0.84027 , -0.918859 , -0.876938 , 15 , -7 , -65
40 , 10 , 45 , 15 , -0.00850536 , -0.0575766 , 0.199865 , 0.155079 , -0.155411 , -0.15078 , 1.03568 , -0.973003 , -0.922475 , -54 , -124 , -142
40 , 10 , 40 , 15 , -0.00840692 , -0.0506007 , 0.199865 , 0.175265 , -0.175773 , -0.170751 , 0.996599 , -1.04127 , -1.02938 , -7 , -16 , -36
40 , 10 , 38 , 8 , -0.00858739 , -0.0431796 , 0.199865 , 0.196115 , -0.196545 , -0.192246 , 1.19201 , -1.07962 , -1.10298 , -68 , -75 , -82
40 , 10 , 43 , 12 , -0.00911351 , -0.0353246 , 0.199865 , 0.218626 , -0.219291 , -0.214699 , 1.15293 , -1.13063 , -1.0927 , -32 , -29 , -97
40 , 10 , 37 , 6 , -0.00977886 , -0.0269841 , 0.200039 , 0.242134 , -0.242389 , -0.237757 , 1.23109 , -1.23678 , -1.25464 , -38 , -90 , -63
40 , 10 , 42 , 6 , -0.0103819 , -0.0185127 , 0.200241 , 0.268007 , -0.267401 , -0.262262 , 1.27018 , -1.22835 , -1.18851 , 68 , -103 , -213
40 , 10 , 44 , 11 , -0.010577 , -0.00985905 , 0.200241 , 0.294133 , -0.294642 , -0.288173 , 1.30926 , -1.37131 , -1.32183 , -2 , 45 , -62
40 , 10 , 43 , 8 , -0.0105019 , -0.000567403 , 0.200342 , 0.321159 , -0.321472 , -0.314749 , 1.4265 , -1.4879 , -1.36571 , -56 , -79 , -166
40 , 10 , 45 , 13 , -0.010541 , 0.00890661 , 0.200342 , 0.349533 , -0.34879 , -0.342928 , 1.38742 , -1.34689 , -1.3196 , 68 , -167 , -172
40 , 10 , 44 , 6 , -0.0106769 , 0.0190478 , 0.200342 , 0.379196 , -0.3799 , -0.372474 , 1.44605 , -1.54576 , -1.47945 , 41 , -25 , -172
40 , 10 , 43 , 10 , -0.0109858 , 0.0299036 , 0.200342 , 0.409973 , -0.410482 , -0.402782 , 1.62192 , -1.61831 , -1.58014 , -49 , -61 , -61
40 , 10 , 39 , 10 , -0.011233 , 0.040908 , 0.200439 , 0.441767 , -0.442216 , -0.434263 , 1.64146 , -1.66307 , -1.56537 , 41 , -118 , -66
40 , 10 , 40 , 7 , -0.0113977 , 0.0523808 , 0.200522 , 0.474752 , -0.475417 , -0.466213 , 1.661 , -1.67018 , -1.56956 , 41 , -189 , -148
40 , 10 , 42 , 8 , -0.0112608 , 0.0640148 , 0.201034 , 0.509067 , -0.510239 , -0.498299 , 1.68054 , -1.64788 , -1.56433 , 86 , -243 , -184
40 , 10 , 39 , 14 , -0.0110124 , 0.0757608 , 0.20171 , 0.544417 , -0.54596 , -0.532966 , 1.79779 , -1.7631 , -1.67018 , 2 , -150 , -117
40 , 10 , 38 , 10 , -0.0111376 , 0.0878618 , 0.202626 , 0.581017 , -0.582678 , -0.56429 , 1.85641 , -1.88348 , -1.6931 , -33 , -110 , -46
40 , 10 , 45 , 13 , -0.0109636 , 0.0999415 , 0.203896 , 0.618868 , -0.620549 , -0.596123 , 1.85641 , -1.99739 , -1.59411 , 58 , -47 , -84
40 , 10 , 40 , 9 , -0.010921 , 0.111724 , 0.205544 , 0.657736 , -0.65967 , -0.62688 , 2.01274 , -2.05695 , -1.51579 , -23 , -55 , -194
40 , 10 , 45 , 9 , -0.0113236 , 0.123534 , 0.207522 , 0.697912 , -0.699964 , -0.656759 , 2.03228 , -2.11637 , -1.44928 , -22 , -91 , -168
40 , 10 , 45 , 6 , -0.0120195 , 0.13581 , 0.209798 , 0.739379 , -0.741743 , -0.68611 , 2.05182 , -2.16923 , -1.50123 , 20 , -74 , -110
40 , 10 , 41 , 13 , -0.0128768 , 0.148323 , 0.212055 , 0.781881 , -0.784519 , -0.715851 , 2.14953 , -2.17728 , -1.61164 , 20 , -122 , -172
40 , 10 , 39 , 11 , -0.0135108 , 0.160968 , 0.214545 , 0.825536 , -0.828604 , -0.746081 , 2.26677 , -2.21638 , -1.4665 , -15 , -38 , -274
40 , 10 , 40 , 8 , -0.0136862 , 0.174228 , 0.217161 , 0.870539 , -0.873685 , -0.77682 , 2.24723 , -2.24502 , -1.4281 , 16 , -243 , -163
40 , 10 , 43 , 9 , -0.0137062 , 0.188016 , 0.220177 , 0.916637 , -0.919763 , -0.804783 , 2.3254 , -2.27883 , -1.4229 , 31 , -259 , -36
40 , 10 , 37 , 11 , -0.0137237 , 0.201533 , 0.223207 , 0.963965 , -0.967072 , -0.831164 , 2.40356 , -2.42871 , -1.28984 , -4 , -174 , -195
40 , 10 , 42 , 6 , -0.0140871 , 0.214984 , 0.226993 , 1.01264 , -1.01594 , -0.856743 , 2.48173 , -2.5255 , -1.2106 , -57 , -82 , -232
40 , 10 , 37 , 15 , -0.0144301 , 0.228766 , 0.230834 , 1.06257 , -1.06452 , -0.881717 , 2.54035 , -2.39644 , -1.30492 , -80 , -130 , -110
40 , 10 , 40 , 13 , -0.0143537 , 0.241834 , 0.235585 , 1.11596 , -1.11533 , -0.905361 , 2.54035 , -2.39156 , -1.22132 , 77 , -243 , -220
40 , 10 , 36 , 7 , -0.0141589 , 0.254264 , 0.24037 , 1.16549 , -1.16209 , -0.928537 , 2.6576 , -2.41621 , -1.11081 , -58 , -260 , -174
40 , 10 , 37 , 9 , -0.0136886 , 0.266712 , 0.24525 , 1.22171 , -1.21376 , -0.949798 , 2.69668 , -2.51197 , -1.06394 , -45 , -127 , -206
40 , 10 , 45 , 10 , -0.0130977 , 0.278561 , 0.249991 , 1.27629 , -1.26203 , -0.970453 , 2.7553 , -2.49196 , -0.992773 , 34 , -127 , -192
40 , 10 , 44 , 6 , -0.0130684 , 0.290404 , 0.255046 , 1.33202 , -1.30992 , -0.989115 , 2.87255 , -2.33326 , -0.902939 , -13 , -234 , -261
40 , 10 , 37 , 10 , -0.0131812 , 0.302812 , 0.260246 , 1.3892 , -1.35612 , -1.00846 , 2.89209 , -2.24718 , -0.956725 , -65 , -322 , -191
40 , 10 , 39 , 8 , -0.0122074 , 0.315224 , 0.265104 , 1.44612 , -1.4012 , -1.02716 , 2.85301 , -2.24395 , -0.919579 , -141 , -241 , -283
40 , 10 , 45 , 8 , -0.0100667 , 0.327097 , 0.269435 , 1.5026 , -1.44511 , -1.04532 , 2.73576 , -2.16622 , -0.904675 , -8 , -259 , -155
40 , 10 , 39 , 10 , -0.00790781 , 0.338409 , 0.273561 , 1.55888 , -1.48786 , -1.06173 , 2.81393 , -2.21012 , -0.765311 , 56 , -208 , -359
40 , 10 , 45 , 14 , -0.00681953 , 0.34966 , 0.277709 , 1.61527 , -1.52972 , -1.07764 , 2.77484 , -2.09182 , -0.764319 , -18 , -222 , -186
40 , 10 , 36 , 9 , -0.00645774 , 0.36054 , 0.281819 , 1.67165 , -1.57154 , -1.09204 , 2.85301 , -2.23966 , -0.672471 , -48 , -118 , -252
40 , 10 , 36 , 15 , -0.00664707 , 0.370593 , 0.286641 , 1.72795 , -1.61306 , -1.10472 , 2.73576 , -2.09182 , -0.67655 , 81 , -246 , -239
40 , 10 , 45 , 9 , -0.00658368 , 0.380026 , 0.291768 , 1.78335 , -1.65365 , -1.11697 , 2.69668 , -2.0715 , -0.633079 , -16 , -182 , -225
40 , 10 , 43 , 11 , -0.00551775 , 0.388958 , 0.296899 , 1.83839 , -1.69287 , -1.12799 , 2.7553 , -2.00079 , -0.487713 , -1 , -240 , -211
40 , 10 , 40 , 14 , -0.00375549 , 0.39788 , 0.301978 , 1.89362 , -1.73099 , -1.13733 , 2.79439 , -1.93555 , -0.471058 , -57 , -207 , -257
40 , 10 , 40 , 14 , -0.00215918 , 0.406799 , 0.306911 , 1.94784 , -1.76785 , -1.14542 , 2.69668 , -1.84931 , -0.430736 , -29 , -259 , -283
40 , 10 , 44 , 12 , -0.00100968 , 0.415453 , 0.311604 , 2.00072 , -1.80332 , -1.1526 , 2.59897 , -1.81918 , -0.387717 , 20 , -274 , -233
40 , 10 , 37 , 15 , -0.000221036 , 0.423722 , 0.316257 , 2.05274 , -1.8381 , -1.15877 , 2.61851 , -1.64903 , -0.290501 , -17 , -358 , -244
40 , 10 , 37 , 8 , 0.000849192 , 0.431257 , 0.321136 , 2.10374 , -1.87175 , -1.16383 , 2.57943 , -1.53564 , -0.242948 , -95 , -372 , -206
40 , 10 , 39 , 7 , 0.00261927 , 0.437982 , 0.325875 , 2.15342 , -1.90423 , -1.16731 , 2.4231 , -1.55654 , -0.145323 , 9 , -242 , -252
40 , 10 , 38 , 12 , 0.00423891 , 0.444171 , 0.330717 , 2.20178 , -1.93493 , -1.16966 , 2.38402 , -1.55035 , -0.0825442 , 15 , -229 , -252
40 , 10 , 43 , 11 , 0.00562646 , 0.449864 , 0.335562 , 2.24907 , -1.96461 , -1.17052 , 2.36448 , -1.45421 , -0.0145163 , -56 , -290 , -309
40 , 10 , 45 , 12 , 0.0069028 , 0.455294 , 0.34025 , 2.29753 , -1.99443 , -1.17067 , 2.30586 , -1.335 , -0.00473501 , -47 , -458 , -145
40 , 10 , 45 , 10 , 0.00814201 , 0.460837 , 0.344952 , 2.34107 , -2.02212 , -1.17007 , 2.26677 , -1.37775 , 0.0720711 , -44 , -284 , -16
40 , 10 , 39 , 14 , 0.00942578 , 0.465787 , 0.349944 , 2.38883 , -2.04971 , -1.16753 , 2.24723 , -1.37815 , 0.19108 , -60 , -227 , -60
40 , 10 , 38 , 9 , 0.0106613 , 0.470045 , 0.354761 , 2.43313 , -2.07744 , -1.16371 , 2.14953 , -1.29411 , 0.227575 , 30 , -380 , -10
40 , 10 , 40 , 10 , 0.011838 , 0.47451 , 0.359429 , 2.47614 , -2.10339 , -1.15852 , 2.11044 , -1.19243 , 0.28036 , -35 , -278 , -4
40 , 10 , 40 , 9 , 0.0129213 , 0.478518 , 0.364243 , 2.51801 , -2.12704 , -1.15219 , 2.07136 , -1.13556 , 0.311659 , 35 , -328 , -23
40 , 10 , 43 , 7 , 0.0138414 , 0.481547 , 0.369068 , 2.55669 , -2.149 , -1.1447 , 2.05182 , -1.06346 , 0.338471 , -13 , -344 , -34
40 , 10 , 36 , 7 , 0.0148337 , 0.48431 , 0.373868 , 2.59821 , -2.17071 , -1.13649 , 1.95412 , -1.07863 , 0.379683 , 35 , -274 , -36
40 , 10 , 38 , 12 , 0.0161889 , 0.4861 , 0.378659 , 2.63464 , -2.19127 , -1.12799 , 1.87595 , -0.933491 , 0.436511 , -28 , -393 , 51
40 , 10 , 38 , 6 , 0.0178236 , 0.487115 , 0.383137 , 2.6736 , -2.21177 , -1.11807 , 1.81733 , -0.934979 , 0.507562 , 0 , -247 , -27
40 , 10 , 38 , 9 , 0.0190508 , 0.488328 , 0.387505 , 2.70956 , -2.22875 , -1.10667 , 1.73916 , -0.864648 , 0.582738 , 2 , -390 , -164
40 , 10 , 45 , 9 , 0.0196538 , 0.489427 , 0.391972 , 2.7443 , -2.24659 , -1.09472 , 1.62192 , -0.792209 , 0.614502 , -3 , -374 , -56
40 , 10 , 42 , 9 , 0.0202111 , 0.490158 , 0.396539 , 2.77785 , -2.26244 , -1.08231 , 1.64146 , -0.758384 , 0.645273 , 1 , -307 , -26
40 , 10 , 43 , 6 , 0.0210821 , 0.490494 , 0.401171 , 2.81016 , -2.27654 , -1.06968 , 1.60237 , -0.710151 , 0.653913 , -56 , -385 , 49
40 , 10 , 45 , 10 , 0.0227599 , 0.490276 , 0.405473 , 2.84113 , -2.28987 , -1.0572 , 1.54375 , -0.715571 , 0.576998 , -3 , -407 , -8
40 , 10 , 42 , 6 , 0.0244636 , 0.489533 , 0.409424 , 2.87097 , -2.30232 , -1.04578 , 1.4265 , -0.567228 , 0.567505 , 37 , -358 , 33
40 , 10 , 37 , 11 , 0.0258487 , 0.488592 , 0.413152 , 2.89956 , -2.3133 , -1.03488 , 1.38742 , -0.522025 , 0.513337 , -10 , -380 , -69
40 , 10 , 40 , 10 , 0.0273347 , 0.487578 , 0.416488 , 2.92695 , -2.32321 , -1.02415 , 1.38742 , -0.486296 , 0.454265 , -21 , -328 , -31
40 , 10 , 42 , 14 , 0.0284516 , 0.486531 , 0.419588 , 2.95292 , -2.3319 , -1.01299 , 1.21155 , -0.369164 , 0.571655 , 85 , -409 , 24
40 , 10 , 45 , 8 , 0.0288983 , 0.485701 , 0.422672 , 2.97805 , -2.34025 , -1.00029 , 1.19201 , -0.442104 , 0.680477 , -31 , -354 , -79
40 , 10 , 38 , 9 , 0.0286758 , 0.485042 , 0.426033 , 3.00172 , -2.34842 , -0.987024 , 1.21155 , -0.377971 , 0.63411 , -32 , -399 , -147
40 , 10 , 43 , 8 , 0.028569 , 0.48418 , 0.429627 , 3.02429 , -2.35551 , -0.974381 , 1.0943 , -0.386696 , 0.667309 , 51 , -371 , -46
40 , 10 , 43 , 13 , 0.0297034 , 0.482861 , 0.432853 , 3.0457 , -2.36188 , -0.961542 , 1.01614 , -0.347707 , 0.652821 , -3 , -355 , 19
40 , 10 , 41 , 15 , 0.0311362 , 0.481012 , 0.435728 , 3.06577 , -2.36682 , -0.948371 , 0.879352 , -0.219893 , 0.677724 , -8 , -406 , -133
40 , 10 , 39 , 13 , 0.031943 , 0.478738 , 0.4385 , 3.08477 , -2.37185 , -0.934693 , 0.957517 , -0.295331 , 0.69831 , -52 , -294 , -29
40 , 10 , 45 , 11 , 0.0320831 , 0.476179 , 0.441342 , 3.10243 , -2.37691 , -0.919744 , 0.859811 , -0.214814 , 0.829182 , 2 , -277 , -68
40 , 10 , 37 , 14 , 0.0318012 , 0.473644 , 0.444497 , 3.11904 , -2.38027 , -0.90329 , 0.820728 , -0.152268 , 0.72464 , 52 , -341 , -78
40 , 10 , 36 , 15 , 0.0323538 , 0.471131 , 0.4475 , 3.1345 , -2.38267 , -0.88922 , 0.762105 , -0.084301 , 0.753031 , -49 , -335 , 68
40 , 10 , 39 , 15 , 0.0337536 , 0.468656 , 0.450071 , 3.14849 , -2.38377 , -0.872005 , 0.664399 , -0.0376845 , 0.860212 , 57 , -326 , -94
40 , 10 , 37 , 11 , 0.034611 , 0.466242 , 0.452519 , 3.16207 , -2.38398 , -0.854632 , 0.625317 , -0.0045084 , 0.861476 , 8 , -270 , -15
40 , 10 , 40 , 13 , 0.034508 , 0.463374 , 0.455189 , 3.17386 , -2.38351 , -0.83599 , 0.547152 , 0.0953526 , 0.95245 , -25 , -98 , 14
40 , 10 , 41 , 13 , 0.0341807 , 0.45999 , 0.458038 , 3.18423 , -2.38127 , -0.816 , 0.468988 , 0.146265 , 0.961825 , 41 , -5 , -22
40 , 10 , 41 , 8 , 0.0342068 , 0.456054 , 0.461021 , 3.19355 , -2.37765 , -0.79597 , 0.449447 , 0.202289 , 0.9642 , 33 , -12 , -81
40 , 10 , 39 , 9 , 0.0352516 , 0.451393 , 0.463727 , 3.20129 , -2.37282 , -0.776839 , 0.351741 , 0.25928 , 0.876284 , 10 , 37 , 6
40 , 10 , 36 , 10 , 0.0370733 , 0.446152 , 0.465714 , 3.2086 , -2.36618 , -0.759311 , 0.273576 , 0.371034 , 0.899819 , -10 , -76 , -19
40 , 10 , 41 , 11 , 0.0382201 , 0.440737 , 0.46722 , 3.21421 , -2.35883 , -0.742369 , 0.293117 , 0.454797 , 0.811955 , -69 , -105 , -99
40 , 10 , 45 , 8 , 0.0380335 , 0.435226 , 0.468803 , 3.21872 , -2.35016 , -0.727322 , 0.195412 , 0.488121 , 0.767825 , -52 , -92 , -30
40 , 10 , 45 , 12 , 0.038322 , 0.429831 , 0.46997 , 3.22232 , -2.34054 , -0.712822 , 0.136788 , 0.4821 , 0.702919 , 1 , -63 , -91
40 , 10 , 37 , 10 , 0.0394261 , 0.424841 , 0.470516 , 3.22458 , -2.33128 , -0.699749 , 0.0586235 , 0.460152 , 0.614177 , 55 , -2 , -78
40 , 10 , 41 , 10 , 0.0398496 , 0.419888 , 0.470805 , 3.22572 , -2.3212 , -0.688279 , 0.0195412 , 0.478558 , 0.556198 , 36 , -21 , -11
40 , 10 , 38 , 12 , 0.0394234 , 0.415128 , 0.470867 , 3.2257 , -2.31053 , -0.677511 , -0.0195412 , 0.581581 , 0.485289 , -34 , -47 , -31
40 , 10 , 37 , 11 , 0.038785 , 0.410641 , 0.470942 , 3.22443 , -2.29867 , -0.66694 , -0.0977058 , 0.61839 , 0.519248 , -23 , 34 , -51
40 , 10 , 43 , 9 , 0.038647 , 0.40635 , 0.470747 , 3.22195 , -2.28505 , -0.656778 , -0.156329 , 0.732335 , 0.452514 , -31 , -69 , -16
40 , 10 , 42 , 6 , 0.039259 , 0.402193 , 0.470043 , 3.21835 , -2.27047 , -0.647926 , -0.254035 , 0.778011 , 0.416652 , -13 , -83 , -11
40 , 10 , 39 , 13 , 0.0399518 , 0.397862 , 0.468723 , 3.21343 , -2.25509 , -0.639953 , -0.234494 , 0.790606 , 0.359651 , -149 , -7 , -51
40 , 10 , 43 , 13 , 0.039497 , 0.393214 , 0.467127 , 3.20719 , -2.2392 , -0.632078 , -0.351741 , 0.753031 , 0.388748 , -61 , -98 , -43
40 , 10 , 43 , 9 , 0.0380784 , 0.388152 , 0.465591 , 3.19998 , -2.22515 , -0.624164 , -0.449447 , 0.690906 , 0.297125 , 62 , -15 , 46
40 , 10 , 42 , 8 , 0.0361059 , 0.382922 , 0.464486 , 3.19152 , -2.21069 , -0.617637 , -0.410364 , 0.798683 , 0.305488 , -80 , -81 , -66
40 , 10 , 43 , 15 , 0.0351381 , 0.377989 , 0.463219 , 3.18191 , -2.19473 , -0.612088 , -0.449447 , 0.768326 , 0.24946 , -130 , -68 , -13
40 , 10 , 43 , 15 , 0.0357558 , 0.373575 , 0.461275 , 3.17108 , -2.17948 , -0.607906 , -0.547152 , 0.726434 , 0.174473 , -100 , -15 , 33
40 , 10 , 39 , 8 , 0.0358603 , 0.36964 , 0.459187 , 3.15883 , -2.16491 , -0.604857 , -0.664399 , 0.725537 , 0.120773 , 38 , -148 , 67
40 , 10 , 40 , 8 , 0.0348491 , 0.366163 , 0.457051 , 3.14575 , -2.15058 , -0.603021 , -0.664399 , 0.811397 , 0.062458 , -54 , -98 , 68
40 , 10 , 42 , 9 , 0.0336551 , 0.362948 , 0.454966 , 3.13053 , -2.1343 , -0.602258 , -0.723023 , 0.812518 , 0.0236572 , -123 , -62 , -28
40 , 10 , 45 , 13 , 0.0332776 , 0.359745 , 0.452422 , 3.11472 , -2.11853 , -0.602473 , -0.781646 , 0.753031 , -0.0604364 , -92 , -243 , -65
40 , 10 , 36 , 12 , 0.0331434 , 0.356448 , 0.44957 , 3.09944 , -2.10437 , -0.603978 , -0.801187 , 0.623652 , -0.160349 , -12 , -46 , -79
40 , 10 , 37 , 8 , 0.0319465 , 0.3532 , 0.44693 , 3.08486 , -2.09225 , -0.60603 , -0.781646 , 0.670363 , -0.0284268 , -45 , 3 , -225
40 , 10 , 39 , 10 , 0.0303617 , 0.35043 , 0.444585 , 3.06833 , -2.07853 , -0.607886 , -0.879352 , 0.708438 , -0.13564 , -73 , -99 , -108
40 , 10 , 45 , 6 , 0.0295285 , 0.348049 , 0.442111 , 3.04981 , -2.06558 , -0.610896 , -0.898893 , 0.602498 , -0.181384 , -66 , 19 , -159
40 , 10 , 43 , 11 , 0.0293466 , 0.345943 , 0.439423 , 3.03187 , -2.05217 , -0.614902 , -0.84027 , 0.597584 , -0.200903 , 33 , -39 , -257
40 , 10 , 38 , 6 , 0.0291975 , 0.344312 , 0.436503 , 3.01561 , -2.0398 , -0.620197 , -0.820728 , 0.548908 , -0.299711 , 45 , -58 , -207
40 , 10 , 40 , 6 , 0.0287502 , 0.342858 , 0.433534 , 2.999 , -2.02755 , -0.626861 , -0.859811 , 0.628666 , -0.300016 , -21 , -36 , -290
40 , 10 , 45 , 7 , 0.0282122 , 0.341546 , 0.430494 , 2.98192 , -2.01456 , -0.634755 , -0.84027 , 0.71579 , -0.379683 , -50 , -36 , -267
40 , 10 , 41 , 11 , 0.0283195 , 0.34056 , 0.427106 , 2.96578 , -2.00076 , -0.64392 , -0.820728 , 0.549423 , -0.504938 , 54 , -21 , -78
40 , 10 , 41 , 8 , 0.0289165 , 0.339515 , 0.423101 , 2.95093 , -1.98884 , -0.654003 , -0.723023 , 0.591855 , -0.515596 , 68 , -90 , -234
40 , 10 , 42 , 8 , 0.028473 , 0.338927 , 0.41905 , 2.93752 , -1.97813 , -0.665122 , -0.605776 , 0.517416 , -0.674995 , -69 , -30 , -281
40 , 10 , 37 , 15 , 0.0268724 , 0.338738 , 0.415336 , 2.925 , -1.96817 , -0.677883 , -0.605776 , 0.427749 , -0.657949 , -21 , -50 , -182
40 , 10 , 42 , 14 , 0.0256073 , 0.33866 , 0.411767 , 2.91279 , -1.95953 , -0.690741 , -0.68394 , 0.391214 , -0.634453 , 105 , -114 , -172
40 , 10 , 40 , 8 , 0.0251433 , 0.339086 , 0.408147 , 2.90042 , -1.95212 , -0.702094 , -0.586235 , 0.346984 , -0.544824 , 16 , -134 , -348
40 , 10 , 39 , 11 , 0.0240274 , 0.340166 , 0.404984 , 2.88914 , -1.94587 , -0.713897 , -0.547152 , 0.288075 , -0.607493 , -64 , -38 , -252
40 , 10 , 37 , 9 , 0.0224443 , 0.341764 , 0.402235 , 2.87785 , -1.94059 , -0.725661 , -0.586235 , 0.213953 , -0.574456 , 1 , 57 , -215
40 , 10 , 37 , 10 , 0.0216837 , 0.343506 , 0.399522 , 2.86559 , -1.93493 , -0.736057 , -0.586235 , 0.307733 , -0.481306 , -83 , -16 , -214
40 , 10 , 43 , 12 , 0.0213878 , 0.345274 , 0.396859 , 2.85188 , -1.92942 , -0.745202 , -0.742564 , 0.284854 , -0.487308 , 59 , -66 , -252
40 , 10 , 44 , 12 , 0.0208241 , 0.346774 , 0.394323 , 2.838 , -1.92506 , -0.754758 , -0.68394 , 0.185693 , -0.451293 , 1 , -57 , -333
40 , 10 , 44 , 14 , 0.0197819 , 0.347702 , 0.392064 , 2.82526 , -1.92178 , -0.765232 , -0.566693 , 0.153625 , -0.571932 , -27 , -118 , -112
40 , 10 , 39 , 9 , 0.0189956 , 0.348143 , 0.389897 , 2.81395 , -1.92004 , -0.77551 , -0.527611 , 0.0584004 , -0.476029 , -69 , -101 , -279
40 , 10 , 36 , 14 , 0.0185247 , 0.348848 , 0.387844 , 2.80445 , -1.91955 , -0.785594 , -0.468988 , 0.0186419 , -0.596978 , -46 , -114 , -245
40 , 10 , 39 , 6 , 0.0177619 , 0.35016 , 0.386114 , 2.79405 , -1.91961 , -0.796146 , -0.50807 , 0 , -0.517416 , -44 , -198 , -209
40 , 10 , 37 , 6 , 0.017365 , 0.352222 , 0.384487 , 2.78422 , -1.91976 , -0.806718 , -0.547152 , -0.00628671 , -0.549938 , 45 , -202 , -200
40 , 10 , 43 , 13 , 0.0175613 , 0.354952 , 0.382737 , 2.77408 , -1.91968 , -0.817836 , -0.547152 , 0.0112698 , -0.611935 , -84 , -58 , -203
40 , 10 , 40 , 10 , 0.0179024 , 0.357903 , 0.380793 , 2.7639 , -1.91918 , -0.829327 , -0.449447 , 0.0307465 , -0.556198 , -46 , -58 , -262
40 , 10 , 37 , 13 , 0.0178764 , 0.360892 , 0.378799 , 2.75526 , -1.9192 , -0.840055 , -0.410364 , 0 , -0.489955 , -79 , -225 , -202
40 , 10 , 41 , 14 , 0.0171581 , 0.363677 , 0.377044 , 2.74651 , -1.92027 , -0.849356 , -0.429905 , -0.129239 , -0.474488 , -113 , -259 , -180
40 , 10 , 43 , 7 , 0.0160973 , 0.366056 , 0.375664 , 2.73774 , -1.92295 , -0.857212 , -0.390823 , -0.188985 , -0.379068 , -67 , -306 , -304
40 , 10 , 38 , 7 , 0.0145819 , 0.367935 , 0.374869 , 2.73015 , -1.92748 , -0.864853 , -0.351741 , -0.22687 , -0.495127 , -64 , -260 , -216
40 , 10 , 42 , 12 , 0.0130329 , 0.369158 , 0.374708 , 2.72367 , -1.93157 , -0.874115 , -0.234494 , -0.180047 , -0.498075 , -57 , -267 , -270
40 , 10 , 40 , 6 , 0.0133881 , 0.370356 , 0.374365 , 2.71866 , -1.93592 , -0.883475 , -0.195412 , -0.238112 , -0.404716 , -18 , -271 , -174
40 , 10 , 36 , 10 , 0.0150246 , 0.372308 , 0.373427 , 2.71462 , -1.93989 , -0.892562 , -0.136788 , -0.170317 , -0.424343 , 4 , -209 , -265
40 , 10 , 44 , 7 , 0.0152302 , 0.374851 , 0.372489 , 2.71098 , -1.94263 , -0.901453 , -0.195412 , -0.0933488 , -0.43169 , -16 , -302 , -346
40 , 10 , 36 , 13 , 0.0148136 , 0.377902 , 0.37171 , 2.70686 , -1.94556 , -0.91054 , -0.136788 , -0.171513 , -0.500413 , -31 , -296 , -245
40 , 10 , 45 , 12 , 0.0152015 , 0.381144 , 0.370782 , 2.70309 , -1.94937 , -0.920506 , -0.234494 , -0.22122 , -0.41024 , -36 , -326 , -221
40 , 10 , 36 , 15 , 0.0153224 , 0.384155 , 0.369782 , 2.69893 , -1.9547 , -0.928518 , -0.156329 , -0.305488 , -0.395966 , -58 , -306 , -149
40 , 10 , 42 , 11 , 0.0140389 , 0.386682 , 0.369266 , 2.69508 , -1.96129 , -0.935337 , -0.273576 , -0.444115 , -0.276265 , -3 , -243 , -242
40 , 10 , 37 , 13 , 0.0123464 , 0.388626 , 0.369518 , 2.69084 , -1.96969 , -0.940711 , -0.156329 , -0.498497 , -0.258479 , 8 , -200 , -243
40 , 10 , 43 , 7 , 0.011755 , 0.39048 , 0.370089 , 2.68677 , -1.97839 , -0.945323 , -0.17587 , -0.471628 , -0.178838 , -68 , -306 , -260
40 , 10 , 42 , 7 , 0.0117846 , 0.392725 , 0.370935 , 2.68286 , -1.9872 , -0.949368 , -0.214953 , -0.412261 , -0.303747 , 41 , -293 , -163
40 , 10 , 41 , 14 , 0.0120636 , 0.39547 , 0.371821 , 2.68015 , -1.99441 , -0.954761 , -0.0977058 , -0.362096 , -0.27823 , -1 , -355 , -281
40 , 10 , 36 , 8 , 0.0133426 , 0.398521 , 0.372352 , 2.6788 , -2.00195 , -0.960487 , -0.0586235 , -0.467118 , -0.237919 , -17 , -290 , -249
40 , 10 , 44 , 14 , 0.0145382 , 0.401532 , 0.372523 , 2.67737 , -2.00979 , -0.965157 , -0.0781646 , -0.322284 , -0.176417 , -26 , -304 , -158
40 , 10 , 40 , 8 , 0.0140027 , 0.404367 , 0.373146 , 2.67567 , -2.0179 , -0.968186 , -0.0586235 , -0.393974 , -0.139247 , -11 , -322 , -173
40 , 10 , 45 , 8 , 0.0131961 , 0.406872 , 0.374193 , 2.67534 , -2.02548 , -0.970238 , 0 , -0.354863 , -0.080482 , 56 , -319 , -215
40 , 10 , 44 , 11 , 0.0133786 , 0.409 , 0.375352 , 2.67628 , -2.0332 , -0.971919 , 0.0781646 , -0.403187 , -0.125209 , 19 , -353 , -161
40 , 10 , 38 , 7 , 0.0140607 , 0.410806 , 0.376436 , 2.67847 , -2.04229 , -0.973834 , 0.136788 , -0.568056 , -0.0535855 , 49 , -208 , -252
40 , 10 , 45 , 7 , 0.01443 , 0.412346 , 0.377544 , 2.68189 , -2.05118 , -0.974615 , 0.234494 , -0.418141 , -0.0256645 , -15 , -285 , -231
40 , 10 , 38 , 8 , 0.0140416 , 0.414003 , 0.378982 , 2.68632 , -2.05858 , -0.975201 , 0.293117 , -0.376272 , -0.0505895 , -2 , -276 , -239
40 , 10 , 44 , 9 , 0.0142058 , 0.415808 , 0.380468 , 2.69215 , -2.06509 , -0.975846 , 0.312658 , -0.328975 , -0.0100449 , 14 , -266 , -286
40 , 10 , 36 , 6 , 0.0157457 , 0.417703 , 0.381445 , 2.69912 , -2.0715 , -0.97655 , 0.410364 , -0.335949 , -0.0806812 , -49 , -344 , -187
40 , 10 , 38 , 12 , 0.0169194 , 0.4196 , 0.382172 , 2.70596 , -2.07803 , -0.977253 , 0.3322 , -0.274583 , -0.0110563 , 2 , -374 , -238
40 , 10 , 43 , 12 , 0.0168405 , 0.42121 , 0.38313 , 2.71206 , -2.08446 , -0.977234 , 0.293117 , -0.358334 , 0 , 2 , -353 , -119
40 , 10 , 39 , 12 , 0.016653 , 0.4224 , 0.38428 , 2.71804 , -2.09255 , -0.975924 , 0.312658 , -0.434891 , 0.129126 , 32 , -222 , -100
40 , 10 , 43 , 6 , 0.0166044 , 0.423286 , 0.385614 , 2.72525 , -2.10171 , -0.97313 , 0.351741 , -0.485292 , 0.166638 , 45 , -223 , -28
40 , 10 , 43 , 10 , 0.0160221 , 0.424194 , 0.387357 , 2.73361 , -2.11023 , -0.970238 , 0.449447 , -0.391605 , 0.130332 , -82 , -340 , -3
40 , 10 , 36 , 15 , 0.0154683 , 0.425347 , 0.389557 , 2.74372 , -2.11957 , -0.966936 , 0.547152 , -0.44922 , 0.181384 , -16 , -327 , -11
40 , 10 , 42 , 6 , 0.0162665 , 0.426587 , 0.391598 , 2.75343 , -2.13001 , -0.962793 , 0.468988 , -0.583024 , 0.247775 , 72 , -116 , -17
40 , 10 , 43 , 8 , 0.0168303 , 0.427786 , 0.393591 , 2.76251 , -2.13944 , -0.95822 , 0.488529 , -0.472575 , 0.183772 , 74 , -242 , -35
40 , 10 , 38 , 14 , 0.0161887 , 0.429334 , 0.396137 , 2.77389 , -2.14847 , -0.95482 , 0.586235 , -0.394769 , 0.169529 , -99 , -350 , -98
40 , 10 , 41 , 9 , 0.0170613 , 0.430677 , 0.398598 , 2.78467 , -2.1575 , -0.951674 , 0.468988 , -0.479927 , 0.169041 , 65 , -327 , -88
40 , 10 , 40 , 13 , 0.0194692 , 0.43123 , 0.400327 , 2.79556 , -2.16622 , -0.947414 , 0.527611 , -0.448531 , 0.233188 , 93 , -326 , -119
40 , 10 , 42 , 11 , 0.0199011 , 0.431971 , 0.402093 , 2.80756 , -2.17565 , -0.94206 , 0.644858 , -0.48975 , 0.284165 , -11 , -252 , -20
40 , 10 , 44 , 14 , 0.0186021 , 0.433007 , 0.404498 , 2.82028 , -2.18429 , -0.935748 , 0.644858 , -0.3476 , 0.36232 , 31 , -341 , -17
40 , 10 , 45 , 14 , 0.0182532 , 0.433859 , 0.40724 , 2.83401 , -2.19297 , -0.928166 , 0.781646 , -0.475452 , 0.402356 , -19 , -380 , 51
40 , 10 , 37 , 15 , 0.0192205 , 0.434419 , 0.409803 , 2.84943 , -2.20334 , -0.919138 , 0.781646 , -0.577852 , 0.489342 , -34 , -318 , -41
40 , 10 , 36 , 11 , 0.0194371 , 0.434737 , 0.412545 , 2.86456 , -2.21419 , -0.908742 , 0.703482 , -0.485695 , 0.561527 , 52 , -255 , -39
40 , 10 , 41 , 15 , 0.018395 , 0.434964 , 0.416028 , 2.87853 , -2.22357 , -0.897447 , 0.664399 , -0.43667 , 0.589178 , 12 , -337 , -20
40 , 10 , 37 , 7 , 0.0186653 , 0.434914 , 0.419683 , 2.89117 , -2.23312 , -0.885175 , 0.625317 , -0.523656 , 0.667309 , -67 , -359 , 50
40 , 10 , 41 , 6 , 0.0203692 , 0.434497 , 0.42299 , 2.90255 , -2.24264 , -0.872063 , 0.566693 , -0.491601 , 0.627321 , 1 , -300 , -21
40 , 10 , 39 , 10 , 0.0211784 , 0.433833 , 0.426326 , 2.91271 , -2.25116 , -0.859752 , 0.50807 , -0.379316 , 0.544066 , 82 , -249 , -34
40 , 10 , 40 , 9 , 0.0215911 , 0.432814 , 0.429729 , 2.92189 , -2.25829 , -0.849278 , 0.449447 , -0.318517 , 0.575586 , 16 , -330 , -22
40 , 10 , 40 , 7 , 0.0230294 , 0.431486 , 0.43276 , 2.92979 , -2.2641 , -0.837241 , 0.351741 , -0.254331 , 0.556727 , -3 , -351 , -42
40 , 10 , 39 , 7 , 0.0245405 , 0.430214 , 0.435399 , 2.93631 , -2.26887 , -0.82663 , 0.3322 , -0.202427 , 0.492837 , -20 , -337 , -99
40 , 10 , 41 , 13 , 0.0255191 , 0.429081 , 0.4378 , 2.94208 , -2.27244 , -0.817622 , 0.293117 , -0.150393 , 0.432801 , -54 , -410 , -48
40 , 10 , 36 , 6 , 0.0264929 , 0.427904 , 0.439875 , 2.94599 , -2.27461 , -0.80916 , 0.195412 , -0.0805703 , 0.476998 , 64 , -408 , 80
40 , 10 , 38 , 12 , 0.0275999 , 0.426612 , 0.441563 , 2.94909 , -2.27602 , -0.799976 , 0.117247 , -0.045821 , 0.430736 , 87 , -419 , -34
40 , 10 , 36 , 14 , 0.028065 , 0.425264 , 0.443146 , 2.95105 , -2.27641 , -0.790889 , 0.0586235 , -0.00830117 , 0.478362 , 57 , -323 , -7
40 , 10 , 39 , 6 , 0.0282576 , 0.423747 , 0.444749 , 2.95163 , -2.27627 , -0.780943 , 0.0195412 , 0.0399876 , 0.593052 , 63 , -82 , -152
40 , 10 , 44 , 9 , 0.0286532 , 0.421905 , 0.446199 , 2.95113 , -2.274 , -0.770977 , -0.0781646 , 0.1674 , 0.482895 , 20 , -57 , -35
40 , 10 , 37 , 7 , 0.0288507 , 0.41976 , 0.447618 , 2.95046 , -2.27045 , -0.762007 , 0 , 0.229715 , 0.505155 , -7 , -98 , -36
40 , 10 , 40 , 9 , 0.0298599 , 0.417445 , 0.448719 , 2.95007 , -2.2656 , -0.753761 , -0.0586235 , 0.292824 , 0.414004 , -25 , -72 , -115
40 , 10 , 43 , 6 , 0.0312843 , 0.414965 , 0.44916 , 2.94825 , -2.25937 , -0.746902 , -0.117247 , 0.303277 , 0.322815 , 2 , 2 , -147
40 , 10 , 39 , 6 , 0.0318201 , 0.412094 , 0.449337 , 2.94645 , -2.25214 , -0.741411 , -0.0781646 , 0.430421 , 0.204834 , -55 , -26 , -63
40 , 10 , 39 , 6 , 0.0321357 , 0.408902 , 0.449141 , 2.94487 , -2.24327 , -0.737229 , -0.117247 , 0.465634 , 0.177645 , -47 , -120 , -48
40 , 10 , 37 , 12 , 0.0329308 , 0.405863 , 0.448486 , 2.94188 , -2.23367 , -0.7342 , -0.17587 , 0.475068 , 0.130972 , -56 , -12 , 2
40 , 10 , 41 , 11 , 0.0337026 , 0.402974 , 0.44718 , 2.93774 , -2.22302 , -0.731465 , -0.273576 , 0.57082 , 0.150857 , -39 , 16 , 38
40 , 10 , 45 , 7 , 0.0334348 , 0.400258 , 0.445752 , 2.93346 , -2.21112 , -0.728494 , -0.156329 , 0.602498 , 0.128785 , -71 , -80 , -36
40 , 10 , 44 , 10 , 0.0327798 , 0.397862 , 0.444362 , 2.93045 , -2.19836 , -0.726599 , -0.136788 , 0.687662 , 0.0495375 , -77 , -194 , 96
40 , 10 , 40 , 12 , 0.0329085 , 0.39547 , 0.442653 , 2.92871 , -2.18603 , -0.725915 , -0.0390823 , 0.566135 , 0.00847054 , -75 , -88 , 97
40 , 10 , 39 , 12 , 0.0331999 , 0.392747 , 0.440516 , 2.92711 , -2.17511 , -0.725387 , -0.136788 , 0.547882 , 0.0671823 , -67 , -65 , 34
40 , 10 , 42 , 12 , 0.0320169 , 0.389807 , 0.438498 , 2.92418 , -2.16481 , -0.723804 , -0.17587 , 0.486902 , 0.113787 , -39 , -102 , 19
40 , 10 , 38 , 14 , 0.0298324 , 0.386908 , 0.437062 , 2.92105 , -2.15605 , -0.72185 , -0.117247 , 0.348945 , 0.0832956 , -34 , -35 , 11
40 , 10 , 42 , 14 , 0.0283191 , 0.384245 , 0.435998 , 2.91826 , -2.14853 , -0.720248 , -0.214953 , 0.321136 , 0.12198 , 37 , -58 , 39
40 , 10 , 45 , 11 , 0.0278129 , 0.381983 , 0.43497 , 2.91511 , -2.14236 , -0.7172 , -0.0977058 , 0.247773 , 0.183427 , 33 , -16 , -40
40 , 10 , 37 , 8 , 0.0271759 , 0.380279 , 0.434118 , 2.91343 , -2.13731 , -0.714014 , -0.0781646 , 0.214344 , 0.116455 , 35 , 19 , -45
40 , 10 , 42 , 11 , 0.0258886 , 0.379002 , 0.433781 , 2.91171 , -2.13171 , -0.71206 , -0.0977058 , 0.296078 , 0.0757995 , 2 , -26 , -66
40 , 10 , 41 , 11 , 0.0254739 , 0.377736 , 0.433435 , 2.90993 , -2.12639 , -0.711357 , -0.0390823 , 0.286526 , 0.0174921 , -16 , -94 , -51
40 , 10 , 43 , 6 , 0.0263216 , 0.376311 , 0.432648 , 2.9094 , -2.12252 , -0.711435 , 0 , 0.169234 , 0 , -30 , -68 , -213
40 , 10 , 44 , 6 , 0.0265387 , 0.374867 , 0.43171 , 2.91011 , -2.11816 , -0.712822 , 0.0781646 , 0.237919 , -0.0879173 , 39 , -101 , -233
40 , 10 , 37 , 7 , 0.025581 , 0.373663 , 0.431034 , 2.91216 , -2.11283 , -0.715793 , 0.136788 , 0.331205 , -0.195672 , 117 , -116 , -188
40 , 10 , 42 , 14 , 0.0256222 , 0.37265 , 0.43024 , 2.91415 , -2.10634 , -0.719974 , 0.0781646 , 0.36165 , -0.20613 , 34 , -101 , -223
40 , 10 , 44 , 13 , 0.0273517 , 0.371789 , 0.428598 , 2.91591 , -2.10022 , -0.724273 , 0.0977058 , 0.277309 , -0.24611 , 57 , -16 , -158
40 , 10 , 45 , 15 , 0.0282118 , 0.371429 , 0.426453 , 2.91906 , -2.09507 , -0.728475 , 0.234494 , 0.227221 , -0.249461 , 16 , 19 , -148
40 , 10 , 39 , 9 , 0.0264844 , 0.371545 , 0.424811 , 2.92344 , -2.09096 , -0.732696 , 0.17587 , 0.183828 , -0.187654 , 98 , -7 , -209
40 , 10 , 41 , 15 , 0.0247883 , 0.371507 , 0.423771 , 2.92775 , -2.0866 , -0.736819 , 0.17587 , 0.277309 , -0.230983 , 32 , -67 , -213
40 , 10 , 36 , 9 , 0.0248477 , 0.371239 , 0.422619 , 2.93176 , -2.08217 , -0.741001 , 0.195412 , 0.148338 , -0.191705 , -20 , -54 , -252
40 , 10 , 43 , 10 , 0.0256349 , 0.371102 , 0.42118 , 2.93534 , -2.07799 , -0.744225 , 0.136788 , 0.212942 , -0.154191 , 76 , -39 , -227
40 , 10 , 38 , 9 , 0.0252857 , 0.371324 , 0.419673 , 2.93891 , -2.07381 , -0.747176 , 0.254035 , 0.179002 , -0.204548 , -65 , -20 , -282
40 , 10 , 38 , 9 , 0.0239425 , 0.371686 , 0.418685 , 2.94261 , -2.06927 , -0.751084 , 0.117247 , 0.238695 , -0.213176 , 32 , -49 , -355
40 , 10 , 36 , 11 , 0.0238232 , 0.371732 , 0.417568 , 2.94497 , -2.06386 , -0.756595 , 0.0977058 , 0.302962 , -0.319299 , -16 , 0 , -255
40 , 10 , 41 , 13 , 0.0251611 , 0.371461 , 0.415875 , 2.94614 , -2.05716 , -0.762359 , 0.0390823 , 0.3502 , -0.247878 , -15 , -13 , -216
40 , 10 , 39 , 8 , 0.0262225 , 0.371298 , 0.413597 , 2.9461 , -2.05057 , -0.766736 , -0.0390823 , 0.321399 , -0.204905 , -15 , 0 , -185
40 , 10 , 40 , 6 , 0.0255174 , 0.371499 , 0.411394 , 2.94474 , -2.04303 , -0.770996 , -0.117247 , 0.386441 , -0.224351 , -6 , -135 , -255
40 , 10 , 39 , 10 , 0.0237175 , 0.371834 , 0.409683 , 2.94214 , -2.03506 , -0.776214 , -0.136788 , 0.421447 , -0.290214 , -62 , -69 , -269
40 , 10 , 39 , 10 , 0.0233336 , 0.371902 , 0.407951 , 2.9385 , -2.02734 , -0.781764 , -0.195412 , 0.347707 , -0.256781 , -68 , -36 , -293
40 , 10 , 41 , 7 , 0.0245011 , 0.371418 , 0.40553 , 2.93371 , -2.0213 , -0.786238 , -0.214953 , 0.25367 , -0.176152 , -66 , 56 , -332
40 , 10 , 40 , 12 , 0.0240789 , 0.37086 , 0.403309 , 2.92857 , -2.01424 , -0.790498 , -0.195412 , 0.36232 , -0.22122 , -49 , -6 , -327
40 , 10 , 37 , 9 , 0.0220985 , 0.370491 , 0.4017 , 2.92375 , -2.00748 , -0.794758 , -0.214953 , 0.281302 , -0.198454 , -123 , -20 , -260
40 , 10 , 41 , 12 , 0.0216618 , 0.370002 , 0.400024 , 2.9181 , -2.00082 , -0.798256 , -0.351741 , 0.339256 , -0.15156 , 29 , -58 , -210
40 , 10 , 44 , 6 , 0.022213 , 0.369621 , 0.39795 , 2.91161 , -1.99398 , -0.800347 , -0.234494 , 0.298337 , -0.0732233 , 2 , -20 , -199
40 , 10 , 41 , 6 , 0.0214427 , 0.369479 , 0.396222 , 2.9069 , -1.98747 , -0.802125 , -0.17587 , 0.3348 , -0.10559 , -1 , 11 , -212
40 , 10 , 39 , 8 , 0.0199567 , 0.369298 , 0.394898 , 2.90348 , -1.97928 , -0.805017 , -0.136788 , 0.430738 , -0.179716 , -47 , 20 , -191
40 , 10 , 43 , 13 , 0.0198654 , 0.368546 , 0.393391 , 2.89985 , -1.97004 , -0.809023 , -0.254035 , 0.563685 , -0.237534 , -4 , -145 , -197
40 , 10 , 44 , 7 , 0.0213299 , 0.367112 , 0.391108 , 2.89625 , -1.96058 , -0.813381 , -0.156329 , 0.364572 , -0.216642 , -20 , -66 , -210
40 , 10 , 38 , 14 , 0.0221051 , 0.36566 , 0.388372 , 2.89389 , -1.95267 , -0.817368 , -0.0781646 , 0.421447 , -0.236193 , -83 , -159 , -242
40 , 10 , 43 , 15 , 0.0208393 , 0.364521 , 0.38648 , 2.89164 , -1.94618 , -0.821608 , -0.136788 , 0.281842 , -0.201455 , -69 , -54 , -252
40 , 10 , 43 , 6 , 0.0192165 , 0.363714 , 0.385067 , 2.88932 , -1.94083 , -0.824949 , -0.0781646 , 0.220802 , -0.147815 , -94 , 27 , -227
40 , 10 , 38 , 10 , 0.0186583 , 0.363342 , 0.383816 , 2.8883 , -1.93524 , -0.8279 , -0.0195412 , 0.307895 , -0.169041 , -52 , -12 , -206
40 , 10 , 38 , 13 , 0.0187988 , 0.363304 , 0.382352 , 2.88748 , -1.92965 , -0.830968 , -0.0781646 , 0.245801 , -0.13458 , -68 , -33 , -274
40 , 10 , 44 , 11 , 0.0187442 , 0.363418 , 0.380864 , 2.88515 , -1.92523 , -0.833333 , -0.156329 , 0.173697 , -0.0804152 , 4 , -69 , -272
0 , 0 , 0 , 0 , 0.0175073 , 0.363275 , 0.379895 , 2.88256 , -1.92158 , -0.834857 , -0.0977058 , 0.194116 , -0.0668149 , -37 , -110 , -260
0 , 0 , 0 , 0 , 0.0163227 , 0.362777 , 0.379242 , 2.87951 , -1.91775 , -0.835658 , -0.156329 , 0.243251 , -0.018884 , -52 , -35 , -244
0 , 0 , 0 , 0 , 0.0164255 , 0.362112 , 0.378449 , 2.87511 , -1.9122 , -0.835697 , -0.293117 , 0.293411 , 0 , 82 , -38 , -94
0 , 0 , 0 , 0 , 0.0170285 , 0.361267 , 0.377294 , 2.86923 , -1.90556 , -0.834701 , -0.3322 , 0.376515 , 0.122182 , -16 , -65 , -46
0 , 0 , 0 , 0 , 0.0169299 , 0.360274 , 0.375997 , 2.86233 , -1.8979 , -0.831984 , -0.371282 , 0.438798 , 0.165229 , -78 , -77 , -72
0 , 0 , 0 , 0 , 0.0157697 , 0.35914 , 0.374893 , 2.85414 , -1.88848 , -0.827881 , -0.468988 , 0.490983 , 0.225996 , -68 , -13 , -88
0 , 0 , 0 , 0 , 0.0145869 , 0.357655 , 0.37392 , 2.84472 , -1.87796 , -0.8228 , -0.488529 , 0.588291 , 0.294885 , -75 , -131 , -39
0 , 0 , 0 , 0 , 0.0139898 , 0.355348 , 0.372897 , 2.83423 , -1.86661 , -0.816351 , -0.547152 , 0.573611 , 0.321575 , 2 , -22 , 10
0 , 0 , 0 , 0 , 0.0134961 , 0.352174 , 0.371879 , 2.82256 , -1.85414 , -0.808945 , -0.644858 , 0.665415 , 0.41695 , -64 , 8 , -38
0 , 0 , 0 , 0 , 0.0128859 , 0.348325 , 0.370838 , 2.80898 , -1.8399 , -0.800074 , -0.664399 , 0.69956 , 0.460875 , -51 , -47 , -17
0 , 0 , 0 , 0 , 0.0119976 , 0.343867 , 0.369876 , 2.79454 , -1.82411 , -0.789873 , -0.703482 , 0.769838 , 0.564229 , -61 , -77 , -68
0 , 0 , 0 , 0 , 0.0110514 , 0.338835 , 0.368987 , 2.7793 , -1.80781 , -0.778774 , -0.859811 , 0.829769 , 0.602498 , -11 , -46 , -43
0 , 0 , 0 , 0 , 0.0104751 , 0.333595 , 0.367949 , 2.76246 , -1.7902 , -0.766795 , -0.859811 , 0.944774 , 0.634453 , -1 , -80 , 20
0 , 0 , 0 , 0 , 0.0100328 , 0.328245 , 0.36682 , 2.74483 , -1.77158 , -0.75294 , -0.898893 , 1.00728 , 0.758875 , -45 , -93 , -12
0 , 0 , 0 , 0 , 0.00942773 , 0.322569 , 0.365672 , 2.7258 , -1.75128 , -0.738089 , -1.01614 , 1.0231 , 0.765316 , 6 , -92 , -47
0 , 0 , 0 , 0 , 0.00891068 , 0.316189 , 0.364582 , 2.70549 , -1.73039 , -0.722612 , -0.957517 , 1.16548 , 0.860212 , -66 , -117 , 3
0 , 0 , 0 , 0 , 0.00859998 , 0.309244 , 0.363527 , 2.68411 , -1.70786 , -0.704967 , -1.0943 , 1.13173 , 0.884213 , -13 , -29 , 35
0 , 0 , 0 , 0 , 0.00856734 , 0.301633 , 0.362454 , 2.66154 , -1.68437 , -0.687008 , -1.0943 , 1.25129 , 0.932751 , -55 , -154 , -2
0 , 0 , 0 , 0 , 0.00838183 , 0.29345 , 0.361233 , 2.63755 , -1.65953 , -0.667155 , -1.25063 , 1.20068 , 1.00988 , 21 , -30 , -129
0 , 0 , 0 , 0 , 0.00774286 , 0.28516 , 0.36018 , 2.61271 , -1.63337 , -0.646715 , -1.30926 , 1.29841 , 1.05628 , -29 , -30 , -61
0 , 0 , 0 , 0 , 0.00676386 , 0.276523 , 0.359135 , 2.58631 , -1.60656 , -0.624477 , -1.25063 , 1.43773 , 1.04825 , -90 , -84 , -74
0 , 0 , 0 , 0 , 0.0059722 , 0.267653 , 0.357858 , 2.55893 , -1.57805 , -0.601829 , -1.40696 , 1.38099 , 1.18431 , 65 , 13 , -18
0 , 0 , 0 , 0 , 0.00557765 , 0.2584 , 0.356712 , 2.53044 , -1.54827 , -0.577168 , -1.44605 , 1.48414 , 1.17599 , -72 , -30 , 22
0 , 0 , 0 , 0 , 0.00505657 , 0.248427 , 0.355524 , 2.50068 , -1.51741 , -0.551764 , -1.50467 , 1.6678 , 1.33083 , -39 , -122 , -83
0 , 0 , 0 , 0 , 0.00406624 , 0.237934 , 0.354396 , 2.46947 , -1.48577 , -0.525247 , -1.56329 , 1.67137 , 1.3689 , 50 , -124 , 55
0 , 0 , 0 , 0 , 0.00289268 , 0.227299 , 0.353073 , 2.43731 , -1.45267 , -0.49701 , -1.661 , 1.67256 , 1.34689 , 20 , -43 , 63
0 , 0 , 0 , 0 , 0.0020336 , 0.216182 , 0.351541 , 2.40417 , -1.41822 , -0.467972 , -1.70008 , 1.72421 , 1.58763 , 13 , -8 , -103
0 , 0 , 0 , 0 , 0.00171751 , 0.204651 , 0.349991 , 2.36976 , -1.38246 , -0.436374 , -1.79779 , 1.75125 , 1.55088 , -11 , 2 , 29
0 , 0 , 0 , 0 , 0.00148381 , 0.192848 , 0.348477 , 2.33417 , -1.3456 , -0.405049 , -1.85641 , 1.82912 , 1.55191 , -20 , 20 , 19
0 , 0 , 0 , 0 , 0.000720833 , 0.180776 , 0.347248 , 2.29554 , -1.30566 , -0.374291 , -1.93457 , 1.89566 , 1.45919 , 33 , -65 , -45
0 , 0 , 0 , 0 , -0.000179294 , 0.168808 , 0.345597 , 2.25931 , -1.26842 , -0.344862 , -1.89549 , 1.9822 , 1.37937 , -98 , -45 , -57
0 , 0 , 0 , 0 , -0.000762202 , 0.156192 , 0.343732 , 2.21808 , -1.22589 , -0.317114 , -1.97366 , 2.0215 , 1.43949 , 29 , -29 , -60
0 , 0 , 0 , 0 , -0.000956391 , 0.142819 , 0.341665 , 2.17761 , -1.18429 , -0.290069 , -2.01274 , 2.06602 , 1.28349 , -49 , -43 , 51
0 , 0 , 0 , 0 , -0.00101816 , 0.129362 , 0.338695 , 2.13597 , -1.14154 , -0.26404 , -2.11044 , 2.08996 , 1.18851 , -79 , 51 , -32
0 , 0 , 0 , 0 , -0.00125727 , 0.116112 , 0.335596 , 2.09307 , -1.09763 , -0.239926 , -2.18861 , 2.14345 , 1.20873 , -39 , 75 , -26
0 , 0 , 0 , 0 , -0.001779 , 0.103573 , 0.332078 , 2.04901 , -1.05266 , -0.216321 , -2.22769 , 2.23752 , 1.06539 , 1 , -20 , 78
0 , 0 , 0 , 0 , -0.00238326 , 0.0917596 , 0.328218 , 2.00367 , -1.00625 , -0.194395 , -2.28632 , 2.37101 , 1.11134 , 1 , -88 , -84
0 , 0 , 0 , 0 , -0.00269669 , 0.0800247 , 0.323982 , 1.95713 , -0.958435 , -0.173389 , -2.40356 , 2.54056 , 1.00684 , 57 , -207 , 2
0 , 0 , 0 , 0 , -0.0027198 , 0.0679304 , 0.318882 , 1.90943 , -0.910852 , -0.153672 , -2.46219 , 2.39768 , 1.03437 , 27 , -132 , -80
0 , 0 , 0 , 0 , -0.00305998 , 0.0557592 , 0.314151 , 1.86057 , -0.864657 , -0.135029 , -2.4231 , 2.23859 , 0.83153 , -69 , -53 , 73
0 , 0 , 0 , 0 , -0.00409202 , 0.0439443 , 0.30942 , 1.81064 , -0.819849 , -0.117696 , -2.50127 , 2.1202 , 0.839869 , -36 , 36 , -3
0 , 0 , 0 , 0 , -0.00546236 , 0.0326226 , 0.304793 , 1.75931 , -0.776331 , -0.101321 , -2.67714 , 2.0715 , 0.775435 , 105 , 91 , -80
0 , 0 , 0 , 0 , -0.00666026 , 0.0215871 , 0.300168 , 1.70661 , -0.733888 , -0.0866259 , -2.57943 , 2.03995 , 0.692127 , -37 , 43 , 18
0 , 0 , 0 , 0 , -0.0074522 , 0.0111128 , 0.295955 , 1.65316 , -0.692617 , -0.0726149 , -2.69668 , 1.97135 , 0.705237 , -62 , 6 , -48
0 , 0 , 0 , 0 , -0.00783676 , 0.00158755 , 0.291632 , 1.59817 , -0.652421 , -0.0598741 , -2.77484 , 1.93795 , 0.577852 , -16 , -9 , -32
0 , 0 , 0 , 0 , -0.00770128 , -0.00721005 , 0.2873 , 1.54207 , -0.613534 , -0.0488334 , -2.7553 , 1.90181 , 0.521791 , -115 , 30 , 81
0 , 0 , 0 , 0 , -0.00701459 , -0.0151682 , 0.282814 , 1.48497 , -0.575702 , -0.0385547 , -2.91163 , 1.81216 , 0.479927 , 68 , 34 , 44
0 , 0 , 0 , 0 , -0.00637421 , -0.022373 , 0.278593 , 1.42637 , -0.539004 , -0.0293313 , -2.85301 , 1.71413 , 0.471058 , -68 , 42 , -87
0 , 0 , 0 , 0 , -0.00610415 , -0.0293779 , 0.274342 , 1.36856 , -0.503556 , -0.0215148 , -2.87255 , 1.68275 , 0.362318 , -24 , 33 , -110
0 , 0 , 0 , 0 , -0.0062106 , -0.0363658 , 0.270214 , 1.31166 , -0.46934 , -0.0150858 , -2.89209 , 1.62955 , 0.280091 , 63 , -16 , -3
0 , 0 , 0 , 0 , -0.00668286 , -0.0435411 , 0.266051 , 1.25345 , -0.434713 , -0.00963379 , -2.7553 , 1.61718 , 0.195736 , -33 , -85 , 13
0 , 0 , 0 , 0 , -0.00722119 , -0.0505922 , 0.261705 , 1.19908 , -0.404951 , -0.00554969 , -2.7553 , 1.62785 , 0.171562 , 114 , -119 , 34
0 , 0 , 0 , 0 , -0.00761238 , -0.0569515 , 0.257169 , 1.14585 , -0.37306 , -0.00248173 , -2.52081 , 1.51432 , 0.117623 , -67 , 16 , 38
0 , 0 , 0 , 0 , -0.00777703 , -0.0626706 , 0.252645 , 1.09417 , -0.343494 , -0.000644858 , -2.59897 , 1.41517 , 0.07415 , 62 , -9 , -6
0 , 0 , 0 , 0 , -0.00794237 , -0.0677403 , 0.248334 , 1.04332 , -0.315257 , -9.77058e-05 , -2.52081 , 1.36492 , 0 , 56 , -11 , 13
0 , 0 , 0 , 0 , -0.00811602 , -0.0721434 , 0.244105 , 0.993785 , -0.28874 , -3.90823e-05 , -2.46219 , 1.40038 , 0 , 51 , -39 , 31
0 , 0 , 0 , 0 , -0.00829804 , -0.076098 , 0.240097 , 0.945343 , -0.262848 , -3.90823e-05 , -2.28632 , 1.24499 , 0 , -48 , -3 , 31
0 , 0 , 0 , 0 , -0.0084981 , -0.0796089 , 0.236423 , 0.898405 , -0.238324 , -3.90823e-05 , -2.26677 , 1.19153 , 0 , -115 , -67 , 18
0 , 0 , 0 , 0 , -0.00884894 , -0.082986 , 0.233005 , 0.852483 , -0.215363 , -3.90823e-05 , -2.26677 , 1.15174 , 0 , -36 , 19 , 49
0 , 0 , 0 , 0 , -0.00917412 , -0.0864706 , 0.229541 , 0.807753 , -0.19293 , -3.90823e-05 , -2.20815 , 1.05295 , 0 , 12 , -50 , 36
0 , 0 , 0 , 0 , -0.00924352 , -0.0898885 , 0.226275 , 0.764294 , -0.172353 , -1.95412e-05 , -2.20815 , 1.02265 , 0 , 63 , 32 , 67
0 , 0 , 0 , 0 , -0.00926202 , -0.0931982 , 0.223238 , 0.721948 , -0.152362 , -1.95412e-05 , -2.11044 , 0.934235 , 0 , 57 , 3 , 55
0 , 0 , 0 , 0 , -0.00937562 , -0.0962346 , 0.220495 , 0.680755 , -0.134228 , -1.95412e-05 , -2.05182 , 0.898788 , 0 , 113 , 19 , 7
0 , 0 , 0 , 0 , -0.00966107 , -0.0989056 , 0.217947 , 0.640852 , -0.116622 , -1.95412e-05 , -1.93457 , 0.910295 , 0 , 50 , -83 , 31
0 , 0 , 0 , 0 , -0.0100242 , -0.101134 , 0.215748 , 0.60218 , -0.100735 , -1.95412e-05 , -1.95412 , 0.750855 , 0 , 23 , 57 , 31
0 , 0 , 0 , 0 , -0.0102576 , -0.102881 , 0.213773 , 0.564603 , -0.0858248 , -1.95412e-05 , -1.87595 , 0.728919 , 0 , -35 , -15 , 55
0 , 0 , 0 , 0 , -0.0102558 , -0.104328 , 0.212001 , 0.528217 , -0.0720092 , 0 , -1.79779 , 0.660172 , 0 , 69 , -23 , 31
0 , 0 , 0 , 0 , -0.0101099 , -0.105782 , 0.210284 , 0.493023 , -0.0590338 , 0 , -1.73916 , 0.582447 , 0 , 41 , 94 , 42
0 , 0 , 0 , 0 , -0.00990382 , -0.107136 , 0.208659 , 0.459061 , -0.0481494 , 0 , -1.60237 , 0.516734 , 0 , -83 , 29 , 31
0 , 0 , 0 , 0 , -0.00983984 , -0.108377 , 0.207185 , 0.426056 , -0.0379685 , 0 , -1.56329 , 0.509988 , 0 , 0 , -7 , 18
0 , 0 , 0 , 0 , -0.0100071 , -0.109734 , 0.205935 , 0.393012 , -0.0285105 , 0 , -1.54375 , 0.393442 , 0 , 85 , -2 , 55
0 , 0 , 0 , 0 , -0.0102649 , -0.110985 , 0.204855 , 0.362977 , -0.0210654 , -1.95412e-05 , -1.48513 , 0.333273 , 0 , 15 , 68 , 36
0 , 0 , 0 , 0 , -0.0104783 , -0.111925 , 0.20396 , 0.334173 , -0.0145972 , 0 , -1.48513 , 0.304853 , 0 , -34 , 34 , 49
0 , 0 , 0 , 0 , -0.0105937 , -0.112598 , 0.203215 , 0.30619 , -0.00930159 , 0 , -1.38742 , 0.255216 , 0 , 1 , -17 , 49
0 , 0 , 0 , 0 , -0.0106574 , -0.112958 , 0.202617 , 0.279771 , -0.00498299 , 0 , -1.28972 , 0.174525 , 0 , 11 , -11 , 49
0 , 0 , 0 , 0 , -0.0108189 , -0.113027 , 0.202199 , 0.254563 , -0.0020909 , 0 , -1.21155 , 0.113655 , 0 , 77 , -4 , 31
0 , 0 , 0 , 0 , -0.0110768 , -0.112876 , 0.201993 , 0.230214 , -0.000429905 , 0 , -1.13339 , 0.0449838 , 0 , 73 , -6 , 13
0 , 0 , 0 , 0 , -0.0112999 , -0.112615 , 0.201928 , 0.207488 , 1.95412e-05 , 0 , -1.07476 , 0 , 0 , -15 , -7 , 55
0 , 0 , 0 , 0 , -0.0113917 , -0.112389 , 0.201928 , 0.185563 , 0.000117247 , 0 , -0.996599 , 0 , 0 , -66 , -3 , 7
0 , 0 , 0 , 0 , -0.0112827 , -0.11213 , 0.201928 , 0.16524 , 0.000117247 , 0 , -0.996599 , 0 , 0 , 7 , -26 , 36
0 , 0 , 0 , 0 , -0.0110175 , -0.111795 , 0.201928 , 0.145777 , 9.77058e-05 , 0 , -0.937975 , 0 , 0 , -53 , -21 , 55
0 , 0 , 0 , 0 , -0.0107585 , -0.111419 , 0.201928 , 0.127897 , 9.77058e-05 , 0 , -0.918434 , 0 , 0 , 46 , 1 , 55
0 , 0 , 0 , 0 , -0.0106302 , -0.111089 , 0.201928 , 0.110701 , 9.77058e-05 , 0 , -0.801187 , 0 , 0 , 2 , 1 , 49
0 , 0 , 0 , 0 , -0.0106125 , -0.110813 , 0.201928 , 0.0952045 , 5.86235e-05 , 0 , -0.723023 , 0 , 0 , -68 , -7 , 31
0 , 0 , 0 , 0 , -0.0105565 , -0.110563 , 0.201928 , 0.0804705 , 7.81646e-05 , 0 , -0.664399 , 0 , 0 , -15 , -17 , 36
0 , 0 , 0 , 0 , -0.0104283 , -0.110334 , 0.201928 , 0.067163 , 0 , 0 , -0.625317 , 0 , 0 , 81 , -17 , 25
0 , 0 , 0 , 0 , -0.010297 , -0.11016 , 0.201928 , 0.0552624 , 3.90823e-05 , 0 , -0.566693 , 0 , 0 , -81 , -43 , 31
0 , 0 , 0 , 0 , -0.0102071 , -0.109994 , 0.201928 , 0.0441435 , 5.86235e-05 , 0 , -0.527611 , 0 , 0 , -4 , -35 , 13
0 , 0 , 0 , 0 , -0.0101408 , -0.109798 , 0.201928 , 0.0344511 , 5.86235e-05 , 0 , -0.468988 , 0 , 0 , 84 , 6 , 55
0 , 0 , 0 , 0 , -0.0100547 , -0.109589 , 0.201928 , 0.0255598 , 1.95412e-05 , 0 , -0.371282 , 0 , 0 , 14 , -17 , 18
0 , 0 , 0 , 0 , -0.00993083 , -0.109373 , 0.201928 , 0.0184859 , 3.90823e-05 , 0 , -0.410364 , 0 , 0 , 56 , -39 , 49
0 , 0 , 0 , 0 , -0.00982348 , -0.10915 , 0.201928 , 0.0122523 , 3.90823e-05 , 0 , -0.234494 , 0 , 0 , -99 , -21 , 55
0 , 0 , 0 , 0 , -0.00975371 , -0.108949 , 0.201928 , 0.0074061 , 1.95412e-05 , 0 , -0.234494 , 0 , 0 , -56 , -17 , 36
0 , 0 , 0 , 0 , -0.00968739 , -0.108827 , 0.201928 , 0.00367374 , 3.90823e-05 , 0 , -0.156329 , 0 , 0 , -45 , -39 , 13
0 , 0 , 0 , 0 , -0.0096167 , -0.108693 , 0.201928 , 0.00125063 , 1.95412e-05 , 1.95412e-05 , -0.0781646 , 0 , 0 , -20 , -3 , 55
0 , 0 , 0 , 0 , -0.00954133 , -0.108526 , 0.201928 , 1.95412e-05 , 3.90823e-05 , 0 , -0.0195412 , 0 , 0 , -25 , -21 , 13
0 , 0 , 0 , 0 , -0.00944738 , -0.108372 , 0.201928 , -0.000117247 , 1.95412e-05 , 0 , 0.0195412 , 0 , 0 , -53 , -26 , 73
0 , 0 , 0 , 0 , -0.0093382 , -0.10823 , 0.201928 , 0 , 1.95412e-05 , 1.95412e-05 , 0 , 0 , 0 , 12 , -30 , 36
0 , 0 , 0 , 0 , -0.00925039 , -0.108045 , 0.201928 , 1.95412e-05 , 1.95412e-05 , 0 , 0 , 0 , 0 , 40 , -39 , 55
0 , 0 , 0 , 0 , -0.00917985 , -0.107863 , 0.201928 , 0 , 1.95412e-05 , 0 , 0 , 0 , 0 , -42 , -13 , 31
0 , 0 , 0 , 0 , -0.0091087 , -0.107729 , 0.201928 , 0 , 0 , 0 , 0 , 0 , 0 , 37 , -43 , 65
0 , 0 , 0 , 0 , -0.00904629 , -0.107619 , 0.201928 , 0 , 1.95412e-05 , 1.95412e-05 , 0 , 0 , 0 , -19 , -35 , 49
0 , 0 , 0 , 0 , -0.00901586 , -0.107515 , 0.201928 , 0 , 1.95412e-05 , 0 , 0 , 0 , 0 , -5 , -39 , 13
0 , 0 , 0 , 0 , -0.00897825 , -0.107398 , 0.201928 , 0 , 1.95412e-05 , 0 , 0 , 0 , 0 , -1 , -35 , 31
0 , 0 , 0 , 0 , -0.00891637 , -0.107288 , 0.201928 , 1.95412e-05 , 1.95412e-05 , 0 , 0 , 0 , 0 , -39 , -39 , -5
0 , 0 , 0 , 0 , -0.00885411 , -0.10717 , 0.201928 , 0 , 0 , 0 , 0 , 0 , 0 , -1 , 5 , 55
0 , 0 , 0 , 0 , -0.00879523 , -0.107026 , 0.201928 , 0 , 0 , 0 , 0 , 0 , 0 , -1 , -17 , 25
0 , 0 , 0 , 0 , -0.00874255 , -0.106893 , 0.201928 , 0 , 0 , 0 , 0 , 0 , 0 , -35 , -43 , 25
0 , 0 , 0 , 0 , -0.00868839 , -0.106855 , 0.201928 , 0 , 0 , 0 , 0 , 0 , 0 , 5 , -21 , 31
0 , 0 , 0 , 0 , -0.00865078 , -0.106784 , 0.201928 , 0 , 0 , 0 , 0 , 0 , 0 , -5 , -56 , 18
0 , 0 , 0 , 0 , -0.0086339 , -0.106686 , 0.201928 , -1.95412e-05 , 0 , 0 , 0.0195412 , 0 , 0 , -12 , -21 , 36
0 , 0 , 0 , 0 , -0.00861245 , -0.106612 , 0.201928 , 0 , 0 , 0 , 0 , 0 , 0 , 15 , -25 , 49
0 , 0 , 0 , 0 , -0.00856414 , -0.1065 , 0.201928 , 0 , -1.95412e-05 , 0 , 0 , 0 , 0 , -5 , -17 , 55
0 , 0 , 0 , 0 , -0.00851189 , -0.106392 , 0.201928 , 0 , 0 , 0 , 0 , 0 , 0 , -39 , -25 , 13
0 , 0 , 0 , 0 , -0.00845995 , -0.1063 , 0.201928 , 0 , 0 , 1.95412e-05 , 0 , 0 , 0 , 27 , -17 , 36
0 , 0 , 0 , 0 , -0.00841635 , -0.106217 , 0.201928 , 0 , 0 , 0 , 0 , 0 , 0 , -15 , -35 , 31
0 , 0 , 0 , 0 , -0.00839348 , -0.106151 , 0.201928 , 0 , 0 , 0 , 0 , 0 , 0 , 13 , -21 , 60
0 , 0 , 0 , 0 , -0.00838817 , -0.106089 , 0.201928 , 0 , 0 , 0 , 0 , 0 , 0 , -8 , -29 , 36
0 , 0 , 0 , 0 , -0.008377 , -0.106002 , 0.201928 , 0 , 0 , 0 , 0 , 0 , 0 , 27 , -21 , 31
0 , 0 , 0 , 0 , -0.00835677 , -0.10594 , 0.201928 , 0 , 0 , 0 , 0 , 0 , 0 , -1 , -56 , 7
0 , 0 , 0 , 0 , -0.00833399 , -0.105857 , 0.201928 , 0 , 0 , 0 , 0 , 0 , 0 , 40 , -35 , 31
0 , 0 , 0 , 0 , -0.0083088 , -0.105767 , 0.201928 , 0 , 0 , 0 , 0 , 0 , 0 , 33 , -35 , 49
0 , 0 , 0 , 0 , -0.00827405 , -0.105707 , 0.201928 , 0 , 0 , 0 , 0 , 0 , 0 , -11 , -39 , 49
0 , 0 , 0 , 0 , -0.00821885 , -0.105661 , 0.201928 , 0 , 0 , 0 , 0 , 0 , 0 , -15 , -17 , 71
0 , 0 , 0 , 0 , -0.00817543 , -0.105612 , 0.201928 , 0 , 0 , 0 , 0 , 0 , 0 , 23 , -21 , 18
0 , 0 , 0 , 0 , -0.00815518 , -0.105549 , 0.201928 , 0 , 0 , 0 , 0 , 0 , 0 , 9 , 5 , 55
0 , 0 , 0 , 0 , -0.00814637 , -0.105494 , 0.201928 , 0 , 0 , 0 , 0 , 0 , 0 , -11 , -35 , 7
0 , 0 , 0 , 0 , -0.0081536 , -0.105457 , 0.201928 , 0 , 0 , 0 , 0 , 0 , 0 , -11 , -39 , 36
0 , 0 , 0 , 0 , -0.00818045 , -0.105384 , 0.201928 , 0 , 0 , 0 , 0 , 0 , 0 , 13 , -39 , 31
0 , 0 , 0 , 0 , -0.00817417 , -0.105311 , 0.201928 , 0 , 0 , 0 , 0 , 0 , 0 , 5 , 0 , 36
0 , 0 , 0 , 0 , -0.00812633 , -0.105285 , 0.201928 , 0 , 1.95412e-05 , 0 , 0 , 0 , 0 , 6 , -30 , 55
0 , 0 , 0 , 0 , -0.00807777 , -0.105241 , 0.201928 , 0 , 1.95412e-05 , 0 , 0 , 0 , 0 , 5 , -3 , 73
0 , 0 , 0 , 0 , -0.00805104 , -0.105182 , 0.201928 , 0 , 1.95412e-05 , 0 , 0 , 0 , 0 , 5 , -35 , 36
0 , 0 , 0 , 0 , -0.00803045 , -0.105137 , 0.201928 , 0 , 1.95412e-05 , 1.95412e-05 , 0 , 0 , 0 , -1 , -3 , 55
0 , 0 , 0 , 0 , -0.00800222 , -0.105126 , 0.201928 , 0 , 1.95412e-05 , 0 , 0 , 0 , 0 , -31 , -13 , 31
0 , 0 , 0 , 0 , -0.00799263 , -0.105085 , 0.201928 , 0 , 1.95412e-05 , 0 , 0 , 0 , 0 , -9 , -13 , 36
0 , 0 , 0 , 0 , -0.00799296 , -0.105018 , 0.201928 , 0 , 0 , 0 , 0 , 0 , 0 , -25 , -39 , 36
0 , 0 , 0 , 0 , -0.0079721 , -0.104978 , 0.201928 , 0 , 0 , 0 , 0 , 0 , 0 , -5 , 0 , 60
0 , 0 , 0 , 0 , -0.00794566 , -0.104965 , 0.201928 , 0 , 0 , 0 , 0 , 0 , 0 , -11 , -25 , 25
0 , 0 , 0 , 0 , -0.00793713 , -0.104931 , 0.201928 , 0 , 0 , 0 , 0 , 0 , 0 , 5 , -43 , 31
0 , 0 , 0 , 0 , -0.0079223 , -0.104892 , 0.201928 , 0 , 0 , 0 , 0 , 0 , 0 , 16 , -21 , 43
0 , 0 , 0 , 0 , -0.00789745 , -0.104879 , 0.201928 , 0 , 0 , 0 , 0 , 0 , 0 , 3 , -17 , 49
0 , 0 , 0 , 0 , -0.00786594 , -0.104869 , 0.201928 , 0 , 0 , 0 , 0 , 0 , 0 , 13 , -60 , 49
0 , 0 , 0 , 0 , -0.00786253 , -0.104843 , 0.201928 , 0 , 1.95412e-05 , 0 , 0 , 0 , 0 , -11 , -25 , 18
0 , 0 , 0 , 0 , -0.00787399 , -0.104796 , 0.201928 , 0 , 0 , 0 , 0 , 0 , 0 , 19 , -21 , 13
0 , 0 , 0 , 0 , -0.00786341 , -0.104774 , 0.201928 , 0 , 0 , 0 , 0 , 0 , 0 , -21 , -25 , 36
0 , 0 , 0 , 0 , -0.00783591 , -0.104754 , 0.201928 , 0 , 0 , 0 , 0 , 0 , 0 , -1 , -21 , 36
0 , 0 , 0 , 0 , -0.0078095 , -0.104745 , 0.201928 , 0 , 0 , 0 , 0 , 0 , 0 , -15 , -21 , -5
0 , 0 , 0 , 0 , -0.0077887 , -0.104748 , 0.201928 , 0 , 0 , 0 , 0 , 0 , 0 , -19 , -39 , 60
0 , 0 , 0 , 0 , -0.00775907 , -0.104764 , 0.201928 , 0 , 0 , 0 , 0 , 0 , 0 , -5 , -60 , 60
0 , 0 , 0 , 0 , -0.0077437 , -0.104775 , 0.201928 , 0 , 0 , 0 , 0 , 0 , 0 , 3 , -35 , 18
0 , 0 , 0 , 0 , -0.00773107 , -0.104734 , 0.201928 , 0 , 0 , 0 , 0 , 0 , 0 , 13 , -21 , 42
0 , 0 , 0 , 0 , -0.00770707 , -0.104683 , 0.201928 , 0 , 0 , 0 , 0 , 0 , 0 , 13 , -30 , 49
0 , 0 , 0 , 0 , -0.00768538 , -0.104665 , 0.201928 , 0 , 0 , 0 , 0 , 0 , 0 , -31 , -21 , 36
0 , 0 , 0 , 0 , -0.00768363 , -0.104644 , 0.201928 , 0 , 0 , 0 , 0 , 0 , 0 , -21 , -39 , 36
0 , 0 , 0 , 0 , -0.00768543 , -0.104596 , 0.201928 , 0 , 0 , 0 , 0 , 0 , 0 , -11 , -17 , 31
0 , 0 , 0 , 0 , -0.00769196 , -0.10461 , 0.201928 , 0 , 0 , 0 , 0 , 0 , 0 , -31 , -39 , 31
0 , 0 , 0 , 0 , -0.00770939 , -0.104623 , 0.201928 , 0 , 0 , 0 , 0 , 0 , 0 , 29 , -13 , 25
0 , 0 , 0 , 0 , -0.00772401 , -0.104573 , 0.201928 , 0 , 0 , 0 , 0 , 0 , 0 , -15 , -39 , 31
0 , 0 , 0 , 0 , -0.00770884 , -0.10455 , 0.201928 , 0 , 0 , 0 , 0 , 0 , 0 , -11 , -39 , 36
0 , 0 , 0 , 0 , -0.00767669 , -0.104523 , 0.201928 , 0 , 0 , 0 , 0 , 0 , 0 , -18 , -25 , 13
0 , 0 , 0 , 0 , -0.00766516 , -0.104493 , 0.201928 , 0 , 0 , 0 , 0 , 0 , 0 , 13 , -39 , 31
0 , 0 , 0 , 0 , -0.00767151 , -0.104488 , 0.201928 , 0 , 0 , 0 , 0 , 0 , 0 , 23 , -21 , 49
0 , 0 , 0 , 0 , -0.00767802 , -0.104485 , 0.201928 , 0 , 0 , 0 , 0 , 0 , 0 , -1 , -13 , 13
0 , 0 , 0 , 0 , -0.00768059 , -0.104505 , 0.201928 , 0 , 0 , 0 , 0 , 0 , 0 , -1 , -43 , 25
0 , 0 , 0 , 0 , -0.00769736 , -0.1045 , 0.201928 , 0 , 0 , 0 , 0 , 0 , 0 , -1 , -43 , 36
0 , 0 , 0 , 0 , -0.00769961 , -0.104463 , 0.201928 , 0 , 0 , 1.95412e-05 , 0 , 0 , 0 , 5 , -13 , 31
0 , 0 , 0 , 0 , -0.00767862 , -0.104452 , 0.201928 , 0 , 0 , 0 , 0 , 0 , 0 , -15 , -17 , 7
0 , 0 , 0 , 0 , -0.00765774 , -0.104458 , 0.201928 , 0 , 0 , 0 , 0 , 0 , 0 , -21 , -35 , 25
0 , 0 , 0 , 0 , -0.00764606 , -0.104454 , 0.201928 , 0 , 0 , 0 , 0 , 0 , 0 , -1 , -39 , 25
0 , 0 , 0 , 0 , -0.00763535 , -0.104432 , 0.201928 , 0 , -1.95412e-05 , 0 , 0 , 0 , 0 , 5 , -35 , 31
0 , 0 , 0 , 0 , -0.00762693 , -0.10443 , 0.201928 , 0 , 0 , 1.95412e-05 , 0 , 0 , 0 , -5 , -21 , 36
0 , 0 , 0 , 0 , -0.00763207 , -0.104425 , 0.201928 , 0 , 0 , 0 , 0 , 0 , 0 , 9 , -39 , -47
0 , 0 , 0 , 0 , -0.00763879 , -0.104409 , 0.201928 , 0 , 0 , 0 , 0 , 0 , 0 , -5 , -52 , 31
0 , 0 , 0 , 0 , -0.00763021 , -0.104404 , 0.201928 , 0 , 0 , 0 , 0 , 0 , 0 , -5 , -35 , 13
0 , 0 , 0 , 0 , -0.00762663 , -0.104407 , 0.201928 , 0 , 0 , 0 , 0 , 0 , 0 , -4 , -21 , 55
0 , 0 , 0 , 0 , -0.00764649 , -0.104388 , 0.201928 , 0 , 1.95412e-05 , 1.95412e-05 , 0 , 0 , 0 , -18 , -56 , 42
0 , 0 , 0 , 0 , -0.0076544 , -0.104363 , 0.201928 , 0 , 0 , 0 , 0 , 0 , 0 , -29 , -17 , 13
0 , 0 , 0 , 0 , -0.00764825 , -0.104359 , 0.201928 , 0 , 0 , 0 , 0 , 0 , 0 , -1 , -25 , 25
0 , 0 , 0 , 0 , -0.0076489 , -0.104392 , 0.201928 , 0 , 0 , 0 , 0 , 0 , 0 , -5 , -35 , 13
0 , 0 , 0 , 0 , -0.00767066 , -0.104407 , 0.201928 , 0 , 0 , 0 , 0 , 0 , 0 , -5 , -17 , 36
0 , 0 , 0 , 0 , -0.00768288 , -0.104381 , 0.201928 , 0 , 0 , 0 , 0 , 0 , 0 , 23 , -48 , 55
0 , 0 , 0 , 0 , -0.00767072 , -0.10437 , 0.201928 , 0 , 0 , 0 , 0 , 0 , 0 , 19 , -39 , 31
0 , 0 , 0 , 0 , -0.00765961 , -0.104362 , 0.201928 , 0 , 0 , 0 , 0 , 0 , 0 , -25 , -43 , 25
0 , 0 , 0 , 0 , -0.00764848 , -0.104328 , 0.201928 , 0 , 0 , 0 , 0 , 0 , 0 , -9 , -21 , 25
0 , 0 , 0 , 0 , -0.00762961 , -0.104294 , 0.201928 , 0 , 0 , 0 , 0 , 0 , 0 , -8 , -39 , 13
0 , 0 , 0 , 0 , -0.00760474 , -0.104296 , 0.201928 , 0 , 0 , 0 , 0 , 0 , 0 , -25 , -39 , -5
0 , 0 , 0 , 0 , -0.00760776 , -0.104298 , 0.201928 , 0 , 0 , 0 , 0 , 0 , 0 , -11 , -43 , 18
0 , 0 , 0 , 0 , -0.00762684 , -0.104304 , 0.201928 , 0 , 0 , 0 , 0 , 0 , 0 , -15 , -21 , 31
0 , 0 , 0 , 0 , -0.00763498 , -0.104298 , 0.201928 , 0 , 1.95412e-05 , 0 , 0 , 0.00273963 , 0 , -19 , -21 , 31
0 , 0 , 0 , 0 , -0.00762911 , -0.10428 , 0.201928 , 0 , 0 , 0 , 0 , 0 , 0 , -15 , -21 , 55
0 , 0 , 0 , 0 , -0.00763305 , -0.104248 , 0.201928 , 0 , 1.95412e-05 , 0 , 0 , 0 , 0 , -12 , -39 , 31
0 , 0 , 0 , 0 , -0.00763268 , -0.104223 , 0.201928 , 0 , 0 , 0 , 0 , 0 , 0 , 9 , -30 , 49
0 , 0 , 0 , 0 , -0.00761759 , -0.104223 , 0.201928 , 0 , 0 , 0 , 0 , 0 , 0 , 19 , -43 , 18
0 , 0 , 0 , 0 , -0.00761373 , -0.10426 , 0.201928 , 0 , 0 , 0 , 0 , 0 , 0 , -25 , -21 , 49
0 , 0 , 0 , 0 , -0.00762398 , -0.104271 , 0.201928 , 0 , 0 , 0 , 0 , 0 , 0 , -21 , -48 , -17
0 , 0 , 0 , 0 , -0.00763343 , -0.104241 , 0.201928 , 0 , -1.95412e-05 , 0 , 0 , 0 , 0 , -31 , -17 , -11
0 , 0 , 0 , 0 , -0.00762036 , -0.104255 , 0.201928 , 0 , 0 , 0 , 0 , 0 , 0 , 13 , -39 , 13
0 , 0 , 0 , 0 , -0.00760727 , -0.104227 , 0.201928 , 0 , 0 , 0 , 0 , 0 , 0 , 19 , -21 , 36
0 , 0 , 0 , 0 , -0.00760179 , -0.104174 , 0.201928 , 0 , 0 , 0 , 0 , 0 , 0 , -5 , -3 , 49
0 , 0 , 0 , 0 , -0.00759506 , -0.104148 , 0.201928 , 0 , 0 , 0 , 0 , 0 , 0 , -49 , -3 , 55
0 , 0 , 0 , 0 , -0.00758394 , -0.104138 , 0.201928 , 0 , 0 , 0 , 0 , 0 , 0 , 3 , -17 , 7
0 , 0 , 0 , 0 , -0.00759433 , -0.104166 , 0.201928 , 0 , 0 , 0 , 0 , 0 , 0 , -31 , -35 , 36
0 , 0 , 0 , 0 , -0.007621 , -0.104195 , 0.201928 , 0 , 0 , 0 , 0 , 0 , 0 , 16 , 5 , 36
0 , 0 , 0 , 0 , -0.00764156 , -0.104182 , 0.201928 , 0 , 0 , 0 , 0 , 0 , 0 , -19 , -21 , 60
0 , 0 , 0 , 0 , -0.00764949 , -0.104197 , 0.201928 , 0 , 0 , 0 , 0 , 0 , 0 , -9 , -35 , 31
0 , 0 , 0 , 0 , -0.00763771 , -0.104204 , 0.201928 , 0 , 0 , 0 , 0 , 0 , 0 , -22 , -56 , 36
0 , 0 , 0 , 0 , -0.00761283 , -0.104149 , 0.201928 , 0 , 0 , 0 , 0 , 0 , 0 , -15 , -35 , 55
0 , 0 , 0 , 0 , -0.00759439 , -0.104113 , 0.201928 , 0 , 0 , 0 , 0 , 0 , 0 , -39 , -17 , 7
0 , 0 , 0 , 0 , -0.00759066 , -0.104106 , 0.201928 , 0 , 0 , 0 , 0 , 0 , 0 , -1 , -17 , 31
0 , 0 , 0 , 0 , -0.00760649 , -0.104105 , 0.201928 , 0 , 0 , 0 , 0 , 0 , 0 , -11 , -13 , 36
0 , 0 , 0 , 0 , -0.00762936 , -0.104117 , 0.201928 , 0 , 0 , 0 , -0.0195412 , 0 , 0 , 5 , -35 , 24
0 , 0 , 0 , 0 , -0.00762936 , -0.104152 , 0.201928 , 0 , 0 , 0 , 0 , 0 , 0 , -15 , -13 , -11
0 , 0 , 0 , 0 , -0.00762689 , -0.104165 , 0.201928 , 0 , 0 , 0 , 0 , 0 , 0 , -25 , -35 , 13
0 , 0 , 0 , 0 , -0.00763028 , -0.104132 , 0.201928 , 0 , 0 , 0 , 0 , 0 , 0 , -5 , -17 , 0
0 , 0 , 0 , 0 , -0.00760267 , -0.104092 , 0.201928 , 0 , 0 , 0 , 0 , 0 , 0 , -5 , -35 , 31
0 , 0 , 0 , 0 , -0.00756553 , -0.104084 , 0.201928 , 0 , 0 , 0 , 0 , 0 , 0 , 9 , -30 , 55
0 , 0 , 0 , 0 , -0.00755794 , -0.10408 , 0.201928 , 0 , 0 , 0 , 0 , 0 , 0 , -21 , -17 , 18
0 , 0 , 0 , 0 , -0.00756254 , -0.104085 , 0.201928 , 0 , 0 , 0 , 0 , 0 , 0 , -5 , -17 , 55
0 , 0 , 0 , 0 , -0.00757257 , -0.104098 , 0.201928 , 0 , 0 , 0 , 0 , 0 , 0 , -5 , -35 , 13
0 , 0 , 0 , 0 , -0.00758551 , -0.104119 , 0.201928 , 1.95412e-05 , 0 , 0 , -0.0195412 , 0 , 0 , -29 , -35 , 36
0 , 0 , 0 , 0 , -0.00760173 , -0.104134 , 0.201928 , 0 , 0 , 0 , 0 , 0 , 0 , -5 , -35 , 36
0 , 0 , 0 , 0 , -0.00760302 , -0.104113 , 0.201928 , 0 , 0 , 0 , 0 , 0 , 0 , 2 , -30 , 55
0 , 0 , 0 , 0 , -0.00757529 , -0.10411 , 0.201928 , 0 , 0 , 0 , 0 , 0 , 0 , -11 , -39 , 13
0 , 0 , 0 , 0 , -0.00754853 , -0.104111 , 0.201928 , 0 , 0 , 0 , 0 , 0 , 0 , 13 , -13 , 55
0 , 0 , 0 , 0 , -0.00755587 , -0.104098 , 0.201928 , 0 , 0 , 0 , 0 , 0 , 0 , -8 , -39 , 36
0 , 0 , 0 , 0 , -0.00756782 , -0.104095 , 0.201928 , 0 , 0 , 0 , 0 , 0 , 0 , -5 , -74 , 36
0 , 0 , 0 , 0 , -0.00756296 , -0.104138 , 0.201928 , 0 , 0 , 0 , 0 , 0 , 0 , -1 , -35 , 13
0 , 0 , 0 , 0 , -0.00757613 , -0.104166 , 0.201928 , 0 , 0 , 0 , 0 , 0 , 0 , -15 , -56 , 36
0 , 0 , 0 , 0 , -0.00759775 , -0.104155 , 0.201928 , 0 , 0 , 0 , 0 , 0 , 0 , -15 , -56 , 13
0 , 0 , 0 , 0 , -0.00760462 , -0.104117 , 0.201928 , 0 , 0 , 0 , 0 , 0 , 0 , -26 , -25 , -5
0 , 0 , 0 , 0 , -0.00760157 , -0.104112 , 0.201928 , 0 , 0 , 0 , 0 , 0 , 0 , 5 , -39 , 13
0 , 0 , 0 , 0 , -0.00760831 , -0.104156 , 0.201928 , 0 , 0 , 0 , 0 , 0 , 0 , -11 , -13 , 73
0 , 0 , 0 , 0 , -0.0075911 , -0.104126 , 0.201928 , 0 , 0 , 0 , 0 , 0 , 0 , -9 , -43 , 49
0 , 0 , 0 , 0 , -0.00755007 , -0.104156 , 0.201928 , 0 , 0 , 0 , 0 , 0 , 0 , -1 , -35 , 13
0 , 0 , 0 , 0 , -0.00753338 , -0.104194 , 0.201928 , 0 , 0 , 0 , 0 , 0 , 0 , 3 , -35 , 31
0 , 0 , 0 , 0 , -0.00756194 , -0.104193 , 0.201928 , 0 , 0 , 0 , 0 , 0 , 0 , -25 , -43 , 36
0 , 0 , 0 , 0 , -0.00762018 , -0.104196 , 0.201928 , 0 , 0 , 0 , 0 , 0 , 0 , -22 , -17 , 13
0 , 0 , 0 , 0 , -0.00764608 , -0.104185 , 0.201928 , 0 , 0 , 0 , 0 , 0 , 0 , -5 , -39 , 49
0 , 0 , 0 , 0 , -0.00763813 , -0.104192 , 0.201928 , 0 , 0 , 0 , 0 , 0 , 0 , -1 , -21 , 36
0 , 0 , 0 , 0 , -0.00762492 , -0.104196 , 0.201928 , 0 , 0 , 0 , 0 , 0 , 0 , -31 , -3 , 55
0 , 0 , 0 , 0 , -0.00759219 , -0.104176 , 0.201928 , 0 , 0 , 0 , 0 , 0 , 0 , 13 , -39 , 60
0 , 0 , 0 , 0 , -0.00754678 , -0.104177 , 0.201928 , 0 , 0 , 0 , 0 , 0 , 0 , -25 , -35 , 36
0 , 0 , 0 , 0 , -0.00752929 , -0.10419 , 0.201928 , 0 , 0 , 0 , 0 , 0 , 0 , -39 , -60 , 55
0 , 0 , 0 , 0 , -0.00752311 , -0.104175 , 0.201928 , 0 , 0 , 0 , 0 , 0 , 0 , 27 , -17 , 36
0 , 0 , 0 , 0 , -0.00753012 , -0.104178 , 0.201928 , 0 , 0 , 0 , 0 , 0 , 0 , -19 , -17 , 36
0 , 0 , 0 , 0 , -0.0075466 , -0.10419 , 0.201928 , 0 , 0 , 0 , 0 , 0 , 0 , 2 , -21 , 31
0 , 0 , 0 , 0 , -0.00755648 , -0.104161 , 0.201928 , 0 , 0 , 0 , 0 , 0 , 0 , -1 , 5 , 49
0 , 0 , 0 , 0 , -0.00755859 , -0.104111 , 0.201928 , 0 , 0 , 0 , 0 , 0 , 0 , -15 , -39 , 55
0 , 0 , 0 , 0 , -0.00754072 , -0.104106 , 0.201928 , 0 , 0 , 0 , 0 , 0 , 0 , -25 , -39 , 55
0 , 0 , 0 , 0 , -0.00751064 , -0.104131 , 0.201928 , 0 , 0 , 0 , 0 , 0 , 0 , -1 , -39 , -11
0.000209, , 1.000000, -1.919815, 0.920252
0.000231, , 1.000000, -1.909701, 0.910198
0.000475, , 1.000000, -1.900849, 0.901398
0.000455, , 1.000000, -1.892636, 0.893203
