-10 , 10 , -10.2 , 10.3 , -0.0155073 , -0.0345594 , -0.313342 , 0 , 0 , 0 , -0.0195412 , 0 , 0 , 30 , -124 , -47
-10 , 10 , -10.2 , 10.3 , -0.015468 , -0.0345592 , -0.313342 , -0.000547152 , -0.000566694 , 0.000273576 , -0.0586235 , -0.0324342 , 0.0483687 , 11 , -167 , 1
-10 , 10 , -10.2 , 10.3 , -0.0154685 , -0.0345308 , -0.313342 , -0.00246219 , -0.00234494 , 0.00162192 , -0.156329 , -0.135576 , 0.106047 , 79 , -126 , 31
-10 , 10 , -10.2 , 10.3 , -0.0158666 , -0.0344949 , -0.312762 , -0.00560831 , -0.0054129 , 0.00453355 , -0.195412 , -0.199264 , 0.163024 , 112 , -104 , 65
-10 , 10 , -10.2 , 10.3 , -0.0168543 , -0.0346941 , -0.311725 , -0.00971195 , -0.00969241 , 0.00836362 , -0.234494 , -0.208179 , 0.225996 , 114 , -157 , 104
-10 , 10 , -10.2 , 10.3 , -0.0180215 , -0.0348642 , -0.310184 , -0.0150662 , -0.0151639 , 0.0138938 , -0.312658 , -0.348325 , 0.332899 , 82 , -46 , 12
-10 , 10 , -10.2 , 10.3 , -0.0189469 , -0.0346532 , -0.308043 , -0.0216516 , -0.0217884 , 0.0205573 , -0.312658 , -0.347707 , 0.324065 , -144 , -104 , -2
-10 , 10 , -10.2 , 10.3 , -0.0194952 , -0.0343592 , -0.305537 , -0.0298198 , -0.0294876 , 0.0283738 , -0.390823 , -0.407955 , 0.405417 , -203 , -141 , -69
-10 , 10 , -10.2 , 10.3 , -0.0196827 , -0.0342889 , -0.302724 , -0.0390628 , -0.038457 , 0.0369719 , -0.449447 , -0.441441 , 0.456567 , -38 , -185 , -35
-10 , 10 , -10.2 , 10.3 , -0.019744 , -0.0345638 , -0.299565 , -0.0492828 , -0.0486575 , 0.0466447 , -0.527611 , -0.610976 , 0.520171 , 148 , -48 , 87
-10 , 10 , -10.2 , 10.3 , -0.0201085 , -0.0348738 , -0.296072 , -0.060304 , -0.0602454 , 0.0581154 , -0.586235 , -0.541055 , 0.582156 , -158 , -215 , 2
-10 , 10 , -10.2 , 10.3 , -0.020824 , -0.0348998 , -0.292074 , -0.0737679 , -0.0731035 , 0.0709149 , -0.723023 , -0.641395 , 0.617087 , -114 , -147 , -27
-10 , 10 , -10.2 , 10.3 , -0.0216011 , -0.0348366 , -0.287724 , -0.0882088 , -0.0871731 , 0.084027 , -0.703482 , -0.705457 , 0.723743 , 98 , -112 , 20
-10 , 10 , -10.2 , 10.3 , -0.0222059 , -0.0347094 , -0.282984 , -0.101888 , -0.10179 , 0.0989173 , -0.762105 , -0.754481 , 0.81591 , -99 , -105 , -31
-10 , 10 , -10.2 , 10.3 , -0.0229035 , -0.0346997 , -0.278206 , -0.119553 , -0.118478 , 0.115273 , -0.879352 , -0.828596 , 0.831534 , 51 , -167 , -48
-10 , 10 , -10.2 , 10.3 , -0.0237004 , -0.0350954 , -0.27295 , -0.136006 , -0.135186 , 0.131922 , -0.762105 , -0.92393 , 0.88823 , -128 , -71 , 101
-10 , 10 , -10.2 , 10.3 , -0.0244894 , -0.0357807 , -0.267229 , -0.154375 , -0.152714 , 0.150975 , -1.07476 , -0.790071 , 0.933491 , -20 , -147 , 26
-10 , 10 , -10.2 , 10.3 , -0.025277 , -0.0363149 , -0.261266 , -0.174639 , -0.169207 , 0.170008 , -0.996599 , -0.833309 , 1.00296 , -30 , -74 , 104
-10 , 10 , -10.2 , 10.3 , -0.0256247 , -0.0366513 , -0.255166 , -0.196506 , -0.185231 , 0.191445 , -1.15293 , -0.694999 , 0.979505 , -12 , -119 , 50
-10 , 10 , -10.2 , 10.3 , -0.0249545 , -0.0372177 , -0.249124 , -0.218802 , -0.199144 , 0.212745 , -1.07476 , -0.663159 , 1.11134 , -98 , -147 , 25
-10 , 10 , -10.2 , 10.3 , -0.023615 , -0.0380002 , -0.243373 , -0.24274 , -0.212139 , 0.236526 , -1.34834 , -0.615146 , 1.18073 , 214 , -47 , -44
-10 , 10 , -10.2 , 10.3 , -0.0226555 , -0.0397682 , -0.238064 , -0.266756 , -0.223629 , 0.260679 , -1.17247 , -0.510875 , 1.37291 , -149 , -91 , -96
-10 , 10 , -10.2 , 10.3 , -0.0228048 , -0.0424473 , -0.232314 , -0.293547 , -0.233849 , 0.286141 , -1.25063 , -0.493462 , 1.25733 , 41 , -51 , 146
-10 , 10 , -10.2 , 10.3 , -0.0239311 , -0.0456306 , -0.226597 , -0.32024 , -0.24319 , 0.31346 , -1.56329 , -0.423732 , 1.34457 , 129 , -126 , -34
-10 , 10 , -10.2 , 10.3 , -0.0250467 , -0.0495804 , -0.22047 , -0.348067 , -0.251202 , 0.341071 , -1.50467 , -0.341426 , 1.56329 , -132 , -72 , -105
-10 , 10 , -10.2 , 10.3 , -0.0255257 , -0.0536737 , -0.214218 , -0.378102 , -0.258119 , 0.370149 , -1.3288 , -0.300784 , 1.49168 , -72 , -98 , 167
-10 , 10 , -10.2 , 10.3 , -0.0252833 , -0.0580425 , -0.208099 , -0.40712 , -0.263552 , 0.400906 , -1.46559 , -0.245388 , 1.4665 , 171 , -90 , 43
-10 , 10 , -10.2 , 10.3 , -0.0245332 , -0.0629188 , -0.202244 , -0.433579 , -0.267909 , 0.432758 , -1.36788 , -0.174785 , 1.58549 , -86 , -97 , -11
-10 , 10 , -10.2 , 10.3 , -0.0242801 , -0.0678954 , -0.196391 , -0.459979 , -0.270919 , 0.465314 , -1.21155 , -0.138197 , 1.7357 , -81 , -123 , -244
-10 , 10 , -10.2 , 10.3 , -0.0251352 , -0.0728727 , -0.190819 , -0.485363 , -0.272951 , 0.499023 , -1.30926 , -0.0957581 , 1.75914 , 178 , -135 , -25
-10 , 10 , -10.2 , 10.3 , -0.026295 , -0.0783266 , -0.185412 , -0.508226 , -0.273908 , 0.533044 , -1.23109 , -0.0476447 , 1.69065 , -118 , -82 , -6
-10 , 10 , -10.2 , 10.3 , -0.0270044 , -0.0846945 , -0.180131 , -0.531676 , -0.273928 , 0.566127 , -1.01614 , 0 , 1.58763 , 86 , -145 , 81
-10 , 10 , -10.2 , 10.3 , -0.0268825 , -0.092207 , -0.175159 , -0.552253 , -0.273928 , 0.598253 , -1.05522 , 0 , 1.46467 , -136 , -69 , 67
-10 , 10 , -10.2 , 10.3 , -0.0261834 , -0.100329 , -0.170746 , -0.572927 , -0.273928 , 0.628893 , -0.937975 , 0 , 1.52169 , 79 , -69 , -66
-10 , 10 , -10.2 , 10.3 , -0.0253298 , -0.10793 , -0.166964 , -0.591237 , -0.273928 , 0.657853 , -0.977058 , 0 , 1.49836 , -118 , -131 , -17
-10 , 10 , -10.2 , 10.3 , -0.0244042 , -0.114245 , -0.163985 , -0.609645 , -0.273928 , 0.68611 , -0.801187 , 0 , 1.31886 , 83 , -52 , 114
-10 , 10 , -10.2 , 10.3 , -0.0231306 , -0.119174 , -0.162012 , -0.625415 , -0.273928 , 0.714855 , -0.801187 , 0 , 1.29055 , -211 , -145 , 0
-10 , 10 , -10.2 , 10.3 , -0.0215277 , -0.12292 , -0.161079 , -0.64138 , -0.273928 , 0.740375 , -0.703482 , 0.0042138 , 1.27511 , 49 , -56 , -34
-10 , 10 , -10.2 , 10.3 , -0.0200972 , -0.125734 , -0.161079 , -0.655235 , -0.273908 , 0.76488 , -0.644858 , 0 , 1.17599 , 25 , -65 , 93
-10 , 10 , -10.2 , 10.3 , -0.0196962 , -0.128004 , -0.161405 , -0.667741 , -0.273908 , 0.788642 , -0.703482 , 0 , 1.13886 , -98 , -131 , -69
-10 , 10 , -10.2 , 10.3 , -0.0209289 , -0.130074 , -0.161209 , -0.680052 , -0.273908 , 0.810333 , -0.586235 , 0 , 1.06879 , 48 , -82 , 97
-10 , 10 , -10.2 , 10.3 , -0.0230896 , -0.132311 , -0.160392 , -0.690526 , -0.273908 , 0.831867 , -0.488529 , 0 , 0.932002 , 135 , -69 , 42
-10 , 10 , -10.2 , 10.3 , -0.0250963 , -0.134867 , -0.158948 , -0.699437 , -0.273889 , 0.851096 , -0.429905 , 0 , 0.988584 , -37 , -24 , 85
-10 , 10 , -10.2 , 10.3 , -0.0261857 , -0.137713 , -0.15727 , -0.707507 , -0.273889 , 0.870265 , -0.410364 , 0 , 0.946296 , -83 , -38 , -75
-10 , 10 , -10.2 , 10.3 , -0.0260657 , -0.140647 , -0.155831 , -0.714835 , -0.273889 , 0.887129 , -0.3322 , 0 , 0.820767 , -67 , -86 , 83
-10 , 10 , -10.2 , 10.3 , -0.0250213 , -0.143226 , -0.154984 , -0.720815 , -0.273889 , 0.903681 , -0.254035 , 0 , 0.835384 , 4 , -131 , -83
-10 , 10 , -10.2 , 10.3 , -0.0238015 , -0.144987 , -0.154771 , -0.725094 , -0.273889 , 0.918688 , -0.195412 , 0 , 0.69769 , 118 , -56 , 65
-10 , 10 , -10.2 , 10.3 , -0.0229666 , -0.145887 , -0.154922 , -0.728377 , -0.273889 , 0.931976 , -0.0977058 , 0 , 0.675773 , 36 , -86 , 75
-10 , 10 , -10.2 , 10.3 , -0.0226632 , -0.146167 , -0.155256 , -0.730312 , -0.273889 , 0.945128 , -0.0781646 , 0 , 0.608123 , 83 , -52 , -114
-10 , 10 , -10.2 , 10.3 , -0.0229038 , -0.146096 , -0.155573 , -0.73123 , -0.273889 , 0.956501 , -0.0195412 , 0 , 0.483887 , 19 , -82 , 15
-10 , 10 , -10.2 , 10.3 , -0.0235273 , -0.145901 , -0.155713 , -0.731269 , -0.273889 , 0.966232 , 0 , 0 , 0.472766 , 86 , -52 , 20
-10 , 10 , -10.2 , 10.3 , -0.0243841 , -0.14571 , -0.155515 , -0.731152 , -0.273889 , 0.975319 , 0 , 0 , 0.436833 , 131 , -65 , 46
-10 , 10 , -10.2 , 10.3 , -0.0251484 , -0.145669 , -0.155032 , -0.731132 , -0.273889 , 0.983506 , 0 , 0 , 0.351564 , 100 , -24 , -20
-10 , 10 , -10.2 , 10.3 , -0.0253455 , -0.145785 , -0.154559 , -0.731132 , -0.273869 , 0.99015 , 0 , 0 , 0.295479 , 68 , -56 , -115
-10 , 10 , -10.2 , 10.3 , -0.0249242 , -0.145895 , -0.154327 , -0.731152 , -0.273869 , 0.995329 , 0 , 0 , 0.247458 , 177 , -56 , -37
-10 , 10 , -10.2 , 10.3 , -0.0243519 , -0.145946 , -0.154392 , -0.731152 , -0.273869 , 0.999315 , 0 , 0 , 0.172827 , 103 , -69 , 49
-10 , 10 , -10.2 , 10.3 , -0.0240809 , -0.145845 , -0.154639 , -0.731171 , -0.273869 , 1.00231 , 0 , 0 , 0.113787 , 100 , -82 , 55
-10 , 10 , -10.2 , 10.3 , -0.0241911 , -0.145573 , -0.154881 , -0.731171 , -0.273869 , 1.00416 , 0 , 0 , 0.0629947 , 19 , -118 , 97
-10 , 10 , -10.2 , 10.3 , -0.0245791 , -0.145306 , -0.154998 , -0.731171 , -0.273869 , 1.00477 , 0 , 0 , 0 , 100 , -69 , 98
-10 , 10 , -10.2 , 10.3 , -0.0251017 , -0.145107 , -0.154998 , -0.731171 , -0.273869 , 1.00488 , 0 , 0 , 0 , 118 , -38 , 117
-10 , 10 , -10.2 , 10.3 , -0.0256061 , -0.145006 , -0.154731 , -0.731152 , -0.27385 , 1.00494 , 0 , 0 , 0 , 37 , -34 , 120
-10 , 10 , -10.2 , 10.3 , -0.0259017 , -0.145039 , -0.154413 , -0.731171 , -0.27385 , 1.00494 , 0 , 0 , 0 , 37 , -38 , 49
-10 , 10 , -10.2 , 10.3 , -0.0258039 , -0.145106 , -0.154203 , -0.731171 , -0.27385 , 1.00494 , 0 , 0 , 0 , 131 , -52 , 118
-10 , 10 , -10.2 , 10.3 , -0.0254271 , -0.145125 , -0.154203 , -0.731171 , -0.27385 , 1.00494 , 0 , 0 , 0 , 51 , -38 , 66
-10 , 10 , -10.2 , 10.3 , -0.025124 , -0.14506 , -0.154331 , -0.731171 , -0.27385 , 1.00496 , -0.0195412 , 0 , 0 , 180 , -79 , 67
-10 , 10 , -10.2 , 10.3 , -0.0250769 , -0.144917 , -0.154514 , -0.731171 , -0.27385 , 1.00498 , 0 , 0 , 0 , 65 , -42 , 120
-10 , 10 , -10.2 , 10.3 , -0.0252905 , -0.144708 , -0.154604 , -0.731171 , -0.27385 , 1.00502 , 0 , 0 , 0 , 54 , -38 , 66
-10 , 10 , -10.2 , 10.3 , -0.0256431 , -0.144525 , -0.154604 , -0.731171 , -0.27385 , 1.005 , 0 , 0 , 0 , 118 , -69 , 32
-10 , 10 , -10.2 , 10.3 , -0.0259642 , -0.14448 , -0.154467 , -0.731171 , -0.27385 , 1.00502 , 0 , 0 , 0 , 180 , -38 , 51
-10 , 10 , -10.2 , 10.3 , -0.0261367 , -0.144507 , -0.154286 , -0.731191 , -0.27385 , 1.00502 , 0.0195412 , 0 , 0 , 83 , -38 , 83
-10 , 10 , -10.2 , 10.3 , -0.0261223 , -0.144531 , -0.154156 , -0.731171 , -0.27385 , 1.00502 , 0 , 0 , 0 , 37 , -69 , 49
-10 , 10 , -10.2 , 10.3 , -0.0259497 , -0.144519 , -0.154156 , -0.731171 , -0.27385 , 1.00502 , 0 , 0 , 0 , 100 , -56 , 29
-10 , 10 , -10.2 , 10.3 , -0.0257679 , -0.144481 , -0.154156 , -0.731171 , -0.27385 , 1.00502 , 0 , 0 , 0 , 118 , -73 , 14
-10 , 10 , -10.2 , 10.3 , -0.0257104 , -0.144421 , -0.154238 , -0.731171 , -0.27385 , 1.00502 , 0 , 0 , 0 , 148 , -38 , 49
-10 , 10 , -10.2 , 10.3 , -0.0258136 , -0.14432 , -0.154317 , -0.731171 , -0.27385 , 1.00502 , 0 , 0 , 0 , 96 , -20 , 103
-10 , 10 , -10.2 , 10.3 , -0.0260018 , -0.144187 , -0.154317 , -0.731171 , -0.27385 , 1.00504 , 0 , 0 , 0 , 148 , -69 , 103
-10 , 10 , -10.2 , 10.3 , -0.0261668 , -0.144101 , -0.154317 , -0.731171 , -0.27385 , 1.00502 , 0 , 0 , 0 , 145 , -87 , 66
-10 , 10 , -10.2 , 10.3 , -0.0263089 , -0.14407 , -0.154241 , -0.731171 , -0.27385 , 1.00502 , 0 , 0 , 0 , 131 , -79 , 66
-10 , 10 , -10.2 , 10.3 , -0.0264037 , -0.144027 , -0.154177 , -0.731171 , -0.27385 , 1.00504 , 0 , 0 , 0 , 100 , -82 , 103
-10 , 10 , -10.2 , 10.3 , -0.0264172 , -0.144029 , -0.154177 , -0.731171 , -0.27385 , 1.00502 , 0 , 0 , 0 , 113 , -65 , 49
-10 , 10 , -10.2 , 10.3 , -0.0263279 , -0.144064 , -0.154177 , -0.731171 , -0.27385 , 1.00504 , 0 , 0 , 0 , 65 , -69 , 66
-10 , 10 , -10.2 , 10.3 , -0.0262416 , -0.144035 , -0.154177 , -0.731171 , -0.27385 , 1.00504 , 0 , 0 , 0 , 148 , -56 , 83
-10 , 10 , -10.2 , 10.3 , -0.0262862 , -0.143941 , -0.154177 , -0.731171 , -0.27385 , 1.00504 , 0 , 0 , 0 , 163 , -69 , 83
-10 , 10 , -10.2 , 10.3 , -0.0263981 , -0.143861 , -0.154177 , -0.731171 , -0.27385 , 1.00504 , 0 , 0 , 0 , 96 , -56 , 103
-10 , 10 , -10.2 , 10.3 , -0.0265192 , -0.143813 , -0.154177 , -0.731171 , -0.27385 , 1.00502 , 0 , 0 , 0 , 54 , -69 , 119
-10 , 10 , -10.2 , 10.3 , -0.0266526 , -0.143779 , -0.154115 , -0.731171 , -0.27385 , 1.00504 , 0 , 0 , 0 , 86 , -52 , 104
-10 , 10 , -10.2 , 10.3 , -0.0267478 , -0.143751 , -0.154115 , -0.731171 , -0.27385 , 1.00504 , 0 , 0 , 0 , 78 , -52 , 48
-10 , 10 , -10.2 , 10.3 , -0.0267276 , -0.143769 , -0.154115 , -0.731171 , -0.27385 , 1.00502 , 0 , 0 , 0 , 37 , -52 , 80
-10 , 10 , -10.2 , 10.3 , -0.026665 , -0.143832 , -0.154115 , -0.731171 , -0.27385 , 1.00504 , 0 , 0 , 0 , 37 , -34 , 99
-10 , 10 , -10.2 , 10.3 , -0.0266064 , -0.143865 , -0.154115 , -0.731191 , -0.27385 , 1.00504 , 0.0195412 , 0 , 0 , 113 , -87 , 80
-10 , 10 , -10.2 , 10.3 , -0.0265348 , -0.143833 , -0.154115 , -0.731171 , -0.27385 , 1.00504 , 0 , 0 , 0 , 131 , -69 , 64
-10 , 10 , -10.2 , 10.3 , -0.0265466 , -0.143779 , -0.154115 , -0.731171 , -0.27385 , 1.00504 , 0 , 0 , 0 , 131 , -96 , 66
-10 , 10 , -10.2 , 10.3 , -0.0266505 , -0.143735 , -0.154115 , -0.731171 , -0.27385 , 1.00502 , 0 , 0 , 0 , 48 , -52 , 99
-10 , 10 , -10.2 , 10.3 , -0.0268155 , -0.143706 , -0.154115 , -0.731171 , -0.27385 , 1.00506 , 0 , 0.00237108 , 0 , 180 , -69 , 49
-10 , 10 , -10.2 , 10.3 , -0.0269795 , -0.143707 , -0.154115 , -0.731171 , -0.27385 , 1.00504 , 0 , 0 , 0 , 145 , -38 , 32
-10 , 10 , -10.2 , 10.3 , -0.0270172 , -0.143708 , -0.154115 , -0.731171 , -0.27385 , 1.00504 , 0 , 0 , 0 , 131 , -69 , 66
-10 , 10 , -10.2 , 10.3 , -0.0269458 , -0.143734 , -0.154115 , -0.731171 , -0.27385 , 1.00504 , 0 , 0 , 0 , 96 , -56 , 49
-10 , 10 , -10.2 , 10.3 , -0.0268065 , -0.143769 , -0.154115 , -0.731171 , -0.27385 , 1.00504 , 0 , 0 , 0 , 148 , -69 , 86
-10 , 10 , -10.2 , 10.3 , -0.0266907 , -0.143746 , -0.154115 , -0.731152 , -0.27385 , 1.00502 , 0 , 0 , 0 , 166 , -69 , 32
-10 , 10 , -10.2 , 10.3 , -0.0266913 , -0.143689 , -0.154115 , -0.731171 , -0.27385 , 1.00504 , 0 , 0 , 0 , 96 , -56 , 104
-10 , 10 , -10.2 , 10.3 , -0.0267405 , -0.143648 , -0.154115 , -0.731171 , -0.27385 , 1.00504 , 0 , 0 , 0 , 118 , -52 , 138
-10 , 10 , -10.2 , 10.3 , -0.0268051 , -0.143613 , -0.154115 , -0.731171 , -0.27385 , 1.00506 , 0 , 0 , 0 , 19 , -52 , 66
-10 , 10 , -10.2 , 10.3 , -0.0268949 , -0.143546 , -0.154115 , -0.731171 , -0.27385 , 1.00504 , 0 , 0 , 0 , 100 , -82 , 121
-10 , 10 , -10.2 , 10.3 , -0.026947 , -0.143516 , -0.154115 , -0.731171 , -0.27385 , 1.00504 , 0 , 0 , 0 , 51 , -38 , 99
-10 , 10 , -10.2 , 10.3 , -0.0269443 , -0.143526 , -0.154115 , -0.731171 , -0.27385 , 1.00506 , 0 , 0 , 0 , 113 , -38 , 32
-10 , 10 , -10.2 , 10.3 , -0.0269323 , -0.143506 , -0.154115 , -0.731171 , -0.27385 , 1.00504 , 0 , 0 , 0 , 113 , -114 , 83
-10 , 10 , -10.2 , 10.3 , -0.026925 , -0.143502 , -0.154115 , -0.731171 , -0.27383 , 1.00504 , 0 , 0 , 0 , 194 , -87 , 49
-10 , 10 , -10.2 , 10.3 , -0.0269402 , -0.143488 , -0.154115 , -0.731171 , -0.27385 , 1.00504 , 0 , 0 , 0 , 100 , -69 , 49
-10 , 10 , -10.2 , 10.3 , -0.0269575 , -0.143437 , -0.154115 , -0.731171 , -0.27385 , 1.00504 , 0 , 0 , 0 , 6 , -69 , 121
-10 , 10 , -10.2 , 10.3 , -0.026986 , -0.143394 , -0.154115 , -0.731171 , -0.27385 , 1.00502 , 0 , 0 , 0 , 194 , -69 , 46
-10 , 10 , -10.2 , 10.3 , -0.0270212 , -0.143412 , -0.154115 , -0.731152 , -0.27383 , 1.00504 , -0.0195412 , 0 , 0 , 148 , -69 , 67
-10 , 10 , -10.2 , 10.3 , -0.0270238 , -0.143431 , -0.154115 , -0.731171 , -0.27383 , 1.00504 , 0 , 0 , 0 , 113 , -38 , 101
-10 , 10 , -10.2 , 10.3 , -0.0269857 , -0.143409 , -0.154115 , -0.731171 , -0.27383 , 1.00504 , 0 , 0 , 0 , 65 , -69 , 31
-10 , 10 , -10.2 , 10.3 , -0.0269221 , -0.143407 , -0.154115 , -0.731191 , -0.27383 , 1.00502 , 0 , 0 , 0 , 148 , -56 , 49
-10 , 10 , -10.2 , 10.3 , -0.0268685 , -0.143401 , -0.154115 , -0.731171 , -0.27385 , 1.00502 , 0 , 0 , 0 , 100 , -69 , 49
-10 , 10 , -10.2 , 10.3 , -0.0269068 , -0.143397 , -0.154115 , -0.731171 , -0.27385 , 1.00502 , 0 , 0 , 0 , 131 , -38 , 121
-10 , 10 , -10.2 , 10.3 , -0.026986 , -0.143412 , -0.154115 , -0.731171 , -0.27385 , 1.00502 , 0 , 0 , 0 , 37 , -56 , 66
-10 , 10 , -10.2 , 10.3 , -0.0270088 , -0.143445 , -0.154115 , -0.731171 , -0.27383 , 1.00504 , 0 , 0 , 0 , 54 , -82 , 49
-10 , 10 , -10.2 , 10.3 , -0.0269874 , -0.143475 , -0.154115 , -0.731191 , -0.27385 , 1.00504 , 0.0195412 , 0 , 0 , 68 , -65 , 49
-10 , 10 , -10.2 , 10.3 , -0.026969 , -0.143509 , -0.154115 , -0.731171 , -0.27385 , 1.00504 , 0 , 0 , 0 , 86 , -101 , 101
-10 , 10 , -10.2 , 10.3 , -0.0269746 , -0.143528 , -0.154115 , -0.731191 , -0.27385 , 1.00504 , 0 , 0 , 0 , 131 , -69 , 99
-10 , 10 , -10.2 , 10.3 , -0.0269538 , -0.143504 , -0.154115 , -0.731171 , -0.27385 , 1.00504 , 0 , 0 , 0 , 100 , -3 , 84
-10 , 10 , -10.2 , 10.3 , -0.0269433 , -0.143468 , -0.154115 , -0.731171 , -0.27385 , 1.00504 , 0 , 0 , 0 , 148 , -69 , 51
-10 , 10 , -10.2 , 10.3 , -0.0269759 , -0.143434 , -0.154115 , -0.731171 , -0.27385 , 1.00504 , 0 , 0 , 0 , 96 , -87 , 48
-10 , 10 , -10.2 , 10.3 , -0.0270076 , -0.143404 , -0.154115 , -0.731171 , -0.27383 , 1.00504 , 0 , 0 , 0 , 100 , -114 , 49
-10 , 10 , -10.2 , 10.3 , -0.0270376 , -0.143406 , -0.154115 , -0.731171 , -0.27385 , 1.00504 , 0 , 0 , 0 , 163 , -104 , 49
-10 , 10 , -10.2 , 10.3 , -0.0271135 , -0.143418 , -0.154115 , -0.731171 , -0.27385 , 1.00504 , 0 , 0 , 0 , 131 , -69 , 46
-10 , 10 , -10.2 , 10.3 , -0.0271983 , -0.14342 , -0.154115 , -0.731171 , -0.27385 , 1.00504 , 0 , 0 , 0 , 113 , -34 , 118
-10 , 10 , -10.2 , 10.3 , -0.0272038 , -0.143432 , -0.154115 , -0.731171 , -0.27385 , 1.00504 , 0 , 0 , 0 , 145 , -69 , 49
-10 , 10 , -10.2 , 10.3 , -0.0271705 , -0.143463 , -0.154115 , -0.731152 , -0.27385 , 1.00506 , 0 , 0 , 0 , 148 , -69 , 66
-10 , 10 , -10.2 , 10.3 , -0.0271502 , -0.143509 , -0.154115 , -0.731171 , -0.27383 , 1.00504 , 0 , 0 , 0 , 131 , -56 , 83
-10 , 10 , -10.2 , 10.3 , -0.0271536 , -0.143495 , -0.154115 , -0.731171 , -0.27383 , 1.00504 , 0 , 0 , 0 , 86 , -82 , 11
-10 , 10 , -10.2 , 10.3 , -0.027148 , -0.143434 , -0.154115 , -0.731171 , -0.27385 , 1.00504 , 0 , 0 , 0 , 163 , -114 , 30
-10 , 10 , -10.2 , 10.3 , -0.0271458 , -0.143438 , -0.154115 , -0.731171 , -0.27383 , 1.00504 , 0 , 0 , 0 , 131 , -69 , 86
-10 , 10 , -10.2 , 10.3 , -0.0271753 , -0.143474 , -0.154115 , -0.731171 , -0.27385 , 1.00504 , 0 , 0 , 0 , 163 , -69 , 136
-10 , 10 , -10.2 , 10.3 , -0.0271783 , -0.143482 , -0.154115 , -0.731171 , -0.27385 , 1.00504 , 0 , 0 , 0 , 37 , -87 , 138
-10 , 10 , -10.2 , 10.3 , -0.0271598 , -0.143467 , -0.154115 , -0.731171 , -0.27385 , 1.00504 , -0.0195412 , 0 , 0 , 131 , -114 , 67
-10 , 10 , -10.2 , 10.3 , -0.0271283 , -0.143442 , -0.154115 , -0.731171 , -0.27385 , 1.00504 , 0 , 0 , 0 , 135 , -56 , 121
-10 , 10 , -10.2 , 10.3 , -0.0270813 , -0.143437 , -0.154115 , -0.731171 , -0.27385 , 1.00504 , 0 , 0 , 0 , 113 , -56 , 49
-10 , 10 , -10.2 , 10.3 , -0.0270699 , -0.14343 , -0.154115 , -0.731171 , -0.27385 , 1.00504 , 0 , 0 , 0 , 65 , -82 , 64
-10 , 10 , -10.2 , 10.3 , -0.0270931 , -0.143445 , -0.154115 , -0.731191 , -0.27385 , 1.00504 , 0.0195412 , 0 , 0 , 24 , -69 , 49
-10 , 10 , -10.2 , 10.3 , -0.0271183 , -0.143493 , -0.154115 , -0.731171 , -0.27385 , 1.00504 , 0 , 0 , 0 , 96 , -69 , 103
-10 , 10 , -10.2 , 10.3 , -0.0271705 , -0.143548 , -0.154115 , -0.731171 , -0.27385 , 1.00504 , 0 , 0 , 0 , 86 , -56 , 31
-10 , 10 , -10.2 , 10.3 , -0.0272311 , -0.143586 , -0.154115 , -0.731171 , -0.27385 , 1.00504 , 0 , 0 , 0 , 113 , -69 , 48
-10 , 10 , -10.2 , 10.3 , -0.0272613 , -0.143611 , -0.154115 , -0.731171 , -0.27385 , 1.00504 , 0 , 0 , 0 , 131 , -69 , 84
-10 , 10 , -10.2 , 10.3 , -0.0272619 , -0.143625 , -0.154115 , -0.731171 , -0.27385 , 1.00504 , 0 , 0 , 0 , 131 , -52 , 101
-10 , 10 , -10.2 , 10.3 , -0.0272575 , -0.143633 , -0.154115 , -0.731191 , -0.27385 , 1.00504 , 0.0195412 , 0 , 0 , 48 , -65 , 48
-10 , 10 , -10.2 , 10.3 , -0.0272773 , -0.143648 , -0.154115 , -0.731171 , -0.27385 , 1.00504 , 0 , 0 , 0 , 124 , -20 , 98
-10 , 10 , -10.2 , 10.3 , -0.0273098 , -0.143641 , -0.154115 , -0.731152 , -0.27385 , 1.00504 , -0.0195412 , 0 , 0 , 163 , -38 , 48
-10 , 10 , -10.2 , 10.3 , -0.0273282 , -0.143657 , -0.154115 , -0.731152 , -0.27385 , 1.00504 , 0 , 0 , 0 , 159 , -69 , 66
-10 , 10 , -10.2 , 10.3 , -0.0273442 , -0.143675 , -0.154115 , -0.731171 , -0.27385 , 1.00504 , 0 , 0 , 0 , 113 , -38 , 101
-10 , 10 , -10.2 , 10.3 , -0.0273632 , -0.143653 , -0.154115 , -0.731171 , -0.27385 , 1.00506 , 0 , 0 , 0 , 163 , -149 , 84
-10 , 10 , -10.2 , 10.3 , -0.0273452 , -0.143642 , -0.154115 , -0.731191 , -0.27385 , 1.00506 , 0 , 0 , 0 , 128 , -69 , 105
-10 , 10 , -10.2 , 10.3 , -0.0273474 , -0.143679 , -0.154115 , -0.731191 , -0.27385 , 1.00502 , 0 , 0 , 0 , 113 , -52 , 66
-10 , 10 , -10.2 , 10.3 , -0.027389 , -0.14371 , -0.154115 , -0.731171 , -0.27385 , 1.00506 , 0 , 0 , 0.00314753 , 86 , -69 , 49
-10 , 10 , -10.2 , 10.3 , -0.0274271 , -0.143712 , -0.154115 , -0.731171 , -0.27385 , 1.00504 , 0 , 0 , 0 , 37 , -69 , 32
-10 , 10 , -10.2 , 10.3 , -0.0274705 , -0.143738 , -0.154115 , -0.731171 , -0.27385 , 1.00506 , 0 , 0 , 0 , 177 , -82 , 32
-10 , 10 , -10.2 , 10.3 , -0.0275114 , -0.14375 , -0.154115 , -0.731171 , -0.27385 , 1.00504 , 0 , 0 , 0 , 163 , -56 , 49
-10 , 10 , -10.2 , 10.3 , -0.0275729 , -0.143777 , -0.154115 , -0.731171 , -0.27385 , 1.00504 , 0 , 0 , 0 , 113 , -34 , 101
-10 , 10 , -10.2 , 10.3 , -0.027601 , -0.143837 , -0.154115 , -0.731171 , -0.27385 , 1.00504 , 0 , 0 , 0 , 83 , -56 , 99
-10 , 10 , -10.2 , 10.3 , -0.0275866 , -0.143858 , -0.154115 , -0.731171 , -0.27385 , 1.00504 , 0 , 0 , 0 , 100 , -118 , 101
-10 , 10 , -10.2 , 10.3 , -0.027596 , -0.143875 , -0.154115 , -0.731171 , -0.27385 , 1.00504 , 0 , 0 , 0 , 83 , -87 , 101
-10 , 10 , -10.2 , 10.3 , -0.0275865 , -0.143945 , -0.154115 , -0.731171 , -0.27385 , 1.00504 , 0 , 0 , 0 , 51 , -118 , 83
-10 , 10 , -10.2 , 10.3 , -0.0275451 , -0.143965 , -0.154115 , -0.731171 , -0.27385 , 1.00504 , 0 , 0 , 0 , 131 , -69 , 46
-10 , 10 , -10.2 , 10.3 , -0.0275342 , -0.143956 , -0.154115 , -0.731171 , -0.27385 , 1.00504 , 0 , 0 , 0 , 68 , -69 , 121
-10 , 10 , -10.2 , 10.3 , -0.0275347 , -0.143979 , -0.154115 , -0.731171 , -0.27385 , 1.00504 , 0 , 0 , 0 , 159 , -20 , 31
-10 , 10 , -10.2 , 10.3 , -0.0275711 , -0.143985 , -0.154115 , -0.731171 , -0.27385 , 1.00504 , 0 , 0 , 0 , 83 , -82 , 138
-10 , 10 , -10.2 , 10.3 , -0.0276854 , -0.14399 , -0.154115 , -0.731191 , -0.27385 , 1.00504 , 0 , 0 , 0 , 163 , -69 , 46
-10 , 10 , -10.2 , 10.3 , -0.0278013 , -0.143968 , -0.154115 , -0.731171 , -0.27385 , 1.00504 , 0 , 0 , 0 , 166 , -82 , 83
-10 , 10 , -10.2 , 10.3 , -0.0278218 , -0.143963 , -0.154115 , -0.731171 , -0.27385 , 1.00504 , 0 , 0 , 0 , 54 , -38 , 103
-10 , 10 , -10.2 , 10.3 , -0.027734 , -0.144023 , -0.154115 , -0.731171 , -0.27385 , 1.00504 , 0 , 0 , 0 , -11 , -69 , 138
-10 , 10 , -10.2 , 10.3 , -0.0276689 , -0.144096 , -0.154115 , -0.731171 , -0.27385 , 1.00506 , 0 , 0 , 0 , 131 , -118 , 51
-10 , 10 , -10.2 , 10.3 , -0.0276771 , -0.144079 , -0.154115 , -0.731171 , -0.27385 , 1.00506 , 0 , 0 , 0 , 54 , -82 , 51
-10 , 10 , -10.2 , 10.3 , -0.0276995 , -0.144008 , -0.154115 , -0.731152 , -0.27385 , 1.00504 , 0 , 0 , 0 , 163 , -82 , 66
-10 , 10 , -10.2 , 10.3 , -0.027737 , -0.144006 , -0.154115 , -0.731171 , -0.27385 , 1.00504 , 0 , 0 , 0 , 83 , -131 , 51
-10 , 10 , -10.2 , 10.3 , -0.0278197 , -0.144053 , -0.154115 , -0.731171 , -0.27385 , 1.00504 , 0 , 0 , 0 , 6 , -56 , 83
-10 , 10 , -10.2 , 10.3 , -0.027855 , -0.144088 , -0.154115 , -0.731171 , -0.27385 , 1.00504 , 0 , 0 , -0.00420426 , 34 , -69 , 66
-10 , 10 , -10.2 , 10.3 , -0.0277821 , -0.144092 , -0.154115 , -0.731191 , -0.27385 , 1.00504 , 0.0195412 , 0 , 0 , 37 , -56 , 51
-10 , 10 , -10.2 , 10.3 , -0.0277129 , -0.144081 , -0.154115 , -0.731171 , -0.27383 , 1.00504 , 0 , 0 , 0 , 68 , -59 , 49
-10 , 10 , -10.2 , 10.3 , -0.0276928 , -0.144067 , -0.154177 , -0.731171 , -0.27385 , 1.00506 , 0 , 0 , 0 , 68 , -82 , 121
-10 , 10 , -10.2 , 10.3 , -0.027746 , -0.144037 , -0.154177 , -0.731171 , -0.27385 , 1.00504 , 0 , 0 , 0 , 148 , -114 , 48
-10 , 10 , -10.2 , 10.3 , -0.0278608 , -0.143997 , -0.154177 , -0.731171 , -0.27385 , 1.00504 , 0 , 0 , 0 , 135 , -87 , 84
-10 , 10 , -10.2 , 10.3 , -0.0279229 , -0.144026 , -0.154177 , -0.731171 , -0.27385 , 1.00504 , 0 , 0 , 0 , 96 , -131 , 48
-10 , 10 , -10.2 , 10.3 , -0.0279095 , -0.144149 , -0.154177 , -0.731171 , -0.27385 , 1.00504 , 0 , 0 , 0 , 83 , -42 , 103
-10 , 10 , -10.2 , 10.3 , -0.0278401 , -0.144151 , -0.154177 , -0.731171 , -0.27385 , 1.00504 , 0 , 0 , 0 , 54 , -69 , 83
-10 , 10 , -10.2 , 10.3 , -0.0277545 , -0.144159 , -0.154177 , -0.731171 , -0.27385 , 1.00504 , 0 , 0 , 0 , 100 , -87 , 49
-10 , 10 , -10.2 , 10.3 , -0.027739 , -0.144218 , -0.154177 , -0.731171 , -0.27385 , 1.00504 , 0 , 0 , 0 , 96 , -20 , 64
-10 , 10 , -10.2 , 10.3 , -0.0277555 , -0.144175 , -0.154177 , -0.731171 , -0.27385 , 1.00504 , 0 , 0 , 0 , 86 , -82 , 67
-10 , 10 , -10.2 , 10.3 , -0.0277597 , -0.144126 , -0.154177 , -0.731171 , -0.27385 , 1.00504 , 0 , 0 , 0 , 163 , -100 , 66
-10 , 10 , -10.2 , 10.3 , -0.0277778 , -0.144141 , -0.154177 , -0.731171 , -0.27383 , 1.00504 , 0 , 0 , 0 , 148 , -69 , 64
-10 , 10 , -10.2 , 10.3 , -0.0278856 , -0.144252 , -0.154177 , -0.731171 , -0.27385 , 1.00504 , 0 , 0 , 0 , 100 , -131 , 49
-10 , 10 , -10.2 , 10.3 , -0.0279273 , -0.144308 , -0.154177 , -0.731171 , -0.27385 , 1.00504 , 0 , 0 , 0 , 148 , -82 , 138
-10 , 10 , -10.2 , 10.3 , -0.0278725 , -0.144301 , -0.154177 , -0.731171 , -0.27385 , 1.00504 , 0 , 0 , 0 , 65 , -82 , 32
-10 , 10 , -10.2 , 10.3 , -0.0278245 , -0.144323 , -0.154177 , -0.731171 , -0.27385 , 1.00504 , 0 , 0 , 0 , 100 , -56 , 83
-10 , 10 , -10.2 , 10.3 , -0.0277824 , -0.144339 , -0.154177 , -0.731152 , -0.27385 , 1.00504 , -0.0195412 , 0 , 0 , 100 , -52 , 99
-10 , 10 , -10.2 , 10.3 , -0.0278077 , -0.144343 , -0.154177 , -0.731171 , -0.27385 , 1.00504 , 0 , 0 , 0 , 113 , -52 , 49
-10 , 10 , -10.2 , 10.3 , -0.0278602 , -0.144361 , -0.154177 , -0.731171 , -0.27385 , 1.00504 , 0 , 0 , 0 , 180 , -52 , 66
-10 , 10 , -10.2 , 10.3 , -0.0279043 , -0.144345 , -0.154177 , -0.731171 , -0.27385 , 1.00504 , 0 , 0 , 0 , 118 , -38 , 31
-10 , 10 , -10.2 , 10.3 , -0.0278669 , -0.144292 , -0.154177 , -0.731171 , -0.27385 , 1.00504 , 0 , 0 , 0 , 83 , -69 , 63
-10 , 10 , -10.2 , 10.3 , -0.0277742 , -0.144314 , -0.154177 , -0.731171 , -0.27385 , 1.00502 , 0 , 0 , 0 , 163 , -82 , 31
-10 , 10 , -10.2 , 10.3 , -0.0277405 , -0.144399 , -0.154251 , -0.731171 , -0.27385 , 1.00504 , 0 , 0 , 0 , 145 , -87 , 67
-10 , 10 , -10.2 , 10.3 , -0.0278265 , -0.144451 , -0.154251 , -0.731171 , -0.27385 , 1.00504 , 0 , 0 , 0 , 24 , -56 , 99
-10 , 10 , -10.2 , 10.3 , -0.027907 , -0.144477 , -0.154251 , -0.731171 , -0.27385 , 1.00504 , 0 , 0 , 0 , 54 , -69 , 49
-10 , 10 , -10.2 , 10.3 , -0.0278965 , -0.144526 , -0.154251 , -0.731171 , -0.27385 , 1.00504 , 0 , 0 , 0 , 180 , -131 , 101
-10 , 10 , -10.2 , 10.3 , -0.0279082 , -0.144599 , -0.154251 , -0.731171 , -0.27385 , 1.00502 , 0 , 0 , 0 , 131 , -114 , 83
-10 , 10 , -10.2 , 10.3 , -0.0278984 , -0.144639 , -0.154251 , -0.731171 , -0.27385 , 1.00502 , 0 , 0 , 0 , 180 , -131 , 49
-10 , 10 , -10.2 , 10.3 , -0.0278712 , -0.144631 , -0.154251 , -0.731171 , -0.27385 , 1.00504 , 0 , 0 , 0 , 131 , -101 , 80
-10 , 10 , -10.2 , 10.3 , -0.0279216 , -0.144628 , -0.154251 , -0.731171 , -0.27385 , 1.00502 , 0 , 0 , 0 , 51 , -29 , 99
-10 , 10 , -10.2 , 10.3 , -0.0280388 , -0.144648 , -0.154251 , -0.731171 , -0.27385 , 1.00502 , 0 , 0 , 0 , 153 , -145 , 83
-10 , 10 , -10.2 , 10.3 , -0.0281481 , -0.144679 , -0.154251 , -0.731171 , -0.27385 , 1.00504 , 0 , 0 , 0 , 131 , -101 , 49
-10 , 10 , -10.2 , 10.3 , -0.0281286 , -0.144674 , -0.154251 , -0.731171 , -0.27385 , 1.00504 , 0 , 0 , 0 , 194 , -101 , 121
-10 , 10 , -10.2 , 10.3 , -0.0280517 , -0.144662 , -0.154251 , -0.731171 , -0.27385 , 1.00506 , -0.0195412 , 0 , 0 , 163 , -87 , 101
-10 , 10 , -10.2 , 10.3 , -0.0280125 , -0.144645 , -0.154251 , -0.731171 , -0.27385 , 1.00504 , 0 , 0 , 0 , 37 , -69 , 104
-10 , 10 , -10.2 , 10.3 , -0.0279685 , -0.144592 , -0.154251 , -0.731171 , -0.27385 , 1.00506 , 0 , 0 , 0 , 135 , -38 , 32
-10 , 10 , -10.2 , 10.3 , -0.0279009 , -0.144607 , -0.154251 , -0.731171 , -0.27385 , 1.00504 , 0 , 0 , 0 , 19 , -52 , 64
-10 , 10 , -10.2 , 10.3 , -0.027897 , -0.144671 , -0.154251 , -0.731171 , -0.27385 , 1.00504 , 0 , 0 , 0 , 113 , -69 , 32
-10 , 10 , -10.2 , 10.3 , -0.0280059 , -0.144708 , -0.154251 , -0.731152 , -0.27385 , 1.00504 , 0 , 0 , 0 , 51 , -101 , 31
-10 , 10 , -10.2 , 10.3 , -0.0280907 , -0.144701 , -0.154251 , -0.731171 , -0.27385 , 1.00504 , 0 , 0 , 0 , 131 , -69 , 66
-10 , 10 , -10.2 , 10.3 , -0.0280546 , -0.144664 , -0.154251 , -0.731191 , -0.27385 , 1.00504 , 0 , 0 , 0 , 68 , -38 , 83
-10 , 10 , -10.2 , 10.3 , -0.0279739 , -0.144614 , -0.154251 , -0.731191 , -0.27385 , 1.00504 , 0 , 0 , 0 , 103 , -87 , 123
-10 , 10 , -10.2 , 10.3 , -0.0279124 , -0.144578 , -0.154251 , -0.731171 , -0.27385 , 1.00504 , 0 , 0 , 0 , 148 , -69 , 49
-10 , 10 , -10.2 , 10.3 , -0.0279205 , -0.144602 , -0.154251 , -0.731171 , -0.27385 , 1.00504 , 0 , 0 , 0 , 131 , -82 , 84
-10 , 10 , -10.2 , 10.3 , -0.0279331 , -0.144632 , -0.154251 , -0.731171 , -0.27385 , 1.00504 , 0 , 0 , 0 , 145 , -118 , 32
-10 , 10 , -10.2 , 10.3 , -0.0278945 , -0.144648 , -0.154251 , -0.731171 , -0.27385 , 1.00504 , 0.0195412 , 0 , 0 , 131 , -34 , 83
-10 , 10 , -10.2 , 10.3 , -0.0278759 , -0.144651 , -0.154251 , -0.731152 , -0.27385 , 1.00504 , 0 , 0 , 0 , 83 , -69 , 66
-10 , 10 , -10.2 , 10.3 , -0.0278379 , -0.144663 , -0.154251 , -0.731152 , -0.27385 , 1.00504 , 0 , 0 , 0 , 83 , -87 , 51
-10 , 10 , -10.2 , 10.3 , -0.0277988 , -0.144685 , -0.154251 , -0.731171 , -0.27385 , 1.00504 , 0 , 0 , 0 , 96 , -38 , 118
-10 , 10 , -10.2 , 10.3 , -0.0277625 , -0.144661 , -0.154251 , -0.731171 , -0.27385 , 1.00504 , 0 , 0 , 0 , 113 , -82 , 80
-10 , 10 , -10.2 , 10.3 , -0.0277664 , -0.14463 , -0.15432 , -0.731191 , -0.27385 , 1.00506 , 0 , 0 , 0 , 86 , -56 , 34
-10 , 10 , -10.2 , 10.3 , -0.0278391 , -0.144616 , -0.15432 , -0.731171 , -0.27385 , 1.00504 , 0 , 0 , 0 , 163 , -101 , 49
-10 , 10 , -10.2 , 10.3 , -0.0279241 , -0.144602 , -0.15432 , -0.731152 , -0.27385 , 1.00504 , 0 , 0 , 0 , 163 , -38 , 48
-10 , 10 , -10.2 , 10.3 , -0.0279951 , -0.144594 , -0.15432 , -0.731171 , -0.27385 , 1.00504 , 0 , 0 , 0 , 68 , -69 , 136
-10 , 10 , -10.2 , 10.3 , -0.0279978 , -0.144581 , -0.15432 , -0.731171 , -0.27385 , 1.00504 , 0 , 0 , 0 , 145 , -118 , 80
-10 , 10 , -10.2 , 10.3 , -0.0279695 , -0.144556 , -0.15432 , -0.731171 , -0.27385 , 1.00502 , 0 , 0 , 0 , 135 , -56 , 48
-10 , 10 , -10.2 , 10.3 , -0.027962 , -0.144482 , -0.15432 , -0.731152 , -0.27385 , 1.00504 , 0 , 0 , 0 , 148 , -24 , 49
-10 , 10 , -10.2 , 10.3 , -0.0279293 , -0.144416 , -0.15432 , -0.731152 , -0.27385 , 1.00502 , 0 , 0 , 0 , 68 , -82 , 48
-10 , 10 , -10.2 , 10.3 , -0.0278712 , -0.144405 , -0.15432 , -0.731171 , -0.27385 , 1.00504 , 0 , 0 , 0 , 163 , -87 , 83
-10 , 10 , -10.2 , 10.3 , -0.0278483 , -0.144393 , -0.1544 , -0.731171 , -0.27385 , 1.00504 , 0 , 0 , 0 , 145 , -82 , 84
-10 , 10 , -10.2 , 10.3 , -0.0279192 , -0.144419 , -0.1544 , -0.731191 , -0.27385 , 1.00504 , 0 , 0 , 0 , 118 , -56 , 48
-10 , 10 , -10.2 , 10.3 , -0.0280111 , -0.144439 , -0.1544 , -0.731191 , -0.27385 , 1.00502 , 0 , 0 , 0 , 100 , -69 , 84
-10 , 10 , -10.2 , 10.3 , -0.028036 , -0.144411 , -0.1544 , -0.731171 , -0.27385 , 1.00504 , 0 , 0 , 0 , 135 , -118 , 84
-10 , 10 , -10.2 , 10.3 , -0.0280212 , -0.144424 , -0.1544 , -0.731171 , -0.27385 , 1.00504 , 0 , 0 , 0 , 113 , -65 , 119
-10 , 10 , -10.2 , 10.3 , -0.0280061 , -0.144469 , -0.1544 , -0.731152 , -0.27385 , 1.00504 , 0 , 0 , 0 , 51 , -118 , 49
-10 , 10 , -10.2 , 10.3 , -0.028017 , -0.144505 , -0.1544 , -0.731171 , -0.27385 , 1.00504 , 0 , 0 , 0 , 131 , -3 , 99
-10 , 10 , -10.2 , 10.3 , -0.0280238 , -0.14453 , -0.1544 , -0.731171 , -0.27385 , 1.00504 , 0 , 0 , 0 , 113 , 7 , 118
-10 , 10 , -10.2 , 10.3 , -0.0280253 , -0.144556 , -0.1544 , -0.731171 , -0.27385 , 1.00504 , 0 , 0 , 0 , 37 , -56 , 121
-10 , 10 , -10.2 , 10.3 , -0.0280296 , -0.144611 , -0.1544 , -0.731171 , -0.27385 , 1.00504 , 0 , 0 , 0 , 148 , -73 , 31
-10 , 10 , -10.2 , 10.3 , -0.0280225 , -0.144631 , -0.1544 , -0.731171 , -0.27385 , 1.00504 , 0 , 0 , 0 , 113 , -56 , 103
-10 , 10 , -10.2 , 10.3 , -0.0280097 , -0.144555 , -0.1544 , -0.731171 , -0.27385 , 1.00504 , 0 , 0 , 0 , 148 , -56 , 104
-10 , 10 , -10.2 , 10.3 , -0.0280211 , -0.144455 , -0.1544 , -0.731171 , -0.27385 , 1.00504 , 0 , 0 , 0 , 51 , -38 , 64
-10 , 10 , -10.2 , 10.3 , -0.0280674 , -0.144421 , -0.1544 , -0.731171 , -0.27385 , 1.00504 , 0 , 0 , 0 , 86 , -52 , 86
-10 , 10 , -10.2 , 10.3 , -0.028095 , -0.144447 , -0.1544 , -0.731171 , -0.27385 , 1.00504 , 0 , 0 , 0 , 37 , -69 , 32
-10 , 10 , -10.2 , 10.3 , -0.0280612 , -0.144479 , -0.1544 , -0.731171 , -0.27385 , 1.00504 , 0 , 0 , 0 , 118 , -69 , 99
-10 , 10 , -10.2 , 10.3 , -0.0280244 , -0.144519 , -0.1544 , -0.731171 , -0.27385 , 1.00504 , 0 , 0 , 0 , 86 , -56 , 51
-10 , 10 , -10.2 , 10.3 , -0.0280213 , -0.144527 , -0.1544 , -0.731171 , -0.27385 , 1.00506 , 0 , 0 , 0 , 96 , -82 , 140
-10 , 10 , -10.2 , 10.3 , -0.0280326 , -0.144528 , -0.1544 , -0.731171 , -0.27385 , 1.00506 , 0 , 0 , 0 , 180 , -131 , 49
-10 , 10 , -10.2 , 10.3 , -0.0280485 , -0.14456 , -0.1544 , -0.731152 , -0.27385 , 1.00502 , 0 , 0 , 0 , 54 , -52 , 103
-10 , 10 , -10.2 , 10.3 , -0.0280891 , -0.144584 , -0.1544 , -0.731171 , -0.27385 , 1.00504 , 0 , 0 , 0 , 68 , -69 , 69
-10 , 10 , -10.2 , 10.3 , -0.0281282 , -0.144633 , -0.1544 , -0.731171 , -0.27385 , 1.00504 , 0 , 0 , 0 , 128 , -52 , 66
-10 , 10 , -10.2 , 10.3 , -0.0281095 , -0.144629 , -0.1544 , -0.731171 , -0.27385 , 1.00504 , 0 , 0 , 0 , 113 , -69 , 49
-10 , 10 , -10.2 , 10.3 , -0.0280536 , -0.144587 , -0.1544 , -0.731171 , -0.27385 , 1.00504 , 0 , 0 , 0 , 131 , -131 , 103
-10 , 10 , -10.2 , 10.3 , -0.0279376 , -0.144586 , -0.1544 , -0.731191 , -0.27385 , 1.00504 , 0 , 0 , 0 , 118 , -82 , 51
-10 , 10 , -10.2 , 10.3 , -0.0278277 , -0.144573 , -0.1544 , -0.731171 , -0.27385 , 1.00504 , 0 , 0 , 0 , 113 , -87 , 99
-10 , 10 , -10.2 , 10.3 , -0.0278635 , -0.144535 , -0.1544 , -0.731171 , -0.27385 , 1.00506 , 0 , 0 , 0 , 19 , -118 , 49
-10 , 10 , -10.2 , 10.3 , -0.0279279 , -0.144552 , -0.1544 , -0.731171 , -0.27385 , 1.00504 , 0 , 0 , 0 , 83 , -69 , 99
-10 , 10 , -10.2 , 10.3 , -0.0279064 , -0.144578 , -0.1544 , -0.731171 , -0.27385 , 1.00504 , -0.0195412 , 0 , 0 , 83 , -65 , 30
-10 , 10 , -10.2 , 10.3 , -0.0278992 , -0.144574 , -0.1544 , -0.731171 , -0.27385 , 1.00504 , 0 , 0 , 0 , 100 , -52 , 48
-10 , 10 , -10.2 , 10.3 , -0.0279388 , -0.144588 , -0.1544 , -0.731171 , -0.27385 , 1.00506 , 0 , 0 , 0 , 54 , -82 , 49
-10 , 10 , -10.2 , 10.3 , -0.0279548 , -0.144592 , -0.1544 , -0.731152 , -0.27385 , 1.00506 , 0 , 0 , 0 , 128 , -38 , 83
-10 , 10 , -10.2 , 10.3 , -0.0279752 , -0.144584 , -0.1544 , -0.731171 , -0.27385 , 1.00504 , 0 , 0 , 0 , 118 , -52 , 64
-10 , 10 , -10.2 , 10.3 , -0.0280137 , -0.14457 , -0.1544 , -0.731171 , -0.27385 , 1.00504 , 0 , 0 , 0 , 145 , -82 , 83
-10 , 10 , -10.2 , 10.3 , -0.0280055 , -0.144565 , -0.1544 , -0.731191 , -0.27385 , 1.00506 , 0 , 0 , 0 , 131 , -87 , 67
-10 , 10 , -10.2 , 10.3 , -0.0280047 , -0.144578 , -0.1544 , -0.731171 , -0.27385 , 1.00504 , 0 , 0 , 0 , 118 , -131 , 120
-10 , 10 , -10.2 , 10.3 , -0.028012 , -0.14457 , -0.1544 , -0.731171 , -0.27385 , 1.00504 , 0 , 0 , 0 , 180 , -114 , 49
-10 , 10 , -10.2 , 10.3 , -0.0279658 , -0.144524 , -0.1544 , -0.731191 , -0.27385 , 1.00504 , 0 , 0 , 0 , 131 , -145 , 84
-10 , 10 , -10.2 , 10.3 , -0.0278891 , -0.144488 , -0.1544 , -0.731171 , -0.27385 , 1.00504 , 0 , 0 , 0 , 131 , -69 , 49
-10 , 10 , -10.2 , 10.3 , -0.0278502 , -0.144513 , -0.154461 , -0.731171 , -0.27385 , 1.00504 , 0.0195412 , 0 , 0 , 113 , -87 , 80
-10 , 10 , -10.2 , 10.3 , -0.0278836 , -0.144513 , -0.154461 , -0.731171 , -0.27385 , 1.00502 , 0 , 0 , 0 , 100 , -38 , 49
-10 , 10 , -10.2 , 10.3 , -0.0279227 , -0.144499 , -0.154461 , -0.731171 , -0.27385 , 1.00504 , 0 , 0 , 0 , 131 , -131 , 139
-10 , 10 , -10.2 , 10.3 , -0.0279415 , -0.144549 , -0.154461 , -0.731152 , -0.27385 , 1.00504 , -0.0195412 , 0 , 0 , 131 , -69 , 104
-10 , 10 , -10.2 , 10.3 , -0.0279646 , -0.144609 , -0.154461 , -0.731152 , -0.27385 , 1.00504 , -0.0195412 , 0 , 0 , 145 , -69 , 48
-10 , 10 , -10.2 , 10.3 , -0.0279777 , -0.14464 , -0.154461 , -0.731171 , -0.27385 , 1.00504 , 0 , 0 , 0 , 51 , -118 , 104
-10 , 10 , -10.2 , 10.3 , -0.0280054 , -0.144699 , -0.154461 , -0.731171 , -0.27385 , 1.00504 , 0 , 0 , 0 , 65 , -65 , 99
-10 , 10 , -10.2 , 10.3 , -0.0280221 , -0.144793 , -0.154461 , -0.731171 , -0.27385 , 1.00506 , 0 , 0 , 0 , 68 , -131 , 99
-10 , 10 , -10.2 , 10.3 , -0.0279782 , -0.144829 , -0.154461 , -0.731191 , -0.27385 , 1.00504 , 0 , 0 , 0 , 135 , -34 , 31
-10 , 10 , -10.2 , 10.3 , -0.0279085 , -0.144819 , -0.154461 , -0.731171 , -0.27385 , 1.00504 , 0 , 0 , 0 , 83 , -69 , 32
-10 , 10 , -10.2 , 10.3 , -0.027867 , -0.144771 , -0.154461 , -0.731171 , -0.27385 , 1.00504 , 0 , 0 , 0 , 100 , -38 , 138
-10 , 10 , -10.2 , 10.3 , -0.0278482 , -0.14471 , -0.154461 , -0.731171 , -0.27385 , 1.00504 , 0 , 0 , 0 , 113 , -65 , 84
-10 , 10 , -10.2 , 10.3 , -0.0278581 , -0.144621 , -0.154461 , -0.731171 , -0.27385 , 1.00504 , 0 , 0 , 0 , 83 , -38 , 84
-10 , 10 , -10.2 , 10.3 , -0.0278885 , -0.144561 , -0.154461 , -0.731171 , -0.27385 , 1.00504 , 0 , 0 , 0 , 159 , -96 , 49
-10 , 10 , -10.2 , 10.3 , -0.0279381 , -0.14456 , -0.154461 , -0.731152 , -0.27385 , 1.00504 , -0.0195412 , 0 , 0 , 100 , -52 , 116
-10 , 10 , -10.2 , 10.3 , -0.0279892 , -0.144569 , -0.154461 , -0.731171 , -0.27385 , 1.00504 , 0 , 0 , 0 , 131 , -131 , 104
-10 , 10 , -10.2 , 10.3 , -0.0279454 , -0.144605 , -0.154461 , -0.731171 , -0.27385 , 1.00504 , 0 , 0 , 0 , 86 , -82 , 104
-10 , 10 , -10.2 , 10.3 , -0.0278175 , -0.144679 , -0.154461 , -0.731171 , -0.27385 , 1.00504 , 0 , 0 , 0 , 96 , -128 , 121
-10 , 10 , -10.2 , 10.3 , -0.0276626 , -0.144747 , -0.154534 , -0.731171 , -0.27385 , 1.00502 , 0 , 0 , 0 , 19 , -131 , 64
-10 , 10 , -10.2 , 10.3 , -0.027614 , -0.144743 , -0.154638 , -0.731171 , -0.27385 , 1.00502 , 0 , 0 , 0 , 68 , -79 , 48
-10 , 10 , -10.2 , 10.3 , -0.0277002 , -0.14469 , -0.154728 , -0.731171 , -0.27385 , 1.00502 , 0 , 0 , 0 , 113 , -82 , 87
-10 , 10 , -10.2 , 10.3 , -0.0278232 , -0.144638 , -0.154728 , -0.731191 , -0.27385 , 1.00502 , 0.0195412 , 0 , 0 , 145 , -69 , 49
-10 , 10 , -10.2 , 10.3 , -0.0279029 , -0.14463 , -0.154728 , -0.731171 , -0.27385 , 1.00504 , 0 , 0 , 0 , 163 , -101 , 49
-10 , 10 , -10.2 , 10.3 , -0.0279059 , -0.144663 , -0.154638 , -0.731171 , -0.27385 , 1.00504 , 0 , 0 , 0 , 68 , -101 , 99
-10 , 10 , -10.2 , 10.3 , -0.0278146 , -0.144637 , -0.154638 , -0.731171 , -0.27385 , 1.00504 , -0.0195412 , 0 , 0 , 19 , -82 , 118
0 , 0 , 0 , 0 , -0.0276625 , -0.144538 , -0.154638 , -0.731132 , -0.273811 , 1.00496 , 0.0195412 , 0.018259 , 0 , 180 , -3 , 17
0 , 0 , 0 , 0 , -0.0275525 , -0.144437 , -0.154734 , -0.730077 , -0.272755 , 1.00404 , 0.0781646 , 0.104721 , -0.0910577 , 162 , -58 , 65
0 , 0 , 0 , 0 , -0.0272752 , -0.144235 , -0.154885 , -0.727654 , -0.270411 , 1.00215 , 0.117247 , 0.163478 , -0.153947 , 130 , -19 , 36
0 , 0 , 0 , 0 , -0.0264387 , -0.143944 , -0.155428 , -0.724078 , -0.266893 , 0.998963 , 0.234494 , 0.202849 , -0.183084 , 47 , -7 , -66
0 , 0 , 0 , 0 , -0.0250434 , -0.143551 , -0.156685 , -0.719115 , -0.262027 , 0.994586 , 0.293117 , 0.266228 , -0.246938 , -43 , 32 , -46
0 , 0 , 0 , 0 , -0.0237347 , -0.14278 , -0.158595 , -0.713076 , -0.256048 , 0.989017 , 0.3322 , 0.336916 , -0.307251 , -9 , 34 , -161
0 , 0 , 0 , 0 , -0.0228578 , -0.141542 , -0.161005 , -0.706042 , -0.248622 , 0.981806 , 0.390823 , 0.42054 , -0.370096 , -81 , -15 , -104
0 , 0 , 0 , 0 , -0.0223688 , -0.139925 , -0.163686 , -0.697834 , -0.240122 , 0.973345 , 0.390823 , 0.394239 , -0.432644 , 162 , 6 , 34
0 , 0 , 0 , 0 , -0.0219822 , -0.137833 , -0.166607 , -0.688083 , -0.230507 , 0.963965 , 0.547152 , 0.516505 , -0.4616 , 121 , -33 , 1
0 , 0 , 0 , 0 , -0.0214493 , -0.13555 , -0.16971 , -0.676828 , -0.219955 , 0.953941 , 0.566693 , 0.557786 , -0.562063 , -74 , 78 , -86
0 , 0 , 0 , 0 , -0.0208028 , -0.133414 , -0.173045 , -0.66522 , -0.207722 , 0.942138 , 0.586235 , 0.602188 , -0.621996 , -32 , 28 , -93
0 , 0 , 0 , 0 , -0.0200164 , -0.131399 , -0.176736 , -0.652323 , -0.194376 , 0.928752 , 0.664399 , 0.645273 , -0.640693 , 226 , -2 , 9
0 , 0 , 0 , 0 , -0.0191281 , -0.12954 , -0.180619 , -0.637198 , -0.180267 , 0.915093 , 0.781646 , 0.726434 , -0.720633 , -100 , 20 , -101
0 , 0 , 0 , 0 , -0.0182731 , -0.127727 , -0.18486 , -0.621995 , -0.164576 , 0.899812 , 0.742564 , 0.836281 , -0.819908 , 4 , -51 , -21
0 , 0 , 0 , 0 , -0.0176365 , -0.126325 , -0.189412 , -0.605326 , -0.147633 , 0.882869 , 0.918434 , 0.87367 , -0.825681 , 74 , 12 , -48
0 , 0 , 0 , 0 , -0.0172643 , -0.12563 , -0.19402 , -0.58686 , -0.130066 , 0.865693 , 0.879352 , 0.912423 , -0.90259 , -53 , -25 , -100
0 , 0 , 0 , 0 , -0.0173295 , -0.125686 , -0.198661 , -0.568413 , -0.11285 , 0.846171 , 1.05522 , 0.782166 , -0.961037 , 75 , -1 , 27
0 , 0 , 0 , 0 , -0.0180455 , -0.126605 , -0.202819 , -0.547152 , -0.0972759 , 0.826669 , 0.996599 , 0.760846 , -1.04965 , -64 , 17 , -100
0 , 0 , 0 , 0 , -0.0194207 , -0.128244 , -0.206238 , -0.526361 , -0.0823855 , 0.80365 , 1.17247 , 0.747745 , -1.06491 , 58 , -46 , 12
0 , 0 , 0 , 0 , -0.021356 , -0.130703 , -0.208932 , -0.502989 , -0.0688435 , 0.781685 , 1.11385 , 0.621667 , -1.12574 , 1 , -12 , -112
0 , 0 , 0 , 0 , -0.0231481 , -0.133675 , -0.210993 , -0.47913 , -0.0563567 , 0.757572 , 1.28972 , 0.574737 , -1.1861 , -83 , 18 , -17
0 , 0 , 0 , 0 , -0.0240225 , -0.136568 , -0.212641 , -0.454293 , -0.0457458 , 0.732618 , 1.21155 , 0.531008 , -1.3331 , 210 , 0 , 18
0 , 0 , 0 , 0 , -0.0237242 , -0.139107 , -0.214521 , -0.425763 , -0.0352327 , 0.706843 , 1.21155 , 0.414004 , -1.3531 , -20 , 46 , -87
0 , 0 , 0 , 0 , -0.0218931 , -0.141004 , -0.217346 , -0.398522 , -0.0268105 , 0.679036 , 1.56329 , 0.388619 , -1.39 , -179 , 19 , 25
0 , 0 , 0 , 0 , -0.0189083 , -0.141489 , -0.221567 , -0.370149 , -0.0196389 , 0.650506 , 1.38742 , 0.337009 , -1.54576 , 241 , 48 , 151
0 , 0 , 0 , 0 , -0.0155945 , -0.140031 , -0.227126 , -0.340231 , -0.0134052 , 0.621096 , 1.34834 , 0.301559 , -1.48319 , 81 , -10 , -101
0 , 0 , 0 , 0 , -0.013073 , -0.136709 , -0.23311 , -0.311994 , -0.00830499 , 0.590045 , 1.44605 , 0.212942 , -1.51873 , -172 , 31 , -147
0 , 0 , 0 , 0 , -0.0126714 , -0.131361 , -0.238884 , -0.286043 , -0.00435768 , 0.557568 , 1.38742 , 0.152346 , -1.54272 , 59 , 4 , -69
0 , 0 , 0 , 0 , -0.0141875 , -0.124489 , -0.244414 , -0.260015 , -0.00168054 , 0.524094 , 1.17247 , 0.0930531 , -1.73699 , 98 , -3 , -43
0 , 0 , 0 , 0 , -0.0160193 , -0.117085 , -0.249795 , -0.235354 , -0.000195412 , 0.489955 , 1.23109 , 0.0490401 , -1.79551 , -168 , -39 , 113
0 , 0 , 0 , 0 , -0.0166986 , -0.11005 , -0.255128 , -0.212842 , 9.77058e-05 , 0.456599 , 1.05522 , 0.00940442 , -1.7357 , 226 , -39 , 83
0 , 0 , 0 , 0 , -0.0158901 , -0.104065 , -0.26034 , -0.190057 , 9.77058e-05 , 0.424336 , 1.05522 , 0 , -1.63753 , -264 , -34 , -81
0 , 0 , 0 , 0 , -0.0145977 , -0.0991324 , -0.265498 , -0.170203 , 9.77058e-05 , 0.392758 , 0.957517 , 0 , -1.35938 , 189 , -39 , -161
0 , 0 , 0 , 0 , -0.0141586 , -0.0948121 , -0.270354 , -0.149783 , 9.77058e-05 , 0.36241 , 0.937975 , 0 , -1.37856 , -123 , -21 , -65
0 , 0 , 0 , 0 , -0.0147259 , -0.0903903 , -0.275172 , -0.132255 , 9.77058e-05 , 0.332415 , 0.898893 , 0 , -1.47665 , 131 , -52 , -74
0 , 0 , 0 , 0 , -0.0154467 , -0.0857347 , -0.279664 , -0.114316 , 9.77058e-05 , 0.306444 , 0.820728 , 0 , -1.3159 , -132 , -39 , -122
0 , 0 , 0 , 0 , -0.0156163 , -0.0809109 , -0.283812 , -0.0989173 , 9.77058e-05 , 0.279575 , 0.723023 , 0 , -1.28139 , 114 , -47 , -68
0 , 0 , 0 , 0 , -0.0156174 , -0.0755623 , -0.287812 , -0.0840074 , 9.77058e-05 , 0.253195 , 0.742564 , 0 , -1.25936 , 119 , -57 , 2
0 , 0 , 0 , 0 , -0.0155804 , -0.0699386 , -0.292048 , -0.0700746 , 7.81646e-05 , 0.229452 , 0.664399 , 0 , -1.14164 , -220 , -34 , -172
0 , 0 , 0 , 0 , -0.0155873 , -0.0648794 , -0.295723 , -0.0577832 , 7.81646e-05 , 0.206101 , 0.547152 , 0 , -1.05106 , 146 , -39 , -47
0 , 0 , 0 , 0 , -0.0161449 , -0.0602902 , -0.299224 , -0.0469769 , 7.81646e-05 , 0.185035 , 0.586235 , 0 , -1.01556 , 44 , -52 , -123
0 , 0 , 0 , 0 , -0.0165105 , -0.0563243 , -0.302709 , -0.0361121 , 7.81646e-05 , 0.164048 , 0.488529 , 0 , -0.957898 , -83 , -28 , -27
0 , 0 , 0 , 0 , -0.0164758 , -0.0530955 , -0.305855 , -0.0275335 , 7.81646e-05 , 0.145308 , 0.3322 , 0 , -0.915992 , 8 , -47 , -130
0 , 0 , 0 , 0 , -0.016587 , -0.0504272 , -0.308807 , -0.0202446 , 7.81646e-05 , 0.126744 , 0.371282 , 0 , -0.897061 , -17 , -47 , 17
0 , 0 , 0 , 0 , -0.0169308 , -0.0481193 , -0.311655 , -0.0139524 , 7.81646e-05 , 0.110466 , 0.293117 , 0 , -0.889914 , 131 , -52 , -77
0 , 0 , 0 , 0 , -0.017273 , -0.0457863 , -0.314253 , -0.00861765 , 7.81646e-05 , 0.094501 , 0.273576 , 0 , -0.813649 , 117 , -69 , 64
0 , 0 , 0 , 0 , -0.0174459 , -0.0433063 , -0.316778 , -0.00457263 , 7.81646e-05 , 0.0799624 , 0.156329 , 0 , -0.650106 , 91 , -75 , -82
0 , 0 , 0 , 0 , -0.0175577 , -0.040492 , -0.318991 , -0.00168054 , 7.81646e-05 , 0.0671239 , 0.117247 , 0 , -0.560854 , 30 , -34 , -195
0 , 0 , 0 , 0 , -0.01762 , -0.0376568 , -0.321009 , -0.000195412 , 7.81646e-05 , 0.0547152 , 0.0390823 , 0 , -0.580142 , 35 , -57 , -60
0 , 0 , 0 , 0 , -0.0177834 , -0.0348956 , -0.322879 , 0.000136788 , 5.86235e-05 , 0.0435963 , 0 , 0 , -0.480323 , 13 , -80 , -35
0 , 0 , 0 , 0 , -0.0181874 , -0.0324104 , -0.324536 , 0 , 3.90823e-05 , 0.0344315 , 0 , 0 , -0.455677 , 33 , -105 , -135
0 , 0 , 0 , 0 , -0.0186754 , -0.030576 , -0.325947 , -1.95412e-05 , 3.90823e-05 , 0.0261265 , 0 , 0 , -0.427749 , 14 , -75 , -115
0 , 0 , 0 , 0 , -0.0190056 , -0.029299 , -0.327245 , -1.95412e-05 , 3.90823e-05 , 0.0185446 , 0 , 0 , -0.31408 , 30 , -28 , -144
0 , 0 , 0 , 0 , -0.0191372 , -0.0284561 , -0.328374 , 0 , 3.90823e-05 , 0.0123109 , 0 , 0 , -0.284578 , 40 , -80 , -45
0 , 0 , 0 , 0 , -0.0191421 , -0.0278908 , -0.329345 , 0 , 3.90823e-05 , 0.00709344 , 0 , 0 , -0.231987 , 37 , -64 , -23
0 , 0 , 0 , 0 , -0.0191666 , -0.0274174 , -0.330094 , 0 , 3.90823e-05 , 0.0036542 , 0 , 0 , -0.149625 , 21 , -42 , -30
0 , 0 , 0 , 0 , -0.0193409 , -0.0270285 , -0.330576 , -1.95412e-05 , 3.90823e-05 , 0.0014265 , 0 , 0 , -0.101459 , 19 , -69 , -46
0 , 0 , 0 , 0 , -0.0196607 , -0.0265815 , -0.330827 , 0 , 3.90823e-05 , 0.000214953 , 0 , 0 , -0.0303112 , 37 , -88 , -81
0 , 0 , 0 , 0 , -0.0200063 , -0.0260533 , -0.330827 , 0 , 3.90823e-05 , 0 , 0 , 0 , 0 , 21 , -57 , -81
0 , 0 , 0 , 0 , -0.0201337 , -0.0257485 , -0.330827 , -1.95412e-05 , 3.90823e-05 , 0 , 0 , 0 , 0 , 45 , -69 , -91
0 , 0 , 0 , 0 , -0.0199817 , -0.0257881 , -0.330827 , 0 , 3.90823e-05 , 0 , 0 , 0 , 0 , 19 , -52 , -70
0 , 0 , 0 , 0 , -0.0197024 , -0.0261072 , -0.330827 , 0 , 3.90823e-05 , 0 , 0 , 0 , 0 , 35 , -88 , -73
0 , 0 , 0 , 0 , -0.0194354 , -0.0266369 , -0.330827 , 0 , 1.95412e-05 , 0 , 0 , 0 , 0 , 21 , -28 , -70
0 , 0 , 0 , 0 , -0.0193017 , -0.0271803 , -0.330827 , 0 , 1.95412e-05 , 0 , 0 , 0 , 0 , 14 , -69 , -58
0 , 0 , 0 , 0 , -0.0193129 , -0.02757 , -0.330827 , 0 , 1.95412e-05 , 0 , 0 , 0 , 0 , 17 , -64 , -81
0 , 0 , 0 , 0 , -0.0192934 , -0.0277098 , -0.330827 , 0 , 1.95412e-05 , 0 , 0 , 0 , 0 , 31 , -88 , -65
0 , 0 , 0 , 0 , -0.0191347 , -0.0276464 , -0.330827 , 0 , 1.95412e-05 , 0 , 0 , 0 , 0 , 23 , -69 , -65
0 , 0 , 0 , 0 , -0.0189154 , -0.0274932 , -0.330827 , 0 , 1.95412e-05 , 0 , 0 , 0 , 0 , 29 , -64 , -65
0 , 0 , 0 , 0 , -0.0187242 , -0.0273251 , -0.330827 , 0 , 1.95412e-05 , 0 , 0 , 0 , 0 , 21 , -69 , -91
0 , 0 , 0 , 0 , -0.0186429 , -0.0273065 , -0.330827 , 0 , 1.95412e-05 , 0 , 0 , 0 , 0 , 32 , -64 , -81
0 , 0 , 0 , 0 , -0.0186762 , -0.0274857 , -0.330827 , 0 , 1.95412e-05 , 0 , 0 , 0 , 0 , 11 , -69 , -91
0 , 0 , 0 , 0 , -0.0187289 , -0.0277755 , -0.330827 , 0 , 1.95412e-05 , 0 , 0 , 0 , 0 , 13 , -140 , -84
0 , 0 , 0 , 0 , -0.0186355 , -0.0280906 , -0.330827 , 0 , 1.95412e-05 , 0 , 0 , 0 , 0 , 35 , -69 , -81
0 , 0 , 0 , 0 , -0.01841 , -0.0283378 , -0.330827 , 0 , 1.95412e-05 , 0 , 0 , 0 , 0 , 17 , -105 , -73
0 , 0 , 0 , 0 , -0.0181652 , -0.0284224 , -0.330827 , 0 , 1.95412e-05 , 0 , 0 , 0 , 0 , 23 , -116 , -65
0 , 0 , 0 , 0 , -0.0180078 , -0.028417 , -0.330827 , 0 , 1.95412e-05 , 0 , 0 , 0 , 0 , 14 , -69 , -76
0 , 0 , 0 , 0 , -0.0180231 , -0.0283479 , -0.330827 , 0 , 1.95412e-05 , 0 , 0 , 0 , 0 , 25 , -111 , -81
0 , 0 , 0 , 0 , -0.0180699 , -0.0282552 , -0.330827 , 0 , 1.95412e-05 , 0 , 0 , 0 , 0 , 25 , -88 , -88
0 , 0 , 0 , 0 , -0.0180139 , -0.0282741 , -0.330827 , 0 , 1.95412e-05 , 0 , 0 , 0 , 0 , 23 , -111 , -73
0 , 0 , 0 , 0 , -0.0178599 , -0.0283842 , -0.330827 , 0 , 1.95412e-05 , 0 , 0 , 0 , 0 , 35 , -64 , -69
0 , 0 , 0 , 0 , -0.0176661 , -0.0285448 , -0.330827 , 0 , 1.95412e-05 , 0 , 0 , 0 , 0 , 11 , -75 , -65
0 , 0 , 0 , 0 , -0.0175388 , -0.0287358 , -0.330827 , 0 , 1.95412e-05 , 0 , 0 , 0 , 0 , 25 , -105 , -87
0 , 0 , 0 , 0 , -0.0175043 , -0.0288863 , -0.330827 , 0 , 0 , 0 , 0 , 0 , 0 , 13 , -75 , -58
0 , 0 , 0 , 0 , -0.0174842 , -0.0289423 , -0.330827 , 0 , 0 , 0 , 0 , 0 , 0 , 7 , -100 , -102
0 , 0 , 0 , 0 , -0.0174204 , -0.0289177 , -0.330827 , 0 , 0 , -1.95412e-05 , 0 , 0 , 0 , 19 , -111 , -62
0 , 0 , 0 , 0 , -0.0173261 , -0.0288447 , -0.330827 , 0 , 0 , -1.95412e-05 , 0 , 0 , 0 , 41 , -69 , -62
0 , 0 , 0 , 0 , -0.0172511 , -0.0287881 , -0.330827 , 0 , 0 , -1.95412e-05 , 0 , 0 , 0 , 35 , -83 , -73
0 , 0 , 0 , 0 , -0.0172089 , -0.0288176 , -0.330827 , 0 , 0 , 0 , 0 , 0 , 0 , 35 , -65 , -95
0 , 0 , 0 , 0 , -0.0172324 , -0.0289554 , -0.330827 , 0 , 0 , -1.95412e-05 , 0 , 0 , 0 , 12 , -116 , -65
0 , 0 , 0 , 0 , -0.0172547 , -0.0291128 , -0.330827 , 0 , 0 , -1.95412e-05 , 0 , 0 , 0 , 35 , -69 , -69
0 , 0 , 0 , 0 , -0.0171994 , -0.0292274 , -0.330827 , 0 , 0 , 0 , 0 , 0 , 0 , 35 , -83 , -65
0 , 0 , 0 , 0 , -0.0171156 , -0.0293096 , -0.330827 , 0 , 0 , -1.95412e-05 , 0 , 0 , 0 , 31 , -88 , -57
0 , 0 , 0 , 0 , -0.0170063 , -0.0293782 , -0.330827 , 0 , 0 , -1.95412e-05 , 0 , 0 , 0 , 7 , -75 , -65
0 , 0 , 0 , 0 , -0.0169431 , -0.0294243 , -0.330827 , 0 , 0 , -1.95412e-05 , 0 , 0 , 0 , 23 , -83 , -84
0 , 0 , 0 , 0 , -0.0169149 , -0.0294113 , -0.330827 , 0 , 0 , 0 , 0 , 0 , 0 , 7 , -124 , -65
0 , 0 , 0 , 0 , -0.0168736 , -0.0293891 , -0.330827 , 0 , 0 , 0 , 0 , 0 , 0 , 19 , -88 , -81
0 , 0 , 0 , 0 , -0.0168213 , -0.029407 , -0.330827 , 0 , 0 , 0 , 0 , 0 , 0 , 29 , -105 , -65
0 , 0 , 0 , 0 , -0.0167387 , -0.0294771 , -0.330827 , 0 , 0 , 0 , 0 , 0 , 0 , 33 , -69 , -55
0 , 0 , 0 , 0 , -0.0166901 , -0.0295647 , -0.330827 , 0 , 0 , 0 , 0 , 0 , 0 , 29 , -69 , -91
0 , 0 , 0 , 0 , -0.0166605 , -0.029602 , -0.330827 , 0 , 0 , 0 , 0 , 0 , 0 , 23 , -83 , -65
0 , 0 , 0 , 0 , -0.0166357 , -0.029599 , -0.330827 , 0 , 0 , 0 , 0 , 0 , 0 , 35 , -88 , -47
0 , 0 , 0 , 0 , -0.0166221 , -0.0296047 , -0.330827 , 0 , 0 , 0 , 0 , 0 , 0 , 13 , -80 , -73
0 , 0 , 0 , 0 , -0.0166101 , -0.0296313 , -0.330827 , 0 , 0 , 0 , 0 , 0 , 0 , 23 , -69 , -62
0 , 0 , 0 , 0 , -0.016604 , -0.0296705 , -0.330827 , 0 , 0 , -1.95412e-05 , 0 , 0 , 0 , 29 , -65 , -55
0 , 0 , 0 , 0 , -0.0165468 , -0.0297398 , -0.330827 , 0 , 0 , 0 , 0 , 0 , 0 , 35 , -69 , -65
0 , 0 , 0 , 0 , -0.0164434 , -0.0298115 , -0.330827 , 0 , 0 , 0 , 0 , 0 , 0 , 23 , -69 , -62
0 , 0 , 0 , 0 , -0.0163489 , -0.0298878 , -0.330827 , 0 , 0 , 0 , 0 , 0 , 0 , 43 , -47 , -73
0 , 0 , 0 , 0 , -0.0163219 , -0.0299378 , -0.330827 , 0 , 0 , 0 , 0 , 0 , 0 , 29 , -69 , -55
0 , 0 , 0 , 0 , -0.0164016 , -0.0299384 , -0.330827 , 0 , 0 , 0 , 0 , 0 , 0 , 14 , -69 , -65
0 , 0 , 0 , 0 , -0.0164971 , -0.0299602 , -0.330827 , 0 , 0 , 0 , 0 , 0 , 0 , 29 , -52 , -73
0 , 0 , 0 , 0 , -0.0165062 , -0.0300331 , -0.330827 , 0 , 0 , 0 , 0 , 0 , 0 , 17 , -52 , -65
0 , 0 , 0 , 0 , -0.0163918 , -0.0300978 , -0.330827 , 0 , 0 , 0 , 0 , 0 , 0 , 19 , -52 , -47
0 , 0 , 0 , 0 , -0.0162193 , -0.030097 , -0.330827 , 0 , 0 , 0 , 0 , 0 , 0 , 7 , -88 , -59
0 , 0 , 0 , 0 , -0.0161564 , -0.0300876 , -0.330827 , 0 , 0 , 0 , 0 , 0 , 0 , 14 , -105 , -84
0 , 0 , 0 , 0 , -0.0162381 , -0.0301051 , -0.330827 , 0 , 0 , 0 , 0 , 0 , 0 , 37 , -65 , -76
0 , 0 , 0 , 0 , -0.016322 , -0.0301542 , -0.330827 , 0 , 0 , 0 , 0 , 0 , 0 , 31 , -80 , -84
0 , 0 , 0 , 0 , -0.0163185 , -0.0302066 , -0.330827 , 0 , 0 , 0 , 0 , 0 , 0 , 29 , -88 , -55
0 , 0 , 0 , 0 , -0.0162538 , -0.0302389 , -0.330827 , 0 , -1.95412e-05 , 0 , 0 , 0 , 0 , 35 , -47 , -95
0 , 0 , 0 , 0 , -0.0161592 , -0.0302834 , -0.330827 , 0 , -1.95412e-05 , -1.95412e-05 , 0 , 0 , 0 , 19 , -69 , -65
0 , 0 , 0 , 0 , -0.0160965 , -0.0303177 , -0.330827 , 0 , -1.95412e-05 , -1.95412e-05 , 0 , 0 , 0 , 21 , -29 , -73
0 , 0 , 0 , 0 , -0.0161143 , -0.030319 , -0.330827 , 0 , -1.95412e-05 , 0 , 0 , 0 , 0 , 21 , -75 , -81
0 , 0 , 0 , 0 , -0.016199 , -0.0303042 , -0.330827 , 0 , -1.95412e-05 , 0 , 0 , 0 , 0 , 19 , -93 , -65
0 , 0 , 0 , 0 , -0.0162871 , -0.030319 , -0.330827 , 0 , -1.95412e-05 , 0 , 0 , 0 , 0 , 27 , -93 , -81
0 , 0 , 0 , 0 , -0.016284 , -0.0303578 , -0.330827 , 0 , -1.95412e-05 , 0 , 0 , 0 , 0 , 21 , -83 , -84
0 , 0 , 0 , 0 , -0.0162146 , -0.0304129 , -0.330827 , 0 , -1.95412e-05 , 0 , 0 , 0 , 0 , 11 , -93 , -81
0 , 0 , 0 , 0 , -0.0161494 , -0.0304871 , -0.330827 , 0 , -1.95412e-05 , 0 , 0 , 0 , 0 , 31 , -93 , -70
0 , 0 , 0 , 0 , -0.0161358 , -0.0305326 , -0.330827 , 0 , -1.95412e-05 , 0 , 0 , 0 , 0 , 43 , -52 , -73
0 , 0 , 0 , 0 , -0.0161579 , -0.0305391 , -0.330827 , 0 , -1.95412e-05 , 0 , 0 , 0 , 0 , 21 , -44 , -76
0 , 0 , 0 , 0 , -0.0161737 , -0.0305091 , -0.330827 , 0 , -1.95412e-05 , 0 , 0 , 0 , 0 , 21 , -75 , -58
0 , 0 , 0 , 0 , -0.0161689 , -0.0304717 , -0.330827 , 0 , -1.95412e-05 , 0 , 0 , 0 , 0 , 29 , -39 , -73
0 , 0 , 0 , 0 , -0.0161672 , -0.030485 , -0.330827 , 0 , -1.95412e-05 , 0 , 0 , 0 , 0 , 19 , -52 , -76
0 , 0 , 0 , 0 , -0.0161936 , -0.0304926 , -0.330827 , 0 , -1.95412e-05 , 0 , 0 , 0 , 0 , 25 , -47 , -59
0 , 0 , 0 , 0 , -0.0162178 , -0.0304985 , -0.330827 , 0 , -1.95412e-05 , 0 , 0 , 0 , 0 , 23 , -75 , -77
0 , 0 , 0 , 0 , -0.0162204 , -0.0305348 , -0.330827 , 0 , -1.95412e-05 , 0 , 0 , 0 , 0 , 23 , -88 , -70
0 , 0 , 0 , 0 , -0.0162028 , -0.0305744 , -0.330827 , 0 , -1.95412e-05 , 0 , 0 , 0 , 0 , 14 , -62 , -58
0 , 0 , 0 , 0 , -0.016191 , -0.0306344 , -0.330827 , 0 , -1.95412e-05 , 0 , 0 , 0 , 0 , 19 , -69 , -65
0 , 0 , 0 , 0 , -0.0161766 , -0.0306634 , -0.330827 , 0 , -1.95412e-05 , 0 , 0 , 0 , 0 , 35 , -62 , -69
0 , 0 , 0 , 0 , -0.0161508 , -0.0306965 , -0.330827 , 0 , -1.95412e-05 , 0 , 0 , 0 , 0 , 35 , -111 , -58
0 , 0 , 0 , 0 , -0.0161367 , -0.030751 , -0.330827 , 0 , -1.95412e-05 , 0 , 0 , 0 , 0 , 25 , -69 , -58
0 , 0 , 0 , 0 , -0.0161377 , -0.0307372 , -0.330827 , 0 , -1.95412e-05 , 0 , 0 , 0 , 0 , 7 , -75 , -65
0 , 0 , 0 , 0 , -0.0161512 , -0.030741 , -0.330827 , 0 , -1.95412e-05 , 0 , 0 , 0 , 0 , 23 , -69 , -73
0 , 0 , 0 , 0 , -0.016142 , -0.0307921 , -0.330827 , 0 , -1.95412e-05 , 0 , 0 , 0 , 0 , -8 , -34 , -55
0 , 0 , 0 , 0 , -0.016079 , -0.0307954 , -0.330827 , 0 , -1.95412e-05 , 0 , 0 , 0 , 0 , 9 , -57 , -73
0 , 0 , 0 , 0 , -0.0160311 , -0.0308069 , -0.330827 , 0 , -1.95412e-05 , 0 , 0 , 0 , 0 , 27 , -47 , -73
0 , 0 , 0 , 0 , -0.0160303 , -0.0308647 , -0.330827 , 0 , -1.95412e-05 , 0 , 0 , 0 , 0 , 17 , -52 , -70
0 , 0 , 0 , 0 , -0.0160291 , -0.0308974 , -0.330827 , 0 , -1.95412e-05 , 0 , 0 , 0 , 0 , 19 , -34 , -62
0 , 0 , 0 , 0 , -0.0160348 , -0.0309003 , -0.330827 , 0 , -1.95412e-05 , 0 , 0 , 0 , 0 , 27 , -47 , -65
0 , 0 , 0 , 0 , -0.0160371 , -0.0308848 , -0.330827 , 0 , -1.95412e-05 , 0 , 0 , 0 , 0 , 27 , -75 , -69
0 , 0 , 0 , 0 , -0.016021 , -0.0308638 , -0.330827 , 0 , -1.95412e-05 , 0 , 0 , 0 , 0 , 7 , -88 , -79
0 , 0 , 0 , 0 , -0.0160044 , -0.0308536 , -0.330827 , 0 , -1.95412e-05 , 0 , 0 , 0 , 0 , 29 , -93 , -70
0 , 0 , 0 , 0 , -0.0160189 , -0.0308327 , -0.330827 , 0 , -1.95412e-05 , 0 , 0 , 0 , 0 , 11 , -80 , -95
0 , 0 , 0 , 0 , -0.0160029 , -0.0308461 , -0.330827 , 0 , -1.95412e-05 , 0 , 0 , 0 , 0 , 11 , -34 , -62
0 , 0 , 0 , 0 , -0.0159559 , -0.0308795 , -0.330827 , 0 , -1.95412e-05 , 0 , 0 , 0 , 0 , 11 , -69 , -50
0 , 0 , 0 , 0 , -0.0159515 , -0.0309122 , -0.330827 , 0 , -1.95412e-05 , 0 , 0.0195412 , 0 , 0 , -2 , -34 , -58
0 , 0 , 0 , 0 , -0.0159486 , -0.0309413 , -0.330827 , 0 , -1.95412e-05 , 0 , 0 , 0 , 0 , 17 , -29 , -84
0 , 0 , 0 , 0 , -0.0159605 , -0.0309474 , -0.330827 , 0 , -1.95412e-05 , 0 , 0 , 0 , 0 , 25 , -69 , -58
0 , 0 , 0 , 0 , -0.0159997 , -0.0309569 , -0.330827 , 0 , -1.95412e-05 , 0 , 0 , 0 , 0 , 21 , -57 , -65
0 , 0 , 0 , 0 , -0.016023 , -0.0309622 , -0.330827 , 0 , -1.95412e-05 , 0 , 0 , 0 , 0 , 32 , -29 , -55
0 , 0 , 0 , 0 , -0.016009 , -0.0309409 , -0.330827 , 0 , -1.95412e-05 , 0 , 0 , 0 , 0 , 33 , -69 , -58
0 , 0 , 0 , 0 , -0.0159629 , -0.0309357 , -0.330827 , 0 , -1.95412e-05 , 0 , 0 , 0 , 0 , 14 , -57 , -73
0 , 0 , 0 , 0 , -0.0159007 , -0.0309684 , -0.330827 , 0 , -1.95412e-05 , 0 , 0 , 0 , 0 , 17 , -57 , -65
0 , 0 , 0 , 0 , -0.015859 , -0.0310048 , -0.330827 , 0 , -1.95412e-05 , 0 , 0 , 0 , 0 , 37 , -16 , -69
0 , 0 , 0 , 0 , -0.0158933 , -0.0310487 , -0.330827 , 0 , -1.95412e-05 , 0 , 0 , 0 , 0 , 39 , -69 , -62
0 , 0 , 0 , 0 , -0.0159514 , -0.0310821 , -0.330827 , 0 , 0 , 0 , 0 , 0 , 0 , 42 , -69 , -47
0 , 0 , 0 , 0 , -0.0159779 , -0.0311007 , -0.330827 , 0 , 0 , 0 , 0 , 0 , 0 , 32 , -34 , -55
0 , 0 , 0 , 0 , -0.0159701 , -0.0311264 , -0.330827 , 0 , 0 , 0 , 0 , 0 , 0 , 33 , -52 , -76
0 , 0 , 0 , 0 , -0.01593 , -0.03114 , -0.330827 , 0 , 0 , 0 , 0 , 0 , 0 , 9 , -69 , -65
0 , 0 , 0 , 0 , -0.0159131 , -0.0311208 , -0.330827 , 0 , 0 , 0 , 0 , 0 , 0 , 43 , -75 , -65
0 , 0 , 0 , 0 , -0.015946 , -0.0311137 , -0.330827 , 0 , 0 , 0 , 0 , 0 , 0 , 21 , -39 , -81
0 , 0 , 0 , 0 , -0.015995 , -0.0311487 , -0.330827 , 0 , 0 , 0 , 0 , 0 , 0 , 17 , -57 , -58
0 , 0 , 0 , 0 , -0.0159604 , -0.0311757 , -0.330827 , 0 , 0 , 0 , 0 , 0 , 0 , 19 , -62 , -81
0 , 0 , 0 , 0 , -0.015912 , -0.0311844 , -0.330827 , 0 , 0 , 0 , 0 , 0 , 0 , 17 , -47 , -47
0 , 0 , 0 , 0 , -0.0159327 , -0.0311832 , -0.330827 , 0 , 0 , 0 , 0 , 0 , 0 , 14 , -57 , -69
0 , 0 , 0 , 0 , -0.0159189 , -0.0311853 , -0.330827 , 0 , 0 , -1.95412e-05 , 0 , 0 , 0 , 14 , -52 , -70
0 , 0 , 0 , 0 , -0.0158915 , -0.0311887 , -0.330827 , 0 , 0 , 0 , 0 , 0 , 0 , 37 , -52 , -84
0 , 0 , 0 , 0 , -0.0158965 , -0.031232 , -0.330827 , 0 , 0 , -1.95412e-05 , 0 , 0 , 0 , 17 , -34 , -62
0 , 0 , 0 , 0 , -0.0159108 , -0.0312877 , -0.330827 , 0 , 0 , 0 , 0 , 0 , 0 , 11 , -69 , -62
0 , 0 , 0 , 0 , -0.0159451 , -0.0312798 , -0.330827 , 0 , 0 , 0 , 0 , 0 , 0 , 17 , -34 , -84
0 , 0 , 0 , 0 , -0.0159429 , -0.0312608 , -0.330827 , 0 , 0 , 0 , 0 , 0 , 0 , 7 , -65 , -62
0 , 0 , 0 , 0 , -0.015881 , -0.0312381 , -0.330827 , 0 , 0 , 0 , 0 , 0 , 0 , 37 , -44 , -81
0 , 0 , 0 , 0 , -0.0158172 , -0.0312201 , -0.330827 , 0 , 0 , 0 , 0 , 0 , 0 , 21 , -47 , -62
0 , 0 , 0 , 0 , -0.0157522 , -0.0312615 , -0.330827 , 0 , 0 , 0 , 0 , 0 , 0 , 21 , -69 , -59
0 , 0 , 0 , 0 , -0.0157453 , -0.0313163 , -0.330827 , 0 , 0 , 0 , 0 , 0 , 0 , -2 , -52 , -76
0 , 0 , 0 , 0 , -0.0157902 , -0.0313575 , -0.330827 , 0 , 0 , 0 , 0 , 0 , 0 , 23 , -39 , -69
0 , 0 , 0 , 0 , -0.0157726 , -0.0314005 , -0.330827 , 0 , 0 , 0 , 0 , 0 , 0 , 37 , -69 , -81
0 , 0 , 0 , 0 , -0.0157039 , -0.0314297 , -0.330827 , 0 , 0 , 0 , 0 , 0 , 0 , 25 , -75 , -58
0 , 0 , 0 , 0 , -0.0156656 , -0.0314221 , -0.330827 , 0 , 0 , 0 , 0 , 0 , 0 , 19 , -52 , -70
0 , 0 , 0 , 0 , -0.0156763 , -0.0314292 , -0.330827 , 0 , 0 , 0 , 0 , 0 , 0 , 23 , -69 , -76
0 , 0 , 0 , 0 , -0.0156952 , -0.0314737 , -0.330827 , 0 , 0 , 0 , 0 , 0 , 0 , 19 , -65 , -79
0 , 0 , 0 , 0 , -0.0157408 , -0.0314894 , -0.330827 , 0 , 0 , 0 , 0 , 0 , 0 , 31 , -57 , -84
0 , 0 , 0 , 0 , -0.0157629 , -0.031494 , -0.330827 , 0 , 0 , 0 , 0 , 0 , 0 , 17 , -69 , -65
0 , 0 , 0 , 0 , -0.015745 , -0.0314732 , -0.330827 , 0 , 0 , 0 , 0 , 0 , 0 , 14 , -69 , -81
0 , 0 , 0 , 0 , -0.0157178 , -0.0314595 , -0.330827 , 0 , 0 , 0 , 0 , 0 , 0 , 11 , -75 , -58
0 , 0 , 0 , 0 , -0.0157192 , -0.0314923 , -0.330827 , 0 , 0 , 0 , 0 , 0 , 0 , 39 , -52 , -81
0 , 0 , 0 , 0 , -0.0157519 , -0.0315234 , -0.330827 , 0 , 0 , 0 , 0 , 0 , 0 , 9 , -16 , -81
0 , 0 , 0 , 0 , -0.015757 , -0.031542 , -0.330827 , 0 , 0 , 0 , 0 , 0 , 0 , -14 , -57 , -70
0 , 0 , 0 , 0 , -0.0157456 , -0.0315688 , -0.330827 , 0 , 0 , 0 , 0 , 0 , 0 , 14 , -34 , -58
0 , 0 , 0 , 0 , -0.0156928 , -0.0315698 , -0.330827 , 0 , 0 , 0 , 0 , 0 , 0 , -2 , -52 , -62
0 , 0 , 0 , 0 , -0.0156587 , -0.0315305 , -0.330827 , 0 , 0 , 0 , 0 , 0 , 0 , 25 , -57 , -73
0 , 0 , 0 , 0 , -0.0156949 , -0.0314987 , -0.330827 , 0 , 0 , 0 , 0 , 0 , 0 , 23 , -57 , -69
0 , 0 , 0 , 0 , -0.0157529 , -0.0314681 , -0.330827 , 0 , 0 , 0 , 0 , 0 , 0 , 25 , -34 , -81
0 , 0 , 0 , 0 , -0.0158063 , -0.0314517 , -0.330827 , 0 , 0 , 0 , 0 , 0 , 0 , 27 , -75 , -81
0 , 0 , 0 , 0 , -0.0158072 , -0.0314465 , -0.330827 , 0 , 0 , 0 , 0 , 0 , 0 , 29 , -57 , -73
0 , 0 , 0 , 0 , -0.0157558 , -0.0314332 , -0.330827 , 0 , 0 , 0 , 0 , 0 , 0 , 4 , -52 , -73
0 , 0 , 0 , 0 , -0.0157397 , -0.0314037 , -0.330827 , 0 , 0 , 0 , 0 , 0 , 0 , 27 , -57 , -73
0 , 0 , 0 , 0 , -0.0157608 , -0.0313609 , -0.330827 , 0 , 0 , 0 , 0 , 0 , 0 , 25 , -52 , -70
0 , 0 , 0 , 0 , -0.0158048 , -0.0313547 , -0.330827 , 0 , 0 , 0 , 0 , 0 , 0 , 25 , -34 , -73
0 , 0 , 0 , 0 , -0.0158323 , -0.0313779 , -0.330827 , 0 , 0 , 0 , 0 , 0 , 0 , 27 , -29 , -55
0 , 0 , 0 , 0 , -0.0157788 , -0.0314041 , -0.330827 , 0 , 0 , 0 , 0 , 0 , 0 , 35 , -57 , -84
0 , 0 , 0 , 0 , -0.015707 , -0.0314336 , -0.330827 , 0 , 0 , 0 , 0 , 0 , 0 , 14 , -52 , -65
0 , 0 , 0 , 0 , -0.0156556 , -0.0314458 , -0.330827 , 0 , 0 , 0 , 0 , 0 , 0 , 17 , -69 , -70
0 , 0 , 0 , 0 , -0.0156078 , -0.0314504 , -0.330827 , 0 , 0 , -1.95412e-05 , 0 , 0 , 0 , 21 , -75 , -73
0 , 0 , 0 , 0 , -0.0155576 , -0.0314348 , -0.330827 , 0 , 0 , 0 , 0 , 0 , 0 , 27 , -34 , -76
0 , 0 , 0 , 0 , -0.0155465 , -0.0314431 , -0.330827 , 0 , 0 , 0 , 0 , 0 , 0 , 33 , -47 , -91
0 , 0 , 0 , 0 , -0.0155564 , -0.0314388 , -0.330827 , 0 , 0 , 0 , 0 , 0 , 0 , 37 , -57 , -58
0 , 0 , 0 , 0 , -0.0155611 , -0.0314013 , -0.330827 , 0 , 0 , 0 , 0 , 0 , 0 , 11 , -39 , -70
0 , 0 , 0 , 0 , -0.0155974 , -0.0313586 , -0.330827 , 0 , 0 , 0 , 0 , 0 , 0 , 19 , -52 , -84
0 , 0 , 0 , 0 , -0.0156314 , -0.0313041 , -0.330827 , 0 , 0 , 0 , 0 , 0 , 0 , 31 , 58 , -69
0 , 0 , 0 , 0 , -0.0156288 , -0.0313089 , -0.330827 , 0 , 0 , 0 , 0 , 0 , 0 , 25 , -39 , -81
0 , 0 , 0 , 0 , -0.0156409 , -0.0313647 , -0.330827 , 0 , 0 , 0 , 0 , 0 , 0 , 25 , -52 , -65
0 , 0 , 0 , 0 , -0.0157041 , -0.0314318 , -0.330827 , 0 , 0 , 0 , 0 , 0 , 0 , 27 , -34 , -65
0 , 0 , 0 , 0 , -0.0157486 , -0.0314801 , -0.330827 , 0 , 0 , 0 , 0 , 0 , 0 , 37 , -57 , -65
0 , 0 , 0 , 0 , -0.0157355 , -0.0315045 , -0.330827 , 0 , 0 , 0 , 0 , 0 , 0 , 33 , -52 , -76
0 , 0 , 0 , 0 , -0.0156866 , -0.0314653 , -0.330827 , 0 , 0 , 0 , 0 , 0 , 0 , 4 , -57 , -87
0 , 0 , 0 , 0 , -0.0156791 , -0.0314179 , -0.330827 , 0 , 0 , 0 , 0 , 0 , 0 , 21 , -62 , -77
0 , 0 , 0 , 0 , -0.0157024 , -0.0313997 , -0.330827 , 0 , 0 , 0 , 0 , 0 , 0 , 35 , -57 , -59
0 , 0 , 0 , 0 , -0.0157438 , -0.0313896 , -0.330827 , 0 , 0 , 0 , 0 , 0 , 0 , 0 , -47 , -65
0 , 0 , 0 , 0 , -0.0157955 , -0.0314227 , -0.330827 , 0 , 0 , 0 , 0 , 0 , 0 , 43 , -69 , -70
0 , 0 , 0 , 0 , -0.0157451 , -0.0314536 , -0.330827 , 0 , 0 , 0 , 0 , 0 , 0 , 0 , -29 , -61
0 , 0 , 0 , 0 , -0.0156656 , -0.0314563 , -0.330827 , 0 , 0 , 0 , 0 , 0 , 0 , 9 , -39 , -58
0 , 0 , 0 , 0 , -0.0156509 , -0.0314245 , -0.330827 , 0 , 0 , -1.95412e-05 , 0 , 0 , 0 , 23 , -52 , -59
0 , 0 , 0 , 0 , -0.0156946 , -0.031399 , -0.330827 , 0 , 0 , 0 , 0 , 0 , 0 , 29 , -57 , -70
0 , 0 , 0 , 0 , -0.0157511 , -0.0314281 , -0.330827 , 0 , 0 , 0 , 0 , 0 , 0 , 17 , -44 , -59
0 , 0 , 0 , 0 , -0.0157497 , -0.0314599 , -0.330827 , 0 , 0 , 0 , 0 , 0 , 0 , 29 , -52 , -84
0 , 0 , 0 , 0 , -0.015692 , -0.0314839 , -0.330827 , 0 , 0 , 0 , 0 , 0 , 0 , 39 , -29 , -70
0 , 0 , 0 , 0 , -0.0156281 , -0.0314926 , -0.330827 , 0 , 0 , 0 , 0 , 0 , 0 , 33 , -52 , -77
0 , 0 , 0 , 0 , -0.0156124 , -0.0314644 , -0.330827 , 0 , 0 , 0 , 0 , 0 , 0 , 27 , -52 , -84
0 , 0 , 0 , 0 , -0.0156434 , -0.031448 , -0.330827 , 0 , 0 , 0 , 0 , 0 , 0 , 25 , -52 , -47
0 , 0 , 0 , 0 , -0.0157002 , -0.0314274 , -0.330827 , 0 , 0 , 0 , 0 , 0 , 0 , 7 , -47 , -79
0 , 0 , 0 , 0 , -0.0157214 , -0.0314129 , -0.330827 , 0 , 0 , -1.95412e-05 , 0 , 0 , 0 , 19 , -57 , -58
0 , 0 , 0 , 0 , -0.0156525 , -0.0314219 , -0.330827 , 0 , 0 , 0 , 0 , 0 , 0 , 25 , -69 , -91
0 , 0 , 0 , 0 , -0.0155552 , -0.031424 , -0.330827 , 0 , 0 , 0 , 0 , 0 , 0 , 19 , -52 , -65
0 , 0 , 0 , 0 , -0.0154899 , -0.0314297 , -0.330827 , 0 , 0 , 0 , 0 , 0 , 0 , 29 , -52 , -77
0 , 0 , 0 , 0 , -0.0154895 , -0.0314251 , -0.330827 , 0 , 0 , 0 , 0 , 0 , 0 , 14 , -52 , -81
0 , 0 , 0 , 0 , -0.0155336 , -0.0314239 , -0.330827 , 0 , 0 , 0 , 0 , 0 , 0 , 35 , -29 , -73
0 , 0 , 0 , 0 , -0.0155463 , -0.0314288 , -0.330827 , 0 , 0 , 0 , 0 , 0 , 0 , 21 , -52 , -47
0 , 0 , 0 , 0 , -0.0155445 , -0.0314404 , -0.330827 , 0 , 0 , -1.95412e-05 , 0 , 0 , 0 , 13 , -52 , -58
0 , 0 , 0 , 0 , -0.0155443 , -0.031444 , -0.330827 , 0 , 0 , 0 , 0 , 0 , 0 , 29 , -44 , -58
0 , 0 , 0 , 0 , -0.0155324 , -0.0314561 , -0.330827 , 0 , 0 , 0 , 0 , 0 , 0 , 49 , -34 , -70
0 , 0 , 0 , 0 , -0.0155084 , -0.0315096 , -0.330827 , 0 , 0 , 0 , 0 , 0 , 0 , 33 , -52 , -65
0 , 0 , 0 , 0 , -0.0155064 , -0.0315215 , -0.330827 , 0 , 0 , 0 , 0 , 0 , 0 , 21 , -52 , -58
0 , 0 , 0 , 0 , -0.0155476 , -0.0314795 , -0.330827 , 0 , 0 , 0 , 0 , 0 , 0 , 35 , -52 , -65
0 , 0 , 0 , 0 , -0.0155691 , -0.0314515 , -0.330827 , 0 , 0 , 0 , 0 , 0 , 0 , 27 , -47 , -50
0 , 0 , 0 , 0 , -0.0155668 , -0.0314284 , -0.330827 , 0 , 0 , 0 , 0 , 0 , 0 , 29 , -69 , -51
0 , 0 , 0 , 0 , -0.0155465 , -0.0314289 , -0.330827 , 0 , 0 , 0 , 0 , 0 , 0 , 31 , -52 , -55
0 , 0 , 0 , 0 , -0.0155506 , -0.0314431 , -0.330827 , 0 , 0 , 0 , 0 , 0 , 0 , 29 , -75 , -58
0 , 0 , 0 , 0 , -0.0155954 , -0.0314111 , -0.330827 , 0 , 0 , 0 , 0 , 0 , 0 , 19 , -34 , -47
0 , 0 , 0 , 0 , -0.0155947 , -0.0313828 , -0.330827 , 0 , 0 , 0 , 0 , 0 , 0 , 9 , -47 , -62
0 , 0 , 0 , 0 , -0.0155839 , -0.0313491 , -0.330827 , 0 , 0 , 0 , 0 , 0 , 0 , 23 , -47 , -70
0 , 0 , 0 , 0 , -0.0155867 , -0.0313089 , -0.330827 , 0 , 0 , 0 , 0 , 0 , 0 , 37 , -52 , -51
0 , 0 , 0 , 0 , -0.0155996 , -0.0313106 , -0.330827 , 0 , 0 , 0 , 0 , 0 , 0 , 29 , -69 , -51
0 , 0 , 0 , 0 , -0.0156398 , -0.0313042 , -0.330827 , 0 , 0 , 0 , 0 , 0 , 0 , 27 , -39 , -62
0 , 0 , 0 , 0 , -0.0156423 , -0.031274 , -0.330827 , 0 , 0 , 0 , 0 , 0 , 0 , 23 , -52 , -65
0 , 0 , 0 , 0 , -0.0155877 , -0.0312462 , -0.330827 , 0 , 0 , 0 , 0 , 0 , 0 , 25 , -62 , -55
0 , 0 , 0 , 0 , -0.0155673 , -0.0311873 , -0.330827 , 0 , 0 , 0 , 0 , 0 , 0 , 14 , -29 , -58
0 , 0 , 0 , 0 , -0.0156319 , -0.0311183 , -0.330827 , 0 , 0 , 0 , 0 , 0 , 0 , 23 , -80 , -62
0 , 0 , 0 , 0 , -0.0157143 , -0.0310886 , -0.330827 , 0 , 0 , 0 , 0 , 0 , 0 , 9 , -57 , -81
0 , 0 , 0 , 0 , -0.0157681 , -0.0310754 , -0.330827 , 0 , 0 , 0 , 0 , 0 , 0 , 19 , -57 , -55
0 , 0 , 0 , 0 , -0.015768 , -0.0310173 , -0.330827 , 0 , 0 , 0 , 0 , 0 , 0 , 17 , -47 , -58
0 , 0 , 0 , 0 , -0.0157492 , -0.0310072 , -0.330827 , 0 , 0 , 0 , 0 , 0 , 0 , 14 , -21 , -55
0 , 0 , 0 , 0 , -0.0157619 , -0.0310492 , -0.330827 , 0 , 0 , 0 , 0 , 0 , 0 , 17 , -69 , -65
0 , 0 , 0 , 0 , -0.0158197 , -0.0310306 , -0.330827 , 0 , 0 , 0 , 0 , 0 , 0 , 27 , -52 , -76
0 , 0 , 0 , 0 , -0.0158526 , -0.031024 , -0.330827 , 0 , 0 , 0 , 0 , 0 , 0 , 14 , -52 , -58
0 , 0 , 0 , 0 , -0.0157935 , -0.0310506 , -0.330827 , 0 , 0 , 0 , 0 , 0 , 0 , 19 , -47 , -62
0 , 0 , 0 , 0 , -0.0157598 , -0.0310506 , -0.330827 , 0 , 0 , 0 , 0 , 0 , 0 , 19 , -34 , -70
0 , 0 , 0 , 0 , -0.0158123 , -0.0310355 , -0.330827 , 0 , 0 , 0 , 0 , 0 , 0 , 14 , -57 , -73
0 , 0 , 0 , 0 , -0.015879 , -0.0310537 , -0.330827 , 0 , 0 , 0 , 0 , 0 , 0 , 11 , -47 , -65
0 , 0 , 0 , 0 , -0.0159241 , -0.0310465 , -0.330827 , 0 , 0 , 0 , 0 , 0 , 0 , 29 , -47 , -36
0 , 0 , 0 , 0 , -0.015934 , -0.0310096 , -0.330827 , 0 , 0 , 0 , 0 , 0 , 0 , 19 , -47 , -73
0 , 0 , 0 , 0 , -0.0159242 , -0.031002 , -0.330827 , 0 , 0 , 0 , 0 , 0 , 0 , 25 , -34 , -65
0 , 0 , 0 , 0 , -0.015923 , -0.0309927 , -0.330827 , 0 , 0 , 0 , 0 , 0 , 0 , 35 , -57 , -51
0 , 0 , 0 , 0 , -0.0159052 , -0.0309719 , -0.330827 , 0 , 0 , 0 , 0 , 0 , 0 , 33 , -69 , -70
0 , 0 , 0 , 0 , -0.0159134 , -0.030973 , -0.330827 , 0 , 0 , 0 , 0 , 0 , 0 , 27 , -52 , -84
0 , 0 , 0 , 0 , -0.0159809 , -0.0309932 , -0.330827 , 1.95412e-05 , 0 , 0 , -0.0195412 , 0 , 0 , 37 , -16 , -70
0 , 0 , 0 , 0 , -0.0160426 , -0.0310103 , -0.330827 , 0 , 0 , 0 , 0 , 0 , 0 , 49 , -57 , -87
0 , 0 , 0 , 0 , -0.0160726 , -0.0310057 , -0.330827 , 0 , 0 , 0 , 0 , 0 , 0 , 25 , -52 , -70
0 , 0 , 0 , 0 , -0.0160677 , -0.0310013 , -0.330827 , 0 , 0 , 0 , 0 , 0 , 0 , 13 , -52 , -47
0 , 0 , 0 , 0 , -0.0160507 , -0.0310179 , -0.330827 , 0 , 0 , 0 , 0 , 0 , 0 , 25 , -52 , -62
0 , 0 , 0 , 0 , -0.016043 , -0.031007 , -0.330827 , 0 , 0 , 0 , 0 , 0 , 0 , 35 , -57 , -62
0 , 0 , 0 , 0 , -0.016047 , -0.0309788 , -0.330827 , 0 , 0 , 0 , 0 , 0 , 0 , 31 , -57 , -47
0 , 0 , 0 , 0 , -0.0160733 , -0.0309718 , -0.330827 , 0 , 0 , 0 , 0 , 0 , 0 , 23 , -57 , -62
0 , 0 , 0 , 0 , -0.016066 , -0.0309779 , -0.330827 , 0 , 0 , 0 , 0 , 0 , 0 , 7 , -52 , -55
0 , 0 , 0 , 0 , -0.0160304 , -0.0310315 , -0.330827 , 0 , 0 , 0 , 0 , 0 , 0 , 33 , -69 , -65
0 , 0 , 0 , 0 , -0.0159996 , -0.0311048 , -0.330827 , 0 , 0 , 0 , 0 , 0 , 0 , 23 , -75 , -81
0 , 0 , 0 , 0 , -0.0159749 , -0.0311715 , -0.330827 , 0 , 0 , 0 , 0 , 0 , 0 , 43 , -52 , -62
0 , 0 , 0 , 0 , -0.0159703 , -0.0312331 , -0.330827 , 0 , 0 , 0 , 0 , 0 , 0 , 19 , -69 , -55
0 , 0 , 0 , 0 , -0.0159839 , -0.0312332 , -0.330827 , 0 , 0 , 0 , 0 , 0 , 0 , 25 , -52 , -77
0 , 0 , 0 , 0 , -0.0160008 , -0.0311633 , -0.330827 , 0 , 0 , 0 , 0 , 0 , 0 , 14 , -39 , -55
0 , 0 , 0 , 0 , -0.0159279 , -0.0311166 , -0.330827 , 0 , 0 , 0 , 0 , 0 , 0 , 23 , -52 , -73
0 , 0 , 0 , 0 , -0.0158197 , -0.0310944 , -0.330827 , 0 , 0 , 0 , 0 , 0 , 0 , 23 , -57 , -62
0 , 0 , 0 , 0 , -0.0158075 , -0.0310536 , -0.330827 , 0 , 0 , 0 , 0 , 0 , 0 , 21 , -52 , -62
0.093334, , 1.000000, -1.266328, 0.381216
0.073754, , 1.000000, -1.456353, 0.547142
-0.063643, , 1.000000, -1.428339, 0.502370
-0.071564, , 1.000000, -1.130169, 0.213402
