-10 , -30 , -10 , -30.03 , -0.0179466 , -0.145913 , -0.23495 , 0 , 0 , 0 , 0 , 0 , 0 , 12 , 34 , -50
-10 , -30 , -10 , -30.03 , -0.0179931 , -0.145873 , -0.23495 , -0.000566694 , 0.000586235 , -0.000312659 , -0.0586235 , 0.0249942 , -0.0143696 , 39 , 62 , -76
-10 , -30 , -10 , -30.03 , -0.0176825 , -0.145856 , -0.235125 , -0.0024231 , 0.00246219 , -0.00201274 , -0.136788 , 0.145756 , -0.110568 , 18 , 39 , -118
-10 , -30 , -10 , -30.03 , -0.0166787 , -0.146079 , -0.235969 , -0.00545198 , 0.00554969 , -0.00476804 , -0.17587 , 0.185752 , -0.179385 , 32 , 18 , -147
-10 , -30 , -10 , -30.03 , -0.0154355 , -0.146396 , -0.237284 , -0.00977058 , 0.00994645 , -0.00885214 , -0.254035 , 0.252469 , -0.27292 , 14 , -14 , -84
-10 , -30 , -10 , -30.03 , -0.0144728 , -0.146491 , -0.239059 , -0.015203 , 0.0155157 , -0.0141673 , -0.254035 , 0.319822 , -0.283891 , -121 , -46 , -79
-10 , -30 , -10 , -30.03 , -0.0137725 , -0.146661 , -0.241223 , -0.0217884 , 0.0221792 , -0.0208113 , -0.449447 , 0.364798 , -0.398528 , 39 , -14 , 12
-10 , -30 , -10 , -30.03 , -0.0132352 , -0.146825 , -0.243694 , -0.0297416 , 0.0297416 , -0.028491 , -0.449447 , 0.411681 , -0.439454 , -105 , 45 , -58
-10 , -30 , -10 , -30.03 , -0.0126295 , -0.146846 , -0.246493 , -0.0389455 , 0.0385547 , -0.0371087 , -0.527611 , 0.475839 , -0.473532 , 33 , 83 , -81
-10 , -30 , -10 , -30.03 , -0.0116986 , -0.146795 , -0.249699 , -0.0491656 , 0.0490874 , -0.0469183 , -0.547152 , 0.589772 , -0.517416 , 20 , -29 , -149
-10 , -30 , -10 , -30.03 , -0.010442 , -0.146926 , -0.253437 , -0.0605385 , 0.060773 , -0.0584867 , -0.566693 , 0.565043 , -0.612894 , -96 , 0 , -28
-10 , -30 , -10 , -30.03 , -0.00905869 , -0.146879 , -0.257668 , -0.0731816 , 0.0729862 , -0.0710126 , -0.762105 , 0.604674 , -0.633423 , -3 , 81 , -41
-10 , -30 , -10 , -30.03 , -0.00799152 , -0.146411 , -0.262193 , -0.0872903 , 0.0876616 , -0.0842419 , -0.703482 , 0.767319 , -0.741595 , 2 , -12 , -77
-10 , -30 , -10 , -30.03 , -0.00733388 , -0.146163 , -0.267181 , -0.102044 , 0.102298 , -0.0993472 , -0.781646 , 0.80196 , -0.809155 , -94 , -64 , 68
-10 , -30 , -10 , -30.03 , -0.00679378 , -0.146245 , -0.272487 , -0.119533 , 0.118927 , -0.116094 , -0.84027 , 0.845327 , -0.826845 , -30 , 61 , -57
-10 , -30 , -10 , -30.03 , -0.00612432 , -0.146318 , -0.278191 , -0.135928 , 0.135928 , -0.132411 , -0.84027 , 0.944015 , -0.922475 , -117 , -52 , -68
-10 , -30 , -10 , -30.03 , -0.00508501 , -0.146531 , -0.284416 , -0.155587 , 0.155098 , -0.152089 , -1.03568 , 0.947064 , -0.963408 , 54 , 61 , -18
-10 , -30 , -10 , -30.03 , -0.00371106 , -0.146644 , -0.290834 , -0.174581 , 0.174385 , -0.170458 , -0.898893 , 1.05438 , -1.01249 , -135 , -77 , -38
-10 , -30 , -10 , -30.03 , -0.00244654 , -0.146666 , -0.297776 , -0.196662 , 0.196232 , -0.192695 , -1.19201 , 1.10091 , -1.05533 , 72 , 59 , -66
-10 , -30 , -10 , -30.03 , -0.00144135 , -0.146573 , -0.304953 , -0.218822 , 0.218939 , -0.214464 , -1.11385 , 1.16431 , -1.16663 , -130 , -24 , -16
-10 , -30 , -10 , -30.03 , -0.000355851 , -0.146609 , -0.312752 , -0.242721 , 0.241998 , -0.237953 , -1.21155 , 1.23482 , -1.15799 , 73 , -22 , -94
-10 , -30 , -10 , -30.03 , 0.000789878 , -0.146844 , -0.320555 , -0.26703 , 0.267147 , -0.262516 , -1.34834 , 1.22451 , -1.30274 , -58 , -34 , 67
-10 , -30 , -10 , -30.03 , 0.00158844 , -0.146632 , -0.32877 , -0.293254 , 0.292902 , -0.287958 , -1.3288 , 1.34457 , -1.32556 , 44 , -15 , -97
-10 , -30 , -10 , -30.03 , 0.00238455 , -0.146602 , -0.337656 , -0.320436 , 0.319674 , -0.315101 , -1.40696 , 1.38344 , -1.32332 , 40 , 65 , -67
-10 , -30 , -10 , -30.03 , 0.00352984 , -0.14692 , -0.346688 , -0.348419 , 0.348438 , -0.343162 , -1.48513 , 1.45829 , -1.48979 , -109 , -21 , -32
-10 , -30 , -10 , -30.03 , 0.00461966 , -0.148062 , -0.356202 , -0.37775 , 0.377985 , -0.3722 , -1.38742 , 1.55396 , -1.54272 , -150 , -63 , -111
-10 , -30 , -10 , -30.03 , 0.00561672 , -0.150941 , -0.366286 , -0.405928 , 0.408312 , -0.402821 , -1.34834 , 1.64441 , -1.55191 , 39 , -53 , -121
-10 , -30 , -10 , -30.03 , 0.00694613 , -0.15532 , -0.376806 , -0.432329 , 0.440184 , -0.434634 , -1.28972 , 1.5759 , -1.57696 , -76 , 75 , -2
-10 , -30 , -10 , -30.03 , 0.00839614 , -0.160679 , -0.387473 , -0.457908 , 0.473599 , -0.467581 , -1.23109 , 1.65369 , -1.68336 , -95 , 60 , -23
-10 , -30 , -10 , -30.03 , 0.00948315 , -0.166324 , -0.398351 , -0.482413 , 0.50807 , -0.501543 , -1.23109 , 1.74604 , -1.81919 , 112 , -12 , 83
-10 , -30 , -10 , -30.03 , 0.0104307 , -0.171557 , -0.409763 , -0.505217 , 0.543537 , -0.536639 , -1.17247 , 1.73828 , -1.79551 , -3 , -14 , -61
-10 , -30 , -10 , -30.03 , 0.0117882 , -0.176402 , -0.42161 , -0.527455 , 0.580196 , -0.573142 , -1.03568 , 1.93956 , -1.88651 , 50 , -104 , -48
-10 , -30 , -10 , -30.03 , 0.0135058 , -0.180844 , -0.433593 , -0.548911 , 0.620002 , -0.612674 , -1.01614 , 1.98052 , -1.885 , -68 , -130 , -97
-10 , -30 , -10 , -30.03 , 0.0150833 , -0.185006 , -0.445398 , -0.567671 , 0.657013 , -0.649626 , -0.937975 , 2.08254 , -2.00937 , -8 , -68 , -156
-10 , -30 , -10 , -30.03 , 0.0164586 , -0.189009 , -0.457345 , -0.586528 , 0.699437 , -0.691796 , -0.937975 , 2.15726 , -2.04798 , -35 , -102 , -162
-10 , -30 , -10 , -30.03 , 0.0177959 , -0.192813 , -0.469125 , -0.603099 , 0.73889 , -0.731035 , -0.879352 , 2.18948 , -2.04619 , 50 , -134 , -198
-10 , -30 , -10 , -30.03 , 0.0192019 , -0.196522 , -0.481312 , -0.619455 , 0.783952 , -0.775354 , -0.781646 , 2.22903 , -2.06966 , -81 , -84 , -72
-10 , -30 , -10 , -30.03 , 0.0203368 , -0.199654 , -0.493324 , -0.634208 , 0.827959 , -0.816547 , -0.801187 , 2.25258 , -2.07333 , 42 , -103 , -47
-10 , -30 , -10 , -30.03 , 0.0206631 , -0.201322 , -0.504662 , -0.647848 , 0.873216 , -0.856548 , -0.586235 , 2.20285 , -1.95737 , -96 , 51 , -114
-10 , -30 , -10 , -30.03 , 0.0203691 , -0.202 , -0.515087 , -0.659827 , 0.919353 , -0.895317 , -0.605776 , 2.21742 , -1.93317 , -81 , 108 , -83
-10 , -30 , -10 , -30.03 , 0.0192618 , -0.202675 , -0.52471 , -0.671004 , 0.966545 , -0.932953 , -0.50807 , 2.35316 , -1.82343 , -176 , 12 , -109
-10 , -30 , -10 , -30.03 , 0.0177158 , -0.203268 , -0.533548 , -0.681048 , 1.01532 , -0.969456 , -0.449447 , 2.53096 , -1.75388 , -34 , -66 , -130
-10 , -30 , -10 , -30.03 , 0.0167311 , -0.20378 , -0.541597 , -0.689666 , 1.06572 , -1.00469 , -0.429905 , 2.58252 , -1.68458 , -28 , -44 , -149
-10 , -30 , -10 , -30.03 , 0.0166396 , -0.204158 , -0.549578 , -0.696974 , 1.11699 , -1.03887 , -0.371282 , 2.48009 , -1.64326 , -36 , 10 , -195
-10 , -30 , -10 , -30.03 , 0.0176674 , -0.204124 , -0.557748 , -0.703501 , 1.16743 , -1.07189 , -0.254035 , 2.47094 , -1.53163 , -167 , -20 , -190
-10 , -30 , -10 , -30.03 , 0.0193391 , -0.203545 , -0.566066 , -0.708543 , 1.21698 , -1.10345 , -0.214953 , 2.55997 , -1.60392 , -149 , -148 , -38
-10 , -30 , -10 , -30.03 , 0.0207929 , -0.202738 , -0.574506 , -0.712588 , 1.26584 , -1.13368 , -0.156329 , 2.42495 , -1.54069 , -100 , -123 , -112
-10 , -30 , -10 , -30.03 , 0.020961 , -0.201903 , -0.582343 , -0.715206 , 1.31334 , -1.16307 , -0.0977058 , 2.29782 , -1.28913 , -98 , -29 , -141
-10 , -30 , -10 , -30.03 , 0.0197465 , -0.201219 , -0.589512 , -0.716789 , 1.35915 , -1.19144 , -0.0195412 , 2.16521 , -1.36333 , -100 , 56 , -133
-10 , -30 , -10 , -30.03 , 0.0178626 , -0.200363 , -0.595805 , -0.717082 , 1.40372 , -1.21804 , 0 , 2.14934 , -1.3159 , -31 , 35 , -96
-10 , -30 , -10 , -30.03 , 0.0162633 , -0.19892 , -0.601271 , -0.716867 , 1.44726 , -1.24366 , 0 , 2.17525 , -1.26072 , -42 , -23 , -115
-10 , -30 , -10 , -30.03 , 0.0155338 , -0.197215 , -0.605877 , -0.716789 , 1.49183 , -1.26973 , 0 , 2.14443 , -1.18851 , -56 , -61 , -108
-10 , -30 , -10 , -30.03 , 0.0149801 , -0.194796 , -0.610379 , -0.716789 , 1.5331 , -1.29259 , 0 , 2.05877 , -1.19457 , -51 , -30 , -159
-10 , -30 , -10 , -30.03 , 0.0152323 , -0.192421 , -0.615123 , -0.716809 , 1.57314 , -1.3149 , 0 , 2.02323 , -1.0222 , -30 , -45 , -193
-10 , -30 , -10 , -30.03 , 0.0163153 , -0.190906 , -0.619948 , -0.716828 , 1.61195 , -1.3355 , 0 , 1.98639 , -1.02803 , -56 , -46 , -161
-10 , -30 , -10 , -30.03 , 0.0173208 , -0.189784 , -0.625022 , -0.716828 , 1.64961 , -1.35524 , 0 , 1.90645 , -0.89604 , -51 , -74 , -176
-10 , -30 , -10 , -30.03 , 0.0178264 , -0.188909 , -0.630006 , -0.716828 , 1.68601 , -1.37353 , 0 , 1.78185 , -0.899475 , -69 , 2 , -232
-10 , -30 , -10 , -30.03 , 0.0175781 , -0.188158 , -0.634632 , -0.716828 , 1.72134 , -1.3911 , 0 , 1.67495 , -0.820194 , -82 , 49 , -184
-10 , -30 , -10 , -30.03 , 0.0167171 , -0.187344 , -0.638727 , -0.716828 , 1.75562 , -1.40681 , 0 , 1.59736 , -0.776207 , -59 , 34 , -145
-10 , -30 , -10 , -30.03 , 0.0156408 , -0.186353 , -0.642171 , -0.716828 , 1.78876 , -1.42178 , 0 , 1.53312 , -0.71601 , -43 , -17 , -253
-10 , -30 , -10 , -30.03 , 0.0148659 , -0.185304 , -0.645206 , -0.716848 , 1.82036 , -1.4353 , 0 , 1.59573 , -0.642969 , -38 , -48 , -213
-10 , -30 , -10 , -30.03 , 0.014536 , -0.184234 , -0.647868 , -0.716828 , 1.85047 , -1.44757 , 0 , 1.57484 , -0.604989 , -55 , -63 , -314
-10 , -30 , -10 , -30.03 , 0.0147101 , -0.183213 , -0.650468 , -0.716828 , 1.87966 , -1.4591 , 0 , 1.4216 , -0.498075 , -56 , 31 , -197
-10 , -30 , -10 , -30.03 , 0.0151202 , -0.182285 , -0.653052 , -0.716828 , 1.90821 , -1.46907 , 0 , 1.33158 , -0.496596 , -51 , -6 , -191
-10 , -30 , -10 , -30.03 , 0.0154819 , -0.181625 , -0.65553 , -0.716809 , 1.93497 , -1.47788 , -0.0195412 , 1.32706 , -0.402769 , -30 , -51 , -281
-10 , -30 , -10 , -30.03 , 0.0154772 , -0.181194 , -0.657758 , -0.716809 , 1.96027 , -1.48536 , 0 , 1.23743 , -0.392784 , -78 , 66 , -278
-10 , -30 , -10 , -30.03 , 0.0150014 , -0.180779 , -0.659639 , -0.716828 , 1.98528 , -1.49158 , 0 , 1.12574 , -0.310998 , -25 , -8 , -258
-10 , -30 , -10 , -30.03 , 0.0143092 , -0.18055 , -0.661091 , -0.716828 , 2.00815 , -1.49711 , 0 , 1.15117 , -0.213564 , -64 , -46 , -216
-10 , -30 , -10 , -30.03 , 0.0137039 , -0.180249 , -0.662181 , -0.716828 , 2.03038 , -1.50127 , 0 , 1.07123 , -0.158356 , -56 , -10 , -212
-10 , -30 , -10 , -30.03 , 0.0132395 , -0.179785 , -0.662849 , -0.716828 , 2.05223 , -1.50436 , 0 , 1.04405 , -0.10974 , -60 , -34 , -191
-10 , -30 , -10 , -30.03 , 0.0129646 , -0.17942 , -0.663297 , -0.716828 , 2.07183 , -1.50576 , 0 , 0.977058 , -0.0223941 , -100 , 23 , -225
-10 , -30 , -10 , -30.03 , 0.0128867 , -0.179168 , -0.663544 , -0.716848 , 2.09018 , -1.50615 , 0.0195412 , 0.919217 , -0.00583229 , -69 , -50 , -193
-10 , -30 , -10 , -30.03 , 0.0129032 , -0.179109 , -0.66361 , -0.716848 , 2.10755 , -1.50615 , 0 , 0.794356 , 0 , -51 , 10 , -191
-10 , -30 , -10 , -30.03 , 0.0130728 , -0.179144 , -0.66361 , -0.716828 , 2.12324 , -1.50615 , 0 , 0.798955 , 0 , -56 , 14 , -142
-10 , -30 , -10 , -30.03 , 0.0133858 , -0.179113 , -0.663533 , -0.716828 , 2.13847 , -1.50615 , 0 , 0.726658 , 0 , -51 , -65 , -110
-10 , -30 , -10 , -30.03 , 0.0136937 , -0.178984 , -0.66345 , -0.716828 , 2.15185 , -1.50613 , 0 , 0.65647 , 0 , -43 , 9 , -110
-10 , -30 , -10 , -30.03 , 0.0139763 , -0.178863 , -0.66345 , -0.716828 , 2.16414 , -1.50613 , 0 , 0.628666 , 0 , -47 , 0 , -148
-10 , -30 , -10 , -30.03 , 0.0143436 , -0.178833 , -0.66345 , -0.716809 , 2.17565 , -1.50613 , 0 , 0.547625 , 0 , -64 , -46 , -110
-10 , -30 , -10 , -30.03 , 0.0147274 , -0.178872 , -0.663517 , -0.716809 , 2.18576 , -1.50613 , 0 , 0.368004 , 0 , -51 , 43 , -96
-10 , -30 , -10 , -30.03 , 0.0150806 , -0.178923 , -0.66358 , -0.716828 , 2.19404 , -1.50612 , 0 , 0.382159 , 0 , -69 , 70 , -78
-10 , -30 , -10 , -30.03 , 0.0153253 , -0.178928 , -0.66358 , -0.716828 , 2.20174 , -1.50612 , 0 , 0.383657 , 0 , -91 , 28 , -46
-10 , -30 , -10 , -30.03 , 0.0154426 , -0.17888 , -0.66358 , -0.716828 , 2.2086 , -1.50612 , 0 , 0.313994 , 0 , -56 , -10 , -61
-10 , -30 , -10 , -30.03 , 0.0155774 , -0.178832 , -0.66358 , -0.716828 , 2.21372 , -1.50612 , -0.0195412 , 0.254772 , 0 , -69 , -53 , -64
-10 , -30 , -10 , -30.03 , 0.0157337 , -0.178784 , -0.66358 , -0.716848 , 2.21778 , -1.5061 , 0 , 0.173082 , 0 , -69 , -46 , 16
-10 , -30 , -10 , -30.03 , 0.0159326 , -0.178745 , -0.66358 , -0.716848 , 2.22066 , -1.5061 , 0 , 0.126072 , 0 , -47 , -5 , -61
-10 , -30 , -10 , -30.03 , 0.0162137 , -0.178706 , -0.66358 , -0.716828 , 2.22224 , -1.5061 , 0 , 0.0297995 , 0 , -59 , 101 , -62
-10 , -30 , -10 , -30.03 , 0.016479 , -0.178667 , -0.66358 , -0.716828 , 2.22279 , -1.50608 , 0 , 0 , 0 , -68 , -25 , -110
-10 , -30 , -10 , -30.03 , 0.0166571 , -0.178672 , -0.66358 , -0.716809 , 2.22283 , -1.50608 , 0 , 0 , 0 , -34 , 1 , -92
-10 , -30 , -10 , -30.03 , 0.0167714 , -0.178678 , -0.66358 , -0.716809 , 2.22283 , -1.50606 , 0 , 0 , 0 , -51 , -36 , -46
-10 , -30 , -10 , -30.03 , 0.0169067 , -0.178654 , -0.66358 , -0.716828 , 2.22283 , -1.50604 , 0 , 0 , 0 , -12 , -55 , -46
-10 , -30 , -10 , -30.03 , 0.0170354 , -0.178636 , -0.66358 , -0.716828 , 2.22283 , -1.50602 , 0 , 0 , 0 , -51 , -28 , -108
-10 , -30 , -10 , -30.03 , 0.0171849 , -0.178624 , -0.66358 , -0.716828 , 2.22281 , -1.506 , 0 , 0 , 0 , -30 , -36 , -62
-10 , -30 , -10 , -30.03 , 0.0173978 , -0.17864 , -0.66358 , -0.716828 , 2.22283 , -1.50598 , 0 , 0 , 0 , -51 , -44 , -30
-10 , -30 , -10 , -30.03 , 0.0176019 , -0.178642 , -0.66358 , -0.716828 , 2.22283 , -1.50598 , 0 , 0 , 0 , -56 , -2 , -15
-10 , -30 , -10 , -30.03 , 0.017793 , -0.178645 , -0.66358 , -0.716828 , 2.22281 , -1.50596 , 0 , 0 , 0 , -64 , -18 , -15
-10 , -30 , -10 , -30.03 , 0.017916 , -0.178643 , -0.66358 , -0.716828 , 2.22281 , -1.50596 , 0 , 0 , 0 , -51 , -44 , -93
-10 , -30 , -10 , -30.03 , 0.0180138 , -0.178618 , -0.66358 , -0.716828 , 2.22279 , -1.50596 , 0 , -0.002711 , 0 , -69 , -36 , 17
-10 , -30 , -10 , -30.03 , 0.0181328 , -0.178638 , -0.66358 , -0.716828 , 2.22279 , -1.50596 , 0 , 0 , 0 , -51 , -70 , -30
-10 , -30 , -10 , -30.03 , 0.0182513 , -0.178629 , -0.66358 , -0.716828 , 2.22277 , -1.50594 , 0 , 0 , 0.00330139 , -56 , -26 , -46
-10 , -30 , -10 , -30.03 , 0.0183023 , -0.17862 , -0.66358 , -0.716828 , 2.22277 , -1.50594 , 0 , 0 , 0 , -56 , -52 , -62
-10 , -30 , -10 , -30.03 , 0.0183875 , -0.178652 , -0.66358 , -0.716828 , 2.22277 , -1.50592 , 0 , 0 , 0 , -82 , -70 , -62
-10 , -30 , -10 , -30.03 , 0.01856 , -0.178681 , -0.66358 , -0.716828 , 2.22277 , -1.50592 , 0 , 0 , 0 , -64 , -44 , -96
-10 , -30 , -10 , -30.03 , 0.0186758 , -0.178724 , -0.66358 , -0.716828 , 2.22277 , -1.50592 , 0 , 0 , 0 , -56 , -62 , 2
-10 , -30 , -10 , -30.03 , 0.0187516 , -0.178724 , -0.66358 , -0.716848 , 2.22277 , -1.50592 , 0.0195412 , 0 , 0 , -79 , -55 , -62
-10 , -30 , -10 , -30.03 , 0.0188374 , -0.178731 , -0.66358 , -0.716848 , 2.22277 , -1.50592 , 0 , 0 , 0 , -78 , 8 , -64
-10 , -30 , -10 , -30.03 , 0.0189333 , -0.178753 , -0.66358 , -0.716828 , 2.22277 , -1.50592 , 0 , 0 , 0 , -59 , 8 , -62
-10 , -30 , -10 , -30.03 , 0.0190338 , -0.178754 , -0.66358 , -0.716828 , 2.22277 , -1.50592 , 0 , 0 , 0 , -68 , -28 , 17
-10 , -30 , -10 , -30.03 , 0.0191083 , -0.178781 , -0.66358 , -0.716828 , 2.22275 , -1.5059 , 0 , 0 , 0 , -25 , -36 , -15
-10 , -30 , -10 , -30.03 , 0.0191749 , -0.178814 , -0.66358 , -0.716828 , 2.22275 , -1.5059 , 0 , 0 , 0 , -38 , -10 , 17
-10 , -30 , -10 , -30.03 , 0.0193004 , -0.178803 , -0.66358 , -0.716828 , 2.22277 , -1.5059 , 0 , 0 , 0 , -7 , -62 , -12
-10 , -30 , -10 , -30.03 , 0.0194377 , -0.17879 , -0.66358 , -0.716809 , 2.22275 , -1.5059 , 0 , 0 , 0 , -11 , -2 , 2
-10 , -30 , -10 , -30.03 , 0.0195047 , -0.178818 , -0.66358 , -0.716809 , 2.22275 , -1.5059 , 0 , 0 , 0 , -82 , -18 , -12
-10 , -30 , -10 , -30.03 , 0.0195529 , -0.178822 , -0.66358 , -0.716828 , 2.22275 , -1.5059 , 0 , 0 , 0 , -51 , -28 , -62
-10 , -30 , -10 , -30.03 , 0.0196511 , -0.178812 , -0.66358 , -0.716828 , 2.22275 , -1.5059 , 0 , 0 , 0 , -69 , -18 , -78
-10 , -30 , -10 , -30.03 , 0.0197208 , -0.178841 , -0.66358 , -0.716828 , 2.22275 , -1.5059 , 0 , 0 , 0 , -56 , -44 , -30
-10 , -30 , -10 , -30.03 , 0.0197975 , -0.17886 , -0.66358 , -0.716828 , 2.22275 , -1.5059 , 0 , 0 , 0 , -64 , -28 , -15
-10 , -30 , -10 , -30.03 , 0.0198919 , -0.178858 , -0.66358 , -0.716828 , 2.22275 , -1.5059 , 0 , 0 , 0 , -34 , -62 , -78
-10 , -30 , -10 , -30.03 , 0.0199229 , -0.178865 , -0.66358 , -0.716848 , 2.22275 , -1.5059 , 0 , 0 , 0 , -79 , -44 , -15
-10 , -30 , -10 , -30.03 , 0.0200225 , -0.178844 , -0.66358 , -0.716848 , 2.22275 , -1.5059 , 0 , 0 , 0 , -34 , -28 , -15
-10 , -30 , -10 , -30.03 , 0.0201446 , -0.178792 , -0.66358 , -0.716828 , 2.22277 , -1.5059 , 0 , 0 , 0 , -25 , -10 , -15
-10 , -30 , -10 , -30.03 , 0.020207 , -0.178798 , -0.66358 , -0.716828 , 2.22277 , -1.5059 , 0 , 0 , 0 , -38 , -36 , -46
-10 , -30 , -10 , -30.03 , 0.0202258 , -0.178866 , -0.66358 , -0.716828 , 2.22277 , -1.5059 , 0 , 0 , 0 , -20 , -36 , -110
-10 , -30 , -10 , -30.03 , 0.0202389 , -0.178876 , -0.66358 , -0.716809 , 2.22275 , -1.5059 , 0 , 0 , 0 , -38 , -52 , 2
-10 , -30 , -10 , -30.03 , 0.0202767 , -0.178871 , -0.66358 , -0.716809 , 2.22277 , -1.5059 , 0 , 0 , 0 , -78 , -36 , -15
-10 , -30 , -10 , -30.03 , 0.0202938 , -0.178869 , -0.66358 , -0.716828 , 2.22275 , -1.5059 , 0 , 0 , 0 , -51 , -44 , -12
-10 , -30 , -10 , -30.03 , 0.0203751 , -0.178841 , -0.66358 , -0.716828 , 2.22275 , -1.5059 , 0 , 0 , 0 , -64 , -18 , -62
-10 , -30 , -10 , -30.03 , 0.0204711 , -0.178831 , -0.66358 , -0.716828 , 2.22275 , -1.5059 , 0 , 0 , 0 , -74 , -26 , -62
-10 , -30 , -10 , -30.03 , 0.0204893 , -0.178843 , -0.66358 , -0.716828 , 2.22273 , -1.5059 , 0 , 0 , 0 , -74 , -18 , -44
-10 , -30 , -10 , -30.03 , 0.0204957 , -0.178864 , -0.66358 , -0.716828 , 2.22273 , -1.5059 , 0 , 0 , 0 , -82 , -36 , -62
-10 , -30 , -10 , -30.03 , 0.0204985 , -0.178885 , -0.66358 , -0.716828 , 2.22275 , -1.5059 , 0 , 0 , 0 , -74 , -33 , 17
-10 , -30 , -10 , -30.03 , 0.0205213 , -0.178894 , -0.66358 , -0.716848 , 2.22275 , -1.5059 , 0 , 0 , 0 , -69 , -18 , 17
-10 , -30 , -10 , -30.03 , 0.0206147 , -0.178848 , -0.66358 , -0.716848 , 2.22271 , -1.5059 , 0 , 0 , 0 , -51 , -36 , 17
-10 , -30 , -10 , -30.03 , 0.020698 , -0.178801 , -0.66358 , -0.716828 , 2.22269 , -1.5059 , 0 , 0 , 0 , -43 , -10 , 2
-10 , -30 , -10 , -30.03 , 0.0207566 , -0.178778 , -0.66358 , -0.716828 , 2.22277 , -1.5059 , 0 , 0 , 0 , -34 , -36 , -62
-10 , -30 , -10 , -30.03 , 0.0208311 , -0.178768 , -0.66358 , -0.716828 , 2.22287 , -1.5059 , 0 , 0.043023 , 0 , -50 , -36 , 49
-10 , -30 , -10 , -30.03 , 0.0208938 , -0.178788 , -0.66358 , -0.716809 , 2.22281 , -1.5059 , 0 , 0 , 0 , -16 , 28 , 17
-10 , -30 , -10 , -30.03 , 0.0209286 , -0.178826 , -0.66358 , -0.716809 , 2.22261 , -1.5059 , 0 , 0 , 0 , -69 , 1 , -62
-10 , -30 , -10 , -30.03 , 0.0209787 , -0.178868 , -0.66358 , -0.716828 , 2.2229 , -1.5059 , 0 , 0 , 0 , -73 , -55 , 0
-10 , -30 , -10 , -30.03 , 0.0210294 , -0.178881 , -0.66358 , -0.716828 , 2.22259 , -1.5059 , 0 , -0.0279497 , 0 , -56 , 1 , 17
-10 , -30 , -10 , -30.03 , 0.0210678 , -0.178864 , -0.66358 , -0.716828 , 2.22279 , -1.5059 , 0 , 0.0666467 , 0 , -68 , -95 , -96
-10 , -30 , -10 , -30.03 , 0.0210687 , -0.178849 , -0.66358 , -0.716828 , 2.22277 , -1.5059 , 0 , -0.0744136 , 0 , -51 , 56 , -15
-10 , -30 , -10 , -30.03 , 0.021092 , -0.178859 , -0.66358 , -0.716828 , 2.22271 , -1.5059 , 0 , 0 , 0 , -56 , -2 , -46
-10 , -30 , -10 , -30.03 , 0.0211794 , -0.178842 , -0.66358 , -0.716828 , 2.22287 , -1.5059 , 0 , 0.0515865 , 0 , -51 , -110 , -78
-10 , -30 , -10 , -30.03 , 0.0211768 , -0.178788 , -0.66358 , -0.716828 , 2.22285 , -1.5059 , 0 , 0 , 0 , -73 , 28 , 31
-10 , -30 , -10 , -30.03 , 0.0211328 , -0.178786 , -0.66358 , -0.716828 , 2.22265 , -1.5059 , 0 , 0 , 0 , -43 , -10 , -93
-10 , -30 , -10 , -30.03 , 0.0211334 , -0.178841 , -0.66358 , -0.716828 , 2.22294 , -1.5059 , 0 , 0.061078 , 0 , -82 , -143 , -78
-10 , -30 , -10 , -30.03 , 0.0212021 , -0.178856 , -0.66358 , -0.716828 , 2.22271 , -1.5059 , 0 , -0.0729871 , 0 , -64 , 91 , 17
-10 , -30 , -10 , -30.03 , 0.0212417 , -0.178859 , -0.66358 , -0.716828 , 2.22263 , -1.5059 , 0 , 0 , 0 , -60 , -62 , -78
-10 , -30 , -10 , -30.03 , 0.0212043 , -0.178849 , -0.66358 , -0.716848 , 2.22287 , -1.5059 , 0 , 0 , 0 , -43 , -44 , 17
-10 , -30 , -10 , -30.03 , 0.0212202 , -0.178848 , -0.66358 , -0.716848 , 2.22259 , -1.5059 , 0 , -0.0622588 , 0 , -30 , 21 , 2
-10 , -30 , -10 , -30.03 , 0.021285 , -0.178882 , -0.66358 , -0.716828 , 2.22269 , -1.5059 , 0 , 0.069706 , 0 , -34 , -91 , -49
-10 , -30 , -10 , -30.03 , 0.0212864 , -0.178881 , -0.66358 , -0.716828 , 2.22285 , -1.5059 , 0 , 0 , 0 , -11 , -36 , -93
-10 , -30 , -10 , -30.03 , 0.0212783 , -0.178924 , -0.66358 , -0.716828 , 2.22255 , -1.5059 , 0.0195412 , -0.0415464 , 0 , -51 , 19 , 17
-10 , -30 , -10 , -30.03 , 0.0213106 , -0.17899 , -0.66358 , -0.716809 , 2.22281 , -1.5059 , 0 , 0.0859827 , 0 , -16 , -110 , -15
-10 , -30 , -10 , -30.03 , 0.0213202 , -0.178983 , -0.66358 , -0.716828 , 2.22285 , -1.5059 , 0 , -0.0399661 , 0 , -43 , 21 , -46
-10 , -30 , -10 , -30.03 , 0.0213429 , -0.178961 , -0.66358 , -0.716828 , 2.22263 , -1.5059 , 0 , 0 , 0 , -51 , -70 , 17
-10 , -30 , -10 , -30.03 , 0.0213877 , -0.17896 , -0.66358 , -0.716828 , 2.22294 , -1.5059 , 0 , 0 , 0 , -77 , -66 , -46
-10 , -30 , -10 , -30.03 , 0.0214162 , -0.178951 , -0.66358 , -0.716828 , 2.22269 , -1.5059 , 0 , 0 , 0 , -65 , 9 , 17
-10 , -30 , -10 , -30.03 , 0.0214203 , -0.178935 , -0.66358 , -0.716828 , 2.22261 , -1.5059 , 0 , 0 , 0 , -56 , -44 , -96
-10 , -30 , -10 , -30.03 , 0.0214335 , -0.178979 , -0.66358 , -0.716828 , 2.22288 , -1.5059 , 0 , 0 , 0 , -82 , -36 , 0
-10 , -30 , -10 , -30.03 , 0.0214243 , -0.179015 , -0.66358 , -0.716828 , 2.22275 , -1.5059 , 0 , -0.0728965 , 0 , -69 , -16 , 17
-10 , -30 , -10 , -30.03 , 0.0214092 , -0.178997 , -0.66358 , -0.716828 , 2.22253 , -1.5059 , 0 , 0 , 0 , -92 , -15 , -78
-10 , -30 , -10 , -30.03 , 0.0213565 , -0.178987 , -0.66358 , -0.716848 , 2.22294 , -1.5059 , 0 , 0.0294083 , 0 , -64 , -84 , 51
-10 , -30 , -10 , -30.03 , 0.0213379 , -0.178953 , -0.66358 , -0.716848 , 2.22267 , -1.5059 , 0 , -0.0583313 , 0 , -51 , 30 , -78
-10 , -30 , -10 , -30.03 , 0.0214018 , -0.178947 , -0.66358 , -0.716828 , 2.22267 , -1.5059 , 0 , 0.071179 , 0 , -13 , -110 , 49
-10 , -30 , -10 , -30.03 , 0.0214193 , -0.178963 , -0.66358 , -0.716828 , 2.22294 , -1.5059 , 0 , 0 , 0 , -68 , -18 , -46
-10 , -30 , -10 , -30.03 , 0.0213545 , -0.178981 , -0.66358 , -0.716828 , 2.22261 , -1.5059 , 0 , -0.0247246 , 0 , -7 , 35 , -15
-10 , -30 , -10 , -30.03 , 0.0213084 , -0.178992 , -0.66358 , -0.716809 , 2.22281 , -1.5059 , 0 , 0.0740188 , 0 , -34 , -117 , -110
-10 , -30 , -10 , -30.03 , 0.0213037 , -0.178944 , -0.66358 , -0.716809 , 2.22288 , -1.5059 , 0 , 0 , 0 , -43 , 11 , -62
-10 , -30 , -10 , -30.03 , 0.0212481 , -0.178913 , -0.66358 , -0.716828 , 2.22255 , -1.5059 , 0 , -0.0578017 , 0 , -55 , 19 , -46
-10 , -30 , -10 , -30.03 , 0.0212859 , -0.178923 , -0.66358 , -0.716828 , 2.22277 , -1.5059 , 0 , 0.0459284 , 0 , -56 , -170 , -78
-10 , -30 , -10 , -30.03 , 0.0213358 , -0.178901 , -0.66358 , -0.716828 , 2.22283 , -1.5059 , 0 , -0.0390656 , 0 , -56 , -26 , -78
-10 , -30 , -10 , -30.03 , 0.0213396 , -0.178885 , -0.66358 , -0.716828 , 2.22269 , -1.5059 , 0 , 0 , 0 , -64 , -28 , -15
-10 , -30 , -10 , -30.03 , 0.0213195 , -0.178933 , -0.66358 , -0.716828 , 2.22287 , -1.5059 , 0 , 0 , 0 , -82 , -52 , -93
-10 , -30 , -10 , -30.03 , 0.0212664 , -0.178952 , -0.66358 , -0.716848 , 2.22261 , -1.5059 , 0 , -0.0724277 , 0 , -43 , 66 , -93
-10 , -30 , -10 , -30.03 , 0.0212902 , -0.178959 , -0.66358 , -0.716848 , 2.22265 , -1.5059 , 0 , 0.0495959 , 0 , -69 , -110 , -78
-10 , -30 , -10 , -30.03 , 0.0213305 , -0.179027 , -0.66358 , -0.716828 , 2.22298 , -1.5059 , 0 , 0 , 0 , -51 , -91 , -110
-10 , -30 , -10 , -30.03 , 0.0213181 , -0.179063 , -0.66358 , -0.716828 , 2.22267 , -1.5059 , 0 , -0.0575405 , 0 , -3 , 29 , -93
-10 , -30 , -10 , -30.03 , 0.0213479 , -0.179096 , -0.66358 , -0.716828 , 2.22275 , -1.5059 , 0 , 0 , 0 , -43 , -114 , -62
-10 , -30 , -10 , -30.03 , 0.021406 , -0.179131 , -0.66358 , -0.716828 , 2.22275 , -1.5059 , 0 , 0 , 0 , -26 , -15 , -32
-10 , -30 , -10 , -30.03 , 0.0214218 , -0.179118 , -0.66358 , -0.716809 , 2.22259 , -1.5059 , 0 , 0 , 0 , -38 , -18 , -46
-10 , -30 , -10 , -30.03 , 0.0214517 , -0.17913 , -0.66358 , -0.716809 , 2.22285 , -1.5059 , 0 , 0.0432126 , 0 , -56 , -36 , -62
-10 , -30 , -10 , -30.03 , 0.0214597 , -0.17915 , -0.66358 , -0.716828 , 2.22273 , -1.5059 , 0 , 0 , 0 , -51 , -10 , -62
-10 , -30 , -10 , -30.03 , 0.0214736 , -0.179149 , -0.66358 , -0.716828 , 2.22259 , -1.5059 , 0 , -0.0427153 , 0 , -51 , 72 , -78
-10 , -30 , -10 , -30.03 , 0.0215008 , -0.179157 , -0.66358 , -0.716828 , 2.22271 , -1.5059 , 0 , 0.0553567 , 0 , -51 , -58 , -15
-10 , -30 , -10 , -30.03 , 0.0214775 , -0.179145 , -0.66358 , -0.716828 , 2.22292 , -1.5059 , 0 , 0 , 0 , -78 , -18 , -59
-10 , -30 , -10 , -30.03 , 0.0214377 , -0.179116 , -0.66358 , -0.716848 , 2.22255 , -1.5059 , 0 , -0.0371645 , 0 , -59 , 9 , -96
-10 , -30 , -10 , -30.03 , 0.0214697 , -0.179134 , -0.66358 , -0.716848 , 2.22283 , -1.5059 , 0 , 0.0691311 , 0 , -90 , -84 , -78
-10 , -30 , -10 , -30.03 , 0.0214995 , -0.179156 , -0.66358 , -0.716828 , 2.22285 , -1.5059 , 0 , 0 , 0 , -34 , 83 , -32
-10 , -30 , -10 , -30.03 , 0.0214924 , -0.179179 , -0.66358 , -0.716828 , 2.22255 , -1.5059 , 0 , 0 , 0 , -42 , -7 , -64
-10 , -30 , -10 , -30.03 , 0.0214753 , -0.179226 , -0.66358 , -0.716828 , 2.22287 , -1.5059 , 0 , 0.0297936 , 0 , -25 , -47 , -12
-10 , -30 , -10 , -30.03 , 0.0214398 , -0.179227 , -0.66358 , -0.716809 , 2.22271 , -1.5059 , 0 , -0.068134 , 0 , -47 , 72 , -30
-10 , -30 , -10 , -30.03 , 0.0213988 , -0.179236 , -0.66358 , -0.716809 , 2.22277 , -1.5059 , 0.0195412 , 0.0508089 , 0 , -78 , -21 , -78
-10 , -30 , -10 , -30.03 , 0.0213415 , -0.179253 , -0.66358 , -0.716828 , 2.2229 , -1.5059 , 0 , 0 , 0 , -16 , -18 , -15
-10 , -30 , -10 , -30.03 , 0.0213122 , -0.17922 , -0.66358 , -0.716828 , 2.22257 , -1.5059 , 0 , -0.0513874 , 0 , -60 , 11 , -78
-10 , -30 , -10 , -30.03 , 0.0213914 , -0.179215 , -0.66358 , -0.716828 , 2.22279 , -1.5059 , 0 , 0 , 0 , -59 , -36 , 51
-10 , -30 , -10 , -30.03 , 0.0214452 , -0.179222 , -0.66358 , -0.716828 , 2.22281 , -1.5059 , 0 , 0 , 0 , -21 , -55 , -93
-10 , -30 , -10 , -30.03 , 0.0213726 , -0.179261 , -0.66358 , -0.716828 , 2.22279 , -1.5059 , 0 , 0 , 0 , -64 , -62 , -62
-10 , -30 , -10 , -30.03 , 0.0213635 , -0.179282 , -0.66358 , -0.716828 , 2.22281 , -1.5059 , 0 , 0 , 0 , -69 , -26 , 34
-10 , -30 , -10 , -30.03 , 0.0213748 , -0.179223 , -0.66358 , -0.716828 , 2.22281 , -1.5059 , 0 , 0 , 0 , -56 , -36 , -62
-10 , -30 , -10 , -30.03 , 0.0213256 , -0.179177 , -0.66358 , -0.716828 , 2.22271 , -1.5059 , 0 , 0 , 0 , -65 , -18 , -15
-10 , -30 , -10 , -30.03 , 0.0213324 , -0.179164 , -0.66358 , -0.716828 , 2.22265 , -1.5059 , 0 , 0 , 0 , -64 , -18 , -62
-10 , -30 , -10 , -30.03 , 0.0213696 , -0.17915 , -0.663641 , -0.716828 , 2.22271 , -1.5059 , -0.0195412 , 0.0621527 , 0 , -51 , -110 , 2
-10 , -30 , -10 , -30.03 , 0.0213502 , -0.179121 , -0.663641 , -0.716848 , 2.22294 , -1.5059 , 0 , 0 , 0 , -56 , -55 , -32
-10 , -30 , -10 , -30.03 , 0.0213179 , -0.17912 , -0.663641 , -0.716828 , 2.22269 , -1.5059 , 0 , -0.0437088 , 0 , -47 , -36 , -46
-10 , -30 , -10 , -30.03 , 0.0213334 , -0.179143 , -0.663641 , -0.716828 , 2.22281 , -1.5059 , 0 , 0.075004 , 0 , -38 , -110 , -46
-10 , -30 , -10 , -30.03 , 0.0213344 , -0.179131 , -0.663641 , -0.716828 , 2.22292 , -1.5059 , 0 , -0.0562488 , 0 , -16 , 11 , 2
-10 , -30 , -10 , -30.03 , 0.0212834 , -0.179151 , -0.663641 , -0.716809 , 2.22257 , -1.5059 , 0 , 0 , 0 , -30 , -36 , 2
-10 , -30 , -10 , -30.03 , 0.0212698 , -0.179179 , -0.663641 , -0.716809 , 2.22279 , -1.5059 , 0 , 0.0825215 , 0 , -21 , -164 , -12
-10 , -30 , -10 , -30.03 , 0.0212734 , -0.179175 , -0.663641 , -0.716828 , 2.2229 , -1.5059 , 0 , 0 , 0 , -47 , -18 , -76
-10 , -30 , -10 , -30.03 , 0.021225 , -0.179178 , -0.663641 , -0.716828 , 2.22261 , -1.5059 , 0 , -0.049782 , 0 , -38 , 1 , -59
-10 , -30 , -10 , -30.03 , 0.0211973 , -0.17923 , -0.663641 , -0.716828 , 2.22277 , -1.5059 , 0 , 0.0834375 , 0 , -51 , -135 , -62
-10 , -30 , -10 , -30.03 , 0.0211953 , -0.179229 , -0.663641 , -0.716828 , 2.22285 , -1.5059 , 0 , -0.0413413 , 0 , -56 , -15 , -93
-10 , -30 , -10 , -30.03 , 0.0212549 , -0.179158 , -0.663641 , -0.716828 , 2.22261 , -1.5059 , 0 , 0 , 0 , -25 , -28 , -93
-10 , -30 , -10 , -30.03 , 0.0212737 , -0.179145 , -0.663641 , -0.716828 , 2.22283 , -1.5059 , 0 , 0.0324485 , 0 , -64 , -73 , 17
-10 , -30 , -10 , -30.03 , 0.0211998 , -0.179139 , -0.663641 , -0.716828 , 2.22285 , -1.5059 , 0 , -0.0631843 , 0 , -64 , 19 , 2
-10 , -30 , -10 , -30.03 , 0.0212263 , -0.179172 , -0.663641 , -0.716828 , 2.22261 , -1.5059 , 0 , 0 , 0 , -86 , 1 , -44
-10 , -30 , -10 , -30.03 , 0.0212904 , -0.179193 , -0.663641 , -0.716828 , 2.22292 , -1.5059 , 0 , 0.0423515 , 0 , -78 , -135 , -78
-10 , -30 , -10 , -30.03 , 0.0212364 , -0.179167 , -0.663641 , -0.716828 , 2.22277 , -1.5059 , 0 , -0.0688389 , 0 , -82 , 11 , 0
-10 , -30 , -10 , -30.03 , 0.0211726 , -0.179172 , -0.663641 , -0.716848 , 2.22263 , -1.5059 , 0 , 0 , 0 , -51 , -36 , 17
-10 , -30 , -10 , -30.03 , 0.0212395 , -0.179175 , -0.663641 , -0.716828 , 2.22269 , -1.5059 , -0.0195412 , 0 , 0 , -56 , -91 , -30
-10 , -30 , -10 , -30.03 , 0.0212395 , -0.179185 , -0.663641 , -0.716828 , 2.2229 , -1.5059 , 0 , 0 , 0 , -38 , -36 , 17
-10 , -30 , -10 , -30.03 , 0.0211875 , -0.179216 , -0.663641 , -0.716828 , 2.22271 , -1.5059 , 0 , -0.0594798 , 0 , -59 , 3 , 19
-10 , -30 , -10 , -30.03 , 0.0212046 , -0.17926 , -0.663641 , -0.716828 , 2.22263 , -1.5059 , 0 , 0 , 0 , -43 , -44 , -15
-10 , -30 , -10 , -30.03 , 0.0211835 , -0.179264 , -0.663641 , -0.716828 , 2.22288 , -1.5059 , 0 , 0.0436635 , 0 , -12 , -91 , -12
-10 , -30 , -10 , -30.03 , 0.0211611 , -0.179237 , -0.663641 , -0.716828 , 2.22273 , -1.5059 , 0 , -0.0574057 , 0 , -59 , 37 , -62
-10 , -30 , -10 , -30.03 , 0.021191 , -0.179229 , -0.663641 , -0.716828 , 2.22271 , -1.5059 , 0.0195412 , 0 , 0 , -56 , -91 , -62
-10 , -30 , -10 , -30.03 , 0.0211843 , -0.179195 , -0.663641 , -0.716809 , 2.22283 , -1.5059 , -0.0195412 , 0 , 0 , -47 , -44 , 2
-10 , -30 , -10 , -30.03 , 0.0211417 , -0.179202 , -0.663641 , -0.716828 , 2.22265 , -1.5059 , 0 , -0.0375926 , 0 , -43 , -10 , 17
-10 , -30 , -10 , -30.03 , 0.0211463 , -0.179252 , -0.663641 , -0.716828 , 2.22279 , -1.5059 , 0 , 0.0514601 , 0 , -34 , -76 , -62
-10 , -30 , -10 , -30.03 , 0.0211389 , -0.179239 , -0.663641 , -0.716828 , 2.22288 , -1.5059 , 0 , -0.0851085 , 0 , -38 , 72 , -64
-10 , -30 , -10 , -30.03 , 0.0210814 , -0.179228 , -0.663641 , -0.716828 , 2.22265 , -1.5059 , 0 , 0 , 0 , -64 , -55 , 2
-10 , -30 , -10 , -30.03 , 0.0210925 , -0.179256 , -0.663641 , -0.716828 , 2.22292 , -1.5059 , 0 , 0 , 0 , -51 , -55 , -78
-10 , -30 , -10 , -30.03 , 0.0211048 , -0.17926 , -0.663641 , -0.716828 , 2.22267 , -1.5059 , 0 , -0.0326477 , 0 , -51 , 19 , -93
-10 , -30 , -10 , -30.03 , 0.0210711 , -0.179253 , -0.663641 , -0.716828 , 2.22292 , -1.5059 , 0 , 0.046087 , 0 , -64 , -66 , -44
-10 , -30 , -10 , -30.03 , 0.0211342 , -0.179247 , -0.663641 , -0.716828 , 2.22275 , -1.5059 , 0 , -0.059227 , 0 , -51 , 99 , -15
-10 , -30 , -10 , -30.03 , 0.0211475 , -0.179228 , -0.663641 , -0.716828 , 2.22267 , -1.5059 , 0 , 0.0712303 , 0 , -56 , -143 , -62
-10 , -30 , -10 , -30.03 , 0.0211309 , -0.179241 , -0.663641 , -0.716828 , 2.22292 , -1.5059 , 0 , 0 , 0 , -69 , -55 , -78
-10 , -30 , -10 , -30.03 , 0.0211436 , -0.17928 , -0.663641 , -0.716828 , 2.22265 , -1.5059 , 0 , 0 , 0 , -48 , -18 , -96
-10 , -30 , -10 , -30.03 , 0.0211655 , -0.179291 , -0.663641 , -0.716828 , 2.22265 , -1.5059 , 0 , 0 , 0 , -34 , -44 , -15
-10 , -30 , -10 , -30.03 , 0.0211894 , -0.179317 , -0.663641 , -0.716828 , 2.2229 , -1.5059 , 0 , 0 , 0 , -78 , -55 , -62
-10 , -30 , -10 , -30.03 , 0.0211974 , -0.179343 , -0.663641 , -0.716828 , 2.22265 , -1.5059 , 0 , -0.0778736 , 0 , -34 , 56 , -62
-10 , -30 , -10 , -30.03 , 0.0212416 , -0.17933 , -0.663641 , -0.716828 , 2.22261 , -1.5059 , 0 , 0.0486656 , 0 , -69 , -132 , -78
-10 , -30 , -10 , -30.03 , 0.0212429 , -0.179337 , -0.663641 , -0.716828 , 2.2229 , -1.5059 , 0 , 0.0425662 , 0 , -51 , -88 , -15
-10 , -30 , -10 , -30.03 , 0.0212397 , -0.179325 , -0.663641 , -0.716848 , 2.22269 , -1.5059 , 0 , -0.0753701 , 0 , -38 , 48 , -62
-10 , -30 , -10 , -30.03 , 0.0212845 , -0.179337 , -0.663641 , -0.716828 , 2.22269 , -1.5059 , 0 , 0 , 0 , -34 , -55 , -30
-10 , -30 , -10 , -30.03 , 0.0213436 , -0.179391 , -0.663641 , -0.716828 , 2.22296 , -1.5059 , 0 , 0.0450601 , 0 , -51 , -73 , -110
-10 , -30 , -10 , -30.03 , 0.0213754 , -0.17938 , -0.663641 , -0.716828 , 2.22267 , -1.5059 , 0 , -0.0308932 , 0 , -38 , -44 , -62
-10 , -30 , -10 , -30.03 , 0.0214102 , -0.179372 , -0.663641 , -0.716828 , 2.22273 , -1.5059 , 0 , 0 , 0 , -34 , -36 , -30
-10 , -30 , -10 , -30.03 , 0.0213748 , -0.17939 , -0.663641 , -0.716809 , 2.22283 , -1.5059 , 0 , 0.0464007 , 0 , -25 , -91 , -62
-10 , -30 , -10 , -30.03 , 0.0213049 , -0.179372 , -0.663641 , -0.716809 , 2.22281 , -1.5059 , 0 , -0.047622 , 0 , -64 , 11 , -78
-10 , -30 , -10 , -30.03 , 0.0212895 , -0.179348 , -0.663641 , -0.716809 , 2.22263 , -1.5059 , 0 , 0 , 0 , -59 , 1 , -78
-10 , -30 , -10 , -30.03 , 0.0213284 , -0.17938 , -0.663641 , -0.716828 , 2.22283 , -1.5059 , 0 , 0.0767715 , 0 , -68 , -95 , -44
-10 , -30 , -10 , -30.03 , 0.021289 , -0.179425 , -0.663641 , -0.716828 , 2.22294 , -1.5059 , 0 , 0 , 0 , -69 , -26 , 17
-10 , -30 , -10 , -30.03 , 0.0212835 , -0.179434 , -0.663641 , -0.716828 , 2.22255 , -1.5059 , 0 , 0 , 0 , -82 , -10 , -78
-10 , -30 , -10 , -30.03 , 0.0213322 , -0.179466 , -0.663641 , -0.716848 , 2.22285 , -1.5059 , 0 , 0.0282049 , 0 , -38 , -73 , -15
-10 , -30 , -10 , -30.03 , 0.0212696 , -0.179513 , -0.663641 , -0.716848 , 2.22261 , -1.5059 , 0 , -0.043079 , 0 , -55 , -26 , -30
-10 , -30 , -10 , -30.03 , 0.0212506 , -0.17952 , -0.663641 , -0.716828 , 2.22273 , -1.5059 , 0 , 0.0610912 , 0 , -51 , -154 , 2
-10 , -30 , -10 , -30.03 , 0.0212996 , -0.179485 , -0.663641 , -0.716828 , 2.2229 , -1.5059 , 0 , 0 , 0 , -55 , -10 , 0
-10 , -30 , -10 , -30.03 , 0.0212804 , -0.179455 , -0.663641 , -0.716828 , 2.22271 , -1.5059 , 0 , -0.0562166 , 0 , -55 , -16 , -44
-10 , -30 , -10 , -30.03 , 0.0212406 , -0.179469 , -0.663641 , -0.716828 , 2.22271 , -1.5059 , 0 , 0 , 0 , -7 , -55 , 17
-10 , -30 , -10 , -30.03 , 0.0213151 , -0.179506 , -0.663641 , -0.716809 , 2.22294 , -1.5059 , 0 , 0 , 0 , -42 , -81 , 34
-10 , -30 , -10 , -30.03 , 0.0213323 , -0.179522 , -0.663641 , -0.716828 , 2.22265 , -1.5059 , 0 , -0.0377775 , 0 , -16 , 1 , 2
-10 , -30 , -10 , -30.03 , 0.0213527 , -0.17952 , -0.663641 , -0.716828 , 2.22279 , -1.5059 , 0 , 0 , 0 , -25 , -36 , 49
-10 , -30 , -10 , -30.03 , 0.0213469 , -0.179563 , -0.663641 , -0.716828 , 2.22283 , -1.5059 , 0 , 0 , 0 , -47 , -44 , 17
-10 , -30 , -10 , -30.03 , 0.0212825 , -0.179572 , -0.663641 , -0.716828 , 2.22279 , -1.5059 , 0 , 0 , 0 , -56 , -28 , -78
-10 , -30 , -10 , -30.03 , 0.02126 , -0.17955 , -0.663641 , -0.716828 , 2.22269 , -1.5059 , 0 , 0 , 0 , -64 , 17 , 0
-10 , -30 , -10 , -30.03 , 0.0212783 , -0.179557 , -0.663641 , -0.716828 , 2.22255 , -1.5059 , 0 , 0 , 0 , -82 , -26 , -46
-10 , -30 , -10 , -30.03 , 0.0212603 , -0.179562 , -0.663641 , -0.716828 , 2.22279 , -1.5059 , 0 , 0.0895012 , 0 , -59 , -157 , -62
-10 , -30 , -10 , -30.03 , 0.0212182 , -0.179564 , -0.663641 , -0.716828 , 2.22287 , -1.5059 , 0 , 0 , 0 , -59 , -18 , 2
-10 , -30 , -10 , -30.03 , 0.0212519 , -0.179556 , -0.663641 , -0.716828 , 2.22253 , -1.5059 , 0 , 0 , 0 , -56 , -36 , -62
-10 , -30 , -10 , -30.03 , 0.02124 , -0.179573 , -0.663641 , -0.716828 , 2.22287 , -1.5059 , 0 , 0 , 0 , -38 , -36 , 2
-10 , -30 , -10 , -30.03 , 0.0212199 , -0.179604 , -0.663641 , -0.716828 , 2.22261 , -1.5059 , 0 , -0.0490652 , 0 , -56 , 19 , -78
-10 , -30 , -10 , -30.03 , 0.0212258 , -0.179615 , -0.663641 , -0.716828 , 2.22275 , -1.5059 , 0 , 0 , 0 , -64 , -143 , 34
-10 , -30 , -10 , -30.03 , 0.0212549 , -0.179652 , -0.663641 , -0.716848 , 2.22296 , -1.5059 , 0 , 0 , 0 , -47 , -47 , -46
-10 , -30 , -10 , -30.03 , 0.0212656 , -0.179693 , -0.663641 , -0.716828 , 2.22263 , -1.5059 , 0 , -0.0521829 , 0 , -64 , 11 , -62
-10 , -30 , -10 , -30.03 , 0.0212838 , -0.179687 , -0.663641 , -0.716828 , 2.22279 , -1.5059 , 0 , 0.0348482 , 0 , -51 , -73 , -15
-10 , -30 , -10 , -30.03 , 0.0213292 , -0.179651 , -0.663641 , -0.716828 , 2.22287 , -1.5059 , 0 , 0 , 0 , -34 , -44 , -12
-10 , -30 , -10 , -30.03 , 0.0213413 , -0.179611 , -0.663641 , -0.716828 , 2.22257 , -1.5059 , 0 , -0.052202 , 0 , -38 , 19 , 2
-10 , -30 , -10 , -30.03 , 0.0213596 , -0.179607 , -0.663641 , -0.716828 , 2.22277 , -1.5059 , 0 , 0.0635684 , 0 , -42 , -135 , -15
-10 , -30 , -10 , -30.03 , 0.021436 , -0.179664 , -0.663641 , -0.716828 , 2.22285 , -1.5059 , 0 , -0.0427654 , 0 , -38 , 19 , 49
-10 , -30 , -10 , -30.03 , 0.0214795 , -0.179683 , -0.663641 , -0.716828 , 2.22269 , -1.5059 , 0 , 0 , 0 , -43 , -44 , -62
-10 , -30 , -10 , -30.03 , 0.0214724 , -0.179661 , -0.663641 , -0.716828 , 2.22271 , -1.5059 , 0 , 0 , 0 , -20 , -52 , 34
-10 , -30 , -10 , -30.03 , 0.0214905 , -0.179665 , -0.663641 , -0.716809 , 2.22275 , -1.5059 , 0 , 0 , 0 , -11 , -36 , -62
-10 , -30 , -10 , -30.03 , 0.0214464 , -0.179667 , -0.663641 , -0.716809 , 2.22273 , -1.5059 , 0 , 0 , 0 , -56 , -36 , 19
-10 , -30 , -10 , -30.03 , 0.0214424 , -0.179694 , -0.663641 , -0.716828 , 2.22279 , -1.5059 , 0 , 0 , 0 , -30 , -44 , -76
-10 , -30 , -10 , -30.03 , 0.0214691 , -0.179712 , -0.663641 , -0.716828 , 2.22281 , -1.5059 , 0 , 0 , 0 , -56 , -81 , -32
-10 , -30 , -10 , -30.03 , 0.0214457 , -0.179686 , -0.663641 , -0.716828 , 2.22285 , -1.5059 , 0 , 0 , 0 , -38 , -28 , 2
-10 , -30 , -10 , -30.03 , 0.0214577 , -0.179675 , -0.663641 , -0.716828 , 2.22265 , -1.5059 , 0 , -0.0357416 , 0 , -51 , -8 , -46
-10 , -30 , -10 , -30.03 , 0.0214988 , -0.179627 , -0.663641 , -0.716828 , 2.22257 , -1.5059 , 0 , 0 , 0 , -78 , -36 , -46
-10 , -30 , -10 , -30.03 , 0.021466 , -0.179577 , -0.663641 , -0.716848 , 2.22294 , -1.5059 , 0 , 0.0530619 , 0 , -69 , -58 , 0
-10 , -30 , -10 , -30.03 , 0.0213884 , -0.179575 , -0.663641 , -0.716848 , 2.22267 , -1.5059 , 0 , -0.0718946 , 0 , -55 , 72 , -46
-10 , -30 , -10 , -30.03 , 0.0213464 , -0.179524 , -0.663641 , -0.716828 , 2.22261 , -1.5059 , 0 , 0 , 0 , -30 , -28 , -46
-10 , -30 , -10 , -30.03 , 0.0213372 , -0.179513 , -0.663641 , -0.716828 , 2.22296 , -1.5059 , 0 , 0 , 0 , -64 , -73 , -46
-10 , -30 , -10 , -30.03 , 0.0213435 , -0.179505 , -0.663641 , -0.716828 , 2.22259 , -1.5059 , 0 , -0.0492214 , 0 , -38 , 11 , 0
-10 , -30 , -10 , -30.03 , 0.0213518 , -0.179452 , -0.663641 , -0.716828 , 2.22275 , -1.5059 , 0 , 0.0578709 , 0 , -25 , -110 , -62
-10 , -30 , -10 , -30.03 , 0.0214091 , -0.179481 , -0.663641 , -0.716809 , 2.22288 , -1.5059 , 0 , 0 , 0 , -30 , -44 , 31
-10 , -30 , -10 , -30.03 , 0.0214554 , -0.179499 , -0.663641 , -0.716809 , 2.22267 , -1.5059 , 0 , 0 , 0 , -16 , -18 , -62
-10 , -30 , -10 , -30.03 , 0.021413 , -0.179467 , -0.663641 , -0.716828 , 2.22287 , -1.5059 , 0 , 0.0367303 , 0 , -50 , -69 , -78
-10 , -30 , -10 , -30.03 , 0.0214219 , -0.179471 , -0.663641 , -0.716828 , 2.22271 , -1.5059 , 0 , -0.0759951 , 0 , -30 , 48 , -15
-10 , -30 , -10 , -30.03 , 0.021419 , -0.17947 , -0.663641 , -0.716828 , 2.22269 , -1.5059 , 0 , 0 , 0 , -43 , -73 , -44
0 , 0 , 0 , 0 , 0.0213954 , -0.179472 , -0.663641 , -0.71677 , 2.22275 , -1.5059 , 0.0390823 , 0 , 0 , -2 , -110 , -44
0 , 0 , 0 , 0 , 0.0214405 , -0.179493 , -0.663641 , -0.715597 , 2.22167 , -1.5051 , 0.0781646 , -0.118527 , 0.0326584 , -3 , -53 , -14
0 , 0 , 0 , 0 , 0.0211841 , -0.179199 , -0.663641 , -0.713233 , 2.21917 , -1.50309 , 0.17587 , -0.145467 , 0.162212 , 29 , -46 , 19
0 , 0 , 0 , 0 , 0.0202447 , -0.178783 , -0.663334 , -0.709559 , 2.21562 , -1.49978 , 0.195412 , -0.205696 , 0.198319 , 12 , -71 , 29
0 , 0 , 0 , 0 , 0.0184901 , -0.178303 , -0.662184 , -0.70483 , 2.21083 , -1.49505 , 0.293117 , -0.278364 , 0.240357 , -74 , -53 , 48
0 , 0 , 0 , 0 , 0.016244 , -0.177396 , -0.660038 , -0.698772 , 2.20469 , -1.48911 , 0.312658 , -0.364119 , 0.307089 , 24 , 35 , 25
0 , 0 , 0 , 0 , 0.014534 , -0.175906 , -0.657286 , -0.691776 , 2.19744 , -1.48226 , 0.390823 , -0.404577 , 0.417842 , 100 , 15 , -86
0 , 0 , 0 , 0 , 0.0139157 , -0.174061 , -0.65443 , -0.683159 , 2.18941 , -1.47438 , 0.488529 , -0.42175 , 0.446143 , -1 , -62 , -13
0 , 0 , 0 , 0 , 0.0137755 , -0.171857 , -0.651455 , -0.673486 , 2.18011 , -1.46522 , 0.488529 , -0.52249 , 0.478558 , -21 , -62 , 37
0 , 0 , 0 , 0 , 0.0134132 , -0.169271 , -0.648388 , -0.662836 , 2.16856 , -1.45451 , 0.586235 , -0.588291 , 0.598197 , -14 , -49 , -85
0 , 0 , 0 , 0 , 0.0123721 , -0.16691 , -0.644927 , -0.651033 , 2.15682 , -1.44274 , 0.547152 , -0.598195 , 0.599726 , 130 , -21 , -86
0 , 0 , 0 , 0 , 0.0108953 , -0.164712 , -0.640956 , -0.63755 , 2.14341 , -1.42996 , 0.723023 , -0.672672 , 0.618714 , -3 , -62 , -38
0 , 0 , 0 , 0 , 0.00961656 , -0.1621 , -0.636532 , -0.622484 , 2.12903 , -1.4158 , 0.801187 , -0.779566 , 0.716668 , -27 , -31 , -15
0 , 0 , 0 , 0 , 0.00840755 , -0.158944 , -0.631505 , -0.607066 , 2.11318 , -1.3995 , 0.859811 , -0.831534 , 0.790606 , 49 , 46 , -53
0 , 0 , 0 , 0 , 0.0071651 , -0.15552 , -0.626132 , -0.589752 , 2.09675 , -1.3833 , 0.898893 , -0.875626 , 0.836281 , -34 , -51 , 55
0 , 0 , 0 , 0 , 0.00589639 , -0.151783 , -0.620404 , -0.572009 , 2.07836 , -1.36608 , 0.898893 , -0.981142 , 0.930528 , 100 , 89 , 10
0 , 0 , 0 , 0 , 0.00456588 , -0.1476 , -0.614415 , -0.552507 , 2.0596 , -1.3465 , 0.996599 , -0.983613 , 0.958681 , 27 , -24 , 50
0 , 0 , 0 , 0 , 0.00321469 , -0.143243 , -0.608196 , -0.532282 , 2.03879 , -1.32608 , 1.05522 , -1.07962 , 1.12091 , 114 , 60 , -57
0 , 0 , 0 , 0 , 0.0018921 , -0.13879 , -0.601752 , -0.510376 , 2.01755 , -1.305 , 1.15293 , -1.1177 , 1.10402 , -56 , -69 , 47
0 , 0 , 0 , 0 , 0.000559462 , -0.134206 , -0.595101 , -0.487923 , 1.99427 , -1.2821 , 1.15293 , -1.10039 , 1.15685 , 97 , 41 , -64
0 , 0 , 0 , 0 , -0.000852314 , -0.129709 , -0.588161 , -0.463477 , 1.97069 , -1.2587 , 1.28972 , -1.24465 , 1.2407 , 15 , 0 , -28
0 , 0 , 0 , 0 , -0.00244125 , -0.125095 , -0.580723 , -0.438328 , 1.94538 , -1.23363 , 1.36788 , -1.26548 , 1.24333 , -14 , -84 , 39
0 , 0 , 0 , 0 , -0.00434803 , -0.120076 , -0.572962 , -0.411947 , 1.9188 , -1.20727 , 1.30926 , -1.41945 , 1.37131 , 114 , 99 , -105
0 , 0 , 0 , 0 , -0.00612873 , -0.115261 , -0.564865 , -0.384042 , 1.89156 , -1.18027 , 1.38742 , -1.45829 , 1.40331 , -61 , 3 , -2
0 , 0 , 0 , 0 , -0.00754338 , -0.111009 , -0.556611 , -0.355336 , 1.86258 , -1.15154 , 1.48513 , -1.40247 , 1.46742 , 58 , -116 , 33
0 , 0 , 0 , 0 , -0.00835137 , -0.107726 , -0.548522 , -0.326845 , 1.8323 , -1.12151 , 1.36788 , -1.53063 , 1.49932 , 97 , 3 , -36
0 , 0 , 0 , 0 , -0.00808632 , -0.106274 , -0.5408 , -0.299136 , 1.80126 , -1.09075 , 1.30926 , -1.64904 , 1.64672 , 64 , 126 , -99
0 , 0 , 0 , 0 , -0.0066732 , -0.106991 , -0.53315 , -0.272912 , 1.76908 , -1.05884 , 1.27018 , -1.698 , 1.71789 , -34 , 72 , -52
0 , 0 , 0 , 0 , -0.0054022 , -0.110521 , -0.525712 , -0.247098 , 1.73397 , -1.02362 , 1.21155 , -1.72676 , 1.64672 , 67 , 1 , 16
0 , 0 , 0 , 0 , -0.00474933 , -0.116081 , -0.5192 , -0.224137 , 1.69895 , -0.988997 , 1.19201 , -1.73313 , 1.73956 , -36 , -82 , 34
0 , 0 , 0 , 0 , -0.0036265 , -0.122515 , -0.513063 , -0.201821 , 1.66268 , -0.95482 , 1.13339 , -1.74474 , 1.74994 , -15 , -32 , 50
0 , 0 , 0 , 0 , -0.00250848 , -0.129534 , -0.506634 , -0.179349 , 1.62539 , -0.915933 , 1.01614 , -1.87295 , 1.80518 , -15 , -95 , 2
0 , 0 , 0 , 0 , -0.00246547 , -0.136297 , -0.499727 , -0.159221 , 1.5868 , -0.879626 , 0.977058 , -1.85078 , 1.92365 , 29 , -17 , 17
0 , 0 , 0 , 0 , -0.00370016 , -0.142149 , -0.492011 , -0.140364 , 1.54711 , -0.838335 , 0.898893 , -1.90181 , 2.06602 , -36 , -35 , 18
0 , 0 , 0 , 0 , -0.00602892 , -0.146634 , -0.483142 , -0.12264 , 1.50631 , -0.797709 , 0.918434 , -2.04085 , 2.04798 , 55 , -44 , 87
0 , 0 , 0 , 0 , -0.00887841 , -0.149792 , -0.472927 , -0.105796 , 1.46424 , -0.755793 , 0.723023 , -2.03377 , 2.04798 , -50 , -78 , 29
0 , 0 , 0 , 0 , -0.0112997 , -0.151989 , -0.462025 , -0.0908078 , 1.42113 , -0.714014 , 0.664399 , -2.11255 , 2.02674 , 98 , -71 , -50
0 , 0 , 0 , 0 , -0.0124019 , -0.153479 , -0.450988 , -0.0763473 , 1.37685 , -0.673232 , 0.664399 , -2.16923 , 1.94117 , -5 , -109 , -37
0 , 0 , 0 , 0 , -0.0116078 , -0.154963 , -0.440585 , -0.0635674 , 1.33134 , -0.6337 , 0.586235 , -2.30572 , 1.88803 , -1 , -19 , 42
0 , 0 , 0 , 0 , -0.0092062 , -0.156962 , -0.431085 , -0.0518818 , 1.28436 , -0.595145 , 0.527611 , -2.46316 , 1.80518 , 166 , 81 , 39
0 , 0 , 0 , 0 , -0.00620893 , -0.159703 , -0.423017 , -0.0411341 , 1.23604 , -0.557978 , 0.449447 , -2.47617 , 1.8537 , 90 , 94 , -23
0 , 0 , 0 , 0 , -0.00367421 , -0.163557 , -0.416068 , -0.0317348 , 1.18664 , -0.521983 , 0.449447 , -2.48404 , 1.78051 , -64 , 3 , -66
0 , 0 , 0 , 0 , -0.00220555 , -0.168655 , -0.409922 , -0.023723 , 1.13647 , -0.487259 , 0.390823 , -2.44264 , 1.74734 , -50 , -87 , -94
0 , 0 , 0 , 0 , -0.00206881 , -0.174701 , -0.40399 , -0.0168249 , 1.08534 , -0.453863 , 0.293117 , -2.59109 , 1.72803 , 22 , 45 , -114
0 , 0 , 0 , 0 , -0.00306368 , -0.18096 , -0.397906 , -0.0110212 , 1.03465 , -0.421581 , 0.234494 , -2.54331 , 1.59845 , 123 , 120 , 34
0 , 0 , 0 , 0 , -0.00453502 , -0.18632 , -0.39172 , -0.00633133 , 0.985343 , -0.390237 , 0.195412 , -2.34963 , 1.49932 , 123 , -16 , -45
0 , 0 , 0 , 0 , -0.00553986 , -0.190433 , -0.385414 , -0.00304842 , 0.937507 , -0.359889 , 0.156329 , -2.24181 , 1.45558 , 17 , -64 , -45
0 , 0 , 0 , 0 , -0.00595668 , -0.193432 , -0.378702 , -0.000781646 , 0.888693 , -0.329933 , 0.0586235 , -2.32862 , 1.52071 , 65 , 30 , -131
0 , 0 , 0 , 0 , -0.00638343 , -0.195262 , -0.372093 , 9.77058e-05 , 0.843006 , -0.303904 , 0 , -2.31484 , 1.28913 , 39 , 63 , 80
0 , 0 , 0 , 0 , -0.00671841 , -0.196097 , -0.365822 , 7.81646e-05 , 0.798549 , -0.275902 , 0 , -2.32286 , 1.2407 , 25 , 95 , 55
0 , 0 , 0 , 0 , -0.00655513 , -0.196203 , -0.360022 , 0 , 0.755207 , -0.250908 , 0 , -2.09743 , 1.25733 , 12 , 99 , -106
0 , 0 , 0 , 0 , -0.00623175 , -0.196452 , -0.35435 , -1.95412e-05 , 0.713213 , -0.227107 , 0.0195412 , -2.15428 , 1.11983 , 16 , 145 , 68
0 , 0 , 0 , 0 , -0.0062818 , -0.197245 , -0.349476 , 0 , 0.672528 , -0.204088 , 0 , -2.07791 , 1.09988 , 30 , 97 , 25
0 , 0 , 0 , 0 , -0.00609154 , -0.198629 , -0.345034 , -1.95412e-05 , 0.632997 , -0.182925 , 0 , -2.02062 , 0.99657 , 16 , 101 , 49
0 , 0 , 0 , 0 , -0.00613328 , -0.200868 , -0.34042 , 0 , 0.594637 , -0.162231 , 0 , -1.82555 , 0.969777 , 12 , 50 , -46
0 , 0 , 0 , 0 , -0.00715176 , -0.203346 , -0.335752 , 0 , 0.557626 , -0.14353 , 0 , -1.91814 , 0.889237 , 39 , 108 , 85
0 , 0 , 0 , 0 , -0.00912234 , -0.205065 , -0.330188 , 0 , 0.521866 , -0.125142 , 0 , -1.84277 , 0.897061 , 21 , 140 , -69
0 , 0 , 0 , 0 , -0.0117976 , -0.205278 , -0.323735 , -1.95412e-05 , 0.487278 , -0.108688 , 0.0195412 , -1.74994 , 0.781904 , 48 , 53 , 7
0 , 0 , 0 , 0 , -0.0144401 , -0.203832 , -0.316336 , 0 , 0.453824 , -0.0930941 , 0 , -1.64846 , 0.798411 , 26 , -27 , -52
0 , 0 , 0 , 0 , -0.0164358 , -0.200813 , -0.308808 , 0 , 0.421327 , -0.0785359 , 0 , -1.52318 , 0.660354 , 30 , -144 , -53
0 , 0 , 0 , 0 , -0.0168372 , -0.196398 , -0.301585 , 0 , 0.389846 , -0.0657951 , 0 , -1.47572 , 0.611615 , 25 , -47 , 116
0 , 0 , 0 , 0 , -0.0154867 , -0.191365 , -0.29496 , 0 , 0.360046 , -0.0536796 , 0 , -1.49454 , 0.590662 , 25 , 70 , -53
0 , 0 , 0 , 0 , -0.0134577 , -0.186528 , -0.288982 , 0 , 0.331653 , -0.0427756 , 0 , -1.4229 , 0.504287 , 30 , -4 , -57
0 , 0 , 0 , 0 , -0.0122719 , -0.182534 , -0.2835 , 0 , 0.302517 , -0.0334545 , 0 , -1.28067 , 0.455677 , 34 , -93 , 14
0 , 0 , 0 , 0 , -0.0125773 , -0.179715 , -0.278659 , 0 , 0.275882 , -0.0248759 , 0 , -1.30891 , 0.37174 , 48 , -3 , 52
0 , 0 , 0 , 0 , -0.0134198 , -0.177839 , -0.273945 , 0 , 0.252491 , -0.0179779 , 0 , -1.27165 , 0.333087 , 26 , -44 , 21
0 , 0 , 0 , 0 , -0.014119 , -0.176625 , -0.269172 , 0 , 0.226931 , -0.0115684 , 0 , -1.06105 , 0.227047 , 30 , -149 , 45
0 , 0 , 0 , 0 , -0.0142574 , -0.175692 , -0.265021 , 0 , 0.204381 , -0.0070739 , 0 , -1.16605 , 0.215845 , 16 , 16 , -9
0 , 0 , 0 , 0 , -0.0135752 , -0.174243 , -0.260877 , 0 , 0.182925 , -0.00336108 , 0 , -1.02983 , 0.129069 , 30 , -101 , -3
0 , 0 , 0 , 0 , -0.0127857 , -0.171874 , -0.257206 , 0 , 0.162387 , -0.00119201 , 0 , -1.00987 , 0.0829175 , 16 , 11 , -39
0 , 0 , 0 , 0 , -0.0123287 , -0.168503 , -0.254018 , 0 , 0.143452 , -5.86235e-05 , 0 , -0.91456 , 0.0190999 , 48 , -72 , -2
0 , 0 , 0 , 0 , -0.0124564 , -0.164405 , -0.251115 , 0 , 0.125454 , 3.90823e-05 , 0 , -0.919942 , 0 , -1 , -60 , 48
0 , 0 , 0 , 0 , -0.0131324 , -0.160153 , -0.248318 , 0 , 0.108551 , 9.77058e-05 , 0 , -0.751819 , 0 , 34 , -77 , 11
0 , 0 , 0 , 0 , -0.013885 , -0.156303 , -0.245778 , 0 , 0.0932504 , 7.81646e-05 , 0 , -0.745131 , 0 , 21 , -63 , -20
0 , 0 , 0 , 0 , -0.0141956 , -0.15329 , -0.243389 , 0 , 0.0785945 , 7.81646e-05 , 0 , -0.723519 , 0 , 34 , 28 , 11
0 , 0 , 0 , 0 , -0.0137489 , -0.151157 , -0.241282 , 0 , 0.0657365 , 7.81646e-05 , 0 , -0.562333 , 0 , 39 , -99 , -56
0 , 0 , 0 , 0 , -0.0129538 , -0.149854 , -0.239464 , 0 , 0.0538163 , 7.81646e-05 , 0 , -0.554094 , 0 , 43 , -132 , -13
0 , 0 , 0 , 0 , -0.0124648 , -0.149202 , -0.237887 , 0 , 0.0427951 , 5.86235e-05 , 0 , -0.522254 , 0 , 30 , -31 , -44
0 , 0 , 0 , 0 , -0.0124771 , -0.14856 , -0.236463 , 0 , 0.0332786 , 5.86235e-05 , 0 , -0.412401 , 0 , 30 , -68 , -63
0 , 0 , 0 , 0 , -0.0128385 , -0.147431 , -0.235157 , 0 , 0.0252276 , 7.81646e-05 , 0 , -0.434891 , 0 , 34 , -32 , -38
0 , 0 , 0 , 0 , -0.0130686 , -0.145849 , -0.233988 , 0 , 0.0180951 , 5.86235e-05 , 0 , -0.345453 , 0 , 21 , -46 , -56
0 , 0 , 0 , 0 , -0.0128702 , -0.14396 , -0.232975 , 0 , 0.0118615 , 5.86235e-05 , 0.0195412 , -0.284165 , 0 , 16 , -78 , -25
0 , 0 , 0 , 0 , -0.012534 , -0.142065 , -0.232151 , 0 , 0.00719115 , 3.90823e-05 , 0 , -0.20194 , 0 , 21 , -54 , -56
0 , 0 , 0 , 0 , -0.0122603 , -0.140567 , -0.231565 , 0 , 0.00343924 , 3.90823e-05 , 0 , -0.162301 , 0 , 26 , -50 , 12
0 , 0 , 0 , 0 , -0.0120881 , -0.139719 , -0.231243 , 0 , 0.0010943 , 3.90823e-05 , 0 , -0.0910863 , 0 , 34 , -11 , -31
0 , 0 , 0 , 0 , -0.0120061 , -0.139475 , -0.231073 , 0 , -3.90823e-05 , 3.90823e-05 , 0 , -0.0295682 , 0 , 43 , -51 , -38
0 , 0 , 0 , 0 , -0.0119755 , -0.139846 , -0.231073 , 0 , -0.000234494 , 3.90823e-05 , 0 , 0 , 0 , 34 , 3 , -7
0 , 0 , 0 , 0 , -0.0120246 , -0.140636 , -0.231073 , 0 , -0.000234494 , 3.90823e-05 , 0 , 0 , 0 , 34 , -3 , -38
0 , 0 , 0 , 0 , -0.0122234 , -0.14136 , -0.231149 , 0 , -0.000234494 , 3.90823e-05 , 0 , 0 , 0 , 43 , -15 , -13
0 , 0 , 0 , 0 , -0.012549 , -0.141724 , -0.231149 , 0 , -0.000214953 , 1.95412e-05 , 0 , 0.00265494 , 0 , 26 , -20 , 0
0 , 0 , 0 , 0 , -0.0128745 , -0.141629 , -0.231149 , 0 , -0.000214953 , 0 , 0 , 0 , 0 , 16 , -3 , -56
0 , 0 , 0 , 0 , -0.0130923 , -0.141157 , -0.231149 , 0 , -0.000195412 , 1.95412e-05 , 0 , 0 , 0 , 43 , 10 , -6
0 , 0 , 0 , 0 , -0.0132283 , -0.140527 , -0.231149 , 0 , -0.00017587 , 0 , 0 , 0 , 0 , 57 , -20 , -63
0 , 0 , 0 , 0 , -0.0134109 , -0.140038 , -0.231212 , 0 , -0.000156329 , 0 , 0 , 0 , 0 , 34 , 34 , -38
0 , 0 , 0 , 0 , -0.013701 , -0.1399 , -0.231212 , 0 , -0.000156329 , 0 , 0 , 0 , 0 , 30 , 40 , -68
0 , 0 , 0 , 0 , -0.0140424 , -0.140117 , -0.231212 , 0 , -0.000136788 , 0 , 0 , 0.00413031 , 0 , 21 , 76 , -56
0 , 0 , 0 , 0 , -0.0143054 , -0.140562 , -0.231276 , 0 , -0.000117247 , 0 , 0 , 0 , 0 , 12 , 16 , -38
0 , 0 , 0 , 0 , -0.0144815 , -0.140995 , -0.231276 , 0 , -0.000117247 , 0 , 0 , 0 , 0 , 30 , 46 , -38
0 , 0 , 0 , 0 , -0.0146656 , -0.141246 , -0.231276 , 0 , -9.77058e-05 , 0 , 0 , 0 , 0 , 34 , 28 , -25
0 , 0 , 0 , 0 , -0.0148491 , -0.141226 , -0.231276 , 0 , -9.77058e-05 , 1.95412e-05 , 0 , 0 , 0 , 30 , -2 , -56
0 , 0 , 0 , 0 , -0.014965 , -0.140954 , -0.231346 , 0 , -7.81646e-05 , 0 , 0 , 0 , 0 , 34 , -2 , -50
0 , 0 , 0 , 0 , -0.0150866 , -0.140588 , -0.231411 , 0 , -7.81646e-05 , 0 , 0 , 0 , 0 , 26 , 10 , -75
0 , 0 , 0 , 0 , -0.0152579 , -0.140303 , -0.231411 , 0 , -5.86235e-05 , 1.95412e-05 , 0 , 0.00305688 , 0 , 43 , 40 , 0
0 , 0 , 0 , 0 , -0.0154214 , -0.1402 , -0.231411 , 0 , -3.90823e-05 , 1.95412e-05 , 0 , 0 , 0 , 16 , 28 , -50
0 , 0 , 0 , 0 , -0.0155785 , -0.140258 , -0.231411 , 0 , -3.90823e-05 , 1.95412e-05 , 0 , 0 , 0 , 30 , 16 , -68
0 , 0 , 0 , 0 , -0.0157316 , -0.140475 , -0.231411 , 0 , -1.95412e-05 , 0 , 0 , 0 , 0 , 52 , -2 , -6
0 , 0 , 0 , 0 , -0.0158486 , -0.140786 , -0.231411 , 0 , -1.95412e-05 , 0 , 0 , 0 , 0 , 39 , 10 , -38
0 , 0 , 0 , 0 , -0.0159585 , -0.140996 , -0.231411 , 0 , -1.95412e-05 , 0 , 0 , 0 , 0 , 21 , 16 , -6
0 , 0 , 0 , 0 , -0.0160954 , -0.141009 , -0.231411 , 0 , 0 , 0 , 0 , 0 , 0 , 56 , 34 , -20
0 , 0 , 0 , 0 , -0.0162279 , -0.140875 , -0.231411 , 0 , 0 , 0 , 0 , 0 , 0 , 34 , 4 , -31
0 , 0 , 0 , 0 , -0.0163378 , -0.140654 , -0.231411 , 0 , 0 , 0 , 0 , 0 , 0 , 16 , -14 , -50
0 , 0 , 0 , 0 , -0.0164394 , -0.140433 , -0.231411 , 0 , 0 , 0 , 0 , 0 , 0 , 39 , 34 , -31
0 , 0 , 0 , 0 , -0.0165499 , -0.140313 , -0.231411 , 0 , 0 , 0 , 0 , 0 , 0 , 21 , 94 , -50
0 , 0 , 0 , 0 , -0.0166797 , -0.140334 , -0.231411 , 0 , 0 , 0 , 0 , 0 , 0 , 43 , 16 , -75
0 , 0 , 0 , 0 , -0.0167925 , -0.140462 , -0.231411 , 0 , 0 , 0 , 0 , 0 , 0 , 34 , -2 , -31
0 , 0 , 0 , 0 , -0.0168692 , -0.140647 , -0.231411 , 0 , 0 , 0 , 0 , 0 , 0 , 34 , 28 , -31
0 , 0 , 0 , 0 , -0.0169763 , -0.140788 , -0.231411 , 0 , 0 , 0 , 0 , 0 , 0 , 30 , 34 , -50
0 , 0 , 0 , 0 , -0.0170822 , -0.140816 , -0.231411 , 0 , 0 , 0 , 0 , 0 , 0 , 39 , 58 , -31
0 , 0 , 0 , 0 , -0.01715 , -0.140722 , -0.231411 , 0 , 0 , 0 , 0 , 0 , 0 , 21 , -2 , -31
0 , 0 , 0 , 0 , -0.0172121 , -0.140541 , -0.231411 , 0 , 0 , 0 , 0 , 0 , 0 , 30 , 28 , -6
0 , 0 , 0 , 0 , -0.0172581 , -0.140358 , -0.231411 , 0 , 0 , 0 , 0 , 0 , 0 , 30 , -2 , -31
0 , 0 , 0 , 0 , -0.0172995 , -0.140267 , -0.231411 , 0 , 0 , 0 , 0 , 0 , 0 , 39 , 16 , -38
0 , 0 , 0 , 0 , -0.0173681 , -0.140313 , -0.231411 , 0 , 0 , 0 , 0 , 0 , 0 , 30 , -9 , -27
0 , 0 , 0 , 0 , -0.0174116 , -0.140434 , -0.231411 , 0 , 0 , 0 , 0 , 0 , 0 , 48 , 28 , -31
0 , 0 , 0 , 0 , -0.0174328 , -0.140575 , -0.231411 , 0 , 0 , -1.95412e-05 , 0 , 0 , 0 , 34 , -2 , -31
0 , 0 , 0 , 0 , -0.0174567 , -0.140656 , -0.231411 , 0 , 1.95412e-05 , 0 , 0 , 0 , 0 , 34 , -20 , -31
0 , 0 , 0 , 0 , -0.0174749 , -0.140614 , -0.231411 , 0 , 0 , 0 , 0 , 0 , 0 , 30 , 64 , -31
0 , 0 , 0 , 0 , -0.017547 , -0.140502 , -0.231411 , 0 , 0 , 0 , 0 , 0 , 0 , 25 , 16 , -56
0 , 0 , 0 , 0 , -0.0176336 , -0.14037 , -0.231411 , 0 , 0 , 0 , 0 , 0 , 0 , 39 , 16 , -13
0 , 0 , 0 , 0 , -0.0176672 , -0.140246 , -0.231411 , 0 , 0 , 0 , 0.0195412 , 0 , 0 , 16 , -20 , -43
0 , 0 , 0 , 0 , -0.0176909 , -0.140143 , -0.231411 , 0 , 0 , 0 , 0 , 0 , 0 , 30 , -14 , -31
0 , 0 , 0 , 0 , -0.0177569 , -0.140124 , -0.231411 , 0 , 0 , 0 , 0 , 0 , 0 , 34 , 46 , -13
0 , 0 , 0 , 0 , -0.0178304 , -0.140195 , -0.231411 , 0 , 0 , 0 , 0 , 0 , 0 , 43 , 34 , -25
0 , 0 , 0 , 0 , -0.0178462 , -0.14027 , -0.231411 , 0 , 0 , 0 , 0 , 0 , 0 , 39 , 28 , -56
0 , 0 , 0 , 0 , -0.017883 , -0.140292 , -0.231411 , 0 , 0 , 0 , 0 , 0 , 0 , 34 , 28 , -31
0 , 0 , 0 , 0 , -0.0179416 , -0.1403 , -0.231411 , 0 , 0 , 0 , 0 , 0 , 0 , -6 , 22 , -56
0 , 0 , 0 , 0 , -0.017944 , -0.140323 , -0.231411 , 0 , 0 , 0 , 0 , 0 , 0 , 43 , 28 , -38
0 , 0 , 0 , 0 , -0.0179275 , -0.14029 , -0.231411 , -1.95412e-05 , 0 , 0 , 0 , 0 , 0 , 39 , -14 , -63
0 , 0 , 0 , 0 , -0.017959 , -0.140202 , -0.231411 , -1.95412e-05 , 0 , 0 , 0.0195412 , 0 , 0 , 30 , 39 , -31
0 , 0 , 0 , 0 , -0.0180004 , -0.14017 , -0.231411 , 0 , 0 , 0 , 0 , 0 , 0 , 21 , -2 , -13
0 , 0 , 0 , 0 , -0.0179808 , -0.140216 , -0.231411 , 0 , 0 , 0 , 0 , 0 , 0 , 16 , 28 , -25
0 , 0 , 0 , 0 , -0.0179901 , -0.140291 , -0.231411 , 0 , 0 , 0 , 0 , 0 , 0 , 34 , -9 , -31
0 , 0 , 0 , 0 , -0.0180618 , -0.140337 , -0.231411 , 0 , 0 , 0 , 0 , 0 , 0 , 30 , -8 , -38
0 , 0 , 0 , 0 , -0.0181402 , -0.140337 , -0.231411 , 0 , 0 , 0 , 0 , 0 , 0 , 39 , 16 , 19
0 , 0 , 0 , 0 , -0.0181597 , -0.140291 , -0.231411 , 0 , 0 , 0 , 0 , 0 , 0 , 30 , 46 , -38
0 , 0 , 0 , 0 , -0.0181239 , -0.140199 , -0.231411 , 0 , 0 , 0 , 0 , 0 , 0 , 16 , 46 , -31
0 , 0 , 0 , 0 , -0.0181315 , -0.140092 , -0.231411 , 0 , 0 , 0 , 0 , 0 , 0 , 16 , -2 , -75
0 , 0 , 0 , 0 , -0.0181749 , -0.140028 , -0.231411 , 0 , 0 , 0 , 0 , 0 , 0 , 12 , 10 , -31
0 , 0 , 0 , 0 , -0.0182095 , -0.140033 , -0.231411 , 0 , 0 , 0 , 0 , 0 , 0 , 25 , -2 , -45
0 , 0 , 0 , 0 , -0.0182371 , -0.140043 , -0.231411 , 0 , 0 , 0 , 0 , 0 , 0 , 34 , 4 , -57
0 , 0 , 0 , 0 , -0.0182992 , -0.140059 , -0.231411 , 0 , 0 , 0 , 0 , 0 , 0 , 48 , -14 , -50
0 , 0 , 0 , 0 , -0.0183829 , -0.140096 , -0.231411 , 0 , 0 , 0 , 0 , 0 , 0 , 26 , 10 , -63
0 , 0 , 0 , 0 , -0.0183911 , -0.140082 , -0.231411 , 0 , 0 , 0 , 0 , 0 , 0 , 57 , 28 , -56
0 , 0 , 0 , 0 , -0.0183739 , -0.140051 , -0.231411 , 0 , 0 , 0 , 0 , 0 , 0 , 34 , 28 , -13
0 , 0 , 0 , 0 , -0.0183957 , -0.140025 , -0.231411 , 0 , 0 , 0 , 0 , 0 , 0 , 26 , 28 , -38
0 , 0 , 0 , 0 , -0.0184125 , -0.140002 , -0.231411 , 0 , 0 , 0 , 0 , 0 , 0 , 34 , 16 , -63
0 , 0 , 0 , 0 , -0.0184052 , -0.139997 , -0.231411 , 0 , 0 , 0 , 0 , 0 , 0 , 25 , 58 , -50
0 , 0 , 0 , 0 , -0.01842 , -0.139959 , -0.231411 , 0 , 0 , 0 , 0 , 0 , 0 , 48 , -14 , -63
0 , 0 , 0 , 0 , -0.0184979 , -0.139928 , -0.231411 , 0 , 0 , -1.95412e-05 , 0 , 0 , 0 , 39 , 76 , -56
0 , 0 , 0 , 0 , -0.0185236 , -0.139898 , -0.231411 , 0 , 0 , 0 , 0 , 0 , 0 , 12 , 16 , 5
0 , 0 , 0 , 0 , -0.0184914 , -0.139865 , -0.231411 , 0 , 0 , 0 , 0 , 0 , 0 , 21 , 28 , -56
0 , 0 , 0 , 0 , -0.0184834 , -0.139844 , -0.231411 , 0 , 0 , 0 , 0 , 0 , 0 , 25 , 39 , -43
0 , 0 , 0 , 0 , -0.0185011 , -0.139833 , -0.231411 , 0 , 0 , 0 , 0 , 0 , 0 , 30 , -2 , -45
0 , 0 , 0 , 0 , -0.0185148 , -0.139801 , -0.231411 , 0 , 0 , 0 , 0 , 0 , 0 , 34 , 10 , -63
0 , 0 , 0 , 0 , -0.0185294 , -0.139743 , -0.231411 , 0 , 0 , 0 , 0 , 0 , 0 , 34 , 4 , -31
0 , 0 , 0 , 0 , -0.0185756 , -0.139706 , -0.231411 , 0 , 0 , 0 , 0 , 0 , 0 , 34 , 16 , -38
0 , 0 , 0 , 0 , -0.0186084 , -0.1397 , -0.231411 , 0 , 1.95412e-05 , 0 , 0.0195412 , 0 , 0 , 43 , 28 , -50
0 , 0 , 0 , 0 , -0.018598 , -0.139741 , -0.231411 , 0 , 0 , 0 , 0 , 0 , 0 , 26 , 34 , -56
0 , 0 , 0 , 0 , -0.0185879 , -0.139767 , -0.231411 , 0 , 0 , 0 , 0 , 0 , 0 , 52 , 28 , -31
0 , 0 , 0 , 0 , -0.0185791 , -0.139782 , -0.231411 , 0 , 0 , 0 , 0 , 0 , 0 , 34 , -62 , -38
0 , 0 , 0 , 0 , -0.0185842 , -0.139801 , -0.231411 , 0 , 0 , 0 , 0 , 0 , 0 , 21 , 28 , -45
0 , 0 , 0 , 0 , -0.0186139 , -0.139744 , -0.231411 , 0 , 0 , 0 , 0 , 0 , 0 , 30 , 46 , -38
0 , 0 , 0 , 0 , -0.0186408 , -0.139678 , -0.231411 , 0 , 0 , 0 , 0 , 0 , 0 , 16 , 16 , -31
0 , 0 , 0 , 0 , -0.0186579 , -0.139696 , -0.231411 , 0 , 0 , 0 , 0 , 0 , 0 , 48 , 58 , -31
0 , 0 , 0 , 0 , -0.0186484 , -0.139722 , -0.231411 , 0 , 0 , 0 , 0 , 0 , 0 , 21 , 64 , -56
0 , 0 , 0 , 0 , -0.0186603 , -0.139742 , -0.231411 , 0 , 0 , 0 , 0 , 0 , 0 , 21 , 28 , -31
0 , 0 , 0 , 0 , -0.0186942 , -0.139781 , -0.231411 , 0 , 0 , 0 , 0 , 0 , 0 , 34 , 28 , -31
0 , 0 , 0 , 0 , -0.0187196 , -0.139796 , -0.231411 , 0 , 0 , 0 , 0 , 0 , 0 , 12 , 28 , -75
0 , 0 , 0 , 0 , -0.0187298 , -0.139792 , -0.231411 , 0 , 0 , 0 , 0 , 0 , 0 , 30 , 22 , -38
0 , 0 , 0 , 0 , -0.0186851 , -0.139778 , -0.231411 , 0 , 0 , 0 , 0 , 0 , 0 , 30 , 16 , -13
0 , 0 , 0 , 0 , -0.0186717 , -0.139777 , -0.231411 , 0 , 0 , 0 , 0 , 0 , 0 , 43 , 34 , -31
0 , 0 , 0 , 0 , -0.018706 , -0.139768 , -0.231411 , 0 , 0 , 0 , 0 , 0 , 0 , 43 , 21 , -63
0 , 0 , 0 , 0 , -0.0186951 , -0.139752 , -0.231411 , 0 , 0 , 0 , 0 , 0 , 0 , 48 , 34 , -38
0 , 0 , 0 , 0 , -0.0186867 , -0.139757 , -0.231411 , 0 , 0 , 0 , 0 , 0 , 0 , 25 , 16 , -56
0 , 0 , 0 , 0 , -0.0187039 , -0.139762 , -0.231411 , 0 , 0 , 0 , 0 , 0 , 0 , 52 , 16 , -75
0 , 0 , 0 , 0 , -0.0187347 , -0.13978 , -0.231411 , 0 , 0 , 0 , 0 , 0 , 0 , 26 , 4 , -45
0 , 0 , 0 , 0 , -0.0187627 , -0.139766 , -0.231411 , 0 , 0 , 0 , 0 , 0 , 0 , 43 , 28 , -63
0 , 0 , 0 , 0 , -0.0187862 , -0.139695 , -0.231411 , 0 , 0 , 0 , 0 , 0 , 0 , -1 , 16 , -63
0 , 0 , 0 , 0 , -0.0188084 , -0.13963 , -0.231411 , 0 , 0 , 0 , 0 , 0 , 0 , 30 , 28 , -31
0 , 0 , 0 , 0 , -0.0188222 , -0.139597 , -0.231411 , 0 , 0 , 0 , 0 , 0 , 0 , 30 , 10 , -13
0 , 0 , 0 , 0 , -0.0188109 , -0.139537 , -0.231411 , 0 , 0 , 0 , 0 , 0 , 0 , 26 , 16 , -38
0 , 0 , 0 , 0 , -0.018796 , -0.139453 , -0.231411 , 0 , 0 , 0 , 0 , 0 , 0 , 30 , 4 , -38
0 , 0 , 0 , 0 , -0.0188519 , -0.139402 , -0.231411 , 0 , 0 , 0 , 0 , 0 , 0 , 30 , 28 , -31
0 , 0 , 0 , 0 , -0.018905 , -0.139366 , -0.231411 , 0 , 0 , 0 , 0 , 0 , 0 , 21 , -2 , -25
0 , 0 , 0 , 0 , -0.0189008 , -0.139379 , -0.231411 , 0 , 0 , 0 , 0 , 0 , 0 , 43 , 28 , -50
0 , 0 , 0 , 0 , -0.0188895 , -0.139406 , -0.231411 , 0 , 0 , 0 , 0 , 0 , 0 , 34 , -14 , -13
0 , 0 , 0 , 0 , -0.0188952 , -0.139423 , -0.231411 , 0 , 0 , 0 , 0 , 0 , 0 , -10 , 10 , -56
0 , 0 , 0 , 0 , -0.0188877 , -0.139422 , -0.231411 , 0 , 0 , 0 , 0 , 0 , 0 , 30 , 16 , -31
0 , 0 , 0 , 0 , -0.0188632 , -0.139427 , -0.231411 , 0 , 0 , 0 , 0 , 0 , 0 , 26 , -2 , -31
0 , 0 , 0 , 0 , -0.018891 , -0.139458 , -0.231411 , 0 , 0 , 0 , 0 , 0 , 0 , 3 , 28 , -56
0 , 0 , 0 , 0 , -0.0189318 , -0.13943 , -0.231411 , 0 , 0 , 0 , 0 , 0 , 0 , 16 , -2 , -63
0 , 0 , 0 , 0 , -0.0189304 , -0.139415 , -0.231411 , 0 , 0 , 0 , 0 , 0 , 0 , 43 , -62 , -38
0 , 0 , 0 , 0 , -0.0189313 , -0.139408 , -0.231411 , 0 , 0 , 0 , 0 , 0 , 0 , 34 , -2 , -13
0 , 0 , 0 , 0 , -0.018936 , -0.139398 , -0.231411 , 0 , 0 , 0 , 0 , 0 , 0 , 21 , 46 , -20
0 , 0 , 0 , 0 , -0.0189178 , -0.139419 , -0.231411 , 0 , 0 , 0 , 0 , 0 , 0 , 43 , 10 , -25
0 , 0 , 0 , 0 , -0.0188925 , -0.139421 , -0.231411 , 0 , 0 , 0 , 0 , 0 , 0 , 30 , 64 , -31
0 , 0 , 0 , 0 , -0.0188842 , -0.139445 , -0.231411 , 0 , 0 , 1.95412e-05 , 0 , 0 , 0 , 26 , 34 , -63
0 , 0 , 0 , 0 , -0.0188635 , -0.139461 , -0.231411 , 0 , 0 , 0 , 0 , 0 , 0 , -6 , 34 , -31
0 , 0 , 0 , 0 , -0.0188042 , -0.139421 , -0.231411 , 0 , 0 , 0 , 0 , 0 , 0 , 21 , 16 , -6
0 , 0 , 0 , 0 , -0.0187586 , -0.139362 , -0.231411 , 0 , 0 , 0 , 0 , 0 , 0 , 16 , 28 , -38
0 , 0 , 0 , 0 , -0.0187968 , -0.139323 , -0.231411 , 0 , 0 , 0 , 0 , 0 , 0 , 39 , 46 , -45
0 , 0 , 0 , 0 , -0.0188601 , -0.139318 , -0.231411 , 0 , 0 , 0 , 0 , 0 , 0 , 34 , 28 , -38
0 , 0 , 0 , 0 , -0.0188636 , -0.139268 , -0.231411 , 0 , 0 , 0 , 0 , 0 , 0 , 21 , 28 , -38
0 , 0 , 0 , 0 , -0.0188509 , -0.139223 , -0.231411 , 0 , 0 , 0 , 0 , 0 , 0 , 16 , 22 , -50
0 , 0 , 0 , 0 , -0.0188952 , -0.139226 , -0.231411 , 0 , 0 , 0 , 0 , 0 , 0 , 26 , 46 , -31
0 , 0 , 0 , 0 , -0.0189348 , -0.13924 , -0.231411 , 0 , 0 , 0 , 0 , 0 , 0 , 26 , -2 , -56
0 , 0 , 0 , 0 , -0.0188789 , -0.139251 , -0.231411 , 0 , 0 , 0 , 0 , 0 , 0 , 21 , 46 , -50
0 , 0 , 0 , 0 , -0.01883 , -0.139221 , -0.231411 , 0 , 0 , 0 , 0 , 0 , 0 , 16 , 46 , -38
0 , 0 , 0 , 0 , -0.0188453 , -0.139201 , -0.231411 , 0 , 0 , 1.95412e-05 , 0 , 0 , 0 , 34 , 28 , -56
0 , 0 , 0 , 0 , -0.018822 , -0.139214 , -0.231411 , 0 , 0 , 0 , 0 , 0 , 0 , 39 , 34 , -56
0 , 0 , 0 , 0 , -0.0187611 , -0.13927 , -0.231411 , 0 , 0 , 0 , 0 , 0 , 0 , 43 , 58 , -56
0 , 0 , 0 , 0 , -0.0187389 , -0.139324 , -0.231411 , 0 , 0 , 0 , 0 , 0 , 0 , 34 , 16 , -31
0 , 0 , 0 , 0 , -0.0187224 , -0.139288 , -0.231411 , 0 , 0 , 0 , 0 , 0 , 0 , 57 , 16 , -50
0 , 0 , 0 , 0 , -0.0186707 , -0.139242 , -0.231411 , 0 , 0 , 0 , 0 , 0 , 0 , 52 , 10 , -13
0 , 0 , 0 , 0 , -0.0186429 , -0.13923 , -0.231411 , 0 , 0 , 0 , 0 , 0 , 0 , 26 , 4 , -31
0 , 0 , 0 , 0 , -0.0186703 , -0.13921 , -0.231411 , 0 , 0 , 0 , 0 , 0 , 0 , 16 , 21 , -31
0 , 0 , 0 , 0 , -0.0186867 , -0.139249 , -0.231411 , 0 , 0 , 0 , -0.0195412 , 0 , 0 , 57 , -2 , -50
0 , 0 , 0 , 0 , -0.018658 , -0.139299 , -0.231411 , 0 , 0 , 0 , 0 , 0 , 0 , 43 , -2 , -6
0 , 0 , 0 , 0 , -0.0186349 , -0.139281 , -0.231411 , 0 , 0 , 0 , 0 , 0 , 0 , 30 , 4 , -38
0 , 0 , 0 , 0 , -0.0186589 , -0.13928 , -0.231411 , 0 , 0 , 0 , 0 , 0 , 0 , 12 , -14 , -56
0 , 0 , 0 , 0 , -0.0186858 , -0.139289 , -0.231411 , 0 , 0 , 0 , 0 , 0 , 0 , 30 , 28 , -20
0 , 0 , 0 , 0 , -0.0186947 , -0.139253 , -0.231411 , 0 , 0 , 0 , 0 , 0 , 0 , 39 , 28 , -50
0 , 0 , 0 , 0 , -0.0186851 , -0.139229 , -0.231411 , 0 , 0 , 0 , 0 , 0 , 0 , 48 , 39 , -56
0 , 0 , 0 , 0 , -0.0186786 , -0.139225 , -0.231411 , 0 , 0 , 0 , 0 , 0 , 0 , 21 , -33 , -45
0 , 0 , 0 , 0 , -0.0186802 , -0.139222 , -0.231411 , 0 , 0 , 0 , 0 , 0 , 0 , 17 , 16 , -50
0 , 0 , 0 , 0 , -0.0186918 , -0.139204 , -0.231411 , 0 , 0 , 0 , 0 , 0 , 0 , 43 , 28 , -43
0 , 0 , 0 , 0 , -0.0187259 , -0.139182 , -0.231411 , 0 , 0 , 0 , 0 , 0 , 0 , 21 , 34 , -31
0 , 0 , 0 , 0 , -0.0187198 , -0.139147 , -0.231411 , 0 , 0 , 0 , 0 , 0 , 0 , 30 , 16 , -31
0 , 0 , 0 , 0 , -0.0186908 , -0.139121 , -0.231411 , 0 , 0 , 0 , 0 , 0 , 0 , 34 , 28 , -63
0 , 0 , 0 , 0 , -0.018684 , -0.139133 , -0.231411 , 0 , 0 , 0 , 0 , 0 , 0 , 30 , -8 , -75
0 , 0 , 0 , 0 , -0.0186919 , -0.139147 , -0.231411 , 0 , 0 , 0 , 0 , 0 , 0 , 48 , 34 , -56
0 , 0 , 0 , 0 , -0.0186787 , -0.139156 , -0.231411 , 0 , 0 , 0 , 0 , 0 , 0 , 30 , 16 , 12
0 , 0 , 0 , 0 , -0.0186489 , -0.139094 , -0.231411 , 0 , 0 , 0 , 0 , 0 , 0 , 39 , 34 , -50
0 , 0 , 0 , 0 , -0.0186803 , -0.138998 , -0.231411 , 0 , 0 , 0 , 0 , 0 , 0 , 48 , -20 , -25
0 , 0 , 0 , 0 , -0.01877 , -0.138991 , -0.231411 , 0 , 0 , 0 , 0 , 0 , 0 , 48 , 4 , -50
0 , 0 , 0 , 0 , -0.0188258 , -0.139016 , -0.231411 , 0 , 0 , 0 , 0 , 0 , 0 , 39 , 39 , -31
0 , 0 , 0 , 0 , -0.0187863 , -0.138958 , -0.231411 , 0 , 0 , 0 , 0 , 0 , 0 , 26 , 28 , 12
0 , 0 , 0 , 0 , -0.018734 , -0.138877 , -0.231411 , 0 , 0 , 0 , 0.0195412 , 0 , 0 , 30 , -14 , -25
0 , 0 , 0 , 0 , -0.0187374 , -0.138851 , -0.231411 , 0 , 0 , 0 , 0 , 0 , 0 , 30 , -14 , -18
0 , 0 , 0 , 0 , -0.0187577 , -0.138828 , -0.231411 , 0 , 0 , 0 , 0 , 0 , 0 , 21 , 16 , -38
0 , 0 , 0 , 0 , -0.0187388 , -0.138758 , -0.231411 , 0 , 0 , 0 , 0 , 0 , 0 , 30 , -2 , -50
0 , 0 , 0 , 0 , -0.0187148 , -0.138757 , -0.231411 , 0 , 0 , 0 , 0 , 0 , 0 , 30 , -2 , -50
0 , 0 , 0 , 0 , -0.0187044 , -0.138806 , -0.231411 , 0 , 0 , 0 , 0 , 0 , 0 , 34 , 28 , -50
0 , 0 , 0 , 0 , -0.0186746 , -0.138802 , -0.231411 , 0 , 0 , 0 , 0 , 0 , 0 , 16 , 28 , -63
0 , 0 , 0 , 0 , -0.0186807 , -0.138787 , -0.231411 , 0 , 0 , 0 , 0 , 0 , 0 , 21 , -2 , -20
0 , 0 , 0 , 0 , -0.0186901 , -0.138772 , -0.231411 , 0 , 0 , 0 , 0 , 0 , 0 , 30 , 4 , -56
0 , 0 , 0 , 0 , -0.0187039 , -0.138796 , -0.231411 , 0 , 0 , 0 , 0 , 0 , 0 , 30 , 46 , -50
0 , 0 , 0 , 0 , -0.0187056 , -0.138806 , -0.231411 , 0 , 0 , 0 , 0 , 0 , 0 , 21 , 10 , -31
0 , 0 , 0 , 0 , -0.0186906 , -0.138774 , -0.231411 , 0 , 0 , 0 , 0 , 0 , 0 , 48 , 16 , -38
0 , 0 , 0 , 0 , -0.0187005 , -0.138764 , -0.231411 , 0 , 0 , 0 , 0 , 0 , 0 , 16 , 10 , -31
0 , 0 , 0 , 0 , -0.0186857 , -0.138793 , -0.231411 , 0 , 0 , 0 , 0 , 0 , 0 , 30 , 16 , -31
0 , 0 , 0 , 0 , -0.0186018 , -0.1388 , -0.231411 , 0 , 0 , 0 , 0 , 0 , 0 , 21 , 16 , -56
0 , 0 , 0 , 0 , -0.018553 , -0.138754 , -0.231411 , 0 , 0 , 0 , 0 , 0 , 0 , 21 , 16 , -31
0 , 0 , 0 , 0 , -0.0185853 , -0.138718 , -0.231411 , 0 , 0 , 0 , 0 , 0 , 0 , 21 , 10 , -38
0 , 0 , 0 , 0 , -0.0186135 , -0.1387 , -0.231411 , 0 , 0 , 0 , 0 , 0 , 0 , 30 , 16 , -75
0 , 0 , 0 , 0 , -0.0186196 , -0.138696 , -0.231411 , 0 , 0 , 0 , 0 , 0 , 0 , 16 , 28 , -56
0 , 0 , 0 , 0 , -0.0185924 , -0.138695 , -0.231411 , 0 , 0 , 0 , 0 , 0 , 0 , 25 , 10 , -25
0 , 0 , 0 , 0 , -0.0185932 , -0.138665 , -0.231411 , 0 , 0 , 0 , 0 , 0 , 0 , 34 , -44 , -31
0 , 0 , 0 , 0 , -0.018595 , -0.138647 , -0.231411 , 0 , 0 , 0 , 0 , 0 , 0 , 16 , 46 , -31
0 , 0 , 0 , 0 , -0.0185725 , -0.138646 , -0.231411 , 0 , 0 , 0 , 0 , 0 , 0 , 21 , 16 , -31
0 , 0 , 0 , 0 , -0.0185849 , -0.138644 , -0.231411 , 0 , 0 , 0 , 0 , 0 , 0 , 30 , 58 , -56
0 , 0 , 0 , 0 , -0.0186003 , -0.138649 , -0.231411 , 0 , 0 , 0 , 0 , 0 , 0 , 21 , 28 , 0
0 , 0 , 0 , 0 , -0.0185611 , -0.138646 , -0.231411 , 0 , 0 , 0 , -0.0195412 , 0 , 0 , 35 , -14 , -38
0 , 0 , 0 , 0 , -0.0185279 , -0.138645 , -0.231411 , 0 , 0 , 0 , 0 , 0 , 0 , 21 , 10 , -75
0 , 0 , 0 , 0 , -0.0185379 , -0.138615 , -0.231411 , 0 , 0 , 0 , 0 , 0 , 0 , 30 , -33 , -50
0 , 0 , 0 , 0 , -0.0185508 , -0.138549 , -0.231411 , 0 , 0 , 0 , 0 , 0 , 0 , 16 , 52 , -6
0 , 0 , 0 , 0 , -0.0185466 , -0.138521 , -0.231411 , 0 , 0 , 0 , 0 , 0 , 0 , 16 , 34 , -31
0 , 0 , 0 , 0 , -0.0185326 , -0.138523 , -0.231411 , 0 , 0 , 0 , 0 , 0 , 0 , 25 , 46 , -13
0 , 0 , 0 , 0 , -0.0185627 , -0.138517 , -0.231411 , 0 , 0 , 0 , 0 , 0 , -0.00273247 , 26 , 16 , -13
0 , 0 , 0 , 0 , -0.018588 , -0.138498 , -0.231411 , 0 , 0 , 0 , 0 , 0 , 0 , 30 , -9 , -56
0 , 0 , 0 , 0 , -0.018547 , -0.138467 , -0.231411 , 0 , 0 , 0 , 0 , 0 , 0 , 21 , 10 , -56
0 , 0 , 0 , 0 , -0.0185179 , -0.138429 , -0.231411 , 0 , 0 , 0 , 0 , 0 , 0 , 56 , 34 , -13
0 , 0 , 0 , 0 , -0.0184953 , -0.138422 , -0.231411 , 0 , 0 , 0 , 0 , 0 , 0 , 21 , 4 , -56
0 , 0 , 0 , 0 , -0.0184859 , -0.138424 , -0.231411 , 0 , 0 , 0 , 0 , 0 , 0 , 25 , 58 , -56
0 , 0 , 0 , 0 , -0.0184864 , -0.138442 , -0.231411 , 0 , 0 , 0 , 0 , 0 , 0 , 16 , -2 , -31
0 , 0 , 0 , 0 , -0.0184616 , -0.138475 , -0.231411 , 0 , 0 , 0 , 0 , 0 , 0 , 39 , 16 , -56
0 , 0 , 0 , 0 , -0.0184748 , -0.138456 , -0.231411 , 0 , 0 , 0 , 0 , 0 , 0 , 21 , -2 , -45
0 , 0 , 0 , 0 , -0.0184896 , -0.138434 , -0.231411 , 0 , 0 , 0 , 0 , 0 , 0 , 39 , 16 , -106
0 , 0 , 0 , 0 , -0.0185095 , -0.138389 , -0.231411 , 0 , 0 , 0 , 0 , 0 , 0 , 34 , 16 , -25
0 , 0 , 0 , 0 , -0.018535 , -0.138355 , -0.231411 , 0 , 0 , 0 , 0 , 0 , 0 , 34 , -20 , -31
0 , 0 , 0 , 0 , -0.0185403 , -0.138374 , -0.231411 , 0 , 0 , 0 , 0 , 0 , 0 , 43 , 46 , -38
0 , 0 , 0 , 0 , -0.0185235 , -0.138354 , -0.231411 , 0 , 0 , 0 , 0 , 0 , 0 , 39 , 16 , -45
0 , 0 , 0 , 0 , -0.0184915 , -0.138311 , -0.231411 , 0 , 0 , 0 , 0 , 0 , 0 , 43 , -8 , -56
0 , 0 , 0 , 0 , -0.0185045 , -0.138286 , -0.231411 , 0 , 0 , 0 , 0 , 0 , 0 , 43 , 16 , -43
0 , 0 , 0 , 0 , -0.0185359 , -0.138272 , -0.231411 , 0 , 0 , 0 , 0 , 0 , 0 , 16 , 46 , -13
0 , 0 , 0 , 0 , -0.0185409 , -0.138231 , -0.231411 , 0 , 0 , 0 , 0 , 0 , 0 , 30 , 28 , -20
0 , 0 , 0 , 0 , -0.0185775 , -0.138183 , -0.231411 , 0 , 0 , 0 , 0 , 0 , 0 , 34 , 34 , -50
0 , 0 , 0 , 0 , -0.018644 , -0.138189 , -0.231411 , 0 , 0 , 0 , 0 , 0 , 0 , 30 , 34 , 12
0 , 0 , 0 , 0 , -0.0186661 , -0.138206 , -0.231411 , 0 , 0 , 0 , 0 , 0 , 0 , 43 , -2 , -38
0 , 0 , 0 , 0 , -0.018654 , -0.138207 , -0.231411 , 0 , 0 , 0 , 0 , 0 , 0 , 30 , 69 , -38
0 , 0 , 0 , 0 , -0.0186779 , -0.138189 , -0.231411 , 0 , 0 , 0 , 0 , 0 , 0 , 30 , 28 , -50
0.054153, , 1.000000, -1.080212, 0.132872
0.049199, , 1.000000, -1.201221, 0.249064
0.023104, , 1.000000, -1.430040, 0.448287
0.024307, , 1.000000, -1.477648, 0.496844
