50 , -50 , 48.5 , -49 , -0.0137771 , -0.0749996 , -0.64697 , 0 , 0 , 0 , 0.0195412 , 0 , 0 , -12 , -16 , -33
50 , -50 , 48.5 , -49 , -0.013714 , -0.0750464 , -0.64697 , 0.000371282 , 0.000410364 , -0.000214953 , 0.0586235 , 0.0502424 , -0.0484808 , 17 , -21 , -44
50 , -50 , 48.5 , -49 , -0.0136377 , -0.0750441 , -0.64697 , 0.00203228 , 0.00193457 , -0.00160237 , 0.136788 , 0.106588 , -0.0957271 , -13 , -3 , -100
50 , -50 , 48.5 , -49 , -0.0136159 , -0.0750202 , -0.64697 , 0.00490483 , 0.00476804 , -0.00416227 , 0.195412 , 0.165322 , -0.162661 , -16 , -35 , -104
50 , -50 , 48.5 , -49 , -0.013057 , -0.0750738 , -0.648112 , 0.00904756 , 0.00879352 , -0.00795325 , 0.234494 , 0.216962 , -0.185634 , -52 , -1 , -164
50 , -50 , 48.5 , -49 , -0.0119481 , -0.0752716 , -0.649702 , 0.0141869 , 0.0137961 , -0.0129753 , 0.293117 , 0.289069 , -0.271906 , -68 , 29 , -131
50 , -50 , 48.5 , -49 , -0.0109868 , -0.0753977 , -0.651743 , 0.020909 , 0.0204205 , -0.0193848 , 0.3322 , 0.360536 , -0.375308 , 80 , 66 , -68
50 , -50 , 48.5 , -49 , -0.0101535 , -0.0753535 , -0.65416 , 0.0281393 , 0.0278071 , -0.0272795 , 0.429905 , 0.430421 , -0.407106 , 131 , 55 , 34
50 , -50 , 48.5 , -49 , -0.00931059 , -0.0752518 , -0.656984 , 0.0378512 , 0.0374409 , -0.0359948 , 0.468988 , 0.501911 , -0.442775 , 71 , -13 , -50
50 , -50 , 48.5 , -49 , -0.00841671 , -0.0751808 , -0.660167 , 0.0480908 , 0.0474459 , -0.0453355 , 0.547152 , 0.553051 , -0.534398 , -99 , -37 , -118
50 , -50 , 48.5 , -49 , -0.00738919 , -0.0751819 , -0.663714 , 0.0589752 , 0.0585258 , -0.0564153 , 0.566693 , 0.573611 , -0.601883 , 8 , 57 , -92
50 , -50 , 48.5 , -49 , -0.00637159 , -0.0750939 , -0.667602 , 0.0713643 , 0.0710712 , -0.069078 , 0.703482 , 0.719306 , -0.707584 , 140 , 4 , -21
50 , -50 , 48.5 , -49 , -0.00539807 , -0.0751087 , -0.67211 , 0.0858834 , 0.0850236 , -0.082366 , 0.68394 , 0.694179 , -0.660917 , -129 , -13 , -166
50 , -50 , 48.5 , -49 , -0.0045123 , -0.0753914 , -0.67678 , 0.100168 , 0.0995622 , -0.0966115 , 0.723023 , 0.757897 , -0.787419 , 60 , 76 , -66
50 , -50 , 48.5 , -49 , -0.00378173 , -0.0756602 , -0.681875 , 0.116426 , 0.115664 , -0.113163 , 0.918434 , 0.858322 , -0.841682 , 65 , -4 , -13
50 , -50 , 48.5 , -49 , -0.00317546 , -0.0755344 , -0.687433 , 0.134111 , 0.133193 , -0.129538 , 0.820728 , 0.874972 , -0.905381 , -31 , 25 , -116
50 , -50 , 48.5 , -49 , -0.00249093 , -0.0754586 , -0.693311 , 0.151932 , 0.151464 , -0.148259 , 0.996599 , 0.969782 , -0.989424 , 122 , 73 , 11
50 , -50 , 48.5 , -49 , -0.00174977 , -0.0755769 , -0.699727 , 0.172529 , 0.171298 , -0.168269 , 0.937975 , 1.02131 , -0.944015 , -32 , -9 , -124
50 , -50 , 48.5 , -49 , -0.00113233 , -0.0756516 , -0.706263 , 0.1925 , 0.191992 , -0.188377 , 1.0943 , 1.0385 , -1.14723 , 124 , 54 , 134
50 , -50 , 48.5 , -49 , -0.000474997 , -0.075495 , -0.713378 , 0.215441 , 0.214249 , -0.210966 , 1.0943 , 1.09627 , -1.14835 , 6 , 18 , -132
50 , -50 , 48.5 , -49 , -7.85599e-05 , -0.0752966 , -0.720298 , 0.238304 , 0.237406 , -0.233497 , 1.28972 , 1.25532 , -1.17895 , -14 , -113 , 12
50 , -50 , 48.5 , -49 , 2.56501e-05 , -0.0750213 , -0.727684 , 0.262731 , 0.261715 , -0.258373 , 1.27018 , 1.20377 , -1.2106 , 131 , 68 , -176
50 , -50 , 48.5 , -49 , 0.000194269 , -0.0743671 , -0.735212 , 0.289248 , 0.287724 , -0.284226 , 1.36788 , 1.31222 , -1.24268 , -204 , -32 , -118
50 , -50 , 48.5 , -49 , 0.000115796 , -0.0734819 , -0.742855 , 0.315218 , 0.314359 , -0.311056 , 1.48513 , 1.42031 , -1.44749 , 17 , -52 , 67
50 , -50 , 48.5 , -49 , 0.000171166 , -0.0723924 , -0.751236 , 0.343514 , 0.342342 , -0.338511 , 1.38742 , 1.40753 , -1.37291 , 135 , 56 , -179
50 , -50 , 48.5 , -49 , 0.001153 , -0.0710048 , -0.759767 , 0.375132 , 0.373432 , -0.367784 , 1.40696 , 1.4466 , -1.49168 , -77 , 18 , -148
50 , -50 , 48.5 , -49 , 0.00154288 , -0.0694221 , -0.767789 , 0.405459 , 0.403955 , -0.398522 , 1.68054 , 1.58442 , -1.49359 , -163 , -31 , -68
50 , -50 , 48.5 , -49 , 0.00105044 , -0.0676545 , -0.776609 , 0.436413 , 0.435397 , -0.429808 , 1.71962 , 1.65603 , -1.67495 , 10 , -43 , 19
50 , -50 , 48.5 , -49 , 0.000896896 , -0.0656321 , -0.785317 , 0.469379 , 0.468226 , -0.462129 , 1.62192 , 1.69065 , -1.73442 , 203 , -13 , -14
50 , -50 , 48.5 , -49 , 0.000698376 , -0.0636308 , -0.793473 , 0.503791 , 0.502462 , -0.496033 , 1.661 , 1.65603 , -1.71288 , 38 , 131 , -195
50 , -50 , 48.5 , -49 , -0.000196369 , -0.0613189 , -0.801504 , 0.539395 , 0.538027 , -0.531246 , 1.70008 , 1.75519 , -1.76046 , 13 , 96 , -229
50 , -50 , 48.5 , -49 , -0.00131883 , -0.0584387 , -0.809599 , 0.575878 , 0.574647 , -0.567768 , 1.89549 , 1.82485 , -1.81778 , -109 , 14 , -149
50 , -50 , 48.5 , -49 , -0.00167926 , -0.0546442 , -0.818175 , 0.613456 , 0.61242 , -0.605365 , 1.95412 , 1.87444 , -1.73442 , -199 , -14 , -227
50 , -50 , 48.5 , -49 , -0.00152973 , -0.0498224 , -0.82673 , 0.652225 , 0.651346 , -0.644116 , 2.03228 , 1.97885 , -1.89719 , -136 , -45 , -276
50 , -50 , 48.5 , -49 , -0.00111155 , -0.0446089 , -0.835797 , 0.692226 , 0.690233 , -0.684077 , 2.0909 , 1.93636 , -1.98387 , -130 , -55 , -99
50 , -50 , 48.5 , -49 , -0.000751606 , -0.0391219 , -0.845092 , 0.733419 , 0.727947 , -0.725133 , 2.18861 , 1.85078 , -2.04441 , -231 , -44 , -221
50 , -50 , 48.5 , -49 , -0.0010038 , -0.0340683 , -0.853564 , 0.775882 , 0.764431 , -0.767381 , 2.26677 , 1.8277 , -1.95248 , -197 , -41 , -282
50 , -50 , 48.5 , -49 , -0.00197624 , -0.0292064 , -0.862875 , 0.819497 , 0.799663 , -0.810782 , 2.14953 , 1.74734 , -2.11065 , 65 , -81 , -265
50 , -50 , 48.5 , -49 , -0.0043473 , -0.0223319 , -0.871945 , 0.864032 , 0.833509 , -0.857505 , 2.11044 , 1.698 , -2.22584 , 227 , -72 , -218
50 , -50 , 48.5 , -49 , -0.00561845 , -0.016428 , -0.88246 , 0.909543 , 0.866377 , -0.901043 , 2.12999 , 1.58978 , -2.37582 , 313 , 81 , -93
50 , -50 , 48.5 , -49 , -0.0047199 , -0.013419 , -0.892498 , 0.956305 , 0.898424 , -0.950716 , 2.46219 , 1.48319 , -2.50795 , 11 , 82 , -17
50 , -50 , 48.5 , -49 , -0.00405493 , -0.0103685 , -0.903036 , 1.00494 , 0.929123 , -0.999432 , 2.71622 , 1.46925 , -2.44009 , -372 , -42 , -39
50 , -50 , 48.5 , -49 , -0.00385836 , -0.00627677 , -0.91456 , 1.05534 , 0.958259 , -1.04899 , 2.63806 , 1.56329 , -2.45671 , -127 , -52 , -226
50 , -50 , 48.5 , -49 , -0.00393811 , -0.000794162 , -0.926728 , 1.10605 , 0.986144 , -1.09935 , 2.34494 , 1.39083 , -2.47879 , 297 , 17 , -313
50 , -50 , 48.5 , -49 , -0.00471045 , 0.00530346 , -0.93888 , 1.15705 , 1.0134 , -1.15148 , 2.73576 , 1.29913 , -2.81167 , -21 , 2 , 5
50 , -50 , 48.5 , -49 , -0.0069111 , 0.00960244 , -0.950033 , 1.21083 , 1.03914 , -1.20508 , 2.89209 , 1.23158 , -2.69687 , -295 , -27 , -124
50 , -50 , 48.5 , -49 , -0.00992596 , 0.0133623 , -0.961376 , 1.26838 , 1.06458 , -1.259 , 2.48173 , 1.2106 , -2.60115 , 343 , 56 , -331
50 , -50 , 48.5 , -49 , -0.0122018 , 0.0186163 , -0.972379 , 1.32299 , 1.08833 , -1.31459 , 2.91163 , 1.11292 , -2.91115 , 2 , -33 , -11
50 , -50 , 48.5 , -49 , -0.0128973 , 0.0238174 , -0.984115 , 1.38101 , 1.11015 , -1.37163 , 2.85301 , 1.09833 , -2.74101 , -34 , -21 , -304
50 , -50 , 48.5 , -49 , -0.0125388 , 0.029282 , -0.996368 , 1.43813 , 1.13137 , -1.42901 , 2.7553 , 1.00511 , -3.07733 , 337 , -10 , -93
50 , -50 , 48.5 , -49 , -0.0122935 , 0.0353694 , -1.0094 , 1.49816 , 1.15086 , -1.48896 , 3.14613 , 1.02758 , -3.02376 , -167 , -60 , -130
50 , -50 , 48.5 , -49 , -0.0131515 , 0.0410178 , -1.02295 , 1.55751 , 1.1696 , -1.54815 , 2.77484 , 0.88188 , -3.04735 , 255 , -49 , -149
50 , -50 , 48.5 , -49 , -0.0148133 , 0.0465351 , -1.03649 , 1.61803 , 1.18662 , -1.60875 , 3.18521 , 0.861156 , -2.91115 , -200 , -7 , -284
50 , -50 , 48.5 , -49 , -0.0169734 , 0.0521941 , -1.04983 , 1.67749 , 1.20309 , -1.66823 , 2.77484 , 0.823648 , -3.02962 , 255 , -163 , -166
50 , -50 , 48.5 , -49 , -0.0196313 , 0.0579289 , -1.06293 , 1.73803 , 1.2178 , -1.72888 , 3.16567 , 0.68645 , -2.98148 , -216 , 51 , -180
50 , -50 , 48.5 , -49 , -0.0222336 , 0.0635865 , -1.07606 , 1.79743 , 1.23154 , -1.78811 , 2.79439 , 0.710151 , -3.06928 , 271 , -33 , -149
50 , -50 , 48.5 , -49 , -0.0246757 , 0.0688834 , -1.08912 , 1.85799 , 1.24432 , -1.84891 , 3.20475 , 0.609387 , -3.05331 , -233 , -3 , -149
50 , -50 , 48.5 , -49 , -0.0268802 , 0.0744053 , -1.10198 , 1.9174 , 1.2555 , -1.90821 , 2.79439 , 0.514692 , -3.10792 , 287 , 33 , -122
50 , -50 , 48.5 , -49 , -0.0287228 , 0.0804156 , -1.11517 , 1.97798 , 1.26545 , -1.96893 , 3.18521 , 0.48091 , -2.9589 , -295 , 34 , -242
50 , -50 , 48.5 , -49 , -0.03144 , 0.0842813 , -1.12677 , 2.03683 , 1.27442 , -2.03146 , 2.85301 , 0.462328 , -3.08746 , 70 , -12 , -115
50 , -50 , 48.5 , -49 , -0.0349175 , 0.0879532 , -1.13993 , 2.09552 , 1.28237 , -2.08899 , 3.12658 , 0.408809 , -2.98907 , -295 , -52 , -198
50 , -50 , 48.5 , -49 , -0.0371205 , 0.0933424 , -1.15288 , 2.15254 , 1.28901 , -2.14832 , 2.54035 , 0.273302 , -3.0513 , 312 , -20 , -184
50 , -50 , 48.5 , -49 , -0.0382992 , 0.098624 , -1.16572 , 2.20797 , 1.29411 , -2.20909 , 2.97026 , 0.220885 , -3.02962 , -298 , 30 , -166
50 , -50 , 48.5 , -49 , -0.0399523 , 0.104026 , -1.17877 , 2.26355 , 1.29812 , -2.26842 , 2.63806 , 0.178294 , -3.04932 , 2 , 49 , -192
50 , -50 , 48.5 , -49 , -0.042249 , 0.109448 , -1.19238 , 2.31612 , 1.30101 , -2.33198 , 2.54035 , 0.119395 , -2.88076 , 140 , 57 , -340
50 , -50 , 48.5 , -49 , -0.0453118 , 0.114749 , -1.20526 , 2.36849 , 1.30283 , -2.39143 , 2.81393 , 0.0567831 , -3.0733 , -321 , 87 , -138
50 , -50 , 48.5 , -49 , -0.0486175 , 0.119718 , -1.21825 , 2.42037 , 1.30355 , -2.452 , 2.34494 , 0.0262203 , -2.86142 , 20 , 20 , -354
50 , -50 , 48.5 , -49 , -0.0514517 , 0.1245 , -1.23078 , 2.46975 , 1.30363 , -2.50832 , 2.24723 , -0.030929 , -3.01987 , 217 , 87 , -229
50 , -50 , 48.5 , -49 , -0.0538043 , 0.129495 , -1.24359 , 2.51772 , 1.30353 , -2.57185 , 2.50127 , 0 , -2.8914 , -52 , 39 , -324
50 , -50 , 48.5 , -49 , -0.0562885 , 0.13474 , -1.25623 , 2.56548 , 1.30351 , -2.63137 , 2.55989 , 0.076075 , -3.15603 , -277 , -2 , -91
50 , -50 , 48.5 , -49 , -0.0592054 , 0.139963 , -1.26891 , 2.6123 , 1.30381 , -2.69207 , 2.36448 , 0 , -2.89497 , -205 , 27 , -350
50 , -50 , 48.5 , -49 , -0.0623057 , 0.145308 , -1.28163 , 2.65768 , 1.30347 , -2.75139 , 2.20815 , 0 , -3.10998 , -78 , 68 , -193
50 , -50 , 48.5 , -49 , -0.0655867 , 0.150689 , -1.29437 , 2.70156 , 1.30384 , -2.81201 , 1.97366 , 0 , -2.88429 , 94 , 20 , -354
50 , -50 , 48.5 , -49 , -0.0691097 , 0.155799 , -1.30654 , 2.74405 , 1.30357 , -2.87144 , 1.93457 , -0.0353492 , -3.0513 , 178 , 63 , -258
50 , -50 , 48.5 , -49 , -0.0730619 , 0.160962 , -1.3183 , 2.7853 , 1.30373 , -2.9318 , 1.91503 , 0.0407437 , -2.92385 , 194 , 7 , -361
50 , -50 , 48.5 , -49 , -0.0771221 , 0.16652 , -1.3294 , 2.82557 , 1.30383 , -2.99126 , 1.85641 , 0 , -3.08746 , 226 , 51 , -282
50 , -50 , 48.5 , -49 , -0.0813109 , 0.17247 , -1.34072 , 2.86467 , 1.30349 , -3.05186 , 1.77825 , 0 , -2.90574 , 226 , 92 , -484
50 , -50 , 48.5 , -49 , -0.0855293 , 0.179135 , -1.35157 , 2.90276 , 1.30384 , -3.11119 , 1.73916 , 0.0686612 , -3.05928 , 188 , -46 , -333
50 , -50 , 48.5 , -49 , -0.0900416 , 0.186288 , -1.36226 , 2.9395 , 1.30365 , -3.17173 , 1.70008 , -0.0901333 , -2.99289 , 114 , 183 , -412
50 , -50 , 48.5 , -49 , -0.0940602 , 0.193332 , -1.37268 , 2.97504 , 1.30359 , -3.23092 , 1.7587 , 0.0741691 , -3.01018 , -113 , 2 , -499
50 , -50 , 48.5 , -49 , -0.0978691 , 0.200864 , -1.38324 , 3.01078 , 1.30377 , -3.29157 , 1.73916 , -0.0867461 , -2.94774 , -233 , 154 , -538
50 , -50 , 48.5 , -49 , -0.102118 , 0.20893 , -1.39365 , 3.0433 , 1.30361 , -3.35023 , 1.70008 , 0.0848867 , -3.08138 , -161 , -29 , -405
50 , -50 , 48.5 , -49 , -0.106877 , 0.216748 , -1.40395 , 3.07466 , 1.30375 , -3.40907 , 1.64146 , 0 , -2.81335 , 48 , 81 , -477
50 , -50 , 48.5 , -49 , -0.112198 , 0.223659 , -1.41358 , 3.10544 , 1.30363 , -3.46551 , 1.4265 , 0.0679456 , -2.76525 , 218 , -46 , -452
50 , -50 , 48.5 , -49 , -0.117175 , 0.230249 , -1.42298 , 3.13552 , 1.30365 , -3.52141 , 1.34834 , -0.0549726 , -2.84925 , -114 , 99 , -293
50 , -50 , 48.5 , -49 , -0.12092 , 0.236684 , -1.43239 , 3.16297 , 1.30377 , -3.5758 , 1.50467 , 0 , -2.57968 , -96 , -42 , -542
50 , -50 , 48.5 , -49 , -0.123918 , 0.242676 , -1.44214 , 3.18939 , 1.30379 , -3.62854 , 1.23109 , 0 , -2.63475 , 211 , 68 , -366
50 , -50 , 48.5 , -49 , -0.128283 , 0.248831 , -1.45146 , 3.21587 , 1.30359 , -3.68095 , 1.13339 , 0.0533613 , -2.63624 , -65 , -2 , -261
50 , -50 , 48.5 , -49 , -0.133717 , 0.255049 , -1.46023 , 3.23969 , 1.30373 , -3.7317 , 1.28972 , 0 , -2.42745 , -20 , 51 , -547
50 , -50 , 48.5 , -49 , -0.138459 , 0.261151 , -1.46873 , 3.26298 , 1.30375 , -3.78057 , 1.01614 , 0 , -2.37461 , 163 , 20 , -579
50 , -50 , 48.5 , -49 , -0.142673 , 0.267188 , -1.47707 , 3.2853 , 1.30371 , -3.82942 , 1.17247 , 0 , -2.4986 , -124 , 63 , -334
50 , -50 , 48.5 , -49 , -0.147089 , 0.273482 , -1.48537 , 3.3055 , 1.30373 , -3.87697 , 1.01614 , 0 , -2.41495 , 87 , 20 , -240
50 , -50 , 48.5 , -49 , -0.151433 , 0.2793 , -1.49353 , 3.32581 , 1.30373 , -3.92254 , 1.03568 , 0 , -2.38549 , -114 , 38 , -425
50 , -50 , 48.5 , -49 , -0.1555 , 0.284266 , -1.50152 , 3.34369 , 1.30373 , -3.9677 , 0.820728 , 0 , -2.12691 , 161 , 68 , -550
50 , -50 , 48.5 , -49 , -0.159213 , 0.289107 , -1.50932 , 3.36114 , 1.30373 , -4.0108 , 0.898893 , 0 , -2.10212 , -13 , 38 , -484
50 , -50 , 48.5 , -49 , -0.162854 , 0.293939 , -1.51688 , 3.37716 , 1.30373 , -4.05329 , 0.781646 , 0 , -1.96392 , -129 , 27 , -589
50 , -50 , 48.5 , -49 , -0.166783 , 0.298861 , -1.52426 , 3.39149 , 1.30371 , -4.09452 , 0.703482 , 0 , -1.9631 , 215 , 15 , -520
50 , -50 , 48.5 , -49 , -0.170713 , 0.303648 , -1.53147 , 3.40593 , 1.30371 , -4.13426 , 0.68394 , 0 , -1.87294 , -57 , 20 , -533
50 , -50 , 48.5 , -49 , -0.174773 , 0.308393 , -1.53847 , 3.418 , 1.30371 , -4.17495 , 0.586235 , 0 , -1.83412 , -32 , 38 , -531
50 , -50 , 48.5 , -49 , -0.178782 , 0.31294 , -1.54511 , 3.42898 , 1.30371 , -4.21067 , 0.50807 , 0 , -1.78185 , 233 , 15 , -520
50 , -50 , 48.5 , -49 , -0.182183 , 0.317243 , -1.55173 , 3.43944 , 1.30371 , -4.24911 , 0.488529 , 0 , -1.55448 , 11 , 20 , -628
50 , -50 , 48.5 , -49 , -0.18532 , 0.321489 , -1.55813 , 3.44841 , 1.30371 , -4.28424 , 0.410364 , 0 , -1.70046 , -77 , 15 , -462
50 , -50 , 48.5 , -49 , -0.188299 , 0.325311 , -1.5644 , 3.45583 , 1.30371 , -4.31836 , 0.3322 , 0 , -1.63409 , -86 , 33 , -399
50 , -50 , 48.5 , -49 , -0.191229 , 0.328868 , -1.57047 , 3.4622 , 1.30371 , -4.35066 , 0.254035 , 0 , -1.73891 , 49 , 15 , -258
50 , -50 , 48.5 , -49 , -0.194256 , 0.33239 , -1.57613 , 3.46738 , 1.30371 , -4.38191 , 0.254035 , 0 , -1.57535 , 120 , 7 , -435
50 , -50 , 48.5 , -49 , -0.197414 , 0.336048 , -1.58168 , 3.4717 , 1.30371 , -4.41218 , 0.156329 , 0 , -1.41217 , 210 , 20 , -567
50 , -50 , 48.5 , -49 , -0.200594 , 0.339479 , -1.58717 , 3.47457 , 1.30371 , -4.44188 , 0.117247 , 0 , -1.33347 , 141 , 20 , -452
50 , -50 , 48.5 , -49 , -0.203916 , 0.34239 , -1.59233 , 3.47629 , 1.30371 , -4.46959 , 0.0586235 , 0 , -1.43685 , 115 , 46 , -337
50 , -50 , 48.5 , -49 , -0.207214 , 0.345096 , -1.59699 , 3.47684 , 1.30371 , -4.49583 , -0.0195412 , 0 , -1.30783 , 157 , 15 , -522
50 , -50 , 48.5 , -49 , -0.210123 , 0.348164 , -1.60151 , 3.47674 , 1.30369 , -4.5219 , 0 , 0 , -1.154 , 139 , 33 , -525
50 , -50 , 48.5 , -49 , -0.212327 , 0.351252 , -1.60607 , 3.47668 , 1.30369 , -4.54588 , -0.0195412 , 0 , -1.22579 , 84 , 38 , -398
50 , -50 , 48.5 , -49 , -0.21434 , 0.353767 , -1.61036 , 3.4767 , 1.30371 , -4.569 , 0 , 0 , -1.03804 , 122 , 46 , -584
50 , -50 , 48.5 , -49 , -0.216696 , 0.356151 , -1.61449 , 3.4767 , 1.30369 , -4.5911 , 0 , 0 , -1.12144 , 146 , 63 , -302
50 , -50 , 48.5 , -49 , -0.21884 , 0.358287 , -1.61825 , 3.47668 , 1.30369 , -4.61138 , 0 , 0 , -0.990254 , 128 , 7 , -512
50 , -50 , 48.5 , -49 , -0.220709 , 0.360368 , -1.62195 , 3.47668 , 1.30369 , -4.63139 , -0.0195412 , 0 , -1.00339 , 122 , 7 , -274
50 , -50 , 48.5 , -49 , -0.222575 , 0.362511 , -1.62548 , 3.47668 , 1.30371 , -4.64933 , 0 , 0 , -0.791932 , 109 , 38 , -661
50 , -50 , 48.5 , -49 , -0.224737 , 0.364476 , -1.62868 , 3.47668 , 1.30371 , -4.66657 , 0 , 0 , -0.858322 , 121 , -41 , -458
50 , -50 , 48.5 , -49 , -0.226901 , 0.366333 , -1.63156 , 3.47668 , 1.30369 , -4.68257 , 0.0195412 , 0 , -0.720847 , 115 , 20 , -465
50 , -50 , 48.5 , -49 , -0.22872 , 0.368175 , -1.63428 , 3.47666 , 1.30371 , -4.6968 , 0 , 0 , -0.732793 , 97 , 33 , -581
50 , -50 , 48.5 , -49 , -0.230441 , 0.369723 , -1.63673 , 3.47668 , 1.30369 , -4.71081 , 0 , 0 , -0.708653 , 128 , 15 , -380
50 , -50 , 48.5 , -49 , -0.231427 , 0.37102 , -1.63909 , 3.47668 , 1.30369 , -4.72302 , 0 , 0 , -0.565315 , 140 , 7 , -481
50 , -50 , 48.5 , -49 , -0.232333 , 0.372275 , -1.64137 , 3.4767 , 1.30369 , -4.73392 , -0.0195412 , 0 , -0.528136 , 121 , 51 , -568
50 , -50 , 48.5 , -49 , -0.233745 , 0.373097 , -1.64313 , 3.47668 , 1.30369 , -4.74407 , 0 , 0 , -0.482895 , 109 , 51 , -466
50 , -50 , 48.5 , -49 , -0.234523 , 0.374009 , -1.64481 , 3.47668 , 1.30369 , -4.75302 , 0 , 0 , -0.408809 , 103 , 33 , -365
50 , -50 , 48.5 , -49 , -0.235057 , 0.375058 , -1.64647 , 3.47668 , 1.30369 , -4.76046 , 0 , 0 , -0.325053 , 97 , 2 , -459
50 , -50 , 48.5 , -49 , -0.236054 , 0.375947 , -1.64784 , 3.47668 , 1.30369 , -4.76644 , 0 , 0 , -0.276265 , 103 , 51 , -503
50 , -50 , 48.5 , -49 , -0.237318 , 0.376682 , -1.64878 , 3.47668 , 1.30369 , -4.77138 , 0 , 0 , -0.265504 , 73 , 2 , -579
50 , -50 , 48.5 , -49 , -0.237907 , 0.377325 , -1.64946 , 3.47668 , 1.30369 , -4.77535 , 0.0195412 , 0 , -0.158356 , 79 , 2 , -598
50 , -50 , 48.5 , -49 , -0.237811 , 0.377772 , -1.65019 , 3.47668 , 1.30369 , -4.77797 , 0 , 0 , -0.0854067 , 121 , 2 , -643
50 , -50 , 48.5 , -49 , -0.237935 , 0.377888 , -1.65071 , 3.47666 , 1.30369 , -4.77973 , 0 , 0 , -0.0747547 , 140 , 33 , -584
50 , -50 , 48.5 , -49 , -0.238198 , 0.377832 , -1.65093 , 3.47668 , 1.30369 , -4.78018 , 0 , 0 , -0.0115537 , 115 , 46 , -608
50 , -50 , 48.5 , -49 , -0.238168 , 0.377754 , -1.65093 , 3.47668 , 1.30369 , -4.78024 , 0 , 0 , -0.00406829 , 91 , 33 , -579
50 , -50 , 48.5 , -49 , -0.237704 , 0.377735 , -1.65087 , 3.47666 , 1.30369 , -4.78026 , 0.0195412 , 0 , 0 , 121 , 15 , -579
50 , -50 , 48.5 , -49 , -0.236905 , 0.377761 , -1.65087 , 3.47668 , 1.30369 , -4.78028 , 0 , 0 , 0 , 121 , 15 , -561
50 , -50 , 48.5 , -49 , -0.236295 , 0.377638 , -1.65087 , 3.4767 , 1.30369 , -4.78029 , 0 , 0 , -0.00391205 , 127 , 20 , -588
50 , -50 , 48.5 , -49 , -0.235909 , 0.377436 , -1.65087 , 3.47668 , 1.30369 , -4.78029 , 0 , 0 , 0 , 128 , 26 , -564
50 , -50 , 48.5 , -49 , -0.235387 , 0.377317 , -1.65087 , 3.47668 , 1.30369 , -4.78031 , -0.0195412 , 0 , 0 , 109 , 2 , -577
50 , -50 , 48.5 , -49 , -0.234769 , 0.377278 , -1.65087 , 3.47668 , 1.30369 , -4.78031 , 0 , 0 , 0 , 134 , 2 , -556
50 , -50 , 48.5 , -49 , -0.234293 , 0.377257 , -1.65087 , 3.4767 , 1.30369 , -4.78031 , 0 , 0 , 0 , 103 , 51 , -591
50 , -50 , 48.5 , -49 , -0.233927 , 0.377209 , -1.65087 , 3.4767 , 1.30369 , -4.78033 , 0 , 0 , 0 , 115 , 20 , -558
50 , -50 , 48.5 , -49 , -0.233457 , 0.377196 , -1.65087 , 3.47668 , 1.30369 , -4.78033 , 0 , 0 , 0 , 97 , 33 , -560
50 , -50 , 48.5 , -49 , -0.232975 , 0.377191 , -1.65087 , 3.4767 , 1.30369 , -4.78033 , -0.0195412 , 0 , 0 , 152 , 51 , -578
50 , -50 , 48.5 , -49 , -0.23258 , 0.377132 , -1.65087 , 3.4767 , 1.30369 , -4.78033 , 0 , 0 , 0 , 97 , 20 , -564
50 , -50 , 48.5 , -49 , -0.232211 , 0.377027 , -1.65087 , 3.47666 , 1.30369 , -4.78033 , 0 , 0 , 0 , 85 , 7 , -573
50 , -50 , 48.5 , -49 , -0.231771 , 0.376961 , -1.65087 , 3.47668 , 1.30369 , -4.78033 , 0 , 0 , 0 , 122 , -10 , -577
50 , -50 , 48.5 , -49 , -0.231376 , 0.37689 , -1.65087 , 3.47668 , 1.30369 , -4.78035 , 0 , 0 , 0 , 121 , -84 , -577
50 , -50 , 48.5 , -49 , -0.23106 , 0.376826 , -1.65087 , 3.47668 , 1.30369 , -4.78035 , 0 , 0 , 0 , 121 , 33 , -585
50 , -50 , 48.5 , -49 , -0.230743 , 0.376812 , -1.65087 , 3.47668 , 1.30369 , -4.78035 , 0 , 0 , 0 , 48 , 46 , -593
50 , -50 , 48.5 , -49 , -0.230435 , 0.376816 , -1.65087 , 3.47668 , 1.30369 , -4.78035 , 0 , 0 , 0 , 115 , 2 , -571
50 , -50 , 48.5 , -49 , -0.230118 , 0.376807 , -1.65087 , 3.47668 , 1.30369 , -4.78035 , 0 , 0 , 0 , 121 , 20 , -546
50 , -50 , 48.5 , -49 , -0.229864 , 0.376758 , -1.65087 , 3.47668 , 1.30369 , -4.78035 , 0 , 0 , 0 , 103 , 51 , -571
50 , -50 , 48.5 , -49 , -0.229595 , 0.376702 , -1.65087 , 3.47668 , 1.30369 , -4.78035 , 0 , 0 , 0 , 121 , 27 , -571
50 , -50 , 48.5 , -49 , -0.229345 , 0.376652 , -1.65087 , 3.47668 , 1.30369 , -4.78037 , 0 , 0 , -0.00267641 , 146 , 38 , -554
50 , -50 , 48.5 , -49 , -0.229166 , 0.376601 , -1.65087 , 3.47666 , 1.30369 , -4.78037 , 0.0195412 , 0 , 0 , 128 , 2 , -573
50 , -50 , 48.5 , -49 , -0.22896 , 0.376568 , -1.65087 , 3.47668 , 1.30369 , -4.78037 , 0.0195412 , 0 , 0 , 103 , 2 , -568
50 , -50 , 48.5 , -49 , -0.228717 , 0.376548 , -1.65087 , 3.47668 , 1.30369 , -4.78037 , 0 , 0 , 0 , 146 , 20 , -566
50 , -50 , 48.5 , -49 , -0.22849 , 0.37648 , -1.65087 , 3.47666 , 1.30369 , -4.78037 , 0.0195412 , 0 , 0 , 109 , 33 , -560
50 , -50 , 48.5 , -49 , -0.228236 , 0.376374 , -1.65087 , 3.47668 , 1.30369 , -4.78037 , 0 , 0 , 0 , 121 , 2 , -566
50 , -50 , 48.5 , -49 , -0.22795 , 0.376313 , -1.65087 , 3.47666 , 1.30369 , -4.78037 , 0.0195412 , 0 , 0 , 79 , 15 , -552
50 , -50 , 48.5 , -49 , -0.227705 , 0.376257 , -1.65087 , 3.47668 , 1.30369 , -4.78037 , 0 , 0 , 0 , 97 , 20 , -571
50 , -50 , 48.5 , -49 , -0.227532 , 0.376183 , -1.65087 , 3.47666 , 1.30369 , -4.78037 , 0 , 0 , 0 , 121 , -29 , -564
50 , -50 , 48.5 , -49 , -0.227341 , 0.376182 , -1.65087 , 3.47668 , 1.30369 , -4.78037 , 0 , 0 , 0 , 140 , 46 , -566
50 , -50 , 48.5 , -49 , -0.227138 , 0.376209 , -1.65087 , 3.47668 , 1.30369 , -4.78037 , 0 , 0 , 0 , 140 , -10 , -546
50 , -50 , 48.5 , -49 , -0.226958 , 0.376182 , -1.65087 , 3.47668 , 1.30369 , -4.78037 , 0 , 0 , 0 , 97 , 20 , -570
50 , -50 , 48.5 , -49 , -0.226742 , 0.376116 , -1.65087 , 3.47668 , 1.30369 , -4.78037 , 0 , 0 , 0 , 134 , 33 , -566
50 , -50 , 48.5 , -49 , -0.226554 , 0.376061 , -1.65087 , 3.47668 , 1.30369 , -4.78039 , 0 , 0 , 0 , 103 , 20 , -554
50 , -50 , 48.5 , -49 , -0.226376 , 0.375994 , -1.65087 , 3.47668 , 1.30369 , -4.78039 , 0 , 0 , 0 , 121 , 20 , -559
50 , -50 , 48.5 , -49 , -0.226176 , 0.375922 , -1.65087 , 3.47668 , 1.30369 , -4.78039 , 0 , 0 , 0 , 97 , -3 , -548
50 , -50 , 48.5 , -49 , -0.225951 , 0.375881 , -1.65087 , 3.47668 , 1.30369 , -4.78039 , 0 , 0 , 0 , 133 , 38 , -554
50 , -50 , 48.5 , -49 , -0.225807 , 0.37583 , -1.65087 , 3.47668 , 1.30369 , -4.78039 , 0 , 0 , 0 , 103 , 46 , -559
50 , -50 , 48.5 , -49 , -0.225682 , 0.37582 , -1.65087 , 3.47666 , 1.30369 , -4.78039 , 0 , 0 , 0 , 103 , 20 , -553
50 , -50 , 48.5 , -49 , -0.225515 , 0.375798 , -1.65087 , 3.47666 , 1.30369 , -4.78039 , 0.0195412 , 0 , 0 , 121 , 20 , -553
50 , -50 , 48.5 , -49 , -0.225384 , 0.375737 , -1.65087 , 3.47668 , 1.30369 , -4.78039 , 0 , 0 , 0 , 121 , 38 , -553
50 , -50 , 48.5 , -49 , -0.225241 , 0.375679 , -1.65087 , 3.47668 , 1.30369 , -4.78039 , 0 , 0 , 0 , 109 , 15 , -573
50 , -50 , 48.5 , -49 , -0.225121 , 0.375628 , -1.65087 , 3.47668 , 1.30369 , -4.78039 , -0.0195412 , 0 , 0 , 54 , 63 , -560
50 , -50 , 48.5 , -49 , -0.224997 , 0.375609 , -1.65087 , 3.47668 , 1.30369 , -4.78039 , 0.0195412 , 0 , 0 , 146 , 33 , -567
50 , -50 , 48.5 , -49 , -0.224896 , 0.375563 , -1.65087 , 3.4767 , 1.30369 , -4.78039 , 0 , 0 , 0 , 115 , 20 , -553
50 , -50 , 48.5 , -49 , -0.224845 , 0.375529 , -1.65087 , 3.4767 , 1.30369 , -4.78039 , 0 , 0 , 0 , 97 , 33 , -559
50 , -50 , 48.5 , -49 , -0.224771 , 0.375501 , -1.65087 , 3.47668 , 1.30369 , -4.78039 , 0 , 0 , 0 , 79 , 2 , -539
50 , -50 , 48.5 , -49 , -0.224648 , 0.375444 , -1.65087 , 3.47668 , 1.30369 , -4.78039 , 0 , 0 , 0 , 97 , 27 , -552
50 , -50 , 48.5 , -49 , -0.224553 , 0.375379 , -1.65087 , 3.47668 , 1.30369 , -4.78039 , 0 , 0 , 0 , 115 , 33 , -545
50 , -50 , 48.5 , -49 , -0.2245 , 0.375302 , -1.65087 , 3.47668 , 1.30369 , -4.78039 , 0 , 0 , 0 , 91 , 20 , -546
50 , -50 , 48.5 , -49 , -0.224382 , 0.375247 , -1.65087 , 3.47668 , 1.30369 , -4.78039 , 0 , 0 , 0 , 97 , 20 , -533
50 , -50 , 48.5 , -49 , -0.224231 , 0.375221 , -1.65087 , 3.47668 , 1.30369 , -4.78039 , 0 , 0 , 0 , 115 , 33 , -573
50 , -50 , 48.5 , -49 , -0.224158 , 0.375187 , -1.65087 , 3.47668 , 1.30369 , -4.78039 , 0 , 0 , 0 , 121 , 7 , -559
50 , -50 , 48.5 , -49 , -0.224104 , 0.375167 , -1.65087 , 3.47668 , 1.30369 , -4.78041 , 0 , 0 , 0 , 146 , 15 , -559
50 , -50 , 48.5 , -49 , -0.223981 , 0.375176 , -1.65087 , 3.47668 , 1.30369 , -4.78041 , 0.0195412 , 0 , 0 , 140 , 20 , -553
50 , -50 , 48.5 , -49 , -0.223845 , 0.375177 , -1.65087 , 3.47668 , 1.30369 , -4.78041 , 0 , 0 , 0 , 79 , 20 , -548
50 , -50 , 48.5 , -49 , -0.223736 , 0.37517 , -1.65087 , 3.47668 , 1.30369 , -4.78041 , 0 , 0 , 0 , 133 , 2 , -546
50 , -50 , 48.5 , -49 , -0.223666 , 0.375213 , -1.65087 , 3.47668 , 1.30369 , -4.78041 , 0.0195412 , 0 , 0 , 110 , 2 , -566
50 , -50 , 48.5 , -49 , -0.223606 , 0.375259 , -1.65087 , 3.47668 , 1.30369 , -4.78041 , 0 , 0 , 0 , 134 , -34 , -567
50 , -50 , 48.5 , -49 , -0.223571 , 0.375242 , -1.65087 , 3.47668 , 1.30369 , -4.78041 , 0 , 0 , 0 , 121 , 15 , -560
50 , -50 , 48.5 , -49 , -0.223529 , 0.375228 , -1.65087 , 3.4767 , 1.30369 , -4.78041 , 0 , 0 , 0 , 140 , 2 , -530
50 , -50 , 48.5 , -49 , -0.223503 , 0.375173 , -1.65087 , 3.47668 , 1.30369 , -4.78041 , 0 , 0 , 0 , 182 , 33 , -541
50 , -50 , 48.5 , -49 , -0.223423 , 0.375027 , -1.65087 , 3.47668 , 1.30369 , -4.78041 , 0 , 0 , 0 , 140 , 15 , -553
50 , -50 , 48.5 , -49 , -0.223317 , 0.374938 , -1.65087 , 3.47668 , 1.30369 , -4.78041 , 0 , 0 , 0 , 97 , 20 , -548
50 , -50 , 48.5 , -49 , -0.223372 , 0.374982 , -1.65087 , 3.47668 , 1.30369 , -4.78041 , 0 , 0 , 0 , 91 , 20 , -528
50 , -50 , 48.5 , -49 , -0.223425 , 0.375006 , -1.65087 , 3.47668 , 1.30369 , -4.78041 , 0 , 0 , 0 , 109 , 27 , -521
50 , -50 , 48.5 , -49 , -0.223341 , 0.375003 , -1.65087 , 3.47668 , 1.30369 , -4.78041 , 0 , 0 , 0 , 103 , 20 , -528
50 , -50 , 48.5 , -49 , -0.223187 , 0.375014 , -1.65087 , 3.47668 , 1.30369 , -4.78041 , 0 , 0 , 0 , 115 , 38 , -535
50 , -50 , 48.5 , -49 , -0.22312 , 0.374998 , -1.65087 , 3.47668 , 1.30369 , -4.78041 , 0 , 0 , 0 , 133 , 20 , -521
50 , -50 , 48.5 , -49 , -0.223109 , 0.375004 , -1.65087 , 3.47668 , 1.30369 , -4.78041 , 0 , 0 , 0 , 128 , 33 , -542
50 , -50 , 48.5 , -49 , -0.223103 , 0.37502 , -1.65087 , 3.47668 , 1.30369 , -4.78041 , 0 , 0 , 0 , 85 , -59 , -554
50 , -50 , 48.5 , -49 , -0.223116 , 0.375009 , -1.65087 , 3.47668 , 1.30369 , -4.78041 , 0 , 0 , 0 , 121 , 2 , -542
50 , -50 , 48.5 , -49 , -0.223087 , 0.374979 , -1.65087 , 3.47668 , 1.30369 , -4.78041 , 0 , 0 , 0 , 79 , 33 , -528
50 , -50 , 48.5 , -49 , -0.22301 , 0.374974 , -1.65087 , 3.47668 , 1.30369 , -4.78041 , 0 , 0 , 0 , 97 , 20 , -560
50 , -50 , 48.5 , -49 , -0.222973 , 0.374989 , -1.65087 , 3.47668 , 1.30369 , -4.78041 , 0 , 0 , 0 , 97 , 20 , -523
50 , -50 , 48.5 , -49 , -0.223007 , 0.374955 , -1.65087 , 3.47668 , 1.30369 , -4.78041 , 0 , 0 , 0 , 85 , 2 , -542
50 , -50 , 48.5 , -49 , -0.223024 , 0.374898 , -1.65087 , 3.47668 , 1.30369 , -4.78041 , 0 , 0 , 0 , 121 , -10 , -542
50 , -50 , 48.5 , -49 , -0.222989 , 0.374857 , -1.65087 , 3.47668 , 1.30369 , -4.78041 , 0 , 0 , 0 , 121 , 38 , -542
50 , -50 , 48.5 , -49 , -0.223004 , 0.374802 , -1.65087 , 3.4767 , 1.30369 , -4.78041 , 0 , 0 , 0 , 140 , 46 , -516
50 , -50 , 48.5 , -49 , -0.222985 , 0.374755 , -1.65087 , 3.47668 , 1.30369 , -4.78041 , 0 , 0 , 0 , 103 , 20 , -535
50 , -50 , 48.5 , -49 , -0.222927 , 0.374738 , -1.65087 , 3.47668 , 1.30369 , -4.78041 , 0 , 0 , 0 , 91 , 20 , -508
50 , -50 , 48.5 , -49 , -0.22292 , 0.374717 , -1.65087 , 3.47668 , 1.30369 , -4.78041 , 0 , 0 , 0 , 103 , 7 , -530
50 , -50 , 48.5 , -49 , -0.222893 , 0.374689 , -1.65087 , 3.47668 , 1.30369 , -4.78041 , 0.0195412 , 0 , 0 , 73 , 33 , -528
50 , -50 , 48.5 , -49 , -0.222892 , 0.374675 , -1.65087 , 3.47668 , 1.30369 , -4.78041 , 0 , 0 , 0 , 121 , 20 , -511
50 , -50 , 48.5 , -49 , -0.222843 , 0.374665 , -1.65087 , 3.4767 , 1.30369 , -4.78041 , -0.0195412 , 0 , 0 , 213 , 51 , -530
50 , -50 , 48.5 , -49 , -0.222786 , 0.374634 , -1.65087 , 3.47668 , 1.30369 , -4.78041 , 0 , 0 , 0 , 121 , 20 , -530
50 , -50 , 48.5 , -49 , -0.222752 , 0.374568 , -1.65087 , 3.47668 , 1.30369 , -4.78041 , 0 , 0 , 0 , 128 , 33 , -503
50 , -50 , 48.5 , -49 , -0.222711 , 0.374496 , -1.65087 , 3.47668 , 1.30369 , -4.78041 , 0 , 0 , 0 , 115 , -10 , -516
50 , -50 , 48.5 , -49 , -0.222704 , 0.374487 , -1.65087 , 3.47668 , 1.30369 , -4.78041 , 0 , 0 , 0 , 103 , 7 , -517
50 , -50 , 48.5 , -49 , -0.222699 , 0.374492 , -1.65087 , 3.47668 , 1.30369 , -4.78041 , 0 , 0 , 0 , 121 , 20 , -508
50 , -50 , 48.5 , -49 , -0.222705 , 0.37449 , -1.65087 , 3.47666 , 1.30369 , -4.78041 , 0 , 0 , 0 , 103 , 20 , -531
50 , -50 , 48.5 , -49 , -0.222653 , 0.374468 , -1.65087 , 3.47668 , 1.30369 , -4.78041 , 0 , 0 , 0 , 146 , 46 , -517
50 , -50 , 48.5 , -49 , -0.222564 , 0.374411 , -1.65087 , 3.47668 , 1.30369 , -4.78041 , 0 , 0 , 0 , 85 , 8 , -530
50 , -50 , 48.5 , -49 , -0.222544 , 0.37437 , -1.65087 , 3.4767 , 1.30369 , -4.78041 , 0 , 0 , 0 , 133 , 15 , -528
50 , -50 , 48.5 , -49 , -0.222518 , 0.374363 , -1.65087 , 3.47668 , 1.30369 , -4.78041 , 0 , 0 , 0 , 146 , 15 , -542
50 , -50 , 48.5 , -49 , -0.222482 , 0.374374 , -1.65087 , 3.47668 , 1.30369 , -4.78041 , 0 , 0 , 0 , 121 , 20 , -516
50 , -50 , 48.5 , -49 , -0.222515 , 0.374375 , -1.65087 , 3.47668 , 1.30369 , -4.78041 , 0 , 0 , 0 , 158 , 20 , -542
50 , -50 , 48.5 , -49 , -0.222509 , 0.374368 , -1.65087 , 3.47668 , 1.30369 , -4.78041 , 0 , 0 , 0 , 121 , 20 , -517
50 , -50 , 48.5 , -49 , -0.222434 , 0.37438 , -1.65087 , 3.47668 , 1.30369 , -4.78041 , 0 , 0 , 0 , 121 , 20 , -530
50 , -50 , 48.5 , -49 , -0.222357 , 0.374377 , -1.65087 , 3.47666 , 1.30369 , -4.78041 , 0 , 0 , 0 , 110 , 2 , -485
50 , -50 , 48.5 , -49 , -0.222305 , 0.374381 , -1.65087 , 3.4767 , 1.30369 , -4.78041 , -0.0195412 , 0 , 0 , 109 , 15 , -530
50 , -50 , 48.5 , -49 , -0.222266 , 0.37439 , -1.65087 , 3.4767 , 1.30369 , -4.78041 , -0.0195412 , 0 , 0 , 103 , 2 , -510
50 , -50 , 48.5 , -49 , -0.222299 , 0.374373 , -1.65087 , 3.47668 , 1.30369 , -4.78041 , 0 , 0 , 0 , 103 , 51 , -510
50 , -50 , 48.5 , -49 , -0.222349 , 0.374388 , -1.65087 , 3.47668 , 1.30369 , -4.78041 , 0 , 0 , 0 , 61 , 2 , -516
50 , -50 , 48.5 , -49 , -0.222328 , 0.374441 , -1.65087 , 3.47668 , 1.30369 , -4.78041 , 0 , 0 , 0 , 103 , 7 , -492
50 , -50 , 48.5 , -49 , -0.222269 , 0.374465 , -1.65087 , 3.47668 , 1.30369 , -4.78041 , 0 , 0 , 0 , 121 , 76 , -517
50 , -50 , 48.5 , -49 , -0.222225 , 0.37444 , -1.65087 , 3.47668 , 1.30369 , -4.78041 , 0 , 0 , 0 , 115 , 15 , -485
50 , -50 , 48.5 , -49 , -0.222209 , 0.374444 , -1.65087 , 3.47668 , 1.30369 , -4.78041 , 0 , 0 , 0 , 140 , 63 , -523
50 , -50 , 48.5 , -49 , -0.222229 , 0.37447 , -1.65087 , 3.47668 , 1.30369 , -4.78041 , 0 , 0 , 0 , 30 , 2 , -517
50 , -50 , 48.5 , -49 , -0.222268 , 0.374507 , -1.65087 , 3.47668 , 1.30369 , -4.78041 , 0 , 0 , 0 , 91 , 7 , -524
50 , -50 , 48.5 , -49 , -0.222247 , 0.374546 , -1.65087 , 3.47668 , 1.30369 , -4.78041 , 0 , 0 , 0 , 122 , 33 , -505
50 , -50 , 48.5 , -49 , -0.222194 , 0.374546 , -1.65087 , 3.47668 , 1.30369 , -4.78041 , 0 , 0 , 0 , 121 , 38 , -524
50 , -50 , 48.5 , -49 , -0.22213 , 0.374508 , -1.65087 , 3.4767 , 1.30369 , -4.78041 , -0.0195412 , 0 , 0 , 109 , 38 , -511
50 , -50 , 48.5 , -49 , -0.222111 , 0.374431 , -1.65087 , 3.47668 , 1.30369 , -4.78041 , 0 , 0 , 0 , 121 , 27 , -510
50 , -50 , 48.5 , -49 , -0.222101 , 0.374364 , -1.65087 , 3.47668 , 1.30369 , -4.78041 , 0 , 0 , 0 , 97 , -16 , -524
50 , -50 , 48.5 , -49 , -0.22211 , 0.374353 , -1.65087 , 3.4767 , 1.30369 , -4.78041 , 0 , 0 , 0 , 103 , -10 , -492
50 , -50 , 48.5 , -49 , -0.222156 , 0.374357 , -1.65087 , 3.47668 , 1.30369 , -4.78041 , 0 , 0 , 0 , 115 , -10 , -486
50 , -50 , 48.5 , -49 , -0.222175 , 0.374341 , -1.65087 , 3.47668 , 1.30369 , -4.78041 , 0 , 0 , 0 , 73 , 15 , -517
50 , -50 , 48.5 , -49 , -0.222154 , 0.374321 , -1.65087 , 3.47668 , 1.30369 , -4.78041 , 0 , 0 , 0 , 79 , 20 , -511
50 , -50 , 48.5 , -49 , -0.222081 , 0.374281 , -1.65087 , 3.47668 , 1.30369 , -4.78041 , 0 , 0 , 0 , 97 , 20 , -491
50 , -50 , 48.5 , -49 , -0.222025 , 0.374252 , -1.65087 , 3.47668 , 1.30369 , -4.78041 , 0 , 0 , 0 , 103 , 38 , -505
50 , -50 , 48.5 , -49 , -0.222025 , 0.374244 , -1.65087 , 3.47668 , 1.30369 , -4.78041 , 0 , 0 , 0 , 110 , 2 , -485
50 , -50 , 48.5 , -49 , -0.222049 , 0.374232 , -1.65087 , 3.47668 , 1.30369 , -4.78041 , 0 , 0 , 0 , 115 , 33 , -492
50 , -50 , 48.5 , -49 , -0.22206 , 0.374224 , -1.65087 , 3.47668 , 1.30369 , -4.78041 , 0 , 0 , 0 , 97 , -10 , -491
50 , -50 , 48.5 , -49 , -0.22203 , 0.374225 , -1.65087 , 3.47668 , 1.30369 , -4.78041 , 0 , 0 , 0 , 109 , 2 , -510
50 , -50 , 48.5 , -49 , -0.221991 , 0.374183 , -1.65087 , 3.47666 , 1.30369 , -4.78041 , 0 , 0 , 0 , 121 , 26 , -511
50 , -50 , 48.5 , -49 , -0.221921 , 0.374141 , -1.65087 , 3.47668 , 1.30369 , -4.78041 , 0 , 0 , 0 , 48 , 33 , -505
50 , -50 , 48.5 , -49 , -0.221862 , 0.374136 , -1.65087 , 3.47668 , 1.30369 , -4.78041 , 0 , 0 , 0 , 115 , 51 , -493
50 , -50 , 48.5 , -49 , -0.22186 , 0.374126 , -1.65087 , 3.47668 , 1.30369 , -4.78041 , 0 , 0 , 0 , 103 , 2 , -499
50 , -50 , 48.5 , -49 , -0.221884 , 0.374129 , -1.65087 , 3.47668 , 1.30369 , -4.78041 , 0 , 0 , 0 , 97 , 51 , -498
50 , -50 , 48.5 , -49 , -0.221923 , 0.37415 , -1.65087 , 3.47668 , 1.30369 , -4.78041 , 0 , 0 , 0 , 115 , 51 , -499
50 , -50 , 48.5 , -49 , -0.221911 , 0.37417 , -1.65087 , 3.47666 , 1.30367 , -4.78041 , 0 , 0 , 0 , 79 , 8 , -486
50 , -50 , 48.5 , -49 , -0.221863 , 0.37418 , -1.65087 , 3.47668 , 1.30369 , -4.78041 , 0 , 0 , 0 , 128 , 51 , -486
50 , -50 , 48.5 , -49 , -0.221788 , 0.374192 , -1.65087 , 3.4767 , 1.30367 , -4.78041 , -0.0195412 , 0 , 0 , 121 , 2 , -480
50 , -50 , 48.5 , -49 , -0.221756 , 0.374174 , -1.65087 , 3.47668 , 1.30369 , -4.78041 , 0 , 0 , 0 , 103 , 20 , -481
50 , -50 , 48.5 , -49 , -0.221757 , 0.374121 , -1.65087 , 3.47668 , 1.30369 , -4.78041 , 0 , 0 , 0 , 91 , 2 , -511
50 , -50 , 48.5 , -49 , -0.221768 , 0.374083 , -1.65087 , 3.47668 , 1.30369 , -4.78041 , 0 , 0 , 0 , 85 , 2 , -506
50 , -50 , 48.5 , -49 , -0.221789 , 0.374104 , -1.65087 , 3.47668 , 1.30369 , -4.78041 , 0 , 0 , 0 , 134 , 2 , -492
50 , -50 , 48.5 , -49 , -0.221799 , 0.374132 , -1.65087 , 3.47668 , 1.30369 , -4.78041 , 0 , 0 , 0 , 109 , 38 , -474
50 , -50 , 48.5 , -49 , -0.221842 , 0.374111 , -1.65087 , 3.47666 , 1.30369 , -4.78041 , 0 , 0 , 0 , 133 , 33 , -467
50 , -50 , 48.5 , -49 , -0.221844 , 0.374046 , -1.65087 , 3.47668 , 1.30369 , -4.78041 , 0 , 0 , 0 , 103 , 20 , -483
50 , -50 , 48.5 , -49 , -0.221834 , 0.373981 , -1.65087 , 3.47668 , 1.30369 , -4.78041 , 0 , 0 , 0 , 146 , 38 , -467
50 , -50 , 48.5 , -49 , -0.221881 , 0.373911 , -1.65087 , 3.4767 , 1.30369 , -4.78041 , 0 , 0 , 0 , 91 , 20 , -499
50 , -50 , 48.5 , -49 , -0.221921 , 0.37387 , -1.65087 , 3.47666 , 1.30369 , -4.78041 , 0.0195412 , 0 , 0 , 128 , 7 , -517
50 , -50 , 48.5 , -49 , -0.221907 , 0.373872 , -1.65087 , 3.47666 , 1.30369 , -4.78041 , 0.0195412 , 0 , 0 , 109 , 58 , -493
50 , -50 , 48.5 , -49 , -0.221885 , 0.37383 , -1.65087 , 3.47666 , 1.30369 , -4.78041 , 0 , 0 , 0 , 109 , -16 , -499
50 , -50 , 48.5 , -49 , -0.221827 , 0.373801 , -1.65087 , 3.47668 , 1.30369 , -4.78041 , 0 , 0 , 0 , 97 , 51 , -468
50 , -50 , 48.5 , -49 , -0.221783 , 0.37378 , -1.65087 , 3.4767 , 1.30369 , -4.78041 , 0 , 0 , 0 , 103 , 7 , -486
50 , -50 , 48.5 , -49 , -0.221753 , 0.373718 , -1.65087 , 3.47668 , 1.30369 , -4.78041 , 0 , 0 , 0 , 109 , 33 , -493
50 , -50 , 48.5 , -49 , -0.221687 , 0.373692 , -1.65087 , 3.47668 , 1.30367 , -4.78041 , 0 , 0 , 0 , 73 , 26 , -493
50 , -50 , 48.5 , -49 , -0.221658 , 0.373719 , -1.65087 , 3.47668 , 1.30369 , -4.78041 , 0 , 0 , 0 , 79 , 20 , -492
50 , -50 , 48.5 , -49 , -0.221735 , 0.373691 , -1.65087 , 3.47666 , 1.30369 , -4.78041 , 0.0195412 , 0 , 0 , 91 , 33 , -506
50 , -50 , 48.5 , -49 , -0.221751 , 0.373691 , -1.65087 , 3.47668 , 1.30369 , -4.78041 , 0 , 0 , 0 , 140 , 46 , -473
50 , -50 , 48.5 , -49 , -0.221653 , 0.373749 , -1.65093 , 3.47668 , 1.30369 , -4.78041 , 0 , 0 , 0 , 61 , 15 , -483
50 , -50 , 48.5 , -49 , -0.221708 , 0.373728 , -1.65093 , 3.47668 , 1.30367 , -4.78041 , 0 , 0 , 0 , 103 , 8 , -468
50 , -50 , 48.5 , -49 , -0.22182 , 0.373682 , -1.65093 , 3.47668 , 1.30369 , -4.78041 , 0 , 0 , 0 , 121 , 20 , -473
50 , -50 , 48.5 , -49 , -0.221779 , 0.373684 , -1.65093 , 3.47668 , 1.30369 , -4.78041 , 0 , 0 , 0 , 140 , 20 , -499
50 , -50 , 48.5 , -49 , -0.221741 , 0.373697 , -1.65093 , 3.47668 , 1.30369 , -4.78041 , 0 , 0 , 0 , 140 , 20 , -467
50 , -50 , 48.5 , -49 , -0.22182 , 0.373705 , -1.65093 , 3.47668 , 1.30369 , -4.78041 , 0 , 0 , 0 , 109 , 15 , -493
50 , -50 , 48.5 , -49 , -0.221794 , 0.373785 , -1.65093 , 3.47668 , 1.30369 , -4.78041 , 0 , 0 , 0 , 128 , 51 , -449
50 , -50 , 48.5 , -49 , -0.221704 , 0.37385 , -1.65093 , 3.47668 , 1.30369 , -4.78041 , 0 , 0 , 0 , 121 , 15 , -468
50 , -50 , 48.5 , -49 , -0.221749 , 0.373797 , -1.65093 , 3.47668 , 1.30369 , -4.78041 , 0 , 0 , 0 , 109 , 51 , -461
50 , -50 , 48.5 , -49 , -0.221915 , 0.373705 , -1.65093 , 3.47668 , 1.30369 , -4.78041 , 0 , 0 , 0 , 128 , 2 , -474
50 , -50 , 48.5 , -49 , -0.221719 , 0.373761 , -1.65093 , 3.47668 , 1.30369 , -4.78041 , 0 , 0 , 0 , 122 , 38 , -481
50 , -50 , 48.5 , -49 , -0.221571 , 0.373913 , -1.65108 , 3.47666 , 1.30369 , -4.78041 , 0.0195412 , 0 , 0 , 97 , 38 , -481
50 , -50 , 48.5 , -49 , -0.221975 , 0.373901 , -1.65108 , 3.47668 , 1.30369 , -4.78041 , 0 , 0 , 0 , 85 , 33 , -474
50 , -50 , 48.5 , -49 , -0.222188 , 0.373849 , -1.65108 , 3.4767 , 1.30369 , -4.78041 , -0.0195412 , 0 , 0 , 121 , 20 , -481
50 , -50 , 48.5 , -49 , -0.22195 , 0.373916 , -1.65108 , 3.47668 , 1.30369 , -4.78041 , 0 , 0 , 0 , 115 , 20 , -468
50 , -50 , 48.5 , -49 , -0.221679 , 0.373942 , -1.6512 , 3.4767 , 1.30369 , -4.78041 , -0.0195412 , 0 , 0 , 97 , 33 , -476
0 , 0 , 0 , 0 , -0.221791 , 0.373796 , -1.6512 , 3.47651 , 1.30353 , -4.78041 , -0.0195412 , -0.0419269 , 0 , 78 , -3 , -395
0 , 0 , 0 , 0 , -0.222006 , 0.373666 , -1.6512 , 3.47549 , 1.30248 , -4.78029 , -0.0977058 , -0.104052 , 0 , 64 , -43 , -123
0 , 0 , 0 , 0 , -0.22234 , 0.373578 , -1.65112 , 3.47307 , 1.30031 , -4.77863 , -0.17587 , -0.163843 , 0.177217 , 98 , -78 , -115
0 , 0 , 0 , 0 , -0.223784 , 0.373202 , -1.65056 , 3.46955 , 1.29671 , -4.7749 , -0.214953 , -0.221387 , 0.217445 , 21 , -64 , -136
0 , 0 , 0 , 0 , -0.225664 , 0.372748 , -1.64908 , 3.46478 , 1.29194 , -4.77035 , -0.195412 , -0.243251 , 0.311494 , -91 , -151 , -178
0 , 0 , 0 , 0 , -0.225962 , 0.372932 , -1.64733 , 3.45882 , 1.28594 , -4.76445 , -0.371282 , -0.319996 , 0.276656 , -71 , -164 , -71
0 , 0 , 0 , 0 , -0.225646 , 0.373312 , -1.64574 , 3.45152 , 1.27856 , -4.75788 , -0.3322 , -0.406824 , 0.37033 , -221 , -127 , 26
0 , 0 , 0 , 0 , -0.226557 , 0.373311 , -1.64364 , 3.44282 , 1.27 , -4.74961 , -0.449447 , -0.443779 , 0.496386 , -68 , -120 , -128
0 , 0 , 0 , 0 , -0.228258 , 0.373232 , -1.64072 , 3.43322 , 1.26031 , -4.73918 , -0.488529 , -0.506245 , 0.526714 , 1 , -62 , -196
0 , 0 , 0 , 0 , -0.228998 , 0.373405 , -1.63718 , 3.42295 , 1.24979 , -4.72869 , -0.566693 , -0.547369 , 0.560453 , -9 , -93 , -183
0 , 0 , 0 , 0 , -0.228201 , 0.374121 , -1.63367 , 3.41073 , 1.23774 , -4.7179 , -0.644858 , -0.661289 , 0.567781 , -206 , -103 , 32
0 , 0 , 0 , 0 , -0.227701 , 0.374855 , -1.63005 , 3.39707 , 1.22416 , -4.70432 , -0.703482 , -0.712312 , 0.728237 , 110 , 2 , -85
0 , 0 , 0 , 0 , -0.228651 , 0.37532 , -1.62571 , 3.38338 , 1.21005 , -4.68956 , -0.762105 , -0.736009 , 0.732335 , -36 , -135 , -136
0 , 0 , 0 , 0 , -0.229078 , 0.376197 , -1.6205 , 3.36755 , 1.19445 , -4.67477 , -0.859811 , -0.77698 , 0.743008 , -35 , -132 , 2
0 , 0 , 0 , 0 , -0.227744 , 0.377757 , -1.61547 , 3.35037 , 1.17735 , -4.65756 , -0.820728 , -0.829769 , 0.913134 , 64 , -97 , -227
0 , 0 , 0 , 0 , -0.227005 , 0.379061 , -1.61021 , 3.3331 , 1.15979 , -4.64015 , -0.937975 , -0.994457 , 0.885549 , -125 , -68 , -11
0 , 0 , 0 , 0 , -0.227011 , 0.380052 , -1.60439 , 3.31297 , 1.14011 , -4.62103 , -0.957517 , -1.00469 , 1.05723 , 87 , -31 , -195
0 , 0 , 0 , 0 , -0.226956 , 0.380895 , -1.59799 , 3.29354 , 1.11914 , -4.60091 , -1.05522 , -1.1177 , 0.963408 , -132 , -76 , 28
0 , 0 , 0 , 0 , -0.226532 , 0.381518 , -1.59095 , 3.27099 , 1.09813 , -4.57931 , -1.05522 , -1.07075 , 1.16663 , 68 , -84 , -179
0 , 0 , 0 , 0 , -0.225193 , 0.382543 , -1.58363 , 3.24788 , 1.07445 , -4.55704 , -1.19201 , -1.14722 , 1.09782 , -98 , -129 , 34
0 , 0 , 0 , 0 , -0.223691 , 0.384163 , -1.57618 , 3.22341 , 1.05036 , -4.53275 , -1.15293 , -1.17836 , 1.28279 , -36 , -93 , -215
0 , 0 , 0 , 0 , -0.222854 , 0.385937 , -1.56846 , 3.19781 , 1.02489 , -4.50846 , -1.36788 , -1.32707 , 1.34226 , 180 , -29 , -118
0 , 0 , 0 , 0 , -0.222616 , 0.387899 , -1.56017 , 3.17214 , 0.998827 , -4.48182 , -1.3288 , -1.42462 , 1.23288 , -142 , -76 , -32
0 , 0 , 0 , 0 , -0.221827 , 0.389974 , -1.55133 , 3.14386 , 0.970883 , -4.45421 , -1.27018 , -1.32183 , 1.49074 , -98 , -172 , -245
0 , 0 , 0 , 0 , -0.220231 , 0.391671 , -1.54223 , 3.11472 , 0.941981 , -4.42642 , -1.52421 , -1.49168 , 1.50123 , 154 , -60 , -100
0 , 0 , 0 , 0 , -0.218345 , 0.393605 , -1.53305 , 3.08541 , 0.91222 , -4.39641 , -1.62192 , -1.63753 , 1.46192 , 34 , -43 , -62
0 , 0 , 0 , 0 , -0.216555 , 0.39528 , -1.52363 , 3.05442 , 0.881072 , -4.3635 , -1.56329 , -1.5417 , 1.46742 , -151 , -113 , 34
0 , 0 , 0 , 0 , -0.21513 , 0.396269 , -1.51375 , 3.02141 , 0.848418 , -4.3311 , -1.54375 , -1.55499 , 1.56851 , -214 , -197 , -155
0 , 0 , 0 , 0 , -0.213956 , 0.397552 , -1.50317 , 2.98751 , 0.814417 , -4.29798 , -1.68054 , -1.62842 , 1.81919 , 47 , -114 , -338
0 , 0 , 0 , 0 , -0.212374 , 0.399303 , -1.49203 , 2.95302 , 0.779594 , -4.26552 , -1.83687 , -1.82627 , 1.86698 , 135 , -58 , -132
0 , 0 , 0 , 0 , -0.210457 , 0.401599 , -1.48075 , 2.91746 , 0.74358 , -4.22796 , -1.97366 , -1.90027 , 1.78865 , 195 , -2 , -34
0 , 0 , 0 , 0 , -0.209134 , 0.404036 , -1.46902 , 2.88064 , 0.706432 , -4.19078 , -2.03228 , -1.94924 , 1.80518 , 292 , -44 , -34
0 , 0 , 0 , 0 , -0.207762 , 0.406232 , -1.45694 , 2.84246 , 0.668171 , -4.15261 , -2.05182 , -2.00079 , 1.9284 , 21 , -53 , 60
0 , 0 , 0 , 0 , -0.205889 , 0.408434 , -1.44447 , 2.80302 , 0.628874 , -4.11314 , -2.07136 , -2.00937 , 1.95574 , 93 , -44 , 48
0 , 0 , 0 , 0 , -0.203577 , 0.410797 , -1.43169 , 2.76236 , 0.590944 , -4.07261 , -2.18861 , -1.96064 , 2.04977 , 141 , -145 , 35
0 , 0 , 0 , 0 , -0.200402 , 0.413273 , -1.41905 , 2.72038 , 0.553835 , -4.03077 , -2.28632 , -1.92365 , 2.01109 , 227 , -29 , -1
0 , 0 , 0 , 0 , -0.197213 , 0.415705 , -1.40649 , 2.67716 , 0.518075 , -3.988 , -2.34494 , -1.8024 , 2.17325 , 205 , -146 , -39
0 , 0 , 0 , 0 , -0.194959 , 0.418348 , -1.39401 , 2.6326 , 0.48169 , -3.94364 , -2.34494 , -1.61164 , 2.30007 , 228 , -167 , -287
0 , 0 , 0 , 0 , -0.193518 , 0.42001 , -1.38113 , 2.58447 , 0.448137 , -3.89553 , -2.14953 , -1.54069 , 2.42997 , -95 , -215 , -343
0 , 0 , 0 , 0 , -0.191868 , 0.420733 , -1.36794 , 2.53822 , 0.41564 , -3.85096 , -2.20815 , -1.53364 , 2.42369 , -243 , -111 , -223
0 , 0 , 0 , 0 , -0.188817 , 0.421017 , -1.355 , 2.49091 , 0.384902 , -3.80306 , -2.34494 , -1.56329 , 2.32057 , -232 , -57 , -41
0 , 0 , 0 , 0 , -0.183977 , 0.420239 , -1.34217 , 2.44188 , 0.355415 , -3.75442 , -2.63806 , -1.50028 , 2.38064 , 50 , -155 , 92
0 , 0 , 0 , 0 , -0.178532 , 0.418995 , -1.32973 , 2.39072 , 0.326748 , -3.70453 , -2.69668 , -1.33538 , 2.6171 , 317 , -188 , -154
0 , 0 , 0 , 0 , -0.174057 , 0.417834 , -1.31708 , 2.33914 , 0.299234 , -3.65273 , -2.44264 , -1.31368 , 2.70933 , -212 , -153 , -230
0 , 0 , 0 , 0 , -0.170255 , 0.41655 , -1.30423 , 2.28737 , 0.273185 , -3.59985 , -2.63806 , -1.26004 , 2.50127 , -83 , -91 , 81
0 , 0 , 0 , 0 , -0.16597 , 0.414485 , -1.29142 , 2.23283 , 0.248212 , -3.54389 , -2.93117 , -1.15343 , 2.74582 , 335 , -213 , -113
0 , 0 , 0 , 0 , -0.161784 , 0.412311 , -1.27852 , 2.17733 , 0.224372 , -3.48819 , -2.52081 , -1.18311 , 2.87898 , -280 , -118 , -193
0 , 0 , 0 , 0 , -0.15762 , 0.410124 , -1.26551 , 2.12201 , 0.202036 , -3.43233 , -2.9898 , -1.05059 , 2.69842 , 211 , -194 , 97
0 , 0 , 0 , 0 , -0.153002 , 0.407186 , -1.25277 , 2.06337 , 0.180267 , -3.37507 , -2.81393 , -1.00813 , 3.04338 , -100 , -132 , -161
0 , 0 , 0 , 0 , -0.149093 , 0.403789 , -1.23996 , 2.00574 , 0.160589 , -3.31639 , -3.02888 , -0.905381 , 2.75874 , 5 , -184 , 251
0 , 0 , 0 , 0 , -0.145269 , 0.399873 , -1.22708 , 1.94491 , 0.141302 , -3.25636 , -2.97026 , -0.937222 , 3.14544 , 74 , -81 , -267
0 , 0 , 0 , 0 , -0.140728 , 0.394785 , -1.21392 , 1.8859 , 0.123676 , -3.19594 , -3.04842 , -0.869133 , 2.86142 , -45 , -155 , -36
0 , 0 , 0 , 0 , -0.135593 , 0.388878 , -1.20104 , 1.82493 , 0.106792 , -3.13675 , -2.9898 , -0.799498 , 3.21664 , 83 , -158 , -277
0 , 0 , 0 , 0 , -0.130484 , 0.382887 , -1.18824 , 1.7659 , 0.0915112 , -3.07601 , -3.02888 , -0.733022 , 2.79492 , -20 , -133 , 55
0 , 0 , 0 , 0 , -0.125723 , 0.376963 , -1.17609 , 1.70186 , 0.0766404 , -3.01647 , -3.00934 , -0.665229 , 3.21004 , 77 , -159 , -193
0 , 0 , 0 , 0 , -0.121049 , 0.370554 , -1.1638 , 1.64591 , 0.0635478 , -2.95597 , -3.02888 , -0.620021 , 2.8083 , 31 , -108 , 31
0 , 0 , 0 , 0 , -0.116108 , 0.364031 , -1.15197 , 1.58182 , 0.0518818 , -2.89631 , -3.00934 , -0.536108 , 3.18822 , 26 , -148 , -353
0 , 0 , 0 , 0 , -0.11089 , 0.35748 , -1.14021 , 1.52302 , 0.0415054 , -2.83601 , -3.00934 , -0.465448 , 2.8932 , -61 , -180 , 68
0 , 0 , 0 , 0 , -0.106299 , 0.350486 , -1.12863 , 1.46215 , 0.032028 , -2.77637 , -3.02888 , -0.520169 , 3.22771 , 107 , -49 , -294
0 , 0 , 0 , 0 , -0.101819 , 0.343256 , -1.1173 , 1.40434 , 0.023762 , -2.71604 , -2.85301 , -0.341426 , 2.91839 , -64 , -155 , 33
0 , 0 , 0 , 0 , -0.0972253 , 0.335701 , -1.10647 , 1.34607 , 0.0169031 , -2.65641 , -2.97026 , -0.32043 , 3.19038 , 223 , -179 , -256
0 , 0 , 0 , 0 , -0.0933194 , 0.327987 , -1.0954 , 1.29028 , 0.0112752 , -2.59598 , -2.61851 , -0.246834 , 2.90394 , -205 , -231 , -18
0 , 0 , 0 , 0 , -0.0892647 , 0.319758 , -1.08474 , 1.23527 , 0.00668308 , -2.53642 , -2.97026 , -0.241846 , 3.26139 , 258 , -163 , -286
0 , 0 , 0 , 0 , -0.0849319 , 0.311015 , -1.07413 , 1.18066 , 0.00336108 , -2.47303 , -2.54035 , -0.145539 , 2.90215 , -150 , -234 , 37
0 , 0 , 0 , 0 , -0.0806899 , 0.302112 , -1.06396 , 1.12874 , 0.00111385 , -2.41327 , -2.55989 , -0.0725888 , 3.17527 , -108 , -191 , -251
0 , 0 , 0 , 0 , -0.0767192 , 0.293134 , -1.05369 , 1.07707 , 0.000136788 , -2.35322 , -2.73576 , -0.0159988 , 2.87898 , 252 , -208 , 66
0 , 0 , 0 , 0 , -0.0730665 , 0.284288 , -1.04388 , 1.02597 , 1.95412e-05 , -2.29325 , -2.4231 , -0.0101749 , 3.22549 , 126 , -144 , -224
0 , 0 , 0 , 0 , -0.0693355 , 0.275183 , -1.0341 , 0.977097 , 0 , -2.23326 , -2.24723 , 0 , 2.90574 , -282 , -191 , 16
0 , 0 , 0 , 0 , -0.0661328 , 0.265782 , -1.02436 , 0.929768 , -1.95412e-05 , -2.17333 , -2.28632 , 0 , 3.22994 , -158 , -195 , -242
0 , 0 , 0 , 0 , -0.0632743 , 0.256095 , -1.01451 , 0.883104 , -3.90823e-05 , -2.11322 , -2.44264 , 0 , 2.88253 , 141 , -144 , 13
0 , 0 , 0 , 0 , -0.0606228 , 0.246617 , -1.0047 , 0.837241 , -5.86235e-05 , -2.05338 , -2.46219 , -0.00320836 , 3.18605 , 203 , -191 , -210
0 , 0 , 0 , 0 , -0.0579723 , 0.237143 , -0.994711 , 0.790108 , -5.86235e-05 , -1.99328 , -2.28632 , 0 , 2.84234 , 260 , -144 , 78
0 , 0 , 0 , 0 , -0.055411 , 0.227417 , -0.984702 , 0.749032 , -5.86235e-05 , -1.9333 , -2.14953 , 0 , 3.19908 , 139 , -172 , -279
0 , 0 , 0 , 0 , -0.0529237 , 0.217591 , -0.974665 , 0.707019 , -7.81646e-05 , -1.87323 , -2.01274 , 0 , 2.86492 , 26 , -149 , 47
0 , 0 , 0 , 0 , -0.0501101 , 0.207501 , -0.964816 , 0.664165 , -7.81646e-05 , -1.81334 , -1.85641 , 0 , 3.18389 , -59 , -172 , -174
0 , 0 , 0 , 0 , -0.0474603 , 0.197756 , -0.954939 , 0.62475 , -9.77058e-05 , -1.75325 , -1.87595 , 0 , 2.84751 , 35 , -121 , 52
0 , 0 , 0 , 0 , -0.0452253 , 0.188127 , -0.945075 , 0.58643 , -9.77058e-05 , -1.69344 , -1.91503 , 0 , 3.26139 , 132 , -113 , -239
0 , 0 , 0 , 0 , -0.0431249 , 0.178347 , -0.935058 , 0.54938 , -9.77058e-05 , -1.63333 , -1.83687 , 0 , 2.89856 , 235 , -195 , 65
0 , 0 , 0 , 0 , -0.041297 , 0.168705 , -0.925029 , 0.513737 , -9.77058e-05 , -1.57334 , -1.87595 , 0 , 3.05529 , 208 , -141 , -106
0 , 0 , 0 , 0 , -0.0392892 , 0.15902 , -0.915198 , 0.479442 , -9.77058e-05 , -1.51317 , -1.77825 , 0 , 2.84925 , 265 , -136 , 61
0 , 0 , 0 , 0 , -0.0370058 , 0.14931 , -0.905437 , 0.446222 , -9.77058e-05 , -1.45382 , -1.64146 , 0 , 3.06727 , -2 , -141 , -226
0 , 0 , 0 , 0 , -0.0346278 , 0.139575 , -0.895895 , 0.41394 , -9.77058e-05 , -1.39514 , -1.50467 , 0 , 2.81505 , -136 , -124 , 17
0 , 0 , 0 , 0 , -0.0323118 , 0.130068 , -0.886628 , 0.382264 , -9.77058e-05 , -1.33536 , -1.36788 , 0 , 2.96451 , -143 , -132 , -279
0 , 0 , 0 , 0 , -0.0302102 , 0.120669 , -0.87749 , 0.352171 , -0.000117247 , -1.27897 , -1.50467 , 0 , 2.63327 , 177 , -92 , 68
0 , 0 , 0 , 0 , -0.0282528 , 0.111649 , -0.868682 , 0.32454 , -0.000117247 , -1.2248 , -1.52421 , 0 , 2.73462 , 29 , -119 , 3
0 , 0 , 0 , 0 , -0.0268013 , 0.103269 , -0.859892 , 0.297299 , -0.000117247 , -1.17079 , -1.25063 , 0 , 2.75549 , -147 , -33 , -200
0 , 0 , 0 , 0 , -0.0255091 , 0.0948222 , -0.851495 , 0.270274 , -9.77058e-05 , -1.11834 , -1.21155 , 0 , 2.46575 , 166 , -119 , 81
0 , 0 , 0 , 0 , -0.0238018 , 0.0865804 , -0.843396 , 0.246277 , -9.77058e-05 , -1.06763 , -1.25063 , 0 , 2.50127 , -44 , -119 , 8
0 , 0 , 0 , 0 , -0.022673 , 0.0787617 , -0.835198 , 0.222202 , -0.000117247 , -1.01759 , -1.05522 , 0 , 2.53781 , -49 , -20 , -162
0 , 0 , 0 , 0 , -0.0229679 , 0.0712589 , -0.826745 , 0.198382 , -0.000117247 , -0.968342 , -1.13339 , 0 , 2.49196 , 140 , -101 , -101
0 , 0 , 0 , 0 , -0.0231087 , 0.0632 , -0.818549 , 0.178684 , -9.77058e-05 , -0.920623 , -0.996599 , 0 , 2.20388 , -49 , -128 , 82
0 , 0 , 0 , 0 , -0.0219197 , 0.0549047 , -0.810704 , 0.158029 , -9.77058e-05 , -0.874662 , -1.07476 , 0 , 2.17525 , 203 , -111 , 133
0 , 0 , 0 , 0 , -0.0199876 , 0.047225 , -0.803367 , 0.138742 , -9.77058e-05 , -0.829737 , -0.820728 , 0 , 2.2322 , -85 , -88 , -32
0 , 0 , 0 , 0 , -0.0184404 , 0.0398656 , -0.796399 , 0.120706 , -9.77058e-05 , -0.78575 , -0.898893 , 0 , 2.21533 , 94 , -97 , -22
0 , 0 , 0 , 0 , -0.0176396 , 0.0325951 , -0.789697 , 0.10433 , -9.77058e-05 , -0.740825 , -0.762105 , 0 , 2.11827 , 2 , -78 , -28
0 , 0 , 0 , 0 , -0.0174671 , 0.0259111 , -0.783269 , 0.0894399 , -9.77058e-05 , -0.701371 , -0.801187 , 0 , 2.17727 , -50 , -83 , -214
0 , 0 , 0 , 0 , -0.0178192 , 0.0198941 , -0.776942 , 0.0746863 , -9.77058e-05 , -0.660921 , -0.68394 , 0 , 2.00593 , 118 , -69 , -150
0 , 0 , 0 , 0 , -0.0180042 , 0.0138023 , -0.77079 , 0.0625512 , -9.77058e-05 , -0.619806 , -0.547152 , 0 , 1.99568 , -8 , -101 , -106
0 , 0 , 0 , 0 , -0.0183278 , 0.00805878 , -0.764401 , 0.050807 , -9.77058e-05 , -0.581975 , -0.547152 , 0 , 1.96557 , -119 , -97 , -100
0 , 0 , 0 , 0 , -0.0187994 , 0.00281955 , -0.75806 , 0.0399812 , -7.81646e-05 , -0.545296 , -0.527611 , 0 , 1.81918 , 60 , -69 , -2
0 , 0 , 0 , 0 , -0.0189353 , -0.00262103 , -0.75206 , 0.0307773 , -7.81646e-05 , -0.509809 , -0.390823 , 0 , 1.73569 , 148 , -57 , 58
0 , 0 , 0 , 0 , -0.0188067 , -0.00836461 , -0.746413 , 0.0231172 , -7.81646e-05 , -0.475319 , -0.351741 , 0 , 1.64672 , 14 , -69 , 66
0 , 0 , 0 , 0 , -0.0183287 , -0.0142766 , -0.741351 , 0.0162192 , -7.81646e-05 , -0.441826 , -0.351741 , 0 , 1.56432 , -117 , -39 , 60
0 , 0 , 0 , 0 , -0.0174458 , -0.0201449 , -0.736608 , 0.0105131 , -7.81646e-05 , -0.409719 , -0.195412 , 0 , 1.53213 , -230 , -88 , -81
0 , 0 , 0 , 0 , -0.0163228 , -0.025737 , -0.731913 , 0.00586235 , -5.86235e-05 , -0.379528 , -0.17587 , 0 , 1.56329 , -114 , -88 , -167
0 , 0 , 0 , 0 , -0.0157114 , -0.0308836 , -0.726976 , 0.00267714 , -5.86235e-05 , -0.350158 , -0.156329 , 0 , 1.45784 , 11 , -47 , 92
0 , 0 , 0 , 0 , -0.015709 , -0.0353091 , -0.722379 , 0.000664399 , -5.86235e-05 , -0.321374 , -0.0781646 , 0 , 1.30491 , -20 , -75 , 59
0 , 0 , 0 , 0 , -0.0155148 , -0.0392792 , -0.718117 , -0.000136788 , -5.86235e-05 , -0.294192 , 0 , 0 , 1.3863 , 1 , -75 , -99
0 , 0 , 0 , 0 , -0.0148765 , -0.0432817 , -0.713938 , -3.90823e-05 , -5.86235e-05 , -0.26873 , 0.0195412 , 0 , 1.26071 , 9 , -88 , 35
0 , 0 , 0 , 0 , -0.0143432 , -0.0470076 , -0.710084 , 1.95412e-05 , -3.90823e-05 , -0.243405 , 0 , 0 , 1.1557 , 4 , -52 , 38
0 , 0 , 0 , 0 , -0.0139599 , -0.0506579 , -0.706579 , 1.95412e-05 , -3.90823e-05 , -0.220131 , 0 , 0 , 1.20377 , -10 , -69 , -115
0 , 0 , 0 , 0 , -0.01375 , -0.0544316 , -0.703047 , 1.95412e-05 , -3.90823e-05 , -0.197796 , 0 , 0 , 1.01954 , -10 , -75 , 45
0 , 0 , 0 , 0 , -0.0138555 , -0.0579388 , -0.699752 , 1.95412e-05 , -3.90823e-05 , -0.176359 , 0 , 0 , 1.08461 , 7 , -52 , -151
0 , 0 , 0 , 0 , -0.0139306 , -0.0613381 , -0.696452 , 0 , -3.90823e-05 , -0.156701 , 0 , 0 , 0.97139 , -2 , -75 , 31
0 , 0 , 0 , 0 , -0.0139041 , -0.0644295 , -0.69342 , 0 , -1.95412e-05 , -0.137707 , 0 , 0 , 0.960646 , -6 , -88 , -75
0 , 0 , 0 , 0 , -0.0136678 , -0.0671627 , -0.690603 , 0 , -1.95412e-05 , -0.119357 , 0 , 0 , 0.765569 , -6 , -75 , 112
0 , 0 , 0 , 0 , -0.0132696 , -0.0696852 , -0.688154 , 0 , -1.95412e-05 , -0.103959 , 0 , 0 , 0.8438 , 4 , -80 , -21
0 , 0 , 0 , 0 , -0.0130053 , -0.0720166 , -0.685767 , 0 , -3.90823e-05 , -0.0876812 , 0 , 0 , 0.659237 , 7 , -69 , -29
0 , 0 , 0 , 0 , -0.0129143 , -0.0741433 , -0.683646 , 0 , -3.90823e-05 , -0.0741978 , 0 , 0 , 0.665792 , 4 , -34 , 116
0 , 0 , 0 , 0 , -0.0128702 , -0.0759436 , -0.681731 , 0 , -1.95412e-05 , -0.0613202 , 0 , 0 , 0.628494 , 0 , -34 , -24
0 , 0 , 0 , 0 , -0.0128078 , -0.0775499 , -0.679876 , 0 , -1.95412e-05 , -0.049361 , 0 , 0 , 0.536843 , 0 , -57 , -7
0 , 0 , 0 , 0 , -0.0126466 , -0.0789627 , -0.678331 , 0 , -1.95412e-05 , -0.0395318 , -0.0195412 , 0 , 0.430893 , -4 , -93 , 50
0 , 0 , 0 , 0 , -0.0123627 , -0.0802885 , -0.676987 , 0 , -1.95412e-05 , -0.0306796 , 0 , 0 , 0.425116 , -12 , -65 , 66
0 , 0 , 0 , 0 , -0.0121298 , -0.0813982 , -0.675782 , 0 , -1.95412e-05 , -0.0224919 , 0 , 0 , 0.384664 , -2 , -47 , 26
0 , 0 , 0 , 0 , -0.0119853 , -0.0823425 , -0.674701 , 0 , -1.95412e-05 , -0.0154961 , 0 , 0 , 0.315688 , -2 , -65 , -128
0 , 0 , 0 , 0 , -0.0120082 , -0.0831463 , -0.673835 , 0 , -1.95412e-05 , -0.0098292 , 0 , 0 , 0.258026 , -10 , -69 , -3
0 , 0 , 0 , 0 , -0.0120554 , -0.0837955 , -0.673136 , 0 , -1.95412e-05 , -0.00568648 , 0 , 0 , 0.183888 , 7 , -34 , -31
0 , 0 , 0 , 0 , -0.0119148 , -0.0842927 , -0.672622 , 0 , -1.95412e-05 , -0.00267714 , 0 , 0 , 0.118574 , -4 , -69 , -31
0 , 0 , 0 , 0 , -0.0116079 , -0.0845065 , -0.672338 , 0 , -1.95412e-05 , -0.000918434 , 0 , 0 , 0.0668447 , -4 , -52 , 0
0 , 0 , 0 , 0 , -0.0112914 , -0.0844242 , -0.672247 , 0 , 0 , -0.00017587 , 0 , 0 , 0 , -10 , -57 , 41
0 , 0 , 0 , 0 , -0.0111638 , -0.0840831 , -0.672317 , 0 , 0 , -5.86235e-05 , 0 , 0 , 0 , -2 , -52 , 16
0 , 0 , 0 , 0 , -0.0112926 , -0.0835738 , -0.672403 , 0 , 0 , -5.86235e-05 , 0 , 0 , 0 , 9 , -88 , 27
0 , 0 , 0 , 0 , -0.0116276 , -0.0830237 , -0.672403 , 0 , 0 , -5.86235e-05 , 0 , 0 , 0 , 7 , -69 , 34
0 , 0 , 0 , 0 , -0.0119668 , -0.0825041 , -0.672403 , 0 , 0 , -5.86235e-05 , 0 , 0 , 0 , -12 , -65 , 27
0 , 0 , 0 , 0 , -0.0121717 , -0.0820629 , -0.672403 , 0 , 0 , -5.86235e-05 , 0 , 0 , 0 , 7 , -6 , 8
0 , 0 , 0 , 0 , -0.0123093 , -0.0817806 , -0.672403 , 0 , 1.95412e-05 , -5.86235e-05 , 0 , 0 , 0 , -10 , -75 , 12
0 , 0 , 0 , 0 , -0.0124426 , -0.0816301 , -0.672403 , 0 , 0 , -3.90823e-05 , 0 , 0 , 0 , -10 , -69 , 30
0 , 0 , 0 , 0 , -0.0126002 , -0.0815189 , -0.672403 , 0 , 0 , -3.90823e-05 , 0 , 0 , 0 , -2 , -57 , 34
0 , 0 , 0 , 0 , -0.0127949 , -0.0814314 , -0.672403 , 0 , 0 , -3.90823e-05 , 0 , 0 , 0 , -8 , -29 , 48
0 , 0 , 0 , 0 , -0.0129362 , -0.0813108 , -0.672403 , 0 , 0 , -3.90823e-05 , 0 , 0 , 0 , -8 , -6 , 30
0 , 0 , 0 , 0 , -0.0130068 , -0.0810779 , -0.672403 , 0 , 1.95412e-05 , -1.95412e-05 , 0 , 0 , 0 , -2 , -57 , 30
0 , 0 , 0 , 0 , -0.0130804 , -0.0807669 , -0.672403 , 0 , 0 , -1.95412e-05 , 0 , 0 , 0 , -2 , -69 , 34
0 , 0 , 0 , 0 , -0.0131931 , -0.0804155 , -0.672403 , 0 , 0 , -1.95412e-05 , 0 , 0 , 0 , 17 , -16 , 41
0 , 0 , 0 , 0 , -0.0133131 , -0.0800917 , -0.672403 , 0 , 1.95412e-05 , -1.95412e-05 , 0 , 0 , 0 , -22 , -88 , 23
0 , 0 , 0 , 0 , -0.0134437 , -0.0798751 , -0.672403 , 0 , 0 , -1.95412e-05 , 0 , 0 , 0 , -2 , -69 , 37
0 , 0 , 0 , 0 , -0.0135576 , -0.079717 , -0.672403 , 0 , 0 , -1.95412e-05 , 0 , 0 , 0 , 7 , -57 , 27
0 , 0 , 0 , 0 , -0.0136363 , -0.0795929 , -0.672403 , 0 , 0 , 0 , 0 , 0 , 0 , 9 , -57 , 37
0 , 0 , 0 , 0 , -0.0137428 , -0.0795468 , -0.672403 , 0 , 1.95412e-05 , 0 , 0 , 0 , 0 , -2 , -83 , 30
0 , 0 , 0 , 0 , -0.0138765 , -0.079512 , -0.672403 , 0 , 0 , 0 , 0 , 0 , 0 , -2 , -69 , 41
0 , 0 , 0 , 0 , -0.0139812 , -0.0794114 , -0.672403 , 0 , 0 , 0 , 0 , 0 , 0 , 14 , -65 , 15
0 , 0 , 0 , 0 , -0.0140489 , -0.079197 , -0.672403 , 0 , 0 , 0 , 0 , 0 , 0 , -4 , -75 , 37
0 , 0 , 0 , 0 , -0.0141209 , -0.0789137 , -0.672403 , 0 , 0 , 0 , 0 , 0 , 0 , 7 , -64 , 19
0 , 0 , 0 , 0 , -0.0142168 , -0.0786428 , -0.672403 , 0 , 1.95412e-05 , 0 , 0 , 0 , 0 , -12 , -69 , 33
0 , 0 , 0 , 0 , -0.0143113 , -0.0784451 , -0.672403 , 0 , 0 , 0 , 0 , 0 , 0 , -2 , -75 , 33
0 , 0 , 0 , 0 , -0.0143934 , -0.0783354 , -0.672403 , 0 , 0 , 0 , 0 , 0 , 0 , -10 , -29 , 30
0 , 0 , 0 , 0 , -0.0144604 , -0.0782526 , -0.672403 , 0 , 0 , 0 , 0 , 0 , 0 , -2 , -34 , 30
0 , 0 , 0 , 0 , -0.0145212 , -0.078188 , -0.672403 , 0 , 0 , 0 , 0 , 0 , 0 , -12 , -57 , 34
0 , 0 , 0 , 0 , -0.014568 , -0.0781059 , -0.672403 , 0 , 0 , 0 , 0 , 0 , 0 , -2 , -52 , 19
0 , 0 , 0 , 0 , -0.0146081 , -0.0779753 , -0.672403 , 0 , 0 , 0 , 0 , 0 , 0 , -10 , -52 , 48
0 , 0 , 0 , 0 , -0.0146999 , -0.0778511 , -0.672403 , 0 , 0 , 0 , 0 , 0 , 0 , -20 , -75 , 48
0 , 0 , 0 , 0 , -0.0147704 , -0.0777149 , -0.672403 , 0 , 0 , 0 , 0 , 0 , 0 , -12 , -69 , 34
0 , 0 , 0 , 0 , -0.0148184 , -0.0775444 , -0.672403 , 0 , 0 , 0 , 0 , 0 , 0 , -12 , -47 , 26
0 , 0 , 0 , 0 , -0.0149199 , -0.0774043 , -0.672403 , 0 , 0 , 0 , 0 , 0 , 0 , 0 , -52 , 33
0 , 0 , 0 , 0 , -0.0150172 , -0.0773002 , -0.672403 , 0 , 0 , 1.95412e-05 , 0 , 0 , 0 , -2 , -75 , 16
0 , 0 , 0 , 0 , -0.0150777 , -0.077248 , -0.672403 , 0 , 0 , 0 , 0 , 0 , 0 , -10 , -62 , 23
0 , 0 , 0 , 0 , -0.0151337 , -0.0772135 , -0.672403 , 0 , 0 , 0 , 0 , 0 , 0 , 7 , -52 , 36
0 , 0 , 0 , 0 , -0.015193 , -0.0771403 , -0.672403 , 0 , 0 , 0 , 0 , 0 , 0 , 7 , -52 , 34
0 , 0 , 0 , 0 , -0.0152376 , -0.0770463 , -0.672403 , 0 , 0 , 0 , 0 , 0 , 0 , 0 , -88 , 30
0 , 0 , 0 , 0 , -0.0152781 , -0.0769612 , -0.672403 , 0 , 0 , 0 , 0 , 0 , 0 , -8 , -52 , 22
0 , 0 , 0 , 0 , -0.0153509 , -0.0768649 , -0.672403 , 0 , 0 , 0 , 0 , 0 , 0 , -4 , -97 , 23
0 , 0 , 0 , 0 , -0.0154414 , -0.0767524 , -0.672403 , 0 , 0 , 0 , 0 , 0 , 0 , -10 , -39 , 27
0 , 0 , 0 , 0 , -0.0154916 , -0.0766365 , -0.672403 , 0 , 0 , 0 , 0 , 0 , 0 , -4 , -69 , 48
0 , 0 , 0 , 0 , -0.0155076 , -0.0765317 , -0.672403 , 0 , 0 , 0 , 0 , 0 , 0 , -2 , -88 , 19
0 , 0 , 0 , 0 , -0.0155486 , -0.0764765 , -0.672403 , 0 , 0 , 1.95412e-05 , 0 , 0 , 0 , -10 , -52 , 41
0 , 0 , 0 , 0 , -0.0155989 , -0.0764661 , -0.672403 , 0 , 0 , 0 , 0 , 0 , 0 , -10 , -75 , 27
0 , 0 , 0 , 0 , -0.015631 , -0.0764385 , -0.672403 , 0 , 0 , 0 , 0 , 0 , 0 , 9 , -62 , 27
0 , 0 , 0 , 0 , -0.0156411 , -0.0763888 , -0.672403 , 0 , 0 , 0 , 0 , 0 , 0 , 9 , -69 , 22
0 , 0 , 0 , 0 , -0.0156499 , -0.0763523 , -0.672403 , 0 , 0 , 0 , 0 , 0 , 0 , 19 , -65 , 30
0 , 0 , 0 , 0 , -0.0156934 , -0.0763133 , -0.672403 , 0 , 0 , 0 , 0 , 0 , 0 , -10 , -69 , 19
0 , 0 , 0 , 0 , -0.0157057 , -0.0762628 , -0.672403 , 0 , 0 , 1.95412e-05 , 0 , 0 , 0 , -8 , -57 , 41
0 , 0 , 0 , 0 , -0.0156627 , -0.0761839 , -0.672403 , 0 , 0 , 0 , 0 , 0 , 0 , 14 , -52 , 27
0 , 0 , 0 , 0 , -0.0156163 , -0.0761009 , -0.672403 , 0 , 0 , 0 , 0 , 0 , 0 , 23 , -64 , 20
0 , 0 , 0 , 0 , -0.0156286 , -0.0760453 , -0.672403 , 0 , 0 , 0 , 0 , 0 , 0 , -2 , -69 , 36
0 , 0 , 0 , 0 , -0.015667 , -0.0760075 , -0.672403 , 0 , 1.95412e-05 , 0 , 0 , 0 , 0 , 0 , -69 , 33
0 , 0 , 0 , 0 , -0.0156732 , -0.0759765 , -0.672403 , 0 , 0 , 0 , 0 , 0 , 0 , 9 , -52 , 23
0 , 0 , 0 , 0 , -0.0156712 , -0.0759363 , -0.672403 , 0 , 0 , 0 , 0 , 0 , 0 , 11 , -52 , 33
0 , 0 , 0 , 0 , -0.0156885 , -0.0758825 , -0.672403 , 0 , 1.95412e-05 , 0 , 0 , 0 , 0 , -6 , -93 , 33
0 , 0 , 0 , 0 , -0.015722 , -0.0758622 , -0.672403 , 0 , 1.95412e-05 , 0 , 0 , 0 , 0 , 7 , -34 , 30
0 , 0 , 0 , 0 , -0.0157536 , -0.0758796 , -0.672403 , 0 , 0 , 0 , 0 , 0 , 0 , -18 , -47 , 22
0 , 0 , 0 , 0 , -0.0157819 , -0.0758725 , -0.672403 , 0 , 1.95412e-05 , 0 , 0 , 0 , 0 , -2 , -69 , 33
0 , 0 , 0 , 0 , -0.0158061 , -0.075829 , -0.672403 , 0 , 1.95412e-05 , 0 , 0 , 0 , 0 , -2 , -88 , 33
0 , 0 , 0 , 0 , -0.015837 , -0.0757604 , -0.672403 , 0 , 0 , 0 , 0 , 0 , 0 , 4 , -69 , 37
0 , 0 , 0 , 0 , -0.0158838 , -0.0757459 , -0.672403 , 0 , 0 , 0 , 0 , 0 , 0 , -12 , -52 , 12
0 , 0 , 0 , 0 , -0.015937 , -0.0757261 , -0.672403 , 0 , 0 , 0 , 0 , 0 , 0 , -4 , -75 , 19
0 , 0 , 0 , 0 , -0.0159455 , -0.0756717 , -0.672403 , 0 , 0 , 0 , 0 , 0 , 0 , -2 , -29 , 2
0 , 0 , 0 , 0 , -0.015955 , -0.0756334 , -0.672403 , 0 , 0 , 0 , 0 , 0 , 0 , -2 , -65 , 12
0 , 0 , 0 , 0 , -0.0159766 , -0.0755594 , -0.672403 , 0 , 0 , 0 , 0 , 0 , 0 , -4 , -80 , 37
0 , 0 , 0 , 0 , -0.0159786 , -0.0755206 , -0.672403 , 0 , 0 , 0 , 0 , 0 , 0 , 4 , -69 , 30
0 , 0 , 0 , 0 , -0.0159748 , -0.0755033 , -0.672403 , 0 , 0 , 0 , 0 , 0 , 0 , -2 , -69 , 12
0 , 0 , 0 , 0 , -0.0159444 , -0.0754679 , -0.672403 , 0 , 0 , 0 , 0 , 0 , 0 , 17 , -47 , 30
0 , 0 , 0 , 0 , -0.0159141 , -0.0754694 , -0.672403 , 0 , 0 , 0 , 0 , 0 , 0 , -4 , -69 , 19
0 , 0 , 0 , 0 , -0.0159474 , -0.0755065 , -0.672403 , 0 , 0 , 0 , 0 , 0 , 0 , -12 , -52 , 12
0 , 0 , 0 , 0 , -0.0160018 , -0.075516 , -0.672403 , 0 , 0 , 0 , 0 , 0 , 0 , -14 , -47 , 37
0 , 0 , 0 , 0 , -0.016032 , -0.075469 , -0.672403 , 0 , 0 , 0 , 0 , 0 , 0 , 7 , -57 , 8
0 , 0 , 0 , 0 , -0.0160564 , -0.0754195 , -0.672403 , 0 , 0 , 0 , 0 , 0 , 0 , 14 , -52 , 16
0 , 0 , 0 , 0 , -0.0160734 , -0.0753804 , -0.672403 , 0 , 0 , 0 , 0 , 0 , 0 , 0 , -65 , 21
0 , 0 , 0 , 0 , -0.0160997 , -0.0753575 , -0.672403 , 0 , 0 , 1.95412e-05 , 0 , 0 , 0 , 7 , -47 , 13
0 , 0 , 0 , 0 , -0.0161269 , -0.0753813 , -0.672403 , 0 , 1.95412e-05 , 0 , 0 , 0 , 0 , -8 , -59 , 23
0 , 0 , 0 , 0 , -0.0161621 , -0.0754006 , -0.672403 , 0 , 0 , 0 , 0 , 0 , 0 , -12 , -75 , 22
0 , 0 , 0 , 0 , -0.0162105 , -0.075398 , -0.672403 , 0 , 0 , 0 , 0 , 0 , 0 , 9 , -75 , 12
0 , 0 , 0 , 0 , -0.0162563 , -0.0754043 , -0.672403 , 0 , 1.95412e-05 , 0 , 0 , 0 , 0 , -12 , -69 , 13
0 , 0 , 0 , 0 , -0.016289 , -0.0753994 , -0.672403 , 0 , 0 , 1.95412e-05 , 0 , 0 , 0 , -4 , -75 , 19
0 , 0 , 0 , 0 , -0.0162742 , -0.0753818 , -0.672403 , 0 , 0 , 0 , 0 , 0 , 0 , -12 , -88 , -2
0 , 0 , 0 , 0 , -0.0162508 , -0.0753532 , -0.672403 , 0 , 0 , 0 , 0 , 0 , 0 , -22 , -52 , 27
0 , 0 , 0 , 0 , -0.0162149 , -0.0753268 , -0.672403 , 0 , 0 , 0 , 0 , 0 , 0 , -4 , -24 , 22
0 , 0 , 0 , 0 , -0.0161998 , -0.0752666 , -0.672403 , 0 , 0 , 0 , 0 , 0 , 0 , -20 , -52 , 30
0 , 0 , 0 , 0 , -0.0162335 , -0.0752257 , -0.672403 , 0 , 0 , 0 , 0 , 0 , 0 , 0 , -75 , 19
0 , 0 , 0 , 0 , -0.0162423 , -0.0752512 , -0.672403 , 0 , 0 , 0 , 0 , 0 , 0 , 12 , -88 , 12
0 , 0 , 0 , 0 , -0.016233 , -0.0752717 , -0.672403 , 0 , 0 , 0 , 0 , 0 , 0 , -8 , -69 , 33
0 , 0 , 0 , 0 , -0.016225 , -0.0752692 , -0.672403 , 0 , 0 , 0 , 0 , 0 , 0 , -10 , -80 , 16
0 , 0 , 0 , 0 , -0.016228 , -0.0752633 , -0.672403 , 0 , 0 , 0 , 0 , 0 , 0 , -10 , -88 , 31
0 , 0 , 0 , 0 , -0.0162284 , -0.075252 , -0.672403 , 0 , 0 , 0 , 0 , 0 , 0 , -20 , -69 , 27
0 , 0 , 0 , 0 , -0.0162236 , -0.0752185 , -0.672403 , 0 , 0 , 0 , 0 , 0 , 0 , 7 , -57 , -2
0 , 0 , 0 , 0 , -0.0162239 , -0.0751894 , -0.672403 , 0 , 0 , 0 , 0 , 0 , 0 , -20 , -57 , 5
0 , 0 , 0 , 0 , -0.0162174 , -0.0752052 , -0.672403 , 0 , 0 , 0 , 0 , 0 , 0 , 9 , -88 , 33
0 , 0 , 0 , 0 , -0.0161866 , -0.0752448 , -0.672403 , 0 , 0 , 0 , 0 , 0 , 0 , 7 , -69 , 30
0 , 0 , 0 , 0 , -0.0162022 , -0.0752778 , -0.672403 , 0 , 0 , 0 , 0 , 0 , 0 , 7 , -75 , 12
0 , 0 , 0 , 0 , -0.0162696 , -0.0752971 , -0.672403 , 0 , 0 , 0 , 0 , 0 , 0 , 7 , -88 , 19
0 , 0 , 0 , 0 , -0.0163163 , -0.0752511 , -0.672403 , 0 , 0 , 0 , 0 , 0 , 0 , 7 , -88 , 1
0 , 0 , 0 , 0 , -0.0163249 , -0.0751965 , -0.672403 , 0 , 0 , 0 , 0 , 0 , 0 , -12 , -52 , 30
0 , 0 , 0 , 0 , -0.0163219 , -0.0751473 , -0.672403 , 0 , 0 , 0 , 0 , 0 , 0 , -12 , -69 , 22
0 , 0 , 0 , 0 , -0.0163333 , -0.0750936 , -0.672403 , 0 , 0 , 0 , 0 , 0 , 0 , 0 , -69 , 23
0 , 0 , 0 , 0 , -0.0163553 , -0.075076 , -0.672403 , 0 , 0 , 0 , 0 , 0 , 0 , 17 , -52 , 30
0 , 0 , 0 , 0 , -0.0163473 , -0.0750726 , -0.672403 , 0 , 0 , 0 , 0 , 0 , 0 , -4 , -29 , 22
0 , 0 , 0 , 0 , -0.0163238 , -0.0750409 , -0.672403 , 0 , 0 , 0 , 0 , 0 , 0 , -10 , -69 , 22
0 , 0 , 0 , 0 , -0.0163361 , -0.0750254 , -0.672403 , 0 , 0 , 0 , 0 , 0 , 0 , -4 , -75 , 41
0 , 0 , 0 , 0 , -0.0163181 , -0.0750317 , -0.672403 , 0 , 0 , 0 , 0 , 0 , 0 , -2 , -65 , 30
0 , 0 , 0 , 0 , -0.0162984 , -0.075009 , -0.672403 , 0 , 0 , 0 , 0 , 0 , 0 , -4 , -34 , 8
0 , 0 , 0 , 0 , -0.0163343 , -0.0750234 , -0.672403 , 0 , 0 , 0 , 0 , 0 , 0 , -2 , -34 , 22
0 , 0 , 0 , 0 , -0.0163724 , -0.0750335 , -0.672403 , 0 , 0 , 0 , 0 , 0 , 0 , -18 , -65 , 27
0 , 0 , 0 , 0 , -0.0164301 , -0.0750375 , -0.672403 , 0 , 0 , 0 , 0 , 0 , 0 , -4 , -69 , 22
0 , 0 , 0 , 0 , -0.0165051 , -0.0750509 , -0.672403 , 0 , 0 , 0 , 0 , 0 , 0 , -10 , -69 , 22
0 , 0 , 0 , 0 , -0.0165425 , -0.0749763 , -0.672403 , 0 , 0 , 0 , 0 , 0 , 0 , -2 , 17 , 16
0 , 0 , 0 , 0 , -0.0165448 , -0.0749152 , -0.672403 , 0 , 0 , 0 , 0 , 0 , 0 , -12 , -52 , 7
0 , 0 , 0 , 0 , -0.0165154 , -0.0749452 , -0.672403 , 0 , 0 , 0 , 0 , 0 , 0 , 3 , -52 , 30
0 , 0 , 0 , 0 , -0.0165132 , -0.0749813 , -0.672403 , 0 , 0 , 0 , 0 , 0 , 0 , -2 , -88 , 22
0 , 0 , 0 , 0 , -0.0165212 , -0.0749925 , -0.672403 , 0 , 0 , 0 , 0 , 0 , 0 , -10 , -29 , 30
0 , 0 , 0 , 0 , -0.0164732 , -0.0750026 , -0.672403 , 0 , 0 , 0 , 0 , 0 , 0 , -12 , -57 , 33
0 , 0 , 0 , 0 , -0.0164522 , -0.0750058 , -0.672403 , 0 , 0 , 0 , 0 , 0 , 0 , -4 , -80 , 19
0 , 0 , 0 , 0 , -0.0164757 , -0.0749903 , -0.672403 , 0 , 0 , 0 , 0 , 0 , 0 , 11 , -75 , 27
0 , 0 , 0 , 0 , -0.0165319 , -0.0749828 , -0.672403 , 0 , 0 , 0 , 0 , 0 , 0 , -2 , -52 , 16
0 , 0 , 0 , 0 , -0.0166082 , -0.0750054 , -0.672403 , 0 , 0 , 0 , 0 , 0 , 0 , 9 , -75 , 22
0 , 0 , 0 , 0 , -0.0166447 , -0.0750559 , -0.672403 , 0 , 0 , 0 , 0 , 0 , 0 , 7 , -69 , 19
0 , 0 , 0 , 0 , -0.016644 , -0.0750762 , -0.672403 , 0 , 0 , 0 , 0 , 0 , 0 , -10 , -52 , 22
0 , 0 , 0 , 0 , -0.016668 , -0.0750645 , -0.672403 , 0 , 0 , 0 , 0 , 0 , 0 , 7 , -52 , 19
0 , 0 , 0 , 0 , -0.0166955 , -0.0750745 , -0.672403 , 0 , 0 , 0 , 0 , 0 , 0 , -8 , -69 , 16
0 , 0 , 0 , 0 , -0.0166822 , -0.0750798 , -0.672403 , 0 , 0 , 0 , 0 , 0 , 0 , -20 , -75 , 33
0 , 0 , 0 , 0 , -0.0166834 , -0.0750815 , -0.672403 , 0 , 0 , 0 , 0 , 0 , 0 , -2 , -75 , 22
0 , 0 , 0 , 0 , -0.0166936 , -0.0750692 , -0.672403 , 0 , 0 , 0 , 0 , 0 , 0 , 4 , -52 , 7
0 , 0 , 0 , 0 , -0.0167073 , -0.0750757 , -0.672403 , 0 , 0 , 0 , 0 , 0 , 0 , -2 , -52 , 22
0 , 0 , 0 , 0 , -0.0166957 , -0.0750892 , -0.672403 , 0 , 0 , 0 , 0 , 0 , 0 , 9 , -88 , 27
0 , 0 , 0 , 0 , -0.0166594 , -0.0750762 , -0.672403 , 0 , 0 , 0 , 0 , 0 , 0 , 7 , -52 , 16
0 , 0 , 0 , 0 , -0.016655 , -0.0750709 , -0.672403 , 0 , 0 , 0 , 0 , 0 , 0 , 17 , -52 , 27
0 , 0 , 0 , 0 , -0.0166641 , -0.0750402 , -0.672403 , 0 , 0 , 0 , 0 , 0 , 0 , -12 , -69 , 8
0 , 0 , 0 , 0 , -0.0166667 , -0.0750051 , -0.672403 , 0 , 0 , 0 , 0 , 0 , 0 , 0 , -88 , 30
0 , 0 , 0 , 0 , -0.0166324 , -0.0749813 , -0.672403 , 0 , 0 , 0 , 0 , 0 , 0 , 0 , -69 , 27
0 , 0 , 0 , 0 , -0.0165914 , -0.0749561 , -0.672403 , 0 , 0 , 0 , 0 , 0 , 0 , -14 , -75 , 41
0 , 0 , 0 , 0 , -0.016593 , -0.0749102 , -0.672403 , 0 , 0 , 0 , 0 , 0 , 0 , -4 , -52 , 22
0 , 0 , 0 , 0 , -0.0165659 , -0.0748546 , -0.672403 , 0 , 0 , 0 , 0 , 0 , 0 , -2 , -62 , 15
0 , 0 , 0 , 0 , -0.0165117 , -0.0748261 , -0.672403 , 0 , 0 , 0 , 0 , 0 , 0 , -4 , -88 , 20
0 , 0 , 0 , 0 , -0.0165073 , -0.0748378 , -0.672403 , 0 , 0 , 0 , 0 , 0 , 0 , -2 , -52 , 36
0 , 0 , 0 , 0 , -0.0165223 , -0.0748553 , -0.672403 , 0 , 0 , 0 , 0 , 0 , 0 , 11 , -69 , 15
0 , 0 , 0 , 0 , -0.0165313 , -0.0748962 , -0.672403 , 0 , 0 , 0 , 0 , 0 , 0 , 25 , -88 , 12
0 , 0 , 0 , 0 , -0.0165305 , -0.0749197 , -0.672403 , 0 , 0 , 0 , 0 , 0 , 0 , -12 , -69 , 16
0 , 0 , 0 , 0 , -0.0165275 , -0.074885 , -0.672403 , 0 , 0 , 0 , 0 , 0 , 0 , -2 , -88 , 2
0 , 0 , 0 , 0 , -0.0165291 , -0.0748537 , -0.672403 , 0 , 0 , 0 , 0 , 0 , 0 , 7 , -34 , 16
0 , 0 , 0 , 0 , -0.0165252 , -0.0748581 , -0.672403 , 0 , 0 , 0 , 0 , 0 , 0 , 7 , -69 , 30
0 , 0 , 0 , 0 , -0.0165252 , -0.0748784 , -0.672403 , 0 , 0 , 0 , 0 , 0 , 0 , -20 , -75 , 29
0 , 0 , 0 , 0 , -0.0165462 , -0.0748936 , -0.672403 , 0 , 0 , 0 , 0 , 0 , 0 , -4 , -69 , 30
0 , 0 , 0 , 0 , -0.0165489 , -0.0749145 , -0.672403 , 0 , 0 , 0 , 0 , 0 , 0 , 7 , -47 , 1
0 , 0 , 0 , 0 , -0.0165049 , -0.0749507 , -0.672403 , 0 , 0 , 0 , 0 , 0 , 0 , 11 , -47 , 22
0 , 0 , 0 , 0 , -0.0164858 , -0.0749964 , -0.672403 , 0 , 0 , 0 , 0 , 0 , 0 , -2 , -65 , 22
0 , 0 , 0 , 0 , -0.0165092 , -0.0750133 , -0.672403 , 0 , 0 , 0 , 0 , 0 , 0 , -10 , -65 , 33
0 , 0 , 0 , 0 , -0.016529 , -0.0749908 , -0.672403 , 0 , 0 , 0 , 0 , 0 , 0 , 7 , -52 , 19
0 , 0 , 0 , 0 , -0.0165202 , -0.0749623 , -0.672403 , 0 , 0 , 0 , 0 , 0 , 0 , 4 , -52 , 19
0 , 0 , 0 , 0 , -0.0165055 , -0.0749393 , -0.672403 , 0 , 0 , 0 , 0 , 0 , 0 , 5 , -75 , 7
0 , 0 , 0 , 0 , -0.0165254 , -0.0749035 , -0.672403 , 0 , 0 , 0 , 0 , 0 , 0 , 0 , -75 , 15
0 , 0 , 0 , 0 , -0.016566 , -0.0748787 , -0.672403 , 0 , 0 , 0 , 0 , 0 , 0 , -2 , -52 , 8
0 , 0 , 0 , 0 , -0.0165775 , -0.074881 , -0.672403 , 0 , 0 , 0 , 0 , 0 , 0 , 7 , -69 , 8
0 , 0 , 0 , 0 , -0.0165699 , -0.0749021 , -0.672403 , 0 , 0 , 0 , 0 , 0 , 0 , 3 , -100 , 19
0 , 0 , 0 , 0 , -0.0165841 , -0.0749239 , -0.672403 , 0 , 0 , 0 , 0 , 0 , 0 , 9 , -69 , 12
0 , 0 , 0 , 0 , -0.0166031 , -0.0749101 , -0.672403 , 0 , 0 , 0 , 0 , 0 , 0 , 9 , -57 , 22
0 , 0 , 0 , 0 , -0.0166235 , -0.0748782 , -0.672403 , 0 , 0 , 0 , 0 , 0 , 0 , 7 , -52 , 22
0 , 0 , 0 , 0 , -0.0166224 , -0.0748734 , -0.672403 , 0 , 0 , 0 , 0 , 0 , 0 , -2 , -47 , 27
0 , 0 , 0 , 0 , -0.0166132 , -0.0748851 , -0.672403 , 0 , 0 , 0 , 0 , 0 , 0 , -10 , -83 , 23
0 , 0 , 0 , 0 , -0.0166344 , -0.0749103 , -0.672403 , 0 , 0 , 0 , 0 , 0 , 0 , 7 , -80 , 36
0 , 0 , 0 , 0 , -0.0166389 , -0.0749528 , -0.672403 , 0 , 0 , 0 , 0 , 0 , 0 , -12 , -75 , 41
0 , 0 , 0 , 0 , -0.0166505 , -0.0749695 , -0.672403 , 0 , 0 , 0 , 0 , 0 , 0 , 7 , -80 , 16
0 , 0 , 0 , 0 , -0.0166586 , -0.074972 , -0.672403 , 0 , 0 , 0 , 0 , 0 , 0 , -22 , -52 , 19
0 , 0 , 0 , 0 , -0.0166605 , -0.0750055 , -0.672403 , 0 , 0 , 0 , 0 , 0 , 0 , -4 , -52 , 12
0 , 0 , 0 , 0 , -0.016683 , -0.074993 , -0.672403 , 0 , 0 , 0 , 0 , 0 , 0 , -8 , -69 , 8
0.009163, , 1.000000, -1.248600, 0.269340
0.008940, , 1.000000, -1.270588, 0.290822
0.054437, , 1.000000, -1.028339, 0.056530
0.049031, , 1.000000, -1.132335, 0.157726
