0 , 0 , 0 , 0 , -0.00885039 , -0.0266812 , 0.0496138 , 1.95412e-05 , 0 , 0 , -0.0195412 , 0 , 0 , -18 , -69 , -16
0 , 0 , 0 , 0 , -0.008725 , -0.0266698 , 0.0496138 , 0 , 0 , 0 , 0 , 0 , 0 , -20 , -69 , 2
0 , 0 , 0 , 0 , -0.00860075 , -0.0266511 , 0.0496138 , 0 , 0 , 0 , 0 , 0 , 0 , -19 , -78 , 10
0 , 0 , 0 , 0 , -0.00868078 , -0.0266101 , 0.0496138 , 0 , 0 , 0 , 0 , 0 , 0 , -19 , -69 , -5
0 , 0 , 0 , 0 , -0.00888773 , -0.0266541 , 0.0496138 , 0 , 0 , 0 , 0 , 0 , 0 , -4 , -60 , -16
0 , 0 , 0 , 0 , -0.00896239 , -0.0267116 , 0.0496138 , 0 , 0 , 0 , 0 , 0 , 0 , -35 , -69 , -27
0 , 0 , 0 , 0 , -0.00885096 , -0.0267078 , 0.0496138 , 0 , 1.95412e-05 , 0 , 0 , 0 , 0 , -50 , -92 , 2
0 , 0 , 0 , 0 , -0.00876845 , -0.0266296 , 0.0496138 , 0 , 0 , 0 , 0 , 0 , 0 , -18 , -118 , 2
0 , 0 , 0 , 0 , -0.00885039 , -0.0265391 , 0.0496138 , 0 , 0 , 0 , 0 , 0 , 0 , -35 , -78 , -69
0 , 0 , 0 , 0 , -0.00893494 , -0.0265682 , 0.0496138 , 0 , 0 , 0 , 0 , 0 , 0 , -35 , -69 , -27
0 , 0 , 0 , 0 , -0.00888613 , -0.0267037 , 0.0496138 , 0 , 0 , 0 , -0.0195412 , 0 , 0 , -34 , -74 , 29
0 , 0 , 0 , 0 , -0.00874517 , -0.0268064 , 0.0496138 , 0 , 0 , 0 , 0 , 0 , 0 , -35 , -78 , -61
0 , 0 , 0 , 0 , -0.008643 , -0.0268016 , 0.0496138 , 0 , 0 , 0 , 0 , 0 , 0 , -4 , -65 , -32
0 , 0 , 0 , 0 , -0.00866778 , -0.026743 , 0.0496138 , 0 , 0 , 0 , 0 , 0 , 0 , -35 , -96 , -42
0 , 0 , 0 , 0 , -0.00879682 , -0.0266736 , 0.0496138 , 0 , 0 , 0 , 0 , 0 , 0 , -35 , -78 , 10
0 , 0 , 0 , 0 , -0.00891577 , -0.0266172 , 0.0496767 , 0 , 0 , 0 , 0 , 0 , 0 , -18 , -87 , -16
0 , 0 , 0 , 0 , -0.00873356 , -0.02666 , 0.0496767 , 0 , 0 , 0 , 0 , 0 , 0 , -64 , -83 , -16
0 , 0 , 0 , 0 , -0.00829175 , -0.0268229 , 0.0496767 , 0 , 0 , 0 , 0 , 0 , 0 , -3 , -83 , 2
0 , 0 , 0 , 0 , -0.00812064 , -0.0269771 , 0.0496767 , 0 , 0 , 0 , 0 , 0 , 0 , -79 , -87 , 10
0 , 0 , 0 , 0 , -0.00843138 , -0.0269837 , 0.0496767 , 0 , 0 , 0 , 0 , 0 , 0 , -34 , -83 , -76
0 , 0 , 0 , 0 , -0.00885767 , -0.0268065 , 0.049742 , 0 , 0 , 0 , 0 , 0 , 0 , -35 , -87 , 10
0 , 0 , 0 , 0 , -0.00887979 , -0.0265749 , 0.0498141 , 0 , 1.95412e-05 , 0 , 0 , 0 , 0 , -35 , -96 , -16
0 , 0 , 0 , 0 , -0.00841462 , -0.0265337 , 0.0498141 , 0 , 0 , 0 , 0 , 0 , 0 , -4 , -122 , -16
0 , 0 , 0 , 0 , -0.00796131 , -0.0267253 , 0.0497281 , 0 , 0 , 0 , 0 , 0 , 0 , -34 , -87 , -45
0 , 0 , 0 , 0 , -0.00802987 , -0.026899 , 0.0496669 , 0 , 0 , 0 , 0 , 0 , 0 , -3 , -96 , -5
0 , 0 , 0 , 0 , -0.00850437 , -0.0268921 , 0.0496669 , 0 , 0 , 0 , 0 , 0 , 0 , -35 , -105 , -32
0 , 0 , 0 , 0 , -0.00876447 , -0.0267852 , 0.0497698 , 0 , 0 , 0 , 0 , 0 , 0 , -18 , -74 , -16
0 , 0 , 0 , 0 , -0.00847106 , -0.0266809 , 0.0497698 , 0 , 0 , 0 , 0 , 0 , 0 , -4 , -96 , -8
0 , 0 , 0 , 0 , -0.00797733 , -0.0266589 , 0.0497698 , 0 , 0 , 0 , 0 , 0 , 0 , -34 , -83 , -24
0 , 0 , 0 , 0 , -0.00791267 , -0.0267152 , 0.0496936 , 0 , 0 , 0 , 0 , 0 , 0 , -35 , -91 , -16
0 , 0 , 0 , 0 , -0.00835014 , -0.0268145 , 0.0496936 , 0 , 0 , 0 , 0 , 0 , 0 , -35 , -96 , -32
0 , 0 , 0 , 0 , -0.00867655 , -0.0268895 , 0.0497925 , 0 , 0 , 0 , 0 , 0 , 0 , -19 , -96 , 29
0 , 0 , 0 , 0 , -0.0084371 , -0.026847 , 0.0497925 , 0 , 0 , 0 , 0 , 0 , 0 , -64 , -78 , -34
0 , 0 , 0 , 0 , -0.00792653 , -0.0267278 , 0.0497925 , 0 , 0 , 0 , 0 , 0 , 0 , -19 , -92 , 29
0 , 0 , 0 , 0 , -0.00779715 , -0.0265888 , 0.0497208 , 0 , 0 , 0 , 0 , 0 , 0 , -51 , -110 , 2
0 , 0 , 0 , 0 , -0.00813891 , -0.0265563 , 0.0497208 , 0 , 0 , 0 , 0 , 0 , 0 , -34 , -96 , 2
0 , 0 , 0 , 0 , -0.00845615 , -0.0267161 , 0.0497208 , 0 , 0 , 0 , 0 , 0 , 0 , -35 , -96 , 20
0 , 0 , 0 , 0 , -0.00836322 , -0.0268904 , 0.0497208 , 0 , 0 , 0 , 0 , 0 , 0 , 11 , -101 , -42
0 , 0 , 0 , 0 , -0.00805935 , -0.0268993 , 0.0497208 , 0 , 0 , 0 , 0 , 0 , 0 , -18 , -105 , -61
0 , 0 , 0 , 0 , -0.00795565 , -0.0267687 , 0.0497208 , 0 , 0 , 0 , 0 , 0 , 0 , -19 , -101 , -8
0 , 0 , 0 , 0 , -0.00813475 , -0.0266316 , 0.0497208 , 0 , 0 , 0 , 0 , 0 , 0 , -49 , -83 , -58
0 , 0 , 0 , 0 , -0.0083234 , -0.0266296 , 0.0497815 , 0 , 0 , 0 , 0 , 0 , 0 , -4 , -83 , -16
0 , 0 , 0 , 0 , -0.0082196 , -0.0267535 , 0.0497815 , 0 , 0 , 0 , 0 , 0 , 0 , -4 , -110 , 2
0 , 0 , 0 , 0 , -0.00796955 , -0.0268612 , 0.0497815 , 0 , 0 , 0 , 0 , 0 , 0 , -35 , -101 , 2
0 , 0 , 0 , 0 , -0.00795242 , -0.0268427 , 0.0497815 , 0 , 0 , 0 , 0 , 0 , 0 , -19 , -101 , -32
0 , 0 , 0 , 0 , -0.00819642 , -0.0267391 , 0.0497815 , 0 , 0 , 0 , 0 , 0 , 0 , -20 , -101 , -42
0 , 0 , 0 , 0 , -0.0083695 , -0.0266446 , 0.0497815 , 0 , 0 , 0 , 0 , 0 , 0 , 12 , -87 , -42
0 , 0 , 0 , 0 , -0.00822951 , -0.0265811 , 0.0497815 , 0 , 0 , 0 , 0 , 0 , 0 , -19 , -114 , -8
0 , 0 , 0 , 0 , -0.00794607 , -0.0265945 , 0.0497815 , 0 , 0 , 0 , 0 , 0 , 0 , -19 , -105 , 10
0 , 0 , 0 , 0 , -0.00791049 , -0.0266903 , 0.0497815 , 0 , 0 , 0 , 0 , 0 , 0 , -18 , -105 , 0
-40 , 0 , -41 , -2 , -0.00815042 , -0.0267916 , 0.0497815 , 0 , 0 , 0 , 0 , 0 , 0 , -51 , -65 , -16
-40 , 0 , -36 , 1 , -0.00834122 , -0.0268035 , 0.0497815 , -0.000605776 , 0.000527611 , 0.000410364 , -0.0586235 , 0.0353062 , 0.0239231 , -89 , 5 , 104
-40 , 0 , -36 , 5 , -0.00821867 , -0.026683 , 0.0497815 , -0.00255989 , 0.00234494 , 0.00191503 , -0.136788 , 0.136842 , 0.126072 , -40 , -11 , 34
-40 , 0 , -44 , 5 , -0.00798388 , -0.0267528 , 0.0497815 , -0.00568648 , 0.00553015 , 0.00482667 , -0.195412 , 0.215845 , 0.150547 , 47 , -64 , 68
-40 , 0 , -38 , -3 , -0.00792375 , -0.0274105 , 0.0497213 , -0.0101223 , 0.0098292 , 0.00887169 , -0.234494 , 0.255551 , 0.227047 , 86 , -36 , -3
-40 , 0 , -42 , 4 , -0.00804186 , -0.0287197 , 0.0496185 , -0.0154766 , 0.0154375 , 0.0141087 , -0.273576 , 0.269285 , 0.291512 , 20 , 53 , -40
-40 , 0 , -40 , -3 , -0.00827637 , -0.0305153 , 0.0496185 , -0.022062 , 0.0219056 , 0.0206941 , -0.410364 , 0.333846 , 0.326773 , -16 , 45 , -3
-40 , 0 , -41 , 0 , -0.00863892 , -0.0326876 , 0.0497062 , -0.0299175 , 0.029683 , 0.028237 , -0.449447 , 0.435213 , 0.406824 , -136 , 82 , 28
-40 , 0 , -40 , -1 , -0.00895069 , -0.0355108 , 0.0497062 , -0.0395513 , 0.0391214 , 0.0368351 , -0.468988 , 0.510656 , 0.478949 , -110 , -15 , 42
-40 , 0 , -35 , 2 , -0.00895801 , -0.0393001 , 0.0496367 , -0.0500058 , 0.0496541 , 0.0468011 , -0.50807 , 0.532456 , 0.600034 , -8 , -46 , -99
-40 , 0 , -42 , 4 , -0.0088362 , -0.0436726 , 0.0496367 , -0.060988 , 0.0609684 , 0.0582913 , -0.586235 , 0.616439 , 0.621667 , -27 , 10 , -78
-40 , 0 , -38 , 4 , -0.00888645 , -0.0481483 , 0.0496367 , -0.0737483 , 0.0734747 , 0.0706022 , -0.703482 , 0.688473 , 0.641743 , -87 , 0 , 39
-40 , 0 , -41 , 4 , -0.00909606 , -0.0528134 , 0.0495517 , -0.0881697 , 0.0878766 , 0.0847695 , -0.762105 , 0.744897 , 0.711878 , 74 , -47 , 38
-40 , 0 , -42 , -3 , -0.00931113 , -0.057922 , 0.049451 , -0.102708 , 0.102786 , 0.0999726 , -0.801187 , 0.707584 , 0.751099 , -15 , 41 , -21
-40 , 0 , -44 , -2 , -0.00954652 , -0.0633894 , 0.049451 , -0.119221 , 0.119045 , 0.115742 , -0.879352 , 0.894327 , 0.832717 , -20 , -80 , 34
-40 , 0 , -43 , 1 , -0.00975489 , -0.069046 , 0.0492979 , -0.137863 , 0.137609 , 0.133232 , -0.859811 , 0.895014 , 0.856438 , 62 , -16 , 33
-40 , 0 , -38 , 5 , -0.0100789 , -0.0750291 , 0.0494172 , -0.156271 , 0.156153 , 0.151659 , -1.01614 , 0.986094 , 0.934979 , -100 , -10 , 69
-40 , 0 , -44 , 3 , -0.0103927 , -0.0816258 , 0.0491833 , -0.17675 , 0.176515 , 0.171317 , -0.996599 , 0.964992 , 1.05914 , 18 , 4 , -58
-40 , 0 , -44 , -3 , -0.0106965 , -0.0891919 , 0.0493286 , -0.197444 , 0.197327 , 0.192187 , -1.0943 , 1.13282 , 1.02042 , -52 , 9 , 110
-40 , 0 , -38 , 2 , -0.0108951 , -0.0972656 , 0.0490412 , -0.220268 , 0.219877 , 0.21421 , -0.996599 , 1.14891 , 1.16663 , -110 , -17 , -85
-40 , 0 , -40 , 4 , -0.0109496 , -0.105384 , 0.0490412 , -0.243737 , 0.243502 , 0.237406 , -1.34834 , 1.23223 , 1.197 , 63 , -46 , 76
-40 , 0 , -40 , -4 , -0.0112258 , -0.113701 , 0.0488331 , -0.268105 , 0.267909 , 0.262106 , -1.21155 , 1.25397 , 1.2493 , -149 , 72 , -39
-40 , 0 , -35 , 5 , -0.0114441 , -0.122199 , 0.0487147 , -0.294896 , 0.294466 , 0.287509 , -1.25063 , 1.36571 , 1.30202 , 87 , -48 , 45
-40 , 0 , -39 , 2 , -0.0119652 , -0.131147 , 0.0486286 , -0.321472 , 0.321257 , 0.314495 , -1.54375 , 1.45287 , 1.35702 , 65 , -71 , 78
-40 , 0 , -39 , 2 , -0.0125783 , -0.140446 , 0.0482122 , -0.349611 , 0.349396 , 0.342771 , -1.46559 , 1.45107 , 1.33996 , -39 , 61 , 109
-40 , 0 , -40 , 3 , -0.0124313 , -0.149947 , 0.047688 , -0.379978 , 0.37947 , 0.371751 , -1.36788 , 1.53364 , 1.48979 , -124 , -11 , -67
-40 , 0 , -40 , -4 , -0.0122898 , -0.15972 , 0.0474715 , -0.410814 , 0.410228 , 0.402196 , -1.58283 , 1.59628 , 1.54986 , 123 , -81 , 74
-40 , 0 , -37 , 5 , -0.0127821 , -0.169559 , 0.0467337 , -0.442197 , 0.441962 , 0.434009 , -1.73916 , 1.68096 , 1.56956 , 85 , -30 , 57
-40 , 0 , -44 , 5 , -0.0126425 , -0.179616 , 0.045121 , -0.475065 , 0.474909 , 0.468616 , -1.661 , 1.70416 , 1.61831 , -110 , 18 , 30
-40 , 0 , -43 , -4 , -0.0105925 , -0.189671 , 0.0427871 , -0.509399 , 0.509379 , 0.502814 , -1.71962 , 1.69432 , 1.8024 , -172 , 65 , -39
-40 , 0 , -40 , -2 , -0.00753006 , -0.198452 , 0.0390489 , -0.54512 , 0.545159 , 0.538124 , -1.71962 , 1.71915 , 1.85224 , -159 , 166 , -52
-40 , 0 , -39 , -2 , -0.00418508 , -0.205495 , 0.0335962 , -0.581955 , 0.582151 , 0.57451 , -1.7587 , 1.74474 , 1.96228 , -193 , 77 , -81
-40 , 0 , -41 , 4 , -0.000640356 , -0.210871 , 0.026577 , -0.619885 , 0.620158 , 0.612303 , -1.81733 , 1.82627 , 1.91423 , -33 , 32 , -87
-40 , 0 , -35 , -1 , 0.00217309 , -0.214404 , 0.0183357 , -0.658771 , 0.658068 , 0.65119 , -1.83687 , 1.85517 , 2.01109 , -98 , -21 , 27
-40 , 0 , -43 , 2 , 0.00284604 , -0.217438 , 0.0107409 , -0.701019 , 0.697971 , 0.690389 , -1.93457 , 1.90335 , 1.96228 , -34 , -61 , -16
-40 , 0 , -43 , 3 , 0.000529619 , -0.221967 , 0.00380522 , -0.742388 , 0.73719 , 0.729374 , -1.97366 , 1.96723 , 2.04262 , -134 , -102 , -81
-40 , 0 , -38 , 4 , -0.00456619 , -0.229281 , -0.000736041 , -0.784929 , 0.776116 , 0.769394 , -1.95412 , 1.86106 , 2.11065 , -168 , 12 , -41
-40 , 0 , -37 , 4 , -0.0116328 , -0.240101 , -0.00280733 , -0.828486 , 0.813831 , 0.810841 , -2.05182 , 1.97885 , 2.14149 , -279 , -96 , -4
-40 , 0 , -37 , 0 , -0.0185124 , -0.254557 , -0.0021575 , -0.873294 , 0.850294 , 0.852815 , -2.18861 , 1.88045 , 2.05336 , -192 , -110 , -21
-40 , 0 , -40 , -2 , -0.0234248 , -0.271259 , 0.000741117 , -0.919294 , 0.885508 , 0.893832 , -2.40356 , 1.79964 , 2.02849 , -49 , -83 , -86
-40 , 0 , -44 , -4 , -0.025986 , -0.287819 , 0.00506113 , -0.967072 , 0.920877 , 0.933618 , -2.59897 , 1.88197 , 1.93317 , 220 , -25 , -95
-40 , 0 , -43 , 2 , -0.0261812 , -0.302372 , 0.00964522 , -1.01622 , 0.957478 , 0.972114 , -2.57943 , 1.89719 , 1.95248 , 206 , -52 , -73
-40 , 0 , -44 , 4 , -0.0243672 , -0.314442 , 0.0133498 , -1.06609 , 0.994 , 1.01041 , -2.36448 , 1.80936 , 1.96723 , -211 , 14 , -35
-40 , 0 , -36 , -3 , -0.0207921 , -0.325654 , 0.0153657 , -1.11641 , 1.02958 , 1.04975 , -2.55989 , 1.67018 , 2.06421 , -130 , 48 , -15
-40 , 0 , -44 , 5 , -0.0159565 , -0.338756 , 0.015269 , -1.16878 , 1.06402 , 1.08946 , -2.85301 , 1.53264 , 2.04262 , 208 , 46 , -3
-40 , 0 , -41 , 0 , -0.010949 , -0.353738 , 0.013049 , -1.22296 , 1.0972 , 1.12901 , -2.55989 , 1.56537 , 2.00422 , -238 , -54 , 14
-40 , 0 , -41 , -3 , -0.00700295 , -0.369344 , 0.00932274 , -1.27676 , 1.12883 , 1.1687 , -2.7553 , 1.59086 , 1.9923 , -146 , -32 , -34
-40 , 0 , -36 , 4 , -0.00505363 , -0.386718 , 0.00518898 , -1.333 , 1.16039 , 1.20915 , -2.9898 , 1.68458 , 1.93636 , 185 , -53 , -39
-40 , 0 , -35 , 4 , -0.00509292 , -0.40428 , 0.00138903 , -1.38928 , 1.19209 , 1.24641 , -2.59897 , 1.5612 , 1.86254 , -275 , 37 , -30
-40 , 0 , -41 , -4 , -0.00682938 , -0.419898 , -0.00111994 , -1.44352 , 1.22322 , 1.28247 , -2.83347 , 1.36333 , 1.79826 , 50 , 110 , -9
-40 , 0 , -38 , 0 , -0.0097205 , -0.434465 , -0.00200855 , -1.50199 , 1.25564 , 1.31739 , -2.73576 , 1.48507 , 1.73313 , -104 , -14 , 33
-40 , 0 , -35 , -2 , -0.0131316 , -0.447612 , -0.00123497 , -1.55344 , 1.28424 , 1.35123 , -2.54035 , 1.54475 , 1.62055 , -341 , -96 , 92
-40 , 0 , -42 , 2 , -0.0162718 , -0.460614 , 0.00085653 , -1.60689 , 1.31326 , 1.38396 , -2.87255 , 1.47759 , 1.56642 , 141 , -9 , 54
-40 , 0 , -42 , -4 , -0.0181994 , -0.474809 , 0.00355531 , -1.66401 , 1.34336 , 1.41507 , -2.55989 , 1.22835 , 1.60173 , -147 , 144 , -102
-40 , 0 , -43 , 4 , -0.018397 , -0.489249 , 0.00610515 , -1.71778 , 1.37175 , 1.44501 , -2.6576 , 1.45197 , 1.4879 , -347 , -108 , -39
-40 , 0 , -40 , -1 , -0.016952 , -0.504454 , 0.00787909 , -1.7741 , 1.39942 , 1.47399 , -3.00934 , 1.42117 , 1.35467 , 215 , -29 , 67
-40 , 0 , -36 , 4 , -0.0143707 , -0.520118 , 0.00834992 , -1.82979 , 1.42633 , 1.50191 , -2.50127 , 1.2772 , 1.35155 , -422 , 63 , -65
-40 , 0 , -42 , 5 , -0.0113417 , -0.534881 , 0.00758431 , -1.8834 , 1.45251 , 1.52816 , -2.73576 , 1.26207 , 1.28984 , -128 , -67 , 48
-40 , 0 , -38 , -4 , -0.00870367 , -0.549166 , 0.00577716 , -1.93729 , 1.47659 , 1.55376 , -2.81393 , 1.20935 , 1.18731 , 98 , 13 , 93
-40 , 0 , -42 , 4 , -0.00678528 , -0.562537 , 0.00335379 , -1.98919 , 1.50019 , 1.5783 , -2.34494 , 1.08864 , 1.19761 , -397 , -3 , -69
-40 , 0 , -43 , 3 , -0.00587288 , -0.574647 , 0.000807631 , -2.03926 , 1.52224 , 1.60128 , -2.48173 , 1.10766 , 1.09988 , -212 , -25 , 35
-40 , 0 , -40 , 0 , -0.00610066 , -0.586191 , -0.00134564 , -2.08891 , 1.54322 , 1.62342 , -2.63806 , 0.912776 , 1.09627 , 13 , 107 , 35
-40 , 0 , -36 , -1 , -0.00745942 , -0.596844 , -0.00250627 , -2.13794 , 1.56296 , 1.64411 , -2.52081 , 0.990254 , 0.987334 , 12 , -27 , 96
-40 , 0 , -40 , 5 , -0.009673 , -0.606497 , -0.00256653 , -2.18501 , 1.58145 , 1.66391 , -2.22769 , 0.881222 , 0.909942 , -318 , 15 , 71
-40 , 0 , -43 , 3 , -0.0120196 , -0.615913 , -0.00154576 , -2.23062 , 1.59864 , 1.6821 , -2.14953 , 0.859572 , 0.878579 , -312 , -30 , 51
-40 , 0 , -43 , 3 , -0.013803 , -0.626198 , -1.91279e-05 , -2.27504 , 1.6151 , 1.70043 , -2.12999 , 0.758384 , 0.802504 , -311 , 4 , -21
-40 , 0 , -43 , -4 , -0.0145306 , -0.637086 , 0.00159248 , -2.31834 , 1.62958 , 1.71603 , -2.18861 , 0.69769 , 0.790071 , -259 , 118 , 19
-40 , 0 , -43 , 0 , -0.0141323 , -0.647504 , 0.00282865 , -2.36077 , 1.64501 , 1.73094 , -2.14953 , 0.802781 , 0.747506 , -240 , -64 , -10
-40 , 0 , -37 , 2 , -0.012886 , -0.657381 , 0.00342765 , -2.40411 , 1.66053 , 1.74461 , -2.12999 , 0.706516 , 0.650822 , -175 , 14 , -34
-40 , 0 , -38 , -4 , -0.0110765 , -0.666807 , 0.00330476 , -2.4419 , 1.67327 , 1.75671 , -2.07136 , 0.689274 , 0.603739 , -200 , 0 , -17
-40 , 0 , -40 , -2 , -0.00902643 , -0.675642 , 0.00237126 , -2.48257 , 1.68689 , 1.76787 , -1.97366 , 0.608276 , 0.576717 , -143 , -15 , -54
-40 , 0 , -39 , -1 , -0.0072631 , -0.683894 , 0.000848165 , -2.51985 , 1.69797 , 1.77811 , -1.89549 , 0.503638 , 0.424805 , -285 , 5 , 28
-40 , 0 , -44 , 5 , -0.00619431 , -0.691894 , -0.000903766 , -2.55624 , 1.70778 , 1.78663 , -1.81733 , 0.50234 , 0.418589 , -324 , 45 , 54
-40 , 0 , -42 , 5 , -0.00603151 , -0.699648 , -0.00240976 , -2.59229 , 1.71675 , 1.79501 , -1.77825 , 0.413565 , 0.469551 , -494 , 31 , 15
-40 , 0 , -35 , 2 , -0.00667925 , -0.707015 , -0.00341298 , -2.62731 , 1.72474 , 1.80365 , -1.64146 , 0.354432 , 0.429948 , -516 , -16 , 2
-40 , 0 , -37 , -2 , -0.00786402 , -0.714452 , -0.00376924 , -2.66426 , 1.73125 , 1.81143 , -1.58283 , 0.284716 , 0.342023 , -427 , -46 , 59
-40 , 0 , -41 , -2 , -0.00921996 , -0.721875 , -0.00352386 , -2.69668 , 1.73639 , 1.81782 , -1.73916 , 0.202988 , 0.261594 , 43 , 16 , -5
-40 , 0 , -38 , 0 , -0.0104291 , -0.728675 , -0.00281119 , -2.7309 , 1.74026 , 1.82301 , -1.70008 , 0.162572 , 0.205695 , -11 , 41 , -17
-40 , 0 , -39 , -2 , -0.0112659 , -0.734744 , -0.00187891 , -2.76181 , 1.74307 , 1.8269 , -1.56329 , 0.0970259 , 0.177593 , -319 , 61 , -2
-40 , 0 , -41 , 4 , -0.0115397 , -0.740819 , -0.000876135 , -2.79177 , 1.74469 , 1.82956 , -1.36788 , 0.0594309 , 0.103685 , -412 , 20 , 56
-40 , 0 , -35 , 1 , -0.0111248 , -0.746952 , -0.000212883 , -2.82116 , 1.74518 , 1.83107 , -1.17247 , 0 , 0.0597577 , -509 , 78 , 16
-40 , 0 , -37 , -3 , -0.0101105 , -0.752648 , -6.93079e-05 , -2.84924 , 1.74458 , 1.83144 , -1.4265 , -0.0253663 , 0 , -2 , -15 , -1
-40 , 0 , -37 , -4 , -0.00881226 , -0.75784 , -0.000462492 , -2.87472 , 1.74282 , 1.83071 , -1.3288 , -0.134828 , -0.113084 , -360 , 29 , 13
-40 , 0 , -37 , 0 , -0.00753035 , -0.762872 , -0.00129904 , -2.90061 , 1.73985 , 1.82862 , -1.05522 , -0.193094 , -0.119835 , -359 , -20 , -66
-40 , 0 , -38 , -1 , -0.0065752 , -0.767787 , -0.0023432 , -2.92455 , 1.73553 , 1.82552 , -1.25063 , -0.23487 , -0.223413 , -185 , -45 , -35
-40 , 0 , -38 , -3 , -0.00611178 , -0.772421 , -0.0034157 , -2.94712 , 1.7301 , 1.82088 , -1.15293 , -0.308706 , -0.248193 , -289 , -46 , -22
-40 , 0 , -39 , 0 , -0.00616823 , -0.776587 , -0.00436685 , -2.97051 , 1.72289 , 1.81508 , -1.13339 , -0.374829 , -0.277834 , -111 , -30 , -112
-40 , 0 , -40 , 4 , -0.00673005 , -0.780372 , -0.00494196 , -2.98937 , 1.71507 , 1.80807 , -0.957517 , -0.45234 , -0.427596 , -353 , 35 , -17
-40 , 0 , -41 , 4 , -0.00771388 , -0.784142 , -0.00494196 , -3.00901 , 1.70583 , 1.79976 , -0.996599 , -0.458711 , -0.415767 , -168 , -3 , 1
-40 , 0 , -37 , -1 , -0.00879976 , -0.787851 , -0.00448461 , -3.02671 , 1.69588 , 1.79058 , -0.84027 , -0.596978 , -0.458354 , -322 , 6 , -62
-40 , 0 , -38 , 0 , -0.0095988 , -0.791172 , -0.00373795 , -3.04397 , 1.68435 , 1.7803 , -0.879352 , -0.64492 , -0.566135 , -128 , -27 , -67
-40 , 0 , -37 , -3 , -0.00995323 , -0.794133 , -0.00301677 , -3.06015 , 1.67051 , 1.76838 , -0.742564 , -0.658689 , -0.647773 , -162 , 62 , -65
-40 , 0 , -36 , 0 , -0.00979276 , -0.796854 , -0.00247396 , -3.07439 , 1.65686 , 1.7553 , -0.703482 , -0.653546 , -0.638599 , -349 , -44 , -29
-40 , 0 , -39 , 1 , -0.00923821 , -0.799106 , -0.00221862 , -3.08803 , 1.64173 , 1.74139 , -0.703482 , -0.830948 , -0.665797 , -145 , -27 , -140
-40 , 0 , -36 , -3 , -0.00851778 , -0.801169 , -0.00221862 , -3.09974 , 1.62487 , 1.72605 , -0.527611 , -0.77698 , -0.819908 , -142 , -36 , -75
-40 , 0 , -41 , 4 , -0.00774583 , -0.803123 , -0.00250076 , -3.11037 , 1.60783 , 1.70942 , -0.488529 , -0.873021 , -0.854568 , -307 , -90 , -38
-40 , 0 , -36 , -2 , -0.00707029 , -0.804895 , -0.00302284 , -3.12023 , 1.58895 , 1.69281 , -0.50807 , -0.962617 , -0.823939 , -240 , 61 , 22
-40 , 0 , -35 , 1 , -0.00675483 , -0.806565 , -0.00353547 , -3.12895 , 1.56998 , 1.67597 , -0.390823 , -0.940986 , -0.847159 , -132 , -70 , -40
-40 , 0 , -41 , 2 , -0.00692734 , -0.807895 , -0.00396292 , -3.13585 , 1.54954 , 1.6585 , -0.293117 , -1.07271 , -0.892968 , -107 , -12 , -22
-40 , 0 , -42 , -3 , -0.00751915 , -0.808689 , -0.00396292 , -3.14177 , 1.5289 , 1.64028 , -0.214953 , -1.03575 , -0.891608 , -320 , -44 , 65
-40 , 0 , -43 , -4 , -0.00836627 , -0.80931 , -0.00365702 , -3.1465 , 1.50815 , 1.6218 , -0.214953 , -1.00728 , -0.906078 , -298 , 21 , -52
-40 , 0 , -42 , 4 , -0.00944415 , -0.809843 , -0.00277902 , -3.15017 , 1.48945 , 1.60263 , -0.17587 , -0.930528 , -0.96025 , -291 , -73 , -21
-40 , 0 , -40 , 4 , -0.0106756 , -0.810062 , -0.00164527 , -3.15269 , 1.46975 , 1.58358 , -0.0781646 , -1.05343 , -0.92466 , -366 , 80 , -77
-40 , 0 , -38 , 4 , -0.0119224 , -0.80994 , -6.46634e-05 , -3.1539 , 1.4497 , 1.56538 , -0.0586235 , -1.05154 , -0.915276 , -293 , -63 , 20
-40 , 0 , -36 , -1 , -0.0133739 , -0.809327 , 0.00191596 , -3.1541 , 1.42756 , 1.54838 , 0.0195412 , -1.10924 , -0.80582 , -164 , 84 , -69
-40 , 0 , -41 , 0 , -0.0150478 , -0.808228 , 0.00437907 , -3.15285 , 1.40653 , 1.53187 , 0.117247 , -1.05013 , -0.876938 , -153 , -13 , 36
-40 , 0 , -44 , -4 , -0.0167912 , -0.806911 , 0.00718655 , -3.15029 , 1.3856 , 1.51483 , 0.156329 , -0.911717 , -0.768832 , -183 , 13 , -49
-40 , 0 , -38 , 4 , -0.0184111 , -0.805489 , 0.0102142 , -3.14788 , 1.36704 , 1.49842 , 0.0977058 , -0.946677 , -0.833309 , -123 , -103 , -49
-40 , 0 , -38 , -1 , -0.019744 , -0.804069 , 0.0132784 , -3.14564 , 1.34719 , 1.48124 , 0.156329 , -0.971791 , -0.826263 , -83 , 32 , 53
-40 , 0 , -40 , 1 , -0.0207463 , -0.80269 , 0.0164212 , -3.14216 , 1.32864 , 1.46496 , 0.234494 , -0.926478 , -0.89365 , -46 , 27 , 33
-40 , 0 , -40 , 5 , -0.0216655 , -0.801086 , 0.0194634 , -3.13702 , 1.30939 , 1.44798 , 0.234494 , -0.869782 , -0.866566 , 162 , -3 , 51
-40 , 0 , -41 , -2 , -0.0224824 , -0.79911 , 0.0223027 , -3.13085 , 1.29171 , 1.43219 , 0.351741 , -0.92247 , -0.782686 , -5 , -78 , 7
-40 , 0 , -42 , 0 , -0.0231239 , -0.796692 , 0.0250482 , -3.12338 , 1.27361 , 1.41791 , 0.390823 , -0.889914 , -0.702494 , -112 , 28 , -27
-40 , 0 , -44 , 3 , -0.0238365 , -0.793936 , 0.0277577 , -3.11506 , 1.25702 , 1.40431 , 0.390823 , -0.706945 , -0.675382 , -132 , -75 , 50
-40 , 0 , -42 , -2 , -0.0245021 , -0.791269 , 0.0303015 , -3.1071 , 1.24166 , 1.39223 , 0.371282 , -0.747029 , -0.598195 , -46 , -36 , -22
-40 , 0 , -36 , 1 , -0.0248805 , -0.788962 , 0.0325754 , -3.09888 , 1.22685 , 1.38148 , 0.429905 , -0.70019 , -0.490571 , 83 , 15 , -116
-40 , 0 , -42 , -1 , -0.0250147 , -0.786865 , 0.0348321 , -3.08912 , 1.21423 , 1.37167 , 0.547152 , -0.604364 , -0.471058 , -11 , -91 , -56
-40 , 0 , -41 , 3 , -0.0251823 , -0.784513 , 0.0367356 , -3.0782 , 1.20245 , 1.36294 , 0.547152 , -0.59789 , -0.388619 , -199 , -35 , 2
-40 , 0 , -43 , -2 , -0.02537 , -0.781561 , 0.0384682 , -3.06667 , 1.19133 , 1.35565 , 0.566693 , -0.518332 , -0.324872 , -46 , 29 , 1
-40 , 0 , -37 , -4 , -0.0254001 , -0.778244 , 0.0399941 , -3.05485 , 1.18179 , 1.34969 , 0.566693 , -0.449218 , -0.270652 , 130 , -8 , -38
-40 , 0 , -37 , -4 , -0.0251306 , -0.775195 , 0.0411563 , -3.04236 , 1.17384 , 1.34345 , 0.625317 , -0.326408 , -0.281166 , -136 , -4 , -149
-40 , 0 , -38 , 3 , -0.0246033 , -0.772647 , 0.042062 , -3.02974 , 1.1669 , 1.33693 , 0.781646 , -0.325053 , -0.415178 , -208 , -81 , 5
-40 , 0 , -42 , -2 , -0.0242397 , -0.769965 , 0.042734 , -3.01567 , 1.16082 , 1.3296 , 0.723023 , -0.253014 , -0.322992 , 90 , -70 , -18
-40 , 0 , -38 , 5 , -0.024128 , -0.766695 , 0.0432207 , -3.00056 , 1.15596 , 1.32329 , 0.664399 , -0.225821 , -0.26793 , -160 , -50 , 39
-40 , 0 , -38 , -2 , -0.023956 , -0.763165 , 0.0435639 , -2.98687 , 1.15094 , 1.31813 , 0.703482 , -0.257007 , -0.209967 , -22 , 25 , 15
-40 , 0 , -38 , -2 , -0.0237716 , -0.759647 , 0.0438472 , -2.97158 , 1.14628 , 1.31367 , 0.918434 , -0.186402 , -0.275484 , 15 , 15 , -22
-40 , 0 , -41 , 5 , -0.0237235 , -0.756071 , 0.0440351 , -2.95411 , 1.14288 , 1.30805 , 0.801187 , -0.130389 , -0.304379 , -84 , 14 , -39
-40 , 0 , -37 , 1 , -0.0235367 , -0.752329 , 0.0440351 , -2.93811 , 1.14079 , 1.30226 , 0.762105 , -0.0706303 , -0.291223 , 131 , -34 , 44
-40 , 0 , -39 , 3 , -0.0230012 , -0.748732 , 0.0438553 , -2.9199 , 1.13978 , 1.29726 , 0.859811 , -0.0225348 , -0.236004 , -142 , -32 , -9
-40 , 0 , -40 , 3 , -0.0220923 , -0.745249 , 0.0433148 , -2.90366 , 1.13974 , 1.29351 , 0.781646 , 0 , -0.146704 , 34 , 10 , -39
-40 , 0 , -43 , 1 , -0.0210956 , -0.741861 , 0.0424966 , -2.88793 , 1.14105 , 1.29101 , 0.781646 , 0.0784568 , -0.0942493 , 16 , 32 , 2
-40 , 0 , -42 , -1 , -0.0202724 , -0.738742 , 0.0413939 , -2.87331 , 1.14339 , 1.28979 , 0.644858 , 0.152984 , -0.0250908 , -150 , 68 , -35
-40 , 0 , -36 , 3 , -0.019541 , -0.735977 , 0.0402002 , -2.86102 , 1.14726 , 1.28964 , 0.723023 , 0.216642 , 0.0106353 , -28 , 31 , 31
-40 , 0 , -42 , -3 , -0.0188253 , -0.733798 , 0.0387975 , -2.84744 , 1.15082 , 1.29067 , 0.644858 , 0.174995 , 0.0993612 , 76 , 93 , 0
-40 , 0 , -35 , 5 , -0.0182477 , -0.731415 , 0.037274 , -2.83394 , 1.15482 , 1.2931 , 0.625317 , 0.207296 , 0.129411 , -134 , 31 , 38
-40 , 0 , -41 , 3 , -0.0181658 , -0.728773 , 0.0359101 , -2.82143 , 1.15858 , 1.29665 , 0.742564 , 0.166449 , 0.178404 , -16 , 11 , 44
-40 , 0 , -43 , -4 , -0.0183492 , -0.726006 , 0.0347425 , -2.80756 , 1.16252 , 1.30136 , 0.605776 , 0.213021 , 0.291948 , 41 , 2 , -40
-40 , 0 , -38 , 2 , -0.0181393 , -0.72309 , 0.0334424 , -2.79532 , 1.16756 , 1.30629 , 0.566693 , 0.283478 , 0.253889 , -278 , -30 , -39
-40 , 0 , -40 , 0 , -0.0173148 , -0.720818 , 0.0318888 , -2.78409 , 1.1737 , 1.31107 , 0.566693 , 0.334991 , 0.289928 , 91 , -32 , 20
-40 , 0 , -39 , -4 , -0.016061 , -0.719067 , 0.0300382 , -2.77248 , 1.18079 , 1.317 , 0.547152 , 0.390823 , 0.310175 , 99 , 45 , 84
-40 , 0 , -38 , -1 , -0.0147344 , -0.717367 , 0.027916 , -2.76187 , 1.18916 , 1.32339 , 0.449447 , 0.449909 , 0.296078 , -84 , 83 , 66
-40 , 0 , -39 , -4 , -0.0135471 , -0.715596 , 0.0255751 , -2.75311 , 1.19912 , 1.3286 , 0.3322 , 0.551489 , 0.206783 , -60 , -1 , 36
-40 , 0 , -40 , -2 , -0.0123599 , -0.714144 , 0.0229753 , -2.74575 , 1.21046 , 1.33247 , 0.410364 , 0.558583 , 0.197317 , -92 , 1 , -39
-40 , 0 , -37 , 5 , -0.0112356 , -0.713199 , 0.0202582 , -2.73914 , 1.22232 , 1.33507 , 0.293117 , 0.592451 , 0.121172 , 130 , 69 , 8
-40 , 0 , -43 , 0 , -0.0103594 , -0.712596 , 0.0175243 , -2.73217 , 1.23475 , 1.33767 , 0.3322 , 0.5985 , 0.152111 , 93 , 31 , 14
-40 , 0 , -36 , -2 , -0.0097035 , -0.711961 , 0.0149071 , -2.72537 , 1.24745 , 1.34121 , 0.3322 , 0.657582 , 0.247983 , -20 , -47 , -40
-40 , 0 , -35 , -4 , -0.00912782 , -0.711124 , 0.0123425 , -2.71929 , 1.25999 , 1.34504 , 0.371282 , 0.688473 , 0.143124 , -123 , 48 , 32
-40 , 0 , -39 , 3 , -0.00861631 , -0.71011 , 0.0100167 , -2.71126 , 1.2751 , 1.34779 , 0.429905 , 0.779046 , 0.127775 , -110 , 13 , 43
-40 , 0 , -35 , -4 , -0.00803804 , -0.708821 , 0.0076637 , -2.70352 , 1.28995 , 1.35024 , 0.351741 , 0.668073 , 0.162122 , 19 , -36 , 16
-40 , 0 , -36 , -3 , -0.00740037 , -0.707422 , 0.00551722 , -2.69576 , 1.30406 , 1.35289 , 0.449447 , 0.672672 , 0.109046 , 162 , 134 , 24
-40 , 0 , -43 , 0 , -0.00699368 , -0.705934 , 0.0035215 , -2.68632 , 1.31983 , 1.35446 , 0.527611 , 0.822207 , 0.0669211 , -30 , -1 , 29
-40 , 0 , -44 , 1 , -0.00691626 , -0.704129 , 0.00177378 , -2.67724 , 1.33701 , 1.35571 , 0.429905 , 0.814779 , 0.0984596 , -149 , 9 , 65
-40 , 0 , -40 , 2 , -0.00728999 , -0.701965 , 0.000542816 , -2.66963 , 1.35477 , 1.35811 , 0.351741 , 0.95245 , 0.134953 , -128 , 7 , 27
-40 , 0 , -43 , 4 , -0.00812081 , -0.700035 , -0.000192175 , -2.66338 , 1.37312 , 1.36161 , 0.254035 , 0.864014 , 0.196328 , 47 , -63 , 117
-40 , 0 , -43 , 4 , -0.00915988 , -0.698706 , -0.000431203 , -2.65807 , 1.38936 , 1.36655 , 0.273576 , 0.82163 , 0.278099 , 50 , 138 , 46
-40 , 0 , -43 , 5 , -0.0101957 , -0.697753 , -0.000250955 , -2.65396 , 1.40544 , 1.37263 , 0.195412 , 0.780081 , 0.36232 , 96 , -78 , -2
-40 , 0 , -43 , 2 , -0.011028 , -0.697142 , 0.000270914 , -2.65089 , 1.41968 , 1.38002 , 0.117247 , 0.65574 , 0.423579 , 100 , -2 , 5
-40 , 0 , -43 , 1 , -0.0114274 , -0.6969 , 0.000889885 , -2.64927 , 1.43254 , 1.38828 , 0.0781646 , 0.632058 , 0.46416 , 31 , 65 , 3
-40 , 0 , -44 , 5 , -0.0114031 , -0.696827 , 0.00153145 , -2.64876 , 1.44499 , 1.39774 , 0 , 0.581292 , 0.515143 , 52 , -59 , 74
-40 , 0 , -38 , -3 , -0.0109303 , -0.696921 , 0.00183814 , -2.64929 , 1.45584 , 1.40853 , -0.117247 , 0.44479 , 0.556727 , -90 , 89 , 32
-40 , 0 , -41 , 0 , -0.0101327 , -0.69719 , 0.00183814 , -2.65154 , 1.46619 , 1.41976 , -0.136788 , 0.600032 , 0.554881 , -102 , -18 , -61
-40 , 0 , -41 , 0 , -0.00932021 , -0.697698 , 0.00146326 , -2.65472 , 1.47719 , 1.43035 , -0.195412 , 0.48914 , 0.455677 , -96 , 11 , 3
-40 , 0 , -38 , -4 , -0.00868863 , -0.698583 , 0.000895051 , -2.65889 , 1.48712 , 1.43925 , -0.214953 , 0.435535 , 0.381787 , -155 , -15 , 141
-40 , 0 , -43 , 1 , -0.00837153 , -0.699779 , 0.000294465 , -2.66444 , 1.49681 , 1.44708 , -0.312658 , 0.457996 , 0.374588 , -259 , 0 , 1
-40 , 0 , -44 , -3 , -0.00838751 , -0.701836 , -0.000277106 , -2.671 , 1.50582 , 1.45486 , -0.410364 , 0.491391 , 0.413131 , -408 , 60 , -6
-40 , 0 , -36 , -2 , -0.00869371 , -0.704336 , -0.000595611 , -2.67923 , 1.51579 , 1.46273 , -0.429905 , 0.519248 , 0.335759 , -372 , 0 , -1
-40 , 0 , -39 , 4 , -0.00899575 , -0.707457 , -0.000731038 , -2.6874 , 1.52568 , 1.4693 , -0.390823 , 0.461965 , 0.272665 , -220 , -16 , 65
-40 , 0 , -35 , 5 , -0.00956345 , -0.709883 , -0.000481982 , -2.69523 , 1.5341 , 1.47555 , -0.410364 , 0.416061 , 0.355724 , -53 , -48 , 42
-40 , 0 , -37 , -4 , -0.00998289 , -0.711092 , -0.000481982 , -2.70268 , 1.54104 , 1.4829 , -0.390823 , 0.313493 , 0.409095 , -151 , 46 , 34
-40 , 0 , -44 , 4 , -0.0101101 , -0.712624 , -0.0001335 , -2.70965 , 1.54862 , 1.49089 , -0.254035 , 0.35659 , 0.383159 , -398 , 61 , 26
-40 , 0 , -44 , -3 , -0.0102263 , -0.713659 , 0.000175522 , -2.71593 , 1.55553 , 1.49859 , -0.449447 , 0.343027 , 0.405138 , -329 , 63 , -93
-40 , 0 , -35 , -3 , -0.0100543 , -0.714865 , 0.000175522 , -2.72417 , 1.56321 , 1.50619 , -0.429905 , 0.40291 , 0.362768 , -177 , -28 , -2
-40 , 0 , -35 , -3 , -0.0098391 , -0.716783 , 0.000300594 , -2.73215 , 1.57044 , 1.51286 , -0.390823 , 0.359873 , 0.285548 , -79 , -65 , 56
-40 , 0 , -36 , 5 , -0.00942349 , -0.718839 , 5.98889e-05 , -2.73879 , 1.57662 , 1.51821 , -0.254035 , 0.206129 , 0.238695 , -229 , 43 , 13
-40 , 0 , -42 , 0 , -0.00890253 , -0.720431 , -0.000245142 , -2.74426 , 1.58125 , 1.52337 , -0.195412 , 0.211561 , 0.292094 , -294 , 13 , 50
-40 , 0 , -44 , 3 , -0.00858958 , -0.721133 , -0.000723865 , -2.74928 , 1.58449 , 1.5289 , -0.254035 , 0.167591 , 0.225646 , -362 , 18 , 49
-40 , 0 , -36 , -1 , -0.00856076 , -0.721682 , -0.000967814 , -2.7564 , 1.58715 , 1.5342 , -0.429905 , 0.109987 , 0.275356 , -355 , 51 , 16
-40 , 0 , -43 , 0 , -0.00881217 , -0.72273 , -0.00117225 , -2.76335 , 1.58823 , 1.53959 , -0.3322 , 0 , 0.250419 , -278 , 77 , -3
-40 , 0 , -41 , 0 , -0.00924444 , -0.724506 , -0.00117225 , -2.76994 , 1.58858 , 1.54377 , -0.429905 , 0.0501219 , 0.185987 , -82 , -20 , -19
-40 , 0 , -43 , 2 , -0.00957207 , -0.726703 , -0.00117225 , -2.77776 , 1.58721 , 1.54688 , -0.410364 , -0.140989 , 0.123469 , -167 , 39 , -32
-40 , 0 , -39 , -4 , -0.0096734 , -0.728782 , -0.00101119 , -2.78667 , 1.585 , 1.5495 , -0.429905 , -0.143473 , 0.14425 , -368 , 27 , 27
-40 , 0 , -44 , -1 , -0.00971067 , -0.730609 , -0.000861936 , -2.79603 , 1.58278 , 1.55239 , -0.449447 , -0.0811058 , 0.132153 , -403 , 14 , 9
-40 , 0 , -36 , 5 , -0.00974178 , -0.732363 , -0.000636837 , -2.8055 , 1.58174 , 1.55423 , -0.50807 , -0.0274368 , 0.0532647 , -179 , -20 , 58
-40 , 0 , -40 , 1 , -0.00964918 , -0.734442 , -0.000572588 , -2.81457 , 1.58055 , 1.55583 , -0.390823 , -0.0776052 , 0.109372 , -210 , -45 , 22
-40 , 0 , -35 , 0 , -0.00941723 , -0.736519 , -0.000572588 , -2.82301 , 1.57818 , 1.55757 , -0.527611 , -0.143967 , 0.0676939 , -286 , -55 , 34
-40 , 0 , -39 , -3 , -0.00910051 , -0.738579 , -0.000717223 , -2.83247 , 1.57465 , 1.55815 , -0.566693 , -0.190956 , 0 , -195 , -53 , 17
-40 , 0 , -37 , 3 , -0.00878696 , -0.740871 , -0.00089897 , -2.84074 , 1.57117 , 1.55772 , -0.371282 , -0.154515 , -0.0313727 , -324 , -52 , -29
-40 , 0 , -42 , 2 , -0.00859517 , -0.742695 , -0.00115154 , -2.84752 , 1.56745 , 1.55606 , -0.3322 , -0.231712 , -0.102739 , -63 , -30 , -12
-40 , 0 , -36 , -2 , -0.00849036 , -0.743949 , -0.00143151 , -2.85399 , 1.56257 , 1.55403 , -0.312658 , -0.293999 , -0.0748692 , -175 , -30 , -29
-40 , 0 , -39 , -2 , -0.00849484 , -0.745045 , -0.0016294 , -2.86059 , 1.55634 , 1.55229 , -0.312658 , -0.355293 , -0.107962 , -97 , 16 , -32
-40 , 0 , -38 , 1 , -0.00864263 , -0.746102 , -0.00171219 , -2.86596 , 1.54897 , 1.54944 , -0.254035 , -0.408241 , -0.169041 , -239 , 15 , -75
-40 , 0 , -43 , 2 , -0.00883852 , -0.747183 , -0.00171219 , -2.87048 , 1.54021 , 1.54537 , -0.234494 , -0.384163 , -0.264069 , -344 , -94 , 45
-40 , 0 , -44 , 0 , -0.0090294 , -0.748282 , -0.00163088 , -2.8746 , 1.53146 , 1.54104 , -0.254035 , -0.527664 , -0.17797 , -313 , -15 , -95
-40 , 0 , -44 , 0 , -0.00917666 , -0.749321 , -0.00153475 , -2.88066 , 1.52138 , 1.53771 , -0.351741 , -0.437813 , -0.146852 , -246 , -47 , 6
-40 , 0 , -36 , -3 , -0.00922169 , -0.750514 , -0.00135803 , -2.88721 , 1.51323 , 1.53566 , -0.371282 , -0.369397 , -0.0766117 , -161 , -12 , -64
-40 , 0 , -42 , 1 , -0.00922862 , -0.752079 , -0.00117988 , -2.89428 , 1.50453 , 1.53377 , -0.273576 , -0.39318 , -0.103685 , -159 , -12 , -62
-40 , 0 , -43 , -2 , -0.00920027 , -0.753866 , -0.00107446 , -2.90073 , 1.49584 , 1.53183 , -0.390823 , -0.514239 , -0.0956019 , -176 , 35 , -17
-40 , 0 , -36 , -2 , -0.00907941 , -0.755565 , -0.00107446 , -2.90864 , 1.4871 , 1.52994 , -0.50807 , -0.405138 , -0.107212 , -232 , -62 , -53
-40 , 0 , -43 , 1 , -0.00902986 , -0.757101 , -0.00107446 , -2.91683 , 1.47778 , 1.52704 , -0.390823 , -0.472387 , -0.178295 , -354 , 13 , -11
-40 , 0 , -35 , -2 , -0.00918127 , -0.758717 , -0.000963905 , -2.92494 , 1.46864 , 1.5238 , -0.429905 , -0.41695 , -0.149245 , -201 , 10 , 83
-40 , 0 , -35 , 1 , -0.00944293 , -0.760419 , -0.000801982 , -2.93289 , 1.45986 , 1.52079 , -0.371282 , -0.419636 , -0.159737 , -79 , -80 , -16
-40 , 0 , -41 , 3 , -0.00979584 , -0.762086 , -0.000497908 , -2.93934 , 1.44993 , 1.51684 , -0.254035 , -0.548395 , -0.248404 , -176 , -46 , 37
-40 , 0 , -40 , 3 , -0.0102102 , -0.763414 , -1.9573e-05 , -2.94466 , 1.43829 , 1.51249 , -0.214953 , -0.609387 , -0.179827 , -267 , -5 , -17
-40 , 0 , -41 , 0 , -0.0107276 , -0.764172 , 0.000694799 , -2.94892 , 1.42535 , 1.50936 , -0.156329 , -0.621009 , -0.123992 , -365 , 31 , -50
-40 , 0 , -35 , -3 , -0.0114229 , -0.764418 , 0.00162826 , -2.95197 , 1.41328 , 1.50643 , -0.136788 , -0.561794 , -0.194374 , -324 , -84 , -20
-40 , 0 , -38 , 1 , -0.0122909 , -0.764386 , 0.00279036 , -2.95384 , 1.4021 , 1.50236 , -0.0586235 , -0.571097 , -0.242045 , -373 , -59 , -40
-40 , 0 , -36 , 5 , -0.0131809 , -0.764252 , 0.00408823 , -2.95449 , 1.39024 , 1.49699 , 0 , -0.614177 , -0.326592 , -403 , 29 , -8
-40 , 0 , -43 , 5 , -0.0139349 , -0.76394 , 0.00549009 , -2.95437 , 1.37789 , 1.4914 , 0.0586235 , -0.610661 , -0.27292 , -83 , -80 , -17
-40 , 0 , -41 , -1 , -0.0146013 , -0.763456 , 0.007009 , -2.95318 , 1.36423 , 1.48665 , 0 , -0.718863 , -0.178511 , -91 , -28 , 2
-40 , 0 , -39 , -1 , -0.0153289 , -0.762741 , 0.00871765 , -2.95265 , 1.3502 , 1.48263 , 0.0586235 , -0.669213 , -0.23217 , -75 , 60 , 2
-40 , 0 , -38 , 3 , -0.0161677 , -0.761853 , 0.0105239 , -2.95097 , 1.33794 , 1.47721 , 0.117247 , -0.550969 , -0.239279 , -111 , -111 , -43
-40 , 0 , -36 , -4 , -0.0169292 , -0.761045 , 0.0123914 , -2.94802 , 1.32544 , 1.47182 , 0.156329 , -0.653546 , -0.241745 , -62 , -46 , -33
-40 , 0 , -35 , 5 , -0.0175678 , -0.760126 , 0.0143219 , -2.94364 , 1.31203 , 1.46662 , 0.254035 , -0.617736 , -0.296977 , -16 , 29 , -37
-40 , 0 , -42 , -2 , -0.0180848 , -0.758714 , 0.0160951 , -2.93852 , 1.30005 , 1.46121 , 0.3322 , -0.612255 , -0.257007 , 90 , -31 , -81
-40 , 0 , -38 , -1 , -0.0184117 , -0.756792 , 0.0178245 , -2.93287 , 1.28794 , 1.45572 , 0.254035 , -0.586235 , -0.263121 , 104 , -53 , -82
-40 , 0 , -40 , 1 , -0.0186563 , -0.754758 , 0.019451 , -2.92746 , 1.27645 , 1.44925 , 0.273576 , -0.571655 , -0.344236 , 21 , 13 , 1
-40 , 0 , -44 , 5 , -0.0188993 , -0.753077 , 0.0210341 , -2.92056 , 1.26566 , 1.44243 , 0.390823 , -0.415622 , -0.31518 , -155 , -15 , 12
-40 , 0 , -40 , 0 , -0.0189448 , -0.751574 , 0.0223435 , -2.91419 , 1.25716 , 1.43692 , 0.3322 , -0.392388 , -0.219809 , -135 , -83 , -9
-40 , 0 , -38 , 4 , -0.0187966 , -0.750149 , 0.0234061 , -2.9078 , 1.2496 , 1.43258 , 0.293117 , -0.349885 , -0.186638 , 32 , -78 , -15
-40 , 0 , -36 , 1 , -0.018652 , -0.748646 , 0.0243051 , -2.90002 , 1.24176 , 1.42949 , 0.410364 , -0.444452 , -0.116872 , 112 , -24 , -50
-40 , 0 , -43 , 2 , -0.0187494 , -0.746624 , 0.025241 , -2.89082 , 1.23381 , 1.42658 , 0.488529 , -0.350615 , -0.170416 , -17 , 25 , -20
-40 , 0 , -42 , 5 , -0.0191595 , -0.744067 , 0.0261429 , -2.88164 , 1.2273 , 1.42355 , 0.410364 , -0.311327 , -0.142496 , -115 , 63 , -48
-40 , 0 , -39 , 1 , -0.0194162 , -0.741577 , 0.0269567 , -2.87411 , 1.22085 , 1.42154 , 0.390823 , -0.322815 , -0.0856309 , -202 , -33 , -40
-40 , 0 , -36 , 4 , -0.0193567 , -0.739795 , 0.0277233 , -2.86677 , 1.21472 , 1.42082 , 0.410364 , -0.301094 , -0.013357 , -80 , -112 , -48
-40 , 0 , -44 , 1 , -0.0193805 , -0.738488 , 0.0285315 , -2.85772 , 1.20823 , 1.42113 , 0.449447 , -0.377 , 0.0274654 , 197 , -60 , -3
-40 , 0 , -41 , 2 , -0.0197903 , -0.73687 , 0.0293735 , -2.84826 , 1.20172 , 1.42256 , 0.449447 , -0.310504 , 0.124784 , -18 , -39 , -48
-40 , 0 , -40 , 0 , -0.0203643 , -0.73456 , 0.030253 , -2.84037 , 1.19631 , 1.42537 , 0.351741 , -0.239866 , 0.151325 , -93 , -16 , -3
-40 , 0 , -36 , -1 , -0.0206426 , -0.732261 , 0.0311242 , -2.83401 , 1.19221 , 1.42885 , 0.3322 , -0.196459 , 0.175309 , -131 , 6 , -1
-40 , 0 , -39 , -4 , -0.0203491 , -0.730735 , 0.0317337 , -2.82772 , 1.18927 , 1.43155 , 0.312658 , -0.11145 , 0.108081 , 7 , -18 , 45
-40 , 0 , -37 , -3 , -0.0197401 , -0.729806 , 0.0320353 , -2.82002 , 1.18775 , 1.43295 , 0.410364 , -0.0538813 , 0.0593951 , 50 , 63 , 0
-40 , 0 , -38 , -3 , -0.019162 , -0.728554 , 0.0320353 , -2.8117 , 1.18713 , 1.43336 , 0.449447 , 0.0728965 , 0 , 91 , -17 , -6
-40 , 0 , -38 , 2 , -0.018672 , -0.726546 , 0.0318844 , -2.80201 , 1.18804 , 1.43235 , 0.50807 , 0.0193062 , -0.0615396 , -84 , 126 , 8
-40 , 0 , -44 , -3 , -0.0181262 , -0.724205 , 0.0315951 , -2.79155 , 1.18992 , 1.43137 , 0.527611 , 0.14525 , -0.0185989 , -99 , 29 , -49
-40 , 0 , -43 , 4 , -0.0170474 , -0.721896 , 0.0308867 , -2.78123 , 1.1931 , 1.4303 , 0.566693 , 0.200353 , -0.0790067 , 15 , 70 , -18
-40 , 0 , -43 , -3 , -0.01542 , -0.719858 , 0.0294855 , -2.77148 , 1.19764 , 1.42924 , 0.468988 , 0.254662 , -0.0217703 , 79 , 11 , -14
-40 , 0 , -39 , 0 , -0.0138757 , -0.718241 , 0.027597 , -2.76294 , 1.20344 , 1.42815 , 0.351741 , 0.325685 , -0.0673671 , -18 , -9 , -48
-40 , 0 , -36 , 5 , -0.0129647 , -0.716859 , 0.0255093 , -2.75618 , 1.21024 , 1.42615 , 0.3322 , 0.384163 , -0.150471 , -51 , -73 , -55
-40 , 0 , -41 , -1 , -0.0128274 , -0.715606 , 0.0235255 , -2.74944 , 1.21667 , 1.42385 , 0.410364 , 0.282657 , -0.101564 , -113 , 36 , -81
-40 , 0 , -40 , 0 , -0.0133983 , -0.714351 , 0.021911 , -2.74256 , 1.22332 , 1.4218 , 0.273576 , 0.314333 , -0.118766 , 113 , 125 , -105
-40 , 0 , -40 , 2 , -0.0139581 , -0.713128 , 0.0204521 , -2.73635 , 1.23164 , 1.41943 , 0.254035 , 0.477778 , -0.0673671 , 118 , 60 , -69
-40 , 0 , -35 , 3 , -0.0137256 , -0.712181 , 0.0190375 , -2.73197 , 1.24065 , 1.41816 , 0.195412 , 0.519711 , -0.0477854 , 103 , -46 , -1
-40 , 0 , -39 , 0 , -0.0127007 , -0.711781 , 0.0174222 , -2.7273 , 1.24977 , 1.41814 , 0.195412 , 0.394504 , 0.020716 , 91 , 19 , -34
-40 , 0 , -41 , -1 , -0.0113021 , -0.711682 , 0.0156155 , -2.72259 , 1.25882 , 1.41836 , 0.17587 , 0.498922 , 0.00689737 , -78 , 20 , -49
-40 , 0 , -35 , 4 , -0.00984749 , -0.711263 , 0.0133674 , -2.71937 , 1.269 , 1.41732 , 0.156329 , 0.511324 , -0.0931115 , -81 , 70 , -16
-40 , 0 , -38 , 3 , -0.00856222 , -0.710746 , 0.0109786 , -2.71587 , 1.27991 , 1.41652 , 0.214953 , 0.486096 , -0.0776052 , -179 , -13 , 33
-40 , 0 , -35 , -2 , -0.0078951 , -0.710285 , 0.00866683 , -2.71257 , 1.28915 , 1.4164 , 0.17587 , 0.408666 , 0.097608 , -105 , -30 , -118
-40 , 0 , -44 , 4 , -0.00786841 , -0.709811 , 0.00661844 , -2.70913 , 1.29796 , 1.41636 , 0.214953 , 0.499559 , -0.0855558 , -94 , -13 , 24
-40 , 0 , -44 , -1 , -0.00829766 , -0.709297 , 0.00504484 , -2.70577 , 1.30676 , 1.41683 , 0.117247 , 0.483291 , 0 , -11 , 31 , 1
-40 , 0 , -43 , -3 , -0.00898927 , -0.708715 , 0.00391039 , -2.70354 , 1.31602 , 1.41777 , 0.0781646 , 0.487513 , 0.144964 , -5 , 31 , -82
-40 , 0 , -43 , -2 , -0.00958873 , -0.708401 , 0.00315013 , -2.7026 , 1.32665 , 1.41924 , 0.0195412 , 0.565587 , 0.0299462 , 9 , -45 , -3
-40 , 0 , -39 , 3 , -0.00989569 , -0.708512 , 0.00262678 , -2.7026 , 1.33802 , 1.4197 , -0.0195412 , 0.5985 , 0 , -162 , -8 , -77
0 , 0 , 0 , 0 , -0.00987319 , -0.708938 , 0.00220373 , -2.70405 , 1.34908 , 1.41963 , -0.0586235 , 0.511324 , -0.0484164 , -157 , 109 , 32
0 , 0 , 0 , 0 , -0.00960326 , -0.709512 , 0.00173037 , -2.70444 , 1.35844 , 1.41886 , 0 , 0.504501 , -0.0454656 , -119 , 1 , -101
0 , 0 , 0 , 0 , -0.00928246 , -0.709956 , 0.00127768 , -2.70352 , 1.36784 , 1.41701 , 0.0781646 , 0.427439 , -0.122438 , -5 , -46 , -82
0 , 0 , 0 , 0 , -0.00906735 , -0.709862 , 0.000817581 , -2.70112 , 1.37578 , 1.41382 , 0.117247 , 0.352194 , -0.206857 , 83 , -1 , -32
0 , 0 , 0 , 0 , -0.00900979 , -0.709102 , 0.000445921 , -2.69777 , 1.38217 , 1.40946 , 0.214953 , 0.298186 , -0.224438 , 181 , 63 , -47
0 , 0 , 0 , 0 , -0.00906336 , -0.707988 , 0.000161093 , -2.69297 , 1.3876 , 1.40382 , 0.312658 , 0.238112 , -0.304379 , 45 , 14 , 20
0 , 0 , 0 , 0 , -0.00923368 , -0.706594 , -1.57604e-05 , -2.6871 , 1.39198 , 1.39708 , 0.254035 , 0.188377 , -0.332142 , 123 , 54 , -16
0 , 0 , 0 , 0 , -0.00948426 , -0.705091 , -1.57604e-05 , -2.67997 , 1.39514 , 1.38936 , 0.371282 , 0.11867 , -0.428534 , -21 , 31 , -11
0 , 0 , 0 , 0 , -0.00969753 , -0.703377 , -1.57604e-05 , -2.67212 , 1.39715 , 1.38045 , 0.371282 , 0.0765115 , -0.488934 , -83 , 31 , -88
0 , 0 , 0 , 0 , -0.00982153 , -0.701441 , 0.000163952 , -2.6628 , 1.39786 , 1.36984 , 0.468988 , 0.0121047 , -0.527664 , 67 , 7 , -17
0 , 0 , 0 , 0 , -0.00982504 , -0.699267 , 0.000306639 , -2.65213 , 1.39749 , 1.35815 , 0.566693 , -0.048408 , -0.626987 , 122 , -5 , 14
0 , 0 , 0 , 0 , -0.00971328 , -0.696624 , 0.000388869 , -2.63983 , 1.39582 , 1.34574 , 0.586235 , -0.123158 , -0.704183 , -96 , -17 , 15
0 , 0 , 0 , 0 , -0.00953919 , -0.693772 , 0.000388869 , -2.62711 , 1.39291 , 1.33181 , 0.566693 , -0.180268 , -0.768326 , 21 , -11 , 1
0 , 0 , 0 , 0 , -0.00938624 , -0.690726 , 0.000388869 , -2.61334 , 1.38873 , 1.31641 , 0.781646 , -0.240259 , -0.780081 , 133 , 29 , -24
0 , 0 , 0 , 0 , -0.009305 , -0.687382 , 0.000388869 , -2.59716 , 1.38349 , 1.30039 , 0.84027 , -0.305648 , -0.839874 , -115 , 29 , -102
0 , 0 , 0 , 0 , -0.00928774 , -0.683638 , 0.000388869 , -2.58127 , 1.37726 , 1.2826 , 0.879352 , -0.341827 , -0.949363 , 76 , -49 , 98
0 , 0 , 0 , 0 , -0.00930269 , -0.679507 , 0.000388869 , -2.56282 , 1.3697 , 1.26418 , 0.977058 , -0.413131 , -1.00382 , -113 , -127 , -47
0 , 0 , 0 , 0 , -0.00938972 , -0.674808 , 0.000450852 , -2.5442 , 1.36018 , 1.24293 , 0.918434 , -0.476225 , -1.06685 , 146 , -17 , 44
0 , 0 , 0 , 0 , -0.00960599 , -0.669883 , 0.00059524 , -2.52362 , 1.35022 , 1.22308 , 1.07476 , -0.553051 , -1.0927 , -105 , 43 , -73
0 , 0 , 0 , 0 , -0.009928 , -0.664866 , 0.000887148 , -2.50254 , 1.33857 , 1.19928 , 1.07476 , -0.572495 , -1.16548 , 47 , -64 , 27
0 , 0 , 0 , 0 , -0.0102643 , -0.659739 , 0.00130936 , -2.47944 , 1.32686 , 1.17726 , 1.19201 , -0.686855 , -1.21562 , -147 , -9 , -99
0 , 0 , 0 , 0 , -0.010594 , -0.654435 , 0.00186403 , -2.45517 , 1.31211 , 1.15101 , 1.21155 , -0.744897 , -1.26685 , 152 , 46 , -39
0 , 0 , 0 , 0 , -0.0109829 , -0.648702 , 0.00251965 , -2.43051 , 1.29802 , 1.12506 , 1.25063 , -0.69956 , -1.39496 , -79 , -97 , 39
0 , 0 , 0 , 0 , -0.011418 , -0.64256 , 0.00332362 , -2.40335 , 1.28129 , 1.09813 , 1.48513 , -0.844716 , -1.35233 , -167 , -65 , -80
0 , 0 , 0 , 0 , -0.0120491 , -0.635617 , 0.00443441 , -2.37624 , 1.26367 , 1.06945 , 1.38742 , -0.885549 , -1.4281 , 122 , 41 , -3
0 , 0 , 0 , 0 , -0.0129272 , -0.628311 , 0.00570195 , -2.34693 , 1.24542 , 1.03978 , 1.3288 , -0.955556 , -1.52466 , 1 , -64 , 55
0 , 0 , 0 , 0 , -0.013742 , -0.620922 , 0.0072448 , -2.31692 , 1.22523 , 1.00932 , 1.62192 , -0.979505 , -1.60173 , -256 , -19 , 36
0 , 0 , 0 , 0 , -0.0146857 , -0.612827 , 0.00919565 , -2.28657 , 1.20479 , 0.977312 , 1.68054 , -1.10506 , -1.6678 , 13 , -19 , -84
0 , 0 , 0 , 0 , -0.0159082 , -0.604303 , 0.0112385 , -2.25458 , 1.18224 , 0.944072 , 1.58283 , -1.17188 , -1.69065 , 188 , 35 , 15
0 , 0 , 0 , 0 , -0.0168413 , -0.596227 , 0.0135787 , -2.22077 , 1.15922 , 0.909543 , 1.64146 , -1.22259 , -1.73058 , 20 , -46 , -35
0 , 0 , 0 , 0 , -0.0173178 , -0.587918 , 0.0161173 , -2.18589 , 1.13466 , 0.8739 , 1.70008 , -1.23029 , -1.79139 , -14 , -83 , 81
0 , 0 , 0 , 0 , -0.0175827 , -0.577592 , 0.0180583 , -2.15015 , 1.10867 , 0.837163 , 1.81733 , -1.3859 , -1.87444 , -128 , 111 , -32
0 , 0 , 0 , 0 , -0.0158011 , -0.56534 , 0.0180583 , -2.11336 , 1.08215 , 0.799214 , 1.91503 , -1.43508 , -1.9923 , -127 , -14 , 78
0 , 0 , 0 , 0 , -0.0112644 , -0.552072 , 0.0165944 , -2.07545 , 1.0538 , 0.760073 , 2.05182 , -1.37291 , -2.05516 , -225 , -82 , 57
0 , 0 , 0 , 0 , -0.00633132 , -0.538119 , 0.0140129 , -2.03621 , 1.02421 , 0.719642 , 2.12999 , -1.45197 , -2.10497 , -339 , 42 , 44
0 , 0 , 0 , 0 , -0.00378012 , -0.523817 , 0.0111463 , -1.99574 , 0.993863 , 0.678899 , 2.16907 , -1.57802 , -2.08439 , -231 , -1 , 88
0 , 0 , 0 , 0 , -0.00503143 , -0.509288 , 0.00868195 , -1.95396 , 0.962402 , 0.639211 , 2.30586 , -1.67615 , -2.01455 , -266 , -17 , -17
0 , 0 , 0 , 0 , -0.00859364 , -0.494643 , 0.00732689 , -1.91087 , 0.929456 , 0.600734 , 2.22769 , -1.65369 , -1.94278 , -194 , -119 , 54
0 , 0 , 0 , 0 , -0.0116862 , -0.47968 , 0.00684447 , -1.86665 , 0.895044 , 0.563528 , 2.16907 , -1.67615 , -1.89107 , -85 , -142 , 79
0 , 0 , 0 , 0 , -0.0123843 , -0.464119 , 0.00695373 , -1.82159 , 0.859498 , 0.527435 , 2.20815 , -1.77781 , -1.79276 , 36 , -66 , -6
0 , 0 , 0 , 0 , -0.0112346 , -0.448187 , 0.00721828 , -1.77559 , 0.823034 , 0.492711 , 2.22769 , -1.84495 , -1.77243 , 160 , -18 , -65
0 , 0 , 0 , 0 , -0.010229 , -0.431974 , 0.00721828 , -1.72834 , 0.785261 , 0.458826 , 2.4231 , -1.88045 , -1.60722 , 50 , 35 , -122
0 , 0 , 0 , 0 , -0.0109526 , -0.415288 , 0.00712388 , -1.67919 , 0.746355 , 0.426075 , 2.67714 , -1.94924 , -1.58978 , -353 , -2 , -85
0 , 0 , 0 , 0 , -0.0138388 , -0.398415 , 0.00766495 , -1.6284 , 0.706296 , 0.394634 , 2.59897 , -2.06238 , -1.51775 , -110 , -12 , -19
0 , 0 , 0 , 0 , -0.0176682 , -0.381111 , 0.00885152 , -1.57738 , 0.665748 , 0.364638 , 2.38402 , -2.01975 , -1.52864 , 224 , 6 , -16
0 , 0 , 0 , 0 , -0.0203083 , -0.363548 , 0.0107992 , -1.52562 , 0.626411 , 0.335678 , 2.67714 , -1.96888 , -1.40837 , -93 , 4 , -145
0 , 0 , 0 , 0 , -0.0209253 , -0.346122 , 0.0129808 , -1.47123 , 0.588326 , 0.307754 , 2.83347 , -1.92365 , -1.25196 , -299 , -1 , -136
0 , 0 , 0 , 0 , -0.0198879 , -0.328402 , 0.0146535 , -1.4137 , 0.549693 , 0.27981 , 2.55989 , -1.88348 , -1.30709 , 236 , -23 , -4
0 , 0 , 0 , 0 , -0.0179834 , -0.310445 , 0.0156704 , -1.36102 , 0.515887 , 0.256067 , 3.04842 , -1.82627 , -1.1855 , -288 , 31 , -160
0 , 0 , 0 , 0 , -0.0171211 , -0.292161 , 0.0168777 , -1.30074 , 0.479814 , 0.23041 , 2.79439 , -1.79413 , -1.1523 , -82 , -16 , -66
0 , 0 , 0 , 0 , -0.0176235 , -0.273889 , 0.0179697 , -1.24624 , 0.446535 , 0.207664 , 2.67714 , -1.60722 , -1.16954 , 22 , -191 , -79
0 , 0 , 0 , 0 , -0.0182203 , -0.256047 , 0.0194942 , -1.19154 , 0.41394 , 0.185934 , 2.79439 , -1.49549 , -0.977869 , -248 , -177 , -132
0 , 0 , 0 , 0 , -0.0181584 , -0.238461 , 0.0215972 , -1.13841 , 0.382889 , 0.165357 , 2.48173 , -1.53364 , -1.01644 , 86 , -19 , -46
0 , 0 , 0 , 0 , -0.0173434 , -0.221614 , 0.0237956 , -1.08745 , 0.353617 , 0.14607 , 2.46219 , -1.49168 , -0.870106 , 125 , -101 , -179
0 , 0 , 0 , 0 , -0.0164775 , -0.20536 , 0.025825 , -1.03658 , 0.325321 , 0.127955 , 2.69668 , -1.39 , -0.910295 , -309 , -126 , -96
0 , 0 , 0 , 0 , -0.0156936 , -0.189593 , 0.0270309 , -0.986535 , 0.297495 , 0.110955 , 2.4231 , -1.19396 , -0.839869 , -99 , -241 , -148
0 , 0 , 0 , 0 , -0.0149174 , -0.17407 , 0.0287137 , -0.938542 , 0.271544 , 0.0953999 , 2.26677 , -1.29555 , -0.792743 , 135 , -38 , -158
0 , 0 , 0 , 0 , -0.0146246 , -0.158664 , 0.0304498 , -0.892073 , 0.246883 , 0.0806464 , 2.18861 , -1.19275 , -0.716229 , 194 , -189 , 8
0 , 0 , 0 , 0 , -0.0147167 , -0.144 , 0.0321647 , -0.846406 , 0.222867 , 0.0674952 , 2.24723 , -1.17776 , -0.618876 , -6 , -45 , -118
0 , 0 , 0 , 0 , -0.0147103 , -0.129673 , 0.0342239 , -0.801735 , 0.200629 , 0.0554187 , 2.30586 , -1.14386 , -0.595767 , -136 , -84 , -102
0 , 0 , 0 , 0 , -0.0143481 , -0.11608 , 0.0361154 , -0.758119 , 0.178938 , 0.0443584 , 2.28632 , -0.9795 , -0.552267 , -175 , -145 , -16
0 , 0 , 0 , 0 , -0.0139272 , -0.103631 , 0.0381937 , -0.715793 , 0.159085 , 0.0346269 , 2.24723 , -1.02443 , -0.401939 , -245 , -114 , -146
0 , 0 , 0 , 0 , -0.0139145 , -0.0921034 , 0.0401825 , -0.674639 , 0.139954 , 0.0262242 , 2.12999 , -0.848075 , -0.39839 , -176 , -147 , -212
0 , 0 , 0 , 0 , -0.0139309 , -0.0814236 , 0.0419719 , -0.634892 , 0.122601 , 0.0189745 , 2.05182 , -0.866881 , -0.343125 , -206 , -113 , -147
0 , 0 , 0 , 0 , -0.0140059 , -0.0716612 , 0.0439427 , -0.596318 , 0.105639 , 0.0128385 , 2.01274 , -0.761342 , -0.306287 , -189 , -119 , -78
0 , 0 , 0 , 0 , -0.0140644 , -0.0628089 , 0.0458985 , -0.559053 , 0.0908273 , 0.00748426 , 1.93457 , -0.704178 , -0.229444 , -179 , -143 , -54
0 , 0 , 0 , 0 , -0.0136614 , -0.0544568 , 0.0476497 , -0.523117 , 0.0765623 , 0.00402548 , 1.93457 , -0.68665 , -0.139845 , -132 , -96 , -110
0 , 0 , 0 , 0 , -0.0129933 , -0.0464019 , 0.0497605 , -0.488255 , 0.0629421 , 0.00136788 , 1.70008 , -0.608758 , -0.0910577 , 73 , -66 , -45
0 , 0 , 0 , 0 , -0.0122533 , -0.0393655 , 0.0516571 , -0.454293 , 0.0520576 , 0.000117247 , 1.62192 , -0.51379 , -0.0297876 , 80 , -199 , -64
0 , 0 , 0 , 0 , -0.0118699 , -0.0342036 , 0.0534461 , -0.419979 , 0.0409387 , -0.000117247 , 1.56329 , -0.53294 , -0.00517869 , -24 , -125 , -108
0 , 0 , 0 , 0 , -0.0119314 , -0.030822 , 0.0552427 , -0.388185 , 0.0315394 , -0.000136788 , 1.52421 , -0.465634 , -0.00422692 , -94 , -100 , -61
0 , 0 , 0 , 0 , -0.0119743 , -0.029055 , 0.0568285 , -0.358307 , 0.0234298 , -0.000156329 , 1.56329 , -0.335086 , 0 , -84 , -149 , -27
0 , 0 , 0 , 0 , -0.0115449 , -0.0281955 , 0.058199 , -0.330285 , 0.0167077 , -0.000156329 , 1.50467 , -0.299863 , 0 , 21 , -176 , -16
0 , 0 , 0 , 0 , -0.0106273 , -0.0276919 , 0.0593344 , -0.302321 , 0.0111385 , -0.000156329 , 1.25063 , -0.261594 , 0 , 157 , -216 , -16
0 , 0 , 0 , 0 , -0.00972059 , -0.027251 , 0.0601965 , -0.27555 , 0.00662445 , -0.000156329 , 1.34834 , -0.216482 , 0 , -149 , -174 , -27
0 , 0 , 0 , 0 , -0.00935995 , -0.0264267 , 0.0608819 , -0.251221 , 0.00318521 , -0.000156329 , 1.23109 , -0.157759 , 0 , 60 , -162 , -16
0 , 0 , 0 , 0 , -0.00961809 , -0.0252382 , 0.0614959 , -0.226619 , 0.000996599 , -0.000136788 , 1.05522 , -0.0510737 , 0 , 29 , -195 , -24
0 , 0 , 0 , 0 , -0.00977153 , -0.0239139 , 0.0619722 , -0.204127 , 0.000195412 , -0.000136788 , 1.17247 , -0.0213529 , 0 , -68 , -181 , -16
0 , 0 , 0 , 0 , -0.00920012 , -0.0228313 , 0.0622012 , -0.182671 , 9.77058e-05 , -0.000117247 , 1.01614 , -0.00427463 , 0 , 146 , -184 , -8
0 , 0 , 0 , 0 , -0.00830768 , -0.0222646 , 0.0622012 , -0.162094 , 7.81646e-05 , -9.77058e-05 , 1.0943 , 0 , 0 , -131 , -189 , -34
0 , 0 , 0 , 0 , -0.00795259 , -0.0222374 , 0.0622012 , -0.143198 , 3.90823e-05 , -9.77058e-05 , 0.879352 , 0 , 0 , 159 , -185 , -42
0 , 0 , 0 , 0 , -0.00823268 , -0.0225653 , 0.0622012 , -0.125161 , 1.95412e-05 , -9.77058e-05 , 0.918434 , -0.00303064 , 0 , 22 , -185 , -16
0 , 0 , 0 , 0 , -0.00854468 , -0.0231435 , 0.0622012 , -0.108297 , 1.95412e-05 , -7.81646e-05 , 0.820728 , 0 , 0 , -69 , -172 , -24
0 , 0 , 0 , 0 , -0.00848078 , -0.0237758 , 0.0622012 , -0.0932309 , 0 , -7.81646e-05 , 0.762105 , 0 , 0 , 111 , -184 , 2
0 , 0 , 0 , 0 , -0.00827575 , -0.0240857 , 0.0622012 , -0.0782037 , 0 , -7.81646e-05 , 0.644858 , 0 , 0 , -40 , -176 , 13
0 , 0 , 0 , 0 , -0.00825767 , -0.0239483 , 0.0622012 , -0.0654629 , 0 , -7.81646e-05 , 0.566693 , 0 , 0 , -17 , -181 , 2
0 , 0 , 0 , 0 , -0.00838129 , -0.0235362 , 0.0622012 , -0.0531715 , 0 , -7.81646e-05 , 0.566693 , 0 , 0 , 135 , -176 , -24
0 , 0 , 0 , 0 , -0.00835506 , -0.0231174 , 0.0622012 , -0.0424434 , 0 , -5.86235e-05 , 0.527611 , 0 , 0 , -52 , -181 , -5
0 , 0 , 0 , 0 , -0.00812555 , -0.0228242 , 0.0622012 , -0.0325751 , 0 , -5.86235e-05 , 0.449447 , 0 , 0 , -153 , -189 , 18
0 , 0 , 0 , 0 , -0.00805199 , -0.0227014 , 0.0622012 , -0.0247586 , -1.95412e-05 , -3.90823e-05 , 0.429905 , 0 , 0 , -26 , -181 , -24
0 , 0 , 0 , 0 , -0.00828227 , -0.0228043 , 0.0622012 , -0.017587 , -1.95412e-05 , -1.95412e-05 , 0.312658 , 0 , 0.00258458 , 159 , -176 , -16
0 , 0 , 0 , 0 , -0.00840693 , -0.0231253 , 0.0622012 , -0.0114511 , -1.95412e-05 , -1.95412e-05 , 0.312658 , 0 , 0 , 115 , -162 , -16
0 , 0 , 0 , 0 , -0.00817205 , -0.0234847 , 0.0622012 , -0.00660491 , -1.95412e-05 , -1.95412e-05 , 0.195412 , 0 , 0 , 22 , -176 , 2
0 , 0 , 0 , 0 , -0.00792235 , -0.0236595 , 0.0622012 , -0.00326337 , -1.95412e-05 , -1.95412e-05 , 0.117247 , 0 , 0 , 66 , -162 , -16
0 , 0 , 0 , 0 , -0.00799544 , -0.0235473 , 0.0622012 , -0.000996599 , -1.95412e-05 , -1.95412e-05 , 0.0586235 , 0 , 0 , 26 , -181 , -16
0 , 0 , 0 , 0 , -0.00822153 , -0.0232124 , 0.0622012 , 1.95412e-05 , -1.95412e-05 , -1.95412e-05 , 0.0195412 , 0 , 0 , -2 , -176 , -8
0 , 0 , 0 , 0 , -0.00824349 , -0.0228914 , 0.0622012 , 9.77058e-05 , -1.95412e-05 , -1.95412e-05 , 0 , 0 , 0 , -3 , -162 , 29
0 , 0 , 0 , 0 , -0.00804873 , -0.0227509 , 0.0622012 , -1.95412e-05 , -1.95412e-05 , 0 , 0 , 0 , 0 , -66 , -176 , 10
0 , 0 , 0 , 0 , -0.0079172 , -0.0227327 , 0.0622012 , -1.95412e-05 , -1.95412e-05 , 0 , 0 , 0 , 0 , -19 , -162 , -16
0 , 0 , 0 , 0 , -0.00802529 , -0.0228411 , 0.0622012 , -3.90823e-05 , -1.95412e-05 , 0 , 0 , 0 , 0 , 12 , -150 , -34
0 , 0 , 0 , 0 , -0.00816419 , -0.0230901 , 0.0622621 , -1.95412e-05 , -1.95412e-05 , 0 , 0 , 0 , 0 , -18 , -181 , 2
0 , 0 , 0 , 0 , -0.00803729 , -0.0233049 , 0.0622621 , 0 , -1.95412e-05 , 0 , 0 , 0 , 0 , -19 , -162 , 2
0 , 0 , 0 , 0 , -0.00783305 , -0.02336 , 0.0622621 , 0 , -1.95412e-05 , 0 , -0.0195412 , 0 , 0 , -18 , -162 , -42
0 , 0 , 0 , 0 , -0.00797405 , -0.0232444 , 0.0622621 , 0 , -1.95412e-05 , 0 , 0 , 0 , 0 , -3 , -162 , -24
0 , 0 , 0 , 0 , -0.0082506 , -0.0229841 , 0.0622621 , 0 , -1.95412e-05 , 0 , 0 , 0 , 0 , -18 , -158 , 18
0 , 0 , 0 , 0 , -0.00825091 , -0.022713 , 0.0622621 , 0 , -1.95412e-05 , 0 , 0 , 0 , 0 , -3 , -167 , -8
0 , 0 , 0 , 0 , -0.00801888 , -0.0226246 , 0.0622621 , 0 , -1.95412e-05 , 0 , 0 , 0 , 0 , -19 , -154 , -14
0 , 0 , 0 , 0 , -0.00784112 , -0.0227047 , 0.0622621 , 0 , -1.95412e-05 , 0 , 0 , 0 , 0 , -35 , -150 , -16
0 , 0 , 0 , 0 , -0.00786934 , -0.0228416 , 0.0622621 , 0 , -3.90823e-05 , 0 , 0 , 0 , 0 , -34 , -162 , -34
0 , 0 , 0 , 0 , -0.00800757 , -0.0229996 , 0.0622621 , 0 , -1.95412e-05 , 0 , 0 , 0 , 0 , -4 , -162 , -16
0 , 0 , 0 , 0 , -0.00809419 , -0.0231169 , 0.0622621 , 1.95412e-05 , -3.90823e-05 , 0 , -0.0195412 , 0 , 0 , -3 , -162 , -16
0 , 0 , 0 , 0 , -0.00805053 , -0.0231251 , 0.0622621 , 0 , -3.90823e-05 , 0 , 0 , 0 , 0 , -35 , -132 , -32
0 , 0 , 0 , 0 , -0.00795682 , -0.0229859 , 0.0622621 , 0 , -1.95412e-05 , 0 , 0 , 0 , 0 , 27 , -162 , -5
0 , 0 , 0 , 0 , -0.00793224 , -0.0227706 , 0.0622621 , 0 , -3.90823e-05 , 0 , 0 , 0 , 0 , -20 , -145 , 13
0 , 0 , 0 , 0 , -0.00799138 , -0.0226565 , 0.0622621 , 0 , -1.95412e-05 , 0 , 0 , 0 , 0 , -4 , -150 , 10
0 , 0 , 0 , 0 , -0.00801464 , -0.0227051 , 0.0622621 , 0 , -3.90823e-05 , 0 , 0 , 0 , 0 , -49 , -162 , 2
0 , 0 , 0 , 0 , -0.00796637 , -0.0228042 , 0.0622621 , 0 , -1.95412e-05 , 0 , 0 , 0 , 0 , -51 , -162 , -58
0 , 0 , 0 , 0 , -0.00792501 , -0.0228152 , 0.0622621 , 0 , -1.95412e-05 , 0 , 0 , 0 , 0 , -51 , -162 , -51
0 , 0 , 0 , 0 , -0.00793747 , -0.0227316 , 0.0622621 , 0 , -3.90823e-05 , 0 , 0 , 0 , 0 , -21 , -162 , 29
0 , 0 , 0 , 0 , -0.00792804 , -0.0227316 , 0.0622621 , 0 , -1.95412e-05 , 0 , 0 , 0 , 0 , -19 , -132 , 2
0 , 0 , 0 , 0 , -0.00787522 , -0.0228288 , 0.0622621 , 0 , -1.95412e-05 , 0 , 0 , 0 , 0 , -34 , -158 , -40
0 , 0 , 0 , 0 , -0.00794011 , -0.0228191 , 0.0622621 , 0 , -1.95412e-05 , 0 , 0 , 0 , 0 , -35 , -150 , -24
0 , 0 , 0 , 0 , -0.00810951 , -0.0227149 , 0.0622621 , 0 , -1.95412e-05 , 0 , 0 , 0 , 0 , -19 , -145 , 2
0 , 0 , 0 , 0 , -0.00809625 , -0.0226443 , 0.0622621 , 0 , -1.95412e-05 , 0 , 0 , 0 , 0 , -35 , -145 , 2
0 , 0 , 0 , 0 , -0.00789275 , -0.0226195 , 0.0622621 , 0 , -1.95412e-05 , 0 , 0 , 0 , 0 , -19 , -150 , 2
0 , 0 , 0 , 0 , -0.0078035 , -0.0226349 , 0.0622621 , 0 , -1.95412e-05 , 0 , 0 , 0 , 0 , -18 , -132 , -8
0 , 0 , 0 , 0 , -0.00799001 , -0.0226619 , 0.0622621 , 0 , -1.95412e-05 , 0 , 0 , 0 , 0 , 27 , -145 , -24
0 , 0 , 0 , 0 , -0.00822874 , -0.0226758 , 0.0622621 , 0 , -1.95412e-05 , 0 , 0 , 0 , 0 , -4 , -145 , -42
0 , 0 , 0 , 0 , -0.00818928 , -0.0226871 , 0.0622621 , 0 , -1.95412e-05 , 0 , 0 , 0 , 0 , -34 , -145 , -16
0 , 0 , 0 , 0 , -0.00796746 , -0.0226519 , 0.0622621 , 0 , -1.95412e-05 , 0 , 0 , 0 , 0 , -18 , -150 , -16
0 , 0 , 0 , 0 , -0.00795004 , -0.0225172 , 0.0622621 , 0 , -1.95412e-05 , 0 , 0 , 0 , 0 , -18 , -145 , 2
0 , 0 , 0 , 0 , -0.0082019 , -0.022392 , 0.0622621 , 0 , -1.95412e-05 , 0 , 0 , 0 , 0 , -5 , -145 , 2
0 , 0 , 0 , 0 , -0.00835823 , -0.0223747 , 0.0623239 , 1.95412e-05 , -1.95412e-05 , 0 , 0 , 0 , 0 , -18 , -150 , -34
0 , 0 , 0 , 0 , -0.00822249 , -0.0224356 , 0.0623239 , 0 , -1.95412e-05 , 0 , 0 , 0 , 0 , -19 , -162 , 10
0 , 0 , 0 , 0 , -0.00800361 , -0.0225038 , 0.0623239 , 0 , -1.95412e-05 , 0 , 0 , 0 , 0 , -50 , -140 , 2
0 , 0 , 0 , 0 , -0.00803268 , -0.0224853 , 0.0623239 , 0 , -1.95412e-05 , 0 , 0 , 0 , 0 , -34 , -132 , -69
0 , 0 , 0 , 0 , -0.00826682 , -0.0223906 , 0.0623239 , 0 , -1.95412e-05 , 0 , 0 , 0 , 0 , -64 , -132 , 2
0 , 0 , 0 , 0 , -0.00835329 , -0.0223106 , 0.0623239 , 0 , -1.95412e-05 , 0 , 0 , 0 , 0 , -34 , -136 , 20
0 , 0 , 0 , 0 , -0.00817176 , -0.0222702 , 0.0623239 , 0 , -1.95412e-05 , 0 , 0 , 0 , 0 , -19 , -145 , 10
0 , 0 , 0 , 0 , -0.00801134 , -0.0222148 , 0.0623239 , 0 , -1.95412e-05 , 1.95412e-05 , 0 , 0 , 0 , -49 , -150 , 10
0 , 0 , 0 , 0 , -0.0080969 , -0.0221661 , 0.0623239 , -1.95412e-05 , -1.95412e-05 , 0 , 0 , 0 , 0 , -18 , -140 , 2
0 , 0 , 0 , 0 , -0.00830272 , -0.0221481 , 0.0623239 , 0 , -1.95412e-05 , 0 , 0 , 0 , 0 , -4 , -132 , -16
0 , 0 , 0 , 0 , -0.0084076 , -0.0220939 , 0.0623239 , 0 , -1.95412e-05 , 0 , 0 , 0 , 0 , 12 , -145 , 2
0 , 0 , 0 , 0 , -0.00833845 , -0.0220032 , 0.0623239 , 0 , -1.95412e-05 , 0 , 0 , 0 , 0 , -4 , -162 , 29
0 , 0 , 0 , 0 , -0.00821664 , -0.0219369 , 0.0623239 , 0 , -1.95412e-05 , 1.95412e-05 , 0 , 0 , 0 , -4 , -154 , -24
0 , 0 , 0 , 0 , -0.00819466 , -0.0219267 , 0.0623239 , 0 , -1.95412e-05 , 1.95412e-05 , 0 , 0 , 0 , -33 , -158 , 10
0 , 0 , 0 , 0 , -0.00832363 , -0.0219527 , 0.0623239 , 0 , -1.95412e-05 , 0 , 0 , 0 , 0 , -34 , -132 , -42
0 , 0 , 0 , 0 , -0.00845244 , -0.0219583 , 0.0623239 , 0 , -1.95412e-05 , 0 , 0 , 0 , 0 , 13 , -145 , 10
0 , 0 , 0 , 0 , -0.0084489 , -0.0219059 , 0.0623239 , 0 , -1.95412e-05 , 0 , 0 , 0 , 0 , 12 , -123 , 2
0 , 0 , 0 , 0 , -0.00834482 , -0.0217876 , 0.0623239 , 0 , -1.95412e-05 , 0 , 0 , 0 , 0 , -34 , -122 , -16
0 , 0 , 0 , 0 , -0.00828225 , -0.0216483 , 0.0623239 , 0 , -1.95412e-05 , 0 , 0 , 0 , 0 , -3 , -114 , -24
0 , 0 , 0 , 0 , -0.00837535 , -0.0215682 , 0.0623239 , 0 , -1.95412e-05 , 1.95412e-05 , 0 , 0 , 0 , -20 , -140 , 2
0 , 0 , 0 , 0 , -0.00855399 , -0.021565 , 0.0623239 , 0 , -1.95412e-05 , 1.95412e-05 , 0 , 0 , 0 , -19 , -118 , 10
0 , 0 , 0 , 0 , -0.00857497 , -0.0215713 , 0.0623239 , 0 , -1.95412e-05 , 0 , 0 , 0 , 0 , -49 , -123 , 2
0 , 0 , 0 , 0 , -0.0084094 , -0.0215133 , 0.0623239 , 0 , -1.95412e-05 , 0 , 0 , 0 , 0 , -5 , -127 , 2
0 , 0 , 0 , 0 , -0.00833209 , -0.0214124 , 0.0623239 , 0 , -1.95412e-05 , 0 , 0 , 0 , 0 , -19 , -127 , -8
0 , 0 , 0 , 0 , -0.00844295 , -0.0213247 , 0.0623239 , 0 , -1.95412e-05 , 0 , 0 , 0 , 0 , -34 , -127 , -69
0 , 0 , 0 , 0 , -0.00856908 , -0.0212905 , 0.0623239 , 0 , -1.95412e-05 , 0 , 0 , 0 , 0 , -18 , -136 , 10
0 , 0 , 0 , 0 , -0.00856634 , -0.0213191 , 0.0623239 , 0 , -1.95412e-05 , 0 , 0 , 0 , 0 , -4 , -132 , -34
0 , 0 , 0 , 0 , -0.00844308 , -0.0213643 , 0.0623239 , 0 , -1.95412e-05 , 0 , 0 , 0 , 0 , -18 , -140 , -16
0 , 0 , 0 , 0 , -0.00836053 , -0.0213726 , 0.0623239 , 0 , -1.95412e-05 , 1.95412e-05 , 0 , 0 , 0 , -19 , -140 , 10
0 , 0 , 0 , 0 , -0.0084398 , -0.0213257 , 0.0623239 , 0 , -1.95412e-05 , 0 , 0 , 0 , 0 , -18 , -145 , -95
0 , 0 , 0 , 0 , -0.00848357 , -0.0212227 , 0.0623239 , 0 , -1.95412e-05 , 0 , 0 , 0 , 0 , -20 , -114 , -16
0 , 0 , 0 , 0 , -0.00836432 , -0.0211205 , 0.0623239 , 0 , -1.95412e-05 , 0 , 0 , 0 , 0 , -19 , -132 , 55
0 , 0 , 0 , 0 , -0.0082541 , -0.0210764 , 0.0623239 , 0 , -1.95412e-05 , 0 , 0 , 0 , 0 , -4 , -127 , -8
0 , 0 , 0 , 0 , -0.00835064 , -0.0210606 , 0.0623239 , 0 , -1.95412e-05 , 0 , 0 , 0 , 0 , -20 , -127 , -69
0 , 0 , 0 , 0 , -0.00852745 , -0.0210254 , 0.0623239 , 0 , -1.95412e-05 , 0 , 0 , 0 , 0 , -4 , -118 , 2
0 , 0 , 0 , 0 , -0.00853085 , -0.0209612 , 0.0623239 , 0 , -1.95412e-05 , 0 , 0 , 0 , 0 , -34 , -136 , 10
0 , 0 , 0 , 0 , -0.00840634 , -0.0209014 , 0.0623239 , 0 , -1.95412e-05 , 0 , 0 , 0 , 0 , -3 , -105 , 37
0 , 0 , 0 , 0 , -0.00836467 , -0.0208501 , 0.0623239 , 0 , -1.95412e-05 , 0 , 0 , 0 , 0 , -18 , -110 , -51
0 , 0 , 0 , 0 , -0.00843283 , -0.0207992 , 0.0623239 , 0 , -1.95412e-05 , 1.95412e-05 , 0 , 0 , 0 , 27 , -114 , 2
0 , 0 , 0 , 0 , -0.00848787 , -0.0207666 , 0.0623239 , 0 , -1.95412e-05 , 0 , 0 , 0 , 0 , -18 , -118 , -24
0 , 0 , 0 , 0 , -0.00848508 , -0.0207375 , 0.0623239 , 0 , -1.95412e-05 , 0 , 0 , 0 , 0 , -4 , -118 , -16
0 , 0 , 0 , 0 , -0.00847681 , -0.0206879 , 0.0623239 , 0 , -1.95412e-05 , 0 , 0 , 0 , 0 , -35 , -118 , 2
0 , 0 , 0 , 0 , -0.00850811 , -0.020578 , 0.0623239 , 0 , -1.95412e-05 , 0 , 0 , 0 , 0 , -49 , -118 , 2
0 , 0 , 0 , 0 , -0.00851255 , -0.0204329 , 0.0623239 , 0 , -1.95412e-05 , 0 , 0 , 0 , 0 , -35 , -114 , -34
0 , 0 , 0 , 0 , -0.00846472 , -0.0203351 , 0.0623239 , 0 , -1.95412e-05 , 0 , 0 , 0 , 0 , -4 , -127 , -16
0 , 0 , 0 , 0 , -0.00841865 , -0.0203032 , 0.0623239 , 0 , -1.95412e-05 , 0 , 0 , 0 , 0 , -3 , -122 , -16
0 , 0 , 0 , 0 , -0.00842698 , -0.0203197 , 0.0623239 , 0 , -1.95412e-05 , 0 , 0 , 0 , 0 , -34 , -123 , -16
0 , 0 , 0 , 0 , -0.00846254 , -0.0202858 , 0.0623239 , 0 , -1.95412e-05 , 0 , 0 , 0 , 0 , -21 , -114 , 18
0 , 0 , 0 , 0 , -0.00846267 , -0.0201544 , 0.0623239 , 0 , -1.95412e-05 , 0 , 0 , 0 , 0 , -34 , -118 , -42
0 , 0 , 0 , 0 , -0.00843343 , -0.0200426 , 0.0623239 , 0 , -1.95412e-05 , 0 , 0 , 0 , 0 , -3 , -114 , -16
0 , 0 , 0 , 0 , -0.00842597 , -0.0200214 , 0.0623239 , 0 , -1.95412e-05 , 0 , 0 , 0 , 0 , -51 , -122 , -5
0 , 0 , 0 , 0 , -0.00843656 , -0.0200244 , 0.0623239 , 0 , -1.95412e-05 , 0 , 0 , 0 , 0 , -19 , -122 , -34
0 , 0 , 0 , 0 , -0.00846964 , -0.0200164 , 0.0623239 , 0 , -1.95412e-05 , 0 , 0 , 0 , 0 , -4 , -105 , -34
0 , 0 , 0 , 0 , -0.0085251 , -0.0199911 , 0.0623239 , 0 , -1.95412e-05 , 0 , 0 , 0 , 0 , -2 , -118 , -8
0 , 0 , 0 , 0 , -0.00853174 , -0.0198941 , 0.0623239 , 0 , -1.95412e-05 , 0 , 0 , 0 , 0 , -19 , -96 , -42
0 , 0 , 0 , 0 , -0.00846501 , -0.019792 , 0.0623239 , 0 , -1.95412e-05 , 0 , 0 , 0 , 0 , -18 , -105 , -51
0 , 0 , 0 , 0 , -0.00836642 , -0.0197558 , 0.0623239 , 0 , -1.95412e-05 , 0 , 0 , 0 , 0 , -4 , -110 , -32
0 , 0 , 0 , 0 , -0.00834739 , -0.0197394 , 0.0623239 , 0 , -1.95412e-05 , 0 , 0 , 0 , 0 , -18 , -118 , -16
0 , 0 , 0 , 0 , -0.00842473 , -0.0197455 , 0.0623239 , 0 , -1.95412e-05 , 0 , 0 , 0 , 0 , -4 , -96 , -32
0 , 0 , 0 , 0 , -0.00847414 , -0.0197681 , 0.0623239 , 0 , -1.95412e-05 , 0 , 0 , 0 , 0 , -3 , -101 , -42
0 , 0 , 0 , 0 , -0.00841255 , -0.019716 , 0.0623239 , 0 , -1.95412e-05 , 0 , 0 , 0 , 0 , -3 , -96 , -42
0 , 0 , 0 , 0 , -0.00831395 , -0.019631 , 0.0623239 , 0 , -1.95412e-05 , 0 , 0 , 0 , 0 , -17 , -92 , -8
0 , 0 , 0 , 0 , -0.00832277 , -0.0196091 , 0.0623239 , 0 , -1.95412e-05 , 0 , 0 , 0 , 0 , -18 , -87 , 2
0 , 0 , 0 , 0 , -0.00845526 , -0.0196018 , 0.0623239 , 0 , -1.95412e-05 , 0 , 0 , 0 , 0 , -34 , -101 , -8
0 , 0 , 0 , 0 , -0.008555 , -0.0195827 , 0.0623239 , 0 , -1.95412e-05 , 0 , 0 , 0 , 0 , -34 , -105 , 10
0 , 0 , 0 , 0 , -0.00848421 , -0.0195641 , 0.0623239 , 0 , -1.95412e-05 , 0 , 0 , 0 , 0 , -18 , -87 , 18
0 , 0 , 0 , 0 , -0.00831201 , -0.0195604 , 0.0623239 , 0 , -1.95412e-05 , 0 , 0 , 0 , 0 , -65 , -96 , 2
0 , 0 , 0 , 0 , -0.00825398 , -0.019527 , 0.0623239 , 0 , -1.95412e-05 , 0 , 0 , 0 , 0 , -3 , -122 , -76
0 , 0 , 0 , 0 , -0.00838295 , -0.019459 , 0.0623239 , 0 , -1.95412e-05 , 0 , 0 , 0 , 0 , -18 , -105 , -5
0 , 0 , 0 , 0 , -0.00848322 , -0.0194025 , 0.0623239 , 0 , -1.95412e-05 , 0 , 0 , 0 , 0 , -18 , -127 , 2
0 , 0 , 0 , 0 , -0.00840724 , -0.0193334 , 0.0623239 , 0 , -1.95412e-05 , 0 , 0 , 0 , 0 , -20 , -105 , -58
0 , 0 , 0 , 0 , -0.00824548 , -0.0192979 , 0.0623239 , 0 , -1.95412e-05 , 0 , 0 , 0 , 0 , -18 , -96 , 10
0 , 0 , 0 , 0 , -0.00819586 , -0.0193104 , 0.0623239 , 0 , -1.95412e-05 , 0 , 0 , 0 , 0 , -18 , -114 , 10
0 , 0 , 0 , 0 , -0.00831329 , -0.0192754 , 0.0623239 , 0 , -1.95412e-05 , 0 , 0 , 0 , 0 , 27 , -101 , 29
0 , 0 , 0 , 0 , -0.00844673 , -0.0192025 , 0.0623239 , 0 , -1.95412e-05 , 0 , 0 , 0 , 0 , -19 , -101 , 10
0 , 0 , 0 , 0 , -0.0084466 , -0.0191735 , 0.0623239 , 0 , -1.95412e-05 , 0 , 0 , 0 , 0 , -4 , -127 , 18
0 , 0 , 0 , 0 , -0.00830725 , -0.0191918 , 0.0623239 , 0 , -1.95412e-05 , 0 , 0 , 0 , 0 , -19 , -91 , -34
0 , 0 , 0 , 0 , -0.00819877 , -0.0192048 , 0.0623239 , 0 , -1.95412e-05 , 0 , 0 , 0 , 0 , -19 , -110 , -8
0 , 0 , 0 , 0 , -0.00821762 , -0.0191973 , 0.0623239 , 0 , -1.95412e-05 , 0 , 0 , 0 , 0 , -19 , -91 , -8
0 , 0 , 0 , 0 , -0.0082929 , -0.0191742 , 0.0623239 , 0 , -1.95412e-05 , 0 , 0 , 0 , 0 , -18 , -83 , 29
0 , 0 , 0 , 0 , -0.00829494 , -0.0191023 , 0.0623239 , 0 , -1.95412e-05 , 0 , 0 , 0 , 0 , -18 , -105 , -88
0 , 0 , 0 , 0 , -0.00817392 , -0.0190204 , 0.0623239 , 0 , -1.95412e-05 , 0 , 0 , 0 , 0 , -18 , -100 , 2
0 , 0 , 0 , 0 , -0.0080315 , -0.0189923 , 0.0623239 , 0 , -1.95412e-05 , 0 , 0 , 0 , 0 , -51 , -96 , 2
0 , 0 , 0 , 0 , -0.00805143 , -0.0190009 , 0.0623239 , 0 , -1.95412e-05 , 0 , 0 , 0 , 0 , -19 , -83 , -51
0 , 0 , 0 , 0 , -0.00821531 , -0.0189999 , 0.0623239 , 0 , -1.95412e-05 , 0 , 0 , 0 , 0 , -18 , -96 , -24
0 , 0 , 0 , 0 , -0.00829801 , -0.0189491 , 0.0623239 , 0 , -1.95412e-05 , 0 , 0 , 0 , 0 , 11 , -101 , 18
0 , 0 , 0 , 0 , -0.00818626 , -0.0188477 , 0.0623239 , 0 , -1.95412e-05 , 0 , 0 , 0 , 0 , -19 , -96 , 2
0 , 0 , 0 , 0 , -0.00802875 , -0.0188084 , 0.0623239 , 0 , -1.95412e-05 , 0 , 0 , 0 , 0 , -50 , -122 , -34
0 , 0 , 0 , 0 , -0.00802384 , -0.01886 , 0.0623239 , 0 , -1.95412e-05 , 0 , 0 , 0 , 0 , -18 , -83 , 18
0 , 0 , 0 , 0 , -0.00820744 , -0.0188659 , 0.0623239 , 0 , -1.95412e-05 , 0 , 0 , 0 , 0 , -34 , -110 , -16
0 , 0 , 0 , 0 , -0.00834302 , -0.0188206 , 0.0623852 , 0 , -1.95412e-05 , 0 , 0 , 0 , 0 , -35 , -83 , 18
0 , 0 , 0 , 0 , -0.00818043 , -0.0188012 , 0.0623852 , 0 , -1.95412e-05 , 0 , 0 , 0 , 0 , 11 , -96 , 29
0 , 0 , 0 , 0 , -0.00788289 , -0.0188172 , 0.0623852 , -1.95412e-05 , -1.95412e-05 , 0 , 0.0195412 , 0 , 0 , -18 , -114 , 10
0 , 0 , 0 , 0 , -0.00780787 , -0.0188221 , 0.0623852 , 0 , -1.95412e-05 , 0 , 0 , 0 , 0 , -18 , -65 , 10
0 , 0 , 0 , 0 , -0.00803323 , -0.0188059 , 0.0623852 , 0 , 0 , 0 , 0 , 0 , 0 , -2 , -69 , 10
0 , 0 , 0 , 0 , -0.00820698 , -0.0187754 , 0.0623852 , 0 , 0 , 0 , 0 , 0 , 0 , -19 , -83 , -16
0 , 0 , 0 , 0 , -0.0080711 , -0.0187542 , 0.0623852 , 0 , 0 , 0 , 0 , 0 , 0 , -4 , -65 , -58
0 , 0 , 0 , 0 , -0.00780846 , -0.0187568 , 0.0623852 , 0 , 0 , 0 , 0 , 0 , 0 , -18 , -91 , 18
0 , 0 , 0 , 0 , -0.00776016 , -0.0187295 , 0.0623852 , 0 , 0 , 0 , 0 , 0 , 0 , -35 , -87 , -8
0 , 0 , 0 , 0 , -0.00794614 , -0.0186995 , 0.0623852 , 0 , 0 , 0 , 0 , 0 , 0 , -19 , -78 , -16
0 , 0 , 0 , 0 , -0.00813043 , -0.0186794 , 0.0623852 , 0 , 0 , 0 , 0 , 0 , 0 , -18 , -110 , -16
0 , 0 , 0 , 0 , -0.00809802 , -0.0186753 , 0.0623852 , 0 , 0 , 0 , 0 , 0 , 0 , -19 , -96 , 18
0 , 0 , 0 , 0 , -0.00788401 , -0.0186926 , 0.0623852 , 0 , 0 , 0 , 0 , 0 , 0 , -20 , -91 , -16
0 , 0 , 0 , 0 , -0.00778924 , -0.0186729 , 0.0623852 , 0 , 0 , 0 , 0 , 0 , 0 , -34 , -83 , -8
0 , 0 , 0 , 0 , -0.00793347 , -0.0186211 , 0.0623852 , 0 , 0 , 0 , 0 , 0 , 0 , -4 , -96 , 10
0 , 0 , 0 , 0 , -0.00808872 , -0.0185881 , 0.0623852 , 0 , 0 , 0 , 0 , 0 , 0 , -34 , -110 , -8
0 , 0 , 0 , 0 , -0.00801904 , -0.0185709 , 0.0623852 , 0 , 0 , 0 , 0 , 0 , 0 , -20 , -110 , 13
0 , 0 , 0 , 0 , -0.00782333 , -0.0185489 , 0.0623852 , 0 , 0 , 0 , 0 , 0 , 0 , -34 , -78 , -24
0 , 0 , 0 , 0 , -0.00776647 , -0.0185431 , 0.0623852 , 0 , 0 , 0 , 0 , 0 , 0 , -19 , -87 , -51
0 , 0 , 0 , 0 , -0.00789503 , -0.0185462 , 0.0623852 , 0 , 0 , 0 , 0 , 0 , 0 , -35 , -105 , 2
0 , 0 , 0 , 0 , -0.00801519 , -0.0185459 , 0.0623852 , 0 , 0 , 0 , 0 , 0 , 0 , -3 , -69 , -8
0 , 0 , 0 , 0 , -0.00800003 , -0.0185402 , 0.0623852 , 0 , 0 , 0 , 0 , 0 , 0 , -4 , -96 , -32
0 , 0 , 0 , 0 , -0.00790011 , -0.0185441 , 0.0623852 , 0 , 0 , 0 , 0 , 0 , 0 , -34 , -87 , 2
0 , 0 , 0 , 0 , -0.00782823 , -0.0185532 , 0.0623852 , 0 , 0 , 0 , 0 , 0 , 0 , -35 , -96 , -16
0 , 0 , 0 , 0 , -0.00783418 , -0.0185833 , 0.0623852 , 0 , 0 , 0 , 0 , 0 , 0 , -20 , -96 , 10
0 , 0 , 0 , 0 , -0.00790978 , -0.0186335 , 0.0623852 , 0 , 0 , 0 , 0 , 0 , 0 , -4 , -101 , -5
0 , 0 , 0 , 0 , -0.00801103 , -0.0186219 , 0.0623852 , 0 , 0 , 0 , 0 , 0 , 0 , -51 , -83 , 10
0 , 0 , 0 , 0 , -0.00803783 , -0.0185505 , 0.0623852 , 0 , 0 , 0 , 0 , 0 , 0 , -3 , -96 , 0
0 , 0 , 0 , 0 , -0.00798778 , -0.0184973 , 0.0623852 , 0 , 0 , 0 , 0 , 0 , 0 , -19 , -96 , 2
0.000287, , 1.000000, -1.930283, 0.930572
0.000280, , 1.000000, -1.934601, 0.934878
-0.000352, , 1.000000, -1.924642, 0.930396
-0.000353, , 1.000000, -1.923663, 0.929454
