0 , 0 , 0 , 0 , -0.00998579 , -0.0325355 , 0.150706 , 0 , 0 , 0 , 0 , 0 , 0 , -52 , -83 , 2
0 , 0 , 0 , 0 , -0.0100976 , -0.0325259 , 0.150706 , 0 , 0 , 0 , 0 , 0 , 0 , -67 , -65 , 5
0 , 0 , 0 , 0 , -0.0102257 , -0.0325224 , 0.150706 , 0 , 0 , 0 , 0 , 0 , 0 , -66 , -83 , 39
0 , 0 , 0 , 0 , -0.0101937 , -0.0325526 , 0.150706 , 0 , 1.95412e-05 , 0 , 0 , 0 , 0 , -80 , -56 , 29
0 , 0 , 0 , 0 , -0.0100395 , -0.0326016 , 0.150706 , 0 , 0 , 0 , 0 , 0 , 0 , -51 , -88 , -24
0 , 0 , 0 , 0 , -0.00998231 , -0.0326228 , 0.150706 , 0 , 0 , 0 , 0 , 0 , 0 , -52 , -78 , 13
0 , 0 , 0 , 0 , -0.0100946 , -0.0326044 , 0.150706 , 0 , 0 , 0 , 0 , 0 , 0 , -51 , -96 , 47
0 , 0 , 0 , 0 , -0.0102163 , -0.0325786 , 0.150706 , 0 , 0 , 0 , 0 , 0 , 0 , -35 , -83 , 20
0 , 0 , 0 , 0 , -0.0101718 , -0.0325757 , 0.150706 , 0 , 1.95412e-05 , 0 , 0 , 0 , 0 , -52 , -91 , 29
0 , 0 , 0 , 0 , -0.0100077 , -0.0325835 , 0.150706 , 0 , 0 , 0 , 0 , 0 , 0 , -51 , -74 , 29
0 , 0 , 0 , 0 , -0.00995705 , -0.0325977 , 0.150706 , 0 , 0 , 0 , 0 , 0 , 0 , -35 , -74 , 32
0 , 0 , 0 , 0 , -0.0100829 , -0.0326071 , 0.150706 , 0 , 0 , 0 , 0 , 0 , 0 , -99 , -78 , -22
0 , 0 , 0 , 0 , -0.0101976 , -0.0326074 , 0.150706 , 0 , 0 , 0 , 0 , 0 , 0 , -35 , -78 , 37
0 , 0 , 0 , 0 , -0.0101253 , -0.0326007 , 0.150706 , 0 , 0 , 0 , 0 , 0 , 0 , -36 , -65 , 20
0 , 0 , 0 , 0 , -0.00997633 , -0.0325957 , 0.150706 , 0 , 0 , 0 , 0 , 0 , 0 , -35 , -65 , 29
0 , 0 , 0 , 0 , -0.00997328 , -0.0326056 , 0.150706 , 0 , 0 , 0 , 0 , 0 , 0 , -50 , -78 , 29
0 , 0 , 0 , 0 , -0.0101208 , -0.0326124 , 0.150706 , 0 , 0 , 0 , 0 , 0 , 0 , -51 , -56 , 13
0 , 0 , 0 , 0 , -0.0102008 , -0.0326236 , 0.150706 , 0 , 0 , 0 , 0 , 0 , 0 , -35 , -88 , 76
0 , 0 , 0 , 0 , -0.0101127 , -0.0326606 , 0.150706 , 0 , 0 , 0 , 0 , 0 , 0 , -51 , -56 , 29
0 , 0 , 0 , 0 , -0.00997535 , -0.0326763 , 0.150706 , 0 , 0 , 0 , 0 , 0 , 0 , -52 , -78 , 20
0 , 0 , 0 , 0 , -0.00995186 , -0.0326463 , 0.150706 , 0 , 0 , 0 , 0 , 0 , 0 , -51 , -96 , 5
0 , 0 , 0 , 0 , -0.0100564 , -0.032646 , 0.150706 , 0 , 0 , 0 , 0 , 0 , 0 , -51 , -83 , 55
0 , 0 , 0 , 0 , -0.0101051 , -0.0326716 , 0.150706 , 0 , 0 , 0 , 0 , 0 , 0 , -50 , -65 , 5
0 , 0 , 0 , 0 , -0.0100105 , -0.0326763 , 0.150706 , 0 , 0 , 0 , 0 , 0 , 0 , -51 , -56 , 39
0 , 0 , 0 , 0 , -0.00990052 , -0.0326753 , 0.150706 , 0 , 0 , 0 , 0 , 0 , 0 , -37 , -88 , 2
0 , 0 , 0 , 0 , -0.00991877 , -0.0326676 , 0.150706 , 0 , 0 , 0 , 0 , 0 , 0 , -80 , -69 , 39
0 , 0 , 0 , 0 , -0.0100291 , -0.0326743 , 0.150706 , 0 , 0 , 0 , 0 , 0 , 0 , -35 , -52 , 39
0 , 0 , 0 , 0 , -0.0100851 , -0.0327066 , 0.150706 , 0 , 0 , 0 , 0 , 0 , 0 , -51 , -74 , -32
0 , 0 , 0 , 0 , -0.0100202 , -0.0327226 , 0.150706 , 0 , 0 , 0 , 0 , 0 , 0 , -35 , -96 , -58
0 , 0 , 0 , 0 , -0.0099176 , -0.0327128 , 0.150706 , 0 , 0 , 1.95412e-05 , 0 , 0 , 0 , -51 , -83 , 47
0 , 0 , 0 , 0 , -0.00992383 , -0.032707 , 0.150706 , 0 , 0 , 0 , 0 , 0 , 0 , -66 , -74 , 47
0 , 0 , 0 , 0 , -0.0100384 , -0.032717 , 0.150706 , 0 , 0 , 0 , 0 , 0 , 0 , -98 , -96 , 13
0 , 0 , 0 , 0 , -0.0101072 , -0.0327259 , 0.150706 , 0 , 0 , 1.95412e-05 , 0 , 0 , 0 , -51 , -65 , 65
0 , 0 , 0 , 0 , -0.0100746 , -0.0327388 , 0.150706 , 0 , 0 , 0 , 0 , 0 , 0 , -37 , -96 , 2
0 , 0 , 0 , 0 , -0.00999821 , -0.032751 , 0.150706 , 0 , 0 , 0 , 0 , 0 , 0 , -35 , -91 , 32
0 , 0 , 0 , 0 , -0.00999077 , -0.0327409 , 0.150706 , 0 , 0 , 0 , 0 , 0 , 0 , -36 , -78 , 20
0 , 0 , 0 , 0 , -0.0100803 , -0.0327032 , 0.150706 , 0 , 0 , 0 , 0 , 0 , 0 , -52 , -74 , 5
0 , 0 , 0 , 0 , -0.0101348 , -0.0326643 , 0.150706 , 0 , 0 , 0 , 0 , 0 , 0 , -36 , -91 , 76
0 , 0 , 0 , 0 , -0.0100652 , -0.0326652 , 0.150706 , 0 , 0 , 0 , 0 , 0 , 0 , -51 , -100 , 20
0 , 0 , 0 , 0 , -0.00997158 , -0.032692 , 0.150706 , 0 , 0 , 0 , 0 , 0 , 0 , -35 , -87 , -32
0 , 0 , 0 , 0 , -0.00997085 , -0.0327297 , 0.150706 , 0 , 0 , 0 , 0 , 0 , 0 , -52 , -69 , 74
0 , 0 , 0 , 0 , -0.0100538 , -0.0327611 , 0.150706 , 0 , 0 , 0 , 0 , 0 , 0 , -51 , -83 , 57
0 , 0 , 0 , 0 , -0.0101067 , -0.0327566 , 0.150706 , 0 , 0 , 0 , 0 , 0 , 0 , -52 , -87 , 20
0 , 0 , 0 , 0 , -0.0100266 , -0.0327154 , 0.150706 , 0 , 0 , 0 , 0 , 0 , 0 , -51 , -78 , 47
0 , 0 , 0 , 0 , -0.00990335 , -0.0326952 , 0.150706 , 0 , 0 , 0 , 0.0195412 , 0 , 0 , -67 , -83 , 39
0 , 0 , 0 , 0 , -0.00987017 , -0.0327363 , 0.150706 , 0 , 0 , 0 , 0 , 0 , 0 , -51 , -52 , 37
0 , 0 , 0 , 0 , -0.00995776 , -0.0327893 , 0.150706 , 0 , 0 , 0 , 0 , 0 , 0 , -35 , -96 , 5
0 , 0 , 0 , 0 , -0.0100594 , -0.0328147 , 0.150706 , 0 , 0 , 0 , 0 , 0 , 0 , -83 , -83 , 39
0 , 0 , 0 , 0 , -0.0100555 , -0.0328065 , 0.150706 , 0 , 0 , 0 , 0 , 0 , 0 , -83 , -96 , 74
0 , 0 , 0 , 0 , -0.00994288 , -0.0327682 , 0.150706 , 0 , 0 , 0 , 0 , 0 , 0 , -51 , -91 , 47
10 , -40 , 7 , -42 , -0.00985407 , -0.032754 , 0.150706 , 0 , 0 , 0 , 0 , 0 , 0 , -51 , -65 , 20
10 , -40 , 8 , -39 , -0.00990584 , -0.0327824 , 0.150706 , 0.000527611 , 0.000566694 , -0.000390823 , 0.0586235 , 0.0191774 , -0.0267391 , -18 , 19 , -107
10 , -40 , 14 , -40 , -0.00994489 , -0.0327973 , 0.150706 , 0.00240356 , 0.00226677 , -0.00211044 , 0.117247 , 0.156246 , -0.0861342 , -102 , -26 , -59
10 , -40 , 15 , -41 , -0.00940099 , -0.032918 , 0.150236 , 0.00543244 , 0.0054129 , -0.00488529 , 0.17587 , 0.173237 , -0.16026 , -3 , -3 , -76
10 , -40 , 15 , -41 , -0.00821079 , -0.0330603 , 0.149221 , 0.00986828 , 0.00969241 , -0.00891077 , 0.273576 , 0.244467 , -0.242446 , -94 , -47 , -65
10 , -40 , 14 , -38 , -0.00682436 , -0.0331655 , 0.14766 , 0.0149099 , 0.0151444 , -0.0141478 , 0.3322 , 0.27484 , -0.306608 , -25 , 27 , -129
10 , -40 , 14 , -38 , -0.00571325 , -0.0331916 , 0.145732 , 0.022062 , 0.0216125 , -0.0205768 , 0.312658 , 0.368004 , -0.363894 , 160 , 45 , -133
10 , -40 , 15 , -38 , -0.00523113 , -0.0333524 , 0.143417 , 0.0301325 , 0.0292922 , -0.0284715 , 0.449447 , 0.426351 , -0.418737 , 103 , 63 , -113
10 , -40 , 7 , -40 , -0.00520175 , -0.0337887 , 0.140702 , 0.0390237 , 0.0386329 , -0.0375581 , 0.429905 , 0.50407 , -0.480125 , 14 , -2 , -42
10 , -40 , 12 , -44 , -0.00514931 , -0.0340361 , 0.137558 , 0.0495173 , 0.0497127 , -0.0475632 , 0.50807 , 0.546859 , -0.555671 , -81 , -64 , -66
10 , -40 , 9 , -41 , -0.00457067 , -0.0340107 , 0.134063 , 0.0599914 , 0.0603822 , -0.0587993 , 0.68394 , 0.610022 , -0.515823 , 8 , 17 , -259
10 , -40 , 10 , -38 , -0.00356219 , -0.0339792 , 0.130164 , 0.0737874 , 0.0727517 , -0.0713838 , 0.644858 , 0.721515 , -0.64315 , 138 , 0 , -65
10 , -40 , 8 , -36 , -0.00243091 , -0.0343284 , 0.125785 , 0.0878375 , 0.0878961 , -0.0852581 , 0.742564 , 0.752063 , -0.641743 , -103 , -16 , -119
10 , -40 , 14 , -42 , -0.00161465 , -0.0348154 , 0.120833 , 0.102357 , 0.102786 , -0.0998749 , 0.801187 , 0.690906 , -0.763823 , 148 , 107 , -147
10 , -40 , 8 , -40 , -0.00122506 , -0.0351018 , 0.115618 , 0.119279 , 0.119045 , -0.116094 , 0.879352 , 0.865927 , -0.879571 , -101 , -30 , -14
10 , -40 , 14 , -39 , -0.000841077 , -0.0352309 , 0.110023 , 0.136436 , 0.136769 , -0.133349 , 0.859811 , 0.857693 , -0.86721 , 64 , 16 , -180
10 , -40 , 12 , -44 , -0.000305734 , -0.0353597 , 0.10406 , 0.155235 , 0.155215 , -0.151874 , 1.03568 , 0.990258 , -0.967383 , -9 , -9 , -92
10 , -40 , 6 , -40 , 0.000607356 , -0.0355044 , 0.0977425 , 0.175167 , 0.175558 , -0.172607 , 0.977058 , 0.962617 , -1.0222 , 55 , 24 , -147
10 , -40 , 12 , -35 , 0.00161985 , -0.0354697 , 0.0908658 , 0.196232 , 0.196232 , -0.192422 , 1.11385 , 1.09988 , -1.12846 , -18 , -11 , -94
10 , -40 , 15 , -38 , 0.00224136 , -0.0352427 , 0.0837751 , 0.218412 , 0.218841 , -0.215598 , 1.07476 , 1.13009 , -1.14499 , 93 , -3 , -77
10 , -40 , 10 , -37 , 0.00245705 , -0.0350622 , 0.0761142 , 0.242389 , 0.242252 , -0.239145 , 1.19201 , 1.24333 , -1.23223 , -131 , -69 , -13
10 , -40 , 8 , -42 , 0.00277345 , -0.0350554 , 0.0679954 , 0.266326 , 0.266698 , -0.263454 , 1.28972 , 1.23874 , -1.2493 , 129 , 35 , -123
10 , -40 , 10 , -40 , 0.00318459 , -0.0351378 , 0.0598105 , 0.292863 , 0.293117 , -0.289483 , 1.19201 , 1.36175 , -1.30129 , 57 , -71 , -103
10 , -40 , 7 , -37 , 0.00374864 , -0.0351959 , 0.0508977 , 0.320866 , 0.319811 , -0.316371 , 1.40696 , 1.45107 , -1.40837 , -184 , -34 , -34
10 , -40 , 6 , -35 , 0.00468206 , -0.0354235 , 0.042162 , 0.346895 , 0.348008 , -0.344374 , 1.23109 , 1.38836 , -1.46559 , 195 , 59 , -127
10 , -40 , 13 , -41 , 0.00528774 , -0.0358623 , 0.0328201 , 0.372728 , 0.378004 , -0.3739 , 1.23109 , 1.47852 , -1.38754 , -15 , -21 , -77
10 , -40 , 8 , -41 , 0.00569351 , -0.0360841 , 0.0225871 , 0.397897 , 0.408684 , -0.404521 , 1.40696 , 1.61608 , -1.55913 , -97 , -64 , -111
10 , -40 , 15 , -38 , 0.006599 , -0.0362138 , 0.0120676 , 0.42291 , 0.440204 , -0.436061 , 1.25063 , 1.71288 , -1.66071 , 117 , -53 , -52
10 , -40 , 7 , -35 , 0.00766176 , -0.0365073 , 0.001566 , 0.449056 , 0.47485 , -0.468871 , 1.21155 , 1.71288 , -1.70169 , -48 , 19 , -79
10 , -40 , 15 , -39 , 0.00769621 , -0.0368086 , -0.00932525 , 0.473756 , 0.507718 , -0.503087 , 1.30926 , 1.68579 , -1.73313 , -32 , 62 , -131
10 , -40 , 9 , -35 , 0.00693531 , -0.0368771 , -0.0209718 , 0.499198 , 0.545159 , -0.538554 , 1.15293 , 1.71789 , -1.76976 , 123 , 78 , -135
10 , -40 , 9 , -43 , 0.00625269 , -0.0367479 , -0.0328476 , 0.525012 , 0.580294 , -0.575174 , 1.30926 , 1.78457 , -1.82343 , -135 , 33 , -142
10 , -40 , 8 , -41 , 0.00664472 , -0.0370112 , -0.0454192 , 0.548364 , 0.620139 , -0.613026 , 1.19201 , 1.92998 , -1.908 , 134 , 15 , -142
10 , -40 , 13 , -36 , 0.00864507 , -0.0375649 , -0.058278 , 0.571872 , 0.659358 , -0.651971 , 1.07476 , 1.94117 , -1.98052 , -66 , -40 , -161
10 , -40 , 11 , -38 , 0.0112467 , -0.0386386 , -0.0705977 , 0.594325 , 0.699788 , -0.692109 , 1.19201 , 2.04977 , -2.0373 , 5 , -32 , -155
10 , -40 , 12 , -43 , 0.0137315 , -0.0400916 , -0.0836197 , 0.617383 , 0.741294 , -0.733536 , 1.05522 , 2.11446 , -2.00079 , 82 , -3 , -132
10 , -40 , 9 , -43 , 0.015953 , -0.0412747 , -0.0970451 , 0.640403 , 0.78405 , -0.778031 , 1.17247 , 2.09182 , -2.11446 , -160 , 52 , -197
10 , -40 , 10 , -35 , 0.0178952 , -0.0421592 , -0.110941 , 0.662367 , 0.827842 , -0.819615 , 1.07476 , 2.07884 , -2.16722 , 38 , 119 , -216
10 , -40 , 11 , -37 , 0.0192937 , -0.0425089 , -0.124911 , 0.684097 , 0.872728 , -0.866709 , 1.07476 , 2.22057 , -2.25909 , -115 , 68 , -155
10 , -40 , 13 , -37 , 0.0199848 , -0.0423893 , -0.139283 , 0.704302 , 0.918845 , -0.912904 , 0.898893 , 2.40383 , -2.32286 , 210 , -62 , -35
10 , -40 , 12 , -38 , 0.019295 , -0.0412538 , -0.153489 , 0.723824 , 0.965157 , -0.960467 , 1.07476 , 2.41371 , -2.47617 , -194 , -130 , -66
10 , -40 , 6 , -44 , 0.0173169 , -0.0390698 , -0.167066 , 0.744205 , 1.01182 , -1.00922 , 0.918434 , 2.47356 , -2.48535 , 195 , -153 , -2
10 , -40 , 6 , -43 , 0.0146327 , -0.0367898 , -0.178794 , 0.763551 , 1.05976 , -1.05909 , 0.879352 , 2.38791 , -2.45413 , -25 , -22 , -220
10 , -40 , 15 , -41 , 0.0111722 , -0.0338198 , -0.190282 , 0.780357 , 1.10841 , -1.10976 , 0.859811 , 2.31826 , -2.57827 , 51 , 67 , -180
10 , -40 , 8 , -36 , 0.00848648 , -0.0294704 , -0.201169 , 0.798315 , 1.1566 , -1.16203 , 1.01614 , 2.36026 , -2.70466 , -132 , 29 , -80
10 , -40 , 7 , -39 , 0.00743982 , -0.0238833 , -0.211876 , 0.815726 , 1.20397 , -1.21566 , 0.820728 , 2.43883 , -2.68452 , -10 , -55 , -163
10 , -40 , 15 , -40 , 0.00728535 , -0.0174609 , -0.222852 , 0.831124 , 1.2514 , -1.27002 , 0.801187 , 2.52008 , -2.73301 , 46 , -153 , -197
10 , -40 , 12 , -43 , 0.00731149 , -0.0107412 , -0.234435 , 0.848692 , 1.29804 , -1.32593 , 0.820728 , 2.39891 , -2.85272 , -66 , -68 , -117
10 , -40 , 15 , -39 , 0.00656826 , -0.00331601 , -0.246388 , 0.864462 , 1.34445 , -1.38308 , 0.742564 , 2.26454 , -2.82522 , 161 , 9 , -229
10 , -40 , 8 , -40 , 0.0054156 , 0.00365471 , -0.259259 , 0.881443 , 1.3899 , -1.44093 , 0.859811 , 2.12789 , -2.98337 , -105 , 109 , -158
10 , -40 , 7 , -36 , 0.00424277 , 0.00994998 , -0.272202 , 0.897369 , 1.43626 , -1.49969 , 0.762105 , 2.13953 , -2.89856 , 36 , 32 , -306
10 , -40 , 12 , -38 , 0.00280275 , 0.0160432 , -0.285742 , 0.912592 , 1.47946 , -1.55675 , 0.762105 , 2.1513 , -2.85793 , 13 , 7 , -165
10 , -40 , 7 , -42 , 0.00122927 , 0.021013 , -0.298956 , 0.92672 , 1.52151 , -1.61332 , 0.625317 , 2.13953 , -2.72508 , -135 , 2 , -168
10 , -40 , 12 , -36 , -0.000562048 , 0.0253836 , -0.312405 , 0.938855 , 1.56382 , -1.66807 , 0.566693 , 2.17829 , -2.66015 , 130 , -47 , -252
10 , -40 , 7 , -39 , -0.00273532 , 0.0294962 , -0.325541 , 0.950462 , 1.60585 , -1.72451 , 0.586235 , 2.18743 , -2.67533 , 67 , -125 , -47
10 , -40 , 11 , -35 , -0.0062151 , 0.0321201 , -0.336882 , 0.961054 , 1.64675 , -1.77705 , 0.488529 , 2.1097 , -2.52686 , -76 , -101 , -269
10 , -40 , 7 , -37 , -0.0111334 , 0.0351514 , -0.348256 , 0.969867 , 1.68642 , -1.82835 , 0.390823 , 2.00421 , -2.45928 , -49 , -89 , -254
10 , -40 , 15 , -41 , -0.0147173 , 0.0397598 , -0.359263 , 0.977566 , 1.72488 , -1.87832 , 0.3322 , 1.96146 , -2.53781 , 37 , -83 , -165
10 , -40 , 6 , -36 , -0.0162328 , 0.0453535 , -0.370004 , 0.985285 , 1.76199 , -1.92846 , 0.449447 , 1.88954 , -2.60115 , 146 , -94 , -128
10 , -40 , 13 , -42 , -0.0175908 , 0.0516578 , -0.380995 , 0.99357 , 1.798 , -1.97854 , 0.390823 , 1.81355 , -2.42997 , 48 , -46 , -250
10 , -40 , 14 , -44 , -0.0195762 , 0.057251 , -0.391828 , 1.00062 , 1.83282 , -2.02808 , 0.312658 , 1.72357 , -2.40875 , -100 , 49 , -283
10 , -40 , 13 , -36 , -0.0221547 , 0.0626464 , -0.402346 , 1.00596 , 1.86669 , -2.07834 , 0.234494 , 1.58816 , -2.61565 , -98 , 64 , -156
10 , -40 , 10 , -39 , -0.0242719 , 0.0683294 , -0.413172 , 1.00979 , 1.89948 , -2.12911 , 0.214953 , 1.57589 , -2.57119 , -85 , 27 , -149
10 , -40 , 7 , -41 , -0.025928 , 0.0739427 , -0.424367 , 1.0129 , 1.93063 , -2.17866 , 0.136788 , 1.56642 , -2.37582 , -47 , -88 , -277
10 , -40 , 6 , -41 , -0.0278367 , 0.0785644 , -0.435303 , 1.01479 , 1.96185 , -2.22662 , 0.0390823 , 1.52564 , -2.31712 , 14 , -64 , -296
10 , -40 , 6 , -43 , -0.0298754 , 0.0820053 , -0.446086 , 1.01542 , 1.99079 , -2.27357 , 0 , 1.38918 , -2.31484 , -27 , 59 , -218
10 , -40 , 10 , -36 , -0.0318637 , 0.0855151 , -0.457014 , 1.01489 , 2.0205 , -2.31955 , -0.0390823 , 1.45286 , -2.32171 , -96 , -47 , -162
10 , -40 , 14 , -37 , -0.0339844 , 0.0891803 , -0.467493 , 1.01323 , 2.04797 , -2.36432 , -0.117247 , 1.42982 , -2.22057 , -103 , -80 , -206
10 , -40 , 8 , -38 , -0.0365352 , 0.0924972 , -0.477461 , 1.01 , 2.07683 , -2.40778 , -0.156329 , 1.36849 , -2.14638 , -141 , 2 , -190
10 , -40 , 12 , -41 , -0.0394549 , 0.0959875 , -0.487212 , 1.00576 , 2.10366 , -2.45001 , -0.293117 , 1.16953 , -2.11065 , -136 , 143 , -196
10 , -40 , 7 , -41 , -0.0425585 , 0.0995039 , -0.496357 , 1.00031 , 2.12918 , -2.49117 , -0.293117 , 1.26959 , -1.9923 , -82 , -73 , -325
10 , -40 , 8 , -40 , -0.04575 , 0.103229 , -0.505107 , 0.993609 , 2.15285 , -2.53101 , -0.410364 , 1.17012 , -1.96064 , 85 , 32 , -276
10 , -40 , 7 , -41 , -0.0488592 , 0.107192 , -0.513243 , 0.985969 , 2.17647 , -2.56962 , -0.410364 , 1.03529 , -1.885 , 20 , 27 , -277
10 , -40 , 14 , -41 , -0.0516321 , 0.110995 , -0.521096 , 0.977136 , 2.19774 , -2.60712 , -0.488529 , 1.0577 , -1.76708 , 0 , 14 , -200
10 , -40 , 10 , -37 , -0.0537926 , 0.114654 , -0.528798 , 0.967913 , 2.21855 , -2.64322 , -0.429905 , 0.966581 , -1.80101 , -213 , 0 , -229
10 , -40 , 12 , -40 , -0.0556445 , 0.118256 , -0.536609 , 0.958845 , 2.2377 , -2.67997 , -0.488529 , 0.967383 , -1.78798 , -39 , -30 , -189
10 , -40 , 13 , -39 , -0.0576578 , 0.121786 , -0.54454 , 0.948684 , 2.25624 , -2.71347 , -0.50807 , 0.826263 , -1.69371 , 19 , -2 , -354
10 , -40 , 10 , -41 , -0.0597129 , 0.124969 , -0.552375 , 0.938855 , 2.27268 , -2.74616 , -0.547152 , 0.825099 , -1.53364 , 30 , 48 , -385
10 , -40 , 7 , -38 , -0.0617556 , 0.127679 , -0.559714 , 0.928752 , 2.28897 , -2.77758 , -0.625317 , 0.775435 , -1.51923 , -84 , -65 , -363
10 , -40 , 12 , -43 , -0.0635771 , 0.129721 , -0.566631 , 0.916969 , 2.30328 , -2.80779 , -0.625317 , 0.593496 , -1.47526 , -12 , 136 , -288
10 , -40 , 7 , -36 , -0.0651165 , 0.131534 , -0.573256 , 0.905479 , 2.31653 , -2.83673 , -0.488529 , 0.651547 , -1.48601 , 39 , 27 , -258
10 , -40 , 11 , -39 , -0.0666679 , 0.133539 , -0.579737 , 0.894125 , 2.3297 , -2.8643 , -0.605776 , 0.57082 , -1.3312 , -86 , -16 , -473
10 , -40 , 12 , -39 , -0.0684867 , 0.135891 , -0.585989 , 0.881931 , 2.3398 , -2.89109 , -0.742564 , 0.491806 , -1.26752 , -20 , 14 , -462
10 , -40 , 9 , -36 , -0.0706883 , 0.138519 , -0.591512 , 0.868292 , 2.34977 , -2.91654 , -0.566693 , 0.429629 , -1.21311 , 65 , 109 , -404
10 , -40 , 7 , -43 , -0.0728937 , 0.14118 , -0.59673 , 0.856274 , 2.3584 , -2.94053 , -0.68394 , 0.399339 , -1.13281 , -47 , 28 , -499
10 , -40 , 9 , -40 , -0.0748818 , 0.143685 , -0.601354 , 0.842322 , 2.36747 , -2.96385 , -0.723023 , 0.474298 , -1.14835 , -85 , -93 , -387
10 , -40 , 10 , -37 , -0.0763284 , 0.145975 , -0.605841 , 0.826884 , 2.37577 , -2.98524 , -0.762105 , 0.368582 , -1.12251 , 72 , -20 , -417
10 , -40 , 6 , -37 , -0.0771537 , 0.148086 , -0.610403 , 0.811681 , 2.38261 , -3.00604 , -0.703482 , 0.331484 , -0.939473 , -166 , -29 , -510
10 , -40 , 7 , -44 , -0.0780508 , 0.150045 , -0.614953 , 0.795481 , 2.38852 , -3.02511 , -0.801187 , 0.243857 , -0.952832 , 3 , 62 , -523
10 , -40 , 7 , -37 , -0.0792562 , 0.151677 , -0.619284 , 0.778891 , 2.39469 , -3.04375 , -0.820728 , 0.34363 , -0.799222 , -24 , 16 , -517
10 , -40 , 15 , -35 , -0.0804919 , 0.153047 , -0.623504 , 0.760659 , 2.40096 , -3.06058 , -0.977058 , 0.272159 , -0.809431 , 8 , -20 , -487
10 , -40 , 7 , -36 , -0.0817485 , 0.154237 , -0.627318 , 0.742193 , 2.40587 , -3.07658 , -0.859811 , 0.215764 , -0.756428 , 30 , -24 , -446
10 , -40 , 10 , -36 , -0.0829692 , 0.155147 , -0.630914 , 0.724488 , 2.40952 , -3.09178 , -0.977058 , 0.113919 , -0.666365 , -84 , -30 , -510
10 , -40 , 7 , -39 , -0.084002 , 0.156084 , -0.634109 , 0.705788 , 2.41181 , -3.10409 , -0.84027 , 0.109453 , -0.644567 , 107 , -46 , -480
10 , -40 , 12 , -44 , -0.0851411 , 0.156902 , -0.636761 , 0.688396 , 2.41286 , -3.11709 , -0.937975 , 0 , -0.59789 , -136 , 83 , -424
10 , -40 , 15 , -37 , -0.08618 , 0.157687 , -0.639133 , 0.669382 , 2.41286 , -3.12809 , -0.859811 , 0 , -0.501052 , 97 , -136 , -559
10 , -40 , 14 , -40 , -0.0869455 , 0.158746 , -0.641241 , 0.653144 , 2.41196 , -3.13782 , -0.762105 , -0.114902 , -0.558583 , -189 , -53 , -495
10 , -40 , 9 , -37 , -0.0877207 , 0.159844 , -0.64302 , 0.63626 , 2.40937 , -3.14644 , -0.781646 , -0.113347 , -0.403184 , 16 , -78 , -454
10 , -40 , 7 , -36 , -0.0884539 , 0.160743 , -0.644527 , 0.621975 , 2.40559 , -3.154 , -0.68394 , -0.211028 , -0.317653 , 40 , -58 , -399
10 , -40 , 13 , -40 , -0.0890464 , 0.161575 , -0.645883 , 0.607847 , 2.40085 , -3.16014 , -0.820728 , -0.265986 , -0.256332 , -180 , -38 , -460
10 , -40 , 15 , -43 , -0.0895352 , 0.16221 , -0.646975 , 0.592664 , 2.39457 , -3.16498 , -0.68394 , -0.334227 , -0.181722 , 57 , -2 , -435
10 , -40 , 6 , -39 , -0.0898453 , 0.162466 , -0.647914 , 0.580392 , 2.38723 , -3.16967 , -0.527611 , -0.360536 , -0.240357 , -107 , -3 , -436
10 , -40 , 14 , -44 , -0.089685 , 0.16252 , -0.648777 , 0.566654 , 2.37882 , -3.17427 , -0.723023 , -0.464527 , -0.209519 , 7 , -10 , -498
10 , -40 , 11 , -43 , -0.0890209 , 0.162499 , -0.649767 , 0.552819 , 2.3698 , -3.1789 , -0.644858 , -0.538818 , -0.225301 , 101 , -90 , -572
10 , -40 , 9 , -38 , -0.0882472 , 0.162547 , -0.650914 , 0.541134 , 2.35819 , -3.18345 , -0.586235 , -0.5753 , -0.205623 , 48 , -46 , -613
10 , -40 , 6 , -42 , -0.0878785 , 0.162707 , -0.652105 , 0.530562 , 2.34574 , -3.1872 , -0.547152 , -0.585648 , -0.154679 , -104 , 11 , -584
10 , -40 , 11 , -42 , -0.088262 , 0.16286 , -0.653012 , 0.519306 , 2.33427 , -3.19 , -0.586235 , -0.550969 , -0.114009 , 16 , -54 , -520
10 , -40 , 7 , -35 , -0.0892208 , 0.162977 , -0.653513 , 0.508422 , 2.32219 , -3.19132 , -0.50807 , -0.656475 , -0.0326012 , 66 , -47 , -563
10 , -40 , 8 , -40 , -0.0901524 , 0.163114 , -0.653513 , 0.499198 , 2.30849 , -3.19154 , -0.429905 , -0.714917 , -0.00620918 , -6 , 70 , -465
10 , -40 , 13 , -36 , -0.0904255 , 0.163182 , -0.653163 , 0.490776 , 2.29442 , -3.19154 , -0.390823 , -0.743952 , 0 , -87 , -81 , -82
10 , -40 , 10 , -38 , -0.0897682 , 0.163264 , -0.652879 , 0.483253 , 2.27871 , -3.19027 , -0.351741 , -0.808038 , 0.159998 , -97 , -18 , 39
10 , -40 , 11 , -39 , -0.0889646 , 0.16355 , -0.652879 , 0.477156 , 2.26156 , -3.18615 , -0.254035 , -0.835089 , 0.262414 , -8 , -38 , -17
10 , -40 , 8 , -44 , -0.089394 , 0.163539 , -0.652458 , 0.472407 , 2.24385 , -3.18116 , -0.17587 , -0.964992 , 0.274969 , 61 , 12 , 38
10 , -40 , 10 , -41 , -0.0907205 , 0.16299 , -0.651258 , 0.468812 , 2.22546 , -3.17481 , -0.136788 , -0.783736 , 0.381911 , 117 , 13 , -68
10 , -40 , 14 , -43 , -0.0912983 , 0.162107 , -0.649428 , 0.46635 , 2.20928 , -3.16772 , -0.0781646 , -0.798683 , 0.369164 , 51 , -63 , -4
10 , -40 , 13 , -35 , -0.0903563 , 0.161169 , -0.647615 , 0.465294 , 2.1933 , -3.16039 , -0.0390823 , -0.795973 , 0.34103 , 56 , 46 , 131
10 , -40 , 10 , -37 , -0.0885373 , 0.16047 , -0.646112 , 0.465177 , 2.17778 , -3.15281 , 0.0390823 , -0.726434 , 0.338666 , 148 , -75 , 64
10 , -40 , 11 , -39 , -0.0871115 , 0.159816 , -0.644816 , 0.466486 , 2.161 , -3.14435 , 0.0781646 , -0.908888 , 0.390823 , 211 , -5 , 50
10 , -40 , 15 , -44 , -0.0868086 , 0.159083 , -0.643219 , 0.469046 , 2.14267 , -3.13526 , 0.156329 , -0.869138 , 0.541804 , 134 , 73 , 83
10 , -40 , 12 , -42 , -0.0871238 , 0.158025 , -0.641057 , 0.472681 , 2.12782 , -3.12535 , 0.254035 , -0.776465 , 0.422358 , 64 , -64 , 161
10 , -40 , 14 , -37 , -0.0867754 , 0.156853 , -0.638414 , 0.477566 , 2.11175 , -3.1156 , 0.254035 , -0.720633 , 0.494712 , 42 , 45 , 67
10 , -40 , 13 , -39 , -0.0854689 , 0.155931 , -0.636063 , 0.483585 , 2.0971 , -3.10435 , 0.312658 , -0.691722 , 0.587408 , 8 , -71 , 15
10 , -40 , 7 , -36 , -0.0844114 , 0.155057 , -0.633659 , 0.490698 , 2.08098 , -3.09235 , 0.371282 , -0.815347 , 0.622989 , -56 , -25 , 32
10 , -40 , 12 , -41 , -0.0842519 , 0.154169 , -0.630925 , 0.497928 , 2.06462 , -3.0792 , 0.312658 , -0.687662 , 0.721071 , 104 , -34 , -79
10 , -40 , 10 , -41 , -0.084252 , 0.153167 , -0.627581 , 0.505002 , 2.05036 , -3.06464 , 0.410364 , -0.699145 , 0.722407 , 163 , -64 , -21
10 , -40 , 9 , -35 , -0.0835483 , 0.15188 , -0.623928 , 0.513717 , 2.03642 , -3.04991 , 0.50807 , -0.694589 , 0.760354 , 48 , -1 , 57
10 , -40 , 15 , -36 , -0.0819551 , 0.150487 , -0.620284 , 0.523469 , 2.02245 , -3.03386 , 0.50807 , -0.77136 , 0.864648 , -69 , 40 , 31
10 , -40 , 12 , -41 , -0.0802602 , 0.149222 , -0.616838 , 0.534138 , 2.00789 , -3.01551 , 0.488529 , -0.775955 , 0.86274 , 44 , -28 , -67
10 , -40 , 7 , -44 , -0.0792086 , 0.147843 , -0.613131 , 0.545804 , 1.99269 , -2.998 , 0.644858 , -0.728237 , 0.847159 , 134 , 46 , -36
10 , -40 , 12 , -35 , -0.0784187 , 0.14591 , -0.608946 , 0.558604 , 1.97915 , -2.98147 , 0.566693 , -0.594555 , 0.787948 , -70 , -122 , -20
10 , -40 , 7 , -39 , -0.0768147 , 0.143912 , -0.604956 , 0.570289 , 1.96564 , -2.96645 , 0.586235 , -0.692537 , 0.853323 , -37 , -46 , 89
10 , -40 , 7 , -36 , -0.0745106 , 0.142366 , -0.601349 , 0.582092 , 1.95161 , -2.94814 , 0.547152 , -0.64492 , 0.848385 , 133 , 45 , 95
10 , -40 , 8 , -36 , -0.0730286 , 0.141153 , -0.597819 , 0.593074 , 1.93936 , -2.93026 , 0.566693 , -0.53981 , 0.912423 , 48 , -55 , 19
10 , -40 , 9 , -40 , -0.0727487 , 0.139713 , -0.593823 , 0.602806 , 1.9284 , -2.90952 , 0.449447 , -0.514014 , 1.07962 , -58 , -53 , -30
10 , -40 , 6 , -35 , -0.0727806 , 0.137753 , -0.58904 , 0.611755 , 1.91818 , -2.88945 , 0.488529 , -0.488324 , 0.937975 , -127 , 0 , 1
10 , -40 , 12 , -44 , -0.0718703 , 0.135833 , -0.584098 , 0.620295 , 1.90862 , -2.86976 , 0.410364 , -0.425578 , 1.05343 , 34 , 81 , -49
10 , -40 , 14 , -41 , -0.0698628 , 0.134222 , -0.579474 , 0.628834 , 1.90122 , -2.84977 , 0.488529 , -0.312406 , 0.944015 , 130 , -33 , 19
10 , -40 , 11 , -35 , -0.0675928 , 0.132708 , -0.575391 , 0.638898 , 1.89536 , -2.83101 , 0.527611 , -0.292239 , 0.954 , -3 , -62 , -85
10 , -40 , 9 , -43 , -0.0656288 , 0.131093 , -0.571469 , 0.649587 , 1.88859 , -2.81219 , 0.488529 , -0.37846 , 0.929789 , 6 , -33 , -84
10 , -40 , 10 , -36 , -0.0643701 , 0.12922 , -0.567373 , 0.660042 , 1.88215 , -2.79368 , 0.527611 , -0.296977 , 0.944774 , 19 , -43 , -95
10 , -40 , 13 , -37 , -0.0633068 , 0.127312 , -0.563172 , 0.670965 , 1.87703 , -2.77481 , 0.566693 , -0.265025 , 0.92466 , 84 , 0 , -81
10 , -40 , 15 , -36 , -0.0618749 , 0.125411 , -0.558977 , 0.682397 , 1.87109 , -2.75632 , 0.586235 , -0.297127 , 0.89365 , -2 , 29 , -54
10 , -40 , 14 , -37 , -0.060147 , 0.123483 , -0.554964 , 0.69459 , 1.86458 , -2.73834 , 0.586235 , -0.352304 , 0.88023 , 30 , -1 , -51
10 , -40 , 8 , -35 , -0.0583124 , 0.121684 , -0.551225 , 0.707917 , 1.85704 , -2.7221 , 0.723023 , -0.383913 , 0.772882 , 132 , -48 , 33
10 , -40 , 13 , -36 , -0.0566398 , 0.120172 , -0.547753 , 0.722222 , 1.84963 , -2.70569 , 0.605776 , -0.337691 , 0.88023 , -50 , -93 , -119
10 , -40 , 6 , -44 , -0.0554068 , 0.118851 , -0.544164 , 0.735177 , 1.84187 , -2.68929 , 0.644858 , -0.430106 , 0.755941 , 1 , 2 , -28
10 , -40 , 10 , -41 , -0.0545322 , 0.117314 , -0.540576 , 0.748583 , 1.83409 , -2.67419 , 0.68394 , -0.339845 , 0.786889 , 112 , 17 , -76
10 , -40 , 14 , -36 , -0.0535993 , 0.115674 , -0.537019 , 0.761421 , 1.82774 , -2.65983 , 0.586235 , -0.296078 , 0.69009 , -33 , 52 , -131
10 , -40 , 7 , -43 , -0.0522115 , 0.114195 , -0.53382 , 0.773283 , 1.82147 , -2.64728 , 0.68394 , -0.279292 , 0.611296 , -94 , -20 , -33
10 , -40 , 8 , -41 , -0.0505238 , 0.113034 , -0.531125 , 0.7853 , 1.81557 , -2.63559 , 0.566693 , -0.334991 , 0.561794 , 146 , -35 , -110
10 , -40 , 9 , -43 , -0.0490539 , 0.112231 , -0.528807 , 0.796947 , 1.81061 , -2.62479 , 0.547152 , -0.207589 , 0.460329 , -57 , -76 , -55
10 , -40 , 9 , -43 , -0.0480664 , 0.111407 , -0.526779 , 0.806815 , 1.80672 , -2.6157 , 0.449447 , -0.188985 , 0.427439 , -118 , -26 , -95
10 , -40 , 12 , -36 , -0.0473527 , 0.110481 , -0.524979 , 0.815003 , 1.80408 , -2.60728 , 0.410364 , -0.0955398 , 0.37736 , -11 , -64 , -83
10 , -40 , 9 , -42 , -0.0466611 , 0.109581 , -0.523361 , 0.823972 , 1.80248 , -2.60052 , 0.449447 , -0.040665 , 0.306127 , 184 , -46 , 45
10 , -40 , 8 , -35 , -0.0459517 , 0.108687 , -0.521991 , 0.832981 , 1.8023 , -2.59491 , 0.429905 , 0 , 0.273428 , 63 , -62 , -46
10 , -40 , 8 , -35 , -0.0452374 , 0.108019 , -0.520856 , 0.840543 , 1.80314 , -2.58946 , 0.3322 , 0.096135 , 0.332142 , -35 , -27 , -79
10 , -40 , 13 , -43 , -0.0447904 , 0.107634 , -0.519851 , 0.84666 , 1.80537 , -2.58287 , 0.254035 , 0.121524 , 0.363444 , -115 , -43 , -114
10 , -40 , 15 , -37 , -0.0449884 , 0.107217 , -0.518625 , 0.852327 , 1.80865 , -2.57621 , 0.390823 , 0.205696 , 0.255216 , -97 , -80 , -112
10 , -40 , 14 , -43 , -0.0453982 , 0.106617 , -0.517126 , 0.859967 , 1.8118 , -2.57062 , 0.429905 , 0.100142 , 0.275873 , 66 , 1 , -60
10 , -40 , 14 , -37 , -0.0452117 , 0.105886 , -0.515697 , 0.869054 , 1.8153 , -2.56628 , 0.547152 , 0.219071 , 0.18935 , 38 , -65 , -34
10 , -40 , 6 , -44 , -0.0442265 , 0.105401 , -0.514684 , 0.879469 , 1.81832 , -2.56312 , 0.468988 , 0.112693 , 0.12618 , -19 , 48 , 20
10 , -40 , 13 , -38 , -0.0429108 , 0.105351 , -0.514165 , 0.88924 , 1.82133 , -2.5611 , 0.429905 , 0.197518 , 0.087185 , -1 , 31 , -44
10 , -40 , 10 , -36 , -0.0419969 , 0.105396 , -0.514047 , 0.898307 , 1.82589 , -2.56026 , 0.449447 , 0.25667 , 0.0221019 , 34 , 81 , 2
10 , -40 , 10 , -37 , -0.0417168 , 0.105422 , -0.514047 , 0.906749 , 1.83171 , -2.56028 , 0.390823 , 0.317227 , -0.00396095 , 211 , 118 , -127
10 , -40 , 15 , -35 , -0.0418434 , 0.105372 , -0.514121 , 0.914194 , 1.8388 , -2.56159 , 0.3322 , 0.408525 , -0.114588 , 79 , -47 , -185
10 , -40 , 7 , -42 , -0.0419712 , 0.105249 , -0.514252 , 0.921248 , 1.84586 , -2.56423 , 0.410364 , 0.324783 , -0.171113 , -52 , -28 , -208
10 , -40 , 6 , -40 , -0.0416678 , 0.105247 , -0.514615 , 0.928498 , 1.85279 , -2.56824 , 0.3322 , 0.36571 , -0.255997 , -75 , -30 , -230
10 , -40 , 10 , -36 , -0.0408694 , 0.105581 , -0.515459 , 0.934204 , 1.86061 , -2.57365 , 0.234494 , 0.418737 , -0.275744 , 46 , 13 , -328
10 , -40 , 11 , -35 , -0.0401133 , 0.106145 , -0.516789 , 0.938933 , 1.86843 , -2.57947 , 0.214953 , 0.317742 , -0.296225 , 22 , 141 , -280
10 , -40 , 6 , -35 , -0.0400617 , 0.106702 , -0.518389 , 0.94245 , 1.87523 , -2.58428 , 0.156329 , 0.303432 , -0.246731 , 105 , 50 , -261
10 , -40 , 14 , -42 , -0.0412005 , 0.107134 , -0.519728 , 0.944932 , 1.88252 , -2.5884 , 0.0977058 , 0.393974 , -0.189169 , 75 , 6 , -268
10 , -40 , 6 , -37 , -0.0431522 , 0.107492 , -0.520476 , 0.947179 , 1.89063 , -2.59204 , 0.156329 , 0.419937 , -0.197053 , 146 , 23 , -242
10 , -40 , 11 , -35 , -0.0444678 , 0.10769 , -0.520729 , 0.94972 , 1.89969 , -2.59608 , 0.0781646 , 0.469362 , -0.16626 , 93 , -3 , -145
10 , -40 , 10 , -39 , -0.0443124 , 0.108031 , -0.521215 , 0.950912 , 1.90862 , -2.5988 , 0.0195412 , 0.393445 , -0.0810605 , 85 , 112 , -273
10 , -40 , 7 , -42 , -0.0437776 , 0.108563 , -0.52216 , 0.950775 , 1.91808 , -2.60116 , -0.0586235 , 0.520634 , -0.138458 , 84 , 1 , -284
10 , -40 , 8 , -43 , -0.0441879 , 0.108886 , -0.522946 , 0.949348 , 1.92899 , -2.60454 , -0.0977058 , 0.568607 , -0.192712 , 81 , -16 , -277
10 , -40 , 11 , -42 , -0.044933 , 0.108986 , -0.523552 , 0.947043 , 1.94034 , -2.60917 , -0.17587 , 0.616763 , -0.248088 , 114 , 13 , -290
10 , -40 , 15 , -35 , -0.0447641 , 0.109286 , -0.524398 , 0.943369 , 1.95302 , -2.61484 , -0.195412 , 0.702074 , -0.316711 , 33 , -1 , -379
10 , -40 , 6 , -39 , -0.0437724 , 0.109834 , -0.525808 , 0.939734 , 1.96623 , -2.62188 , -0.214953 , 0.616763 , -0.40016 , 40 , -32 , -279
10 , -40 , 12 , -35 , -0.0429593 , 0.110577 , -0.527801 , 0.935885 , 1.97899 , -2.62936 , -0.195412 , 0.653183 , -0.364345 , -101 , 29 , -273
10 , -40 , 10 , -37 , -0.0433611 , 0.111487 , -0.529962 , 0.931117 , 1.99197 , -2.63554 , -0.3322 , 0.63274 , -0.272665 , -105 , 53 , -208
10 , -40 , 10 , -38 , -0.0453396 , 0.111911 , -0.531483 , 0.924785 , 2.00402 , -2.64146 , -0.351741 , 0.555668 , -0.330272 , -77 , -34 , -157
10 , -40 , 10 , -44 , -0.0474667 , 0.112065 , -0.532293 , 0.917321 , 2.01383 , -2.64749 , -0.371282 , 0.486501 , -0.31518 , -37 , -17 , -247
10 , -40 , 13 , -35 , -0.0479862 , 0.112413 , -0.533024 , 0.90882 , 2.02448 , -2.65463 , -0.468988 , 0.492012 , -0.399885 , 82 , 80 , -313
10 , -40 , 15 , -37 , -0.0468878 , 0.113207 , -0.534463 , 0.900476 , 2.03492 , -2.66192 , -0.351741 , 0.513561 , -0.368932 , -33 , 15 , -262
10 , -40 , 14 , -37 , -0.045915 , 0.114304 , -0.536527 , 0.893265 , 2.04453 , -2.66942 , -0.390823 , 0.438302 , -0.430738 , 4 , -34 , -257
10 , -40 , 8 , -36 , -0.0464656 , 0.115229 , -0.538663 , 0.887169 , 2.05256 , -2.67843 , -0.254035 , 0.352514 , -0.474682 , -227 , -30 , -185
10 , -40 , 13 , -37 , -0.0478083 , 0.11588 , -0.540545 , 0.881052 , 2.05921 , -2.68669 , -0.351741 , 0.31366 , -0.401254 , -6 , -2 , -323
10 , -40 , 13 , -43 , -0.0487344 , 0.116515 , -0.54233 , 0.874858 , 2.06448 , -2.69547 , -0.273576 , 0.250311 , -0.448533 , 64 , 78 , -451
10 , -40 , 11 , -36 , -0.0489955 , 0.117119 , -0.544206 , 0.87007 , 2.07037 , -2.70528 , -0.17587 , 0.328054 , -0.576431 , 50 , 16 , -318
10 , -40 , 12 , -37 , -0.0488477 , 0.117941 , -0.546527 , 0.865478 , 2.07607 , -2.71503 , -0.254035 , 0.252904 , -0.471817 , 20 , 46 , -335
10 , -40 , 7 , -43 , -0.0490644 , 0.118949 , -0.549009 , 0.860358 , 2.08088 , -2.7246 , -0.17587 , 0.191705 , -0.414591 , -35 , 8 , -303
10 , -40 , 7 , -42 , -0.0503694 , 0.119769 , -0.551213 , 0.855531 , 2.08565 , -2.73299 , -0.293117 , 0.253231 , -0.465634 , -38 , -34 , -344
10 , -40 , 8 , -43 , -0.0520599 , 0.120419 , -0.552912 , 0.849649 , 2.0912 , -2.7427 , -0.371282 , 0.319996 , -0.530765 , -83 , -9 , -387
10 , -40 , 14 , -36 , -0.0527752 , 0.120866 , -0.554566 , 0.841716 , 2.09825 , -2.75394 , -0.410364 , 0.376515 , -0.635483 , -35 , -20 , -309
10 , -40 , 9 , -40 , -0.0521591 , 0.121814 , -0.556898 , 0.834349 , 2.10439 , -2.76546 , -0.371282 , 0.310834 , -0.551489 , 49 , 89 , -256
10 , -40 , 14 , -35 , -0.0515807 , 0.123358 , -0.55982 , 0.827236 , 2.11189 , -2.77537 , -0.371282 , 0.388233 , -0.472957 , 114 , -10 , -372
10 , -40 , 9 , -42 , -0.0526857 , 0.124637 , -0.562558 , 0.820142 , 2.11875 , -2.7842 , -0.293117 , 0.347294 , -0.411681 , -78 , 12 , -366
10 , -40 , 15 , -44 , -0.055193 , 0.125386 , -0.564484 , 0.812873 , 2.12612 , -2.79302 , -0.410364 , 0.414591 , -0.443106 , -68 , -34 , -380
10 , -40 , 9 , -44 , -0.057169 , 0.125821 , -0.565847 , 0.805467 , 2.13432 , -2.80287 , -0.371282 , 0.430421 , -0.550711 , -134 , -31 , -286
10 , -40 , 13 , -43 , -0.057126 , 0.126424 , -0.567557 , 0.798041 , 2.14343 , -2.81375 , -0.410364 , 0.478949 , -0.576998 , -32 , 45 , -292
10 , -40 , 15 , -43 , -0.0557667 , 0.127499 , -0.570234 , 0.790694 , 2.1539 , -2.82587 , -0.312658 , 0.569709 , -0.647057 , 49 , -2 , -400
10 , -40 , 7 , -38 , -0.0547606 , 0.128903 , -0.573568 , 0.784968 , 2.1645 , -2.83962 , -0.254035 , 0.485895 , -0.705032 , 2 , -35 , -270
10 , -40 , 7 , -44 , -0.0550195 , 0.130478 , -0.577163 , 0.779301 , 2.17352 , -2.85315 , -0.351741 , 0.437324 , -0.63617 , -17 , -17 , -377
10 , -40 , 6 , -38 , -0.0567518 , 0.131773 , -0.580339 , 0.771934 , 2.18247 , -2.86628 , -0.351741 , 0.470867 , -0.69998 , -133 , 32 , -468
10 , -40 , 7 , -38 , -0.0588151 , 0.132564 , -0.583031 , 0.763375 , 2.19121 , -2.88019 , -0.527611 , 0.418737 , -0.626653 , -31 , 43 , -308
10 , -40 , 11 , -40 , -0.0599523 , 0.133485 , -0.585699 , 0.753351 , 2.19936 , -2.89305 , -0.488529 , 0.407674 , -0.615146 , 37 , -29 , -461
10 , -40 , 15 , -37 , -0.0605178 , 0.134692 , -0.588393 , 0.743893 , 2.20629 , -2.9038 , -0.429905 , 0.311657 , -0.531008 , 51 , -3 , -417
10 , -40 , 13 , -43 , -0.0613968 , 0.13583 , -0.590994 , 0.735685 , 2.21175 , -2.91419 , -0.351741 , 0.245696 , -0.473339 , -127 , -17 , -313
10 , -40 , 6 , -39 , -0.0628049 , 0.136869 , -0.593216 , 0.728416 , 2.21589 , -2.92459 , -0.371282 , 0.151952 , -0.514692 , -83 , -2 , -385
10 , -40 , 7 , -39 , -0.0641319 , 0.137736 , -0.595159 , 0.721166 , 2.21876 , -2.93457 , -0.390823 , 0.106279 , -0.461784 , -95 , 9 , -463
10 , -40 , 7 , -35 , -0.0649664 , 0.138565 , -0.597053 , 0.712138 , 2.2206 , -2.94341 , -0.429905 , 0.0674447 , -0.416061 , 47 , 3 , -515
10 , -40 , 10 , -40 , -0.0654095 , 0.139507 , -0.598949 , 0.702739 , 2.2212 , -2.95138 , -0.488529 , 0 , -0.354646 , 49 , 10 , -395
10 , -40 , 7 , -39 , -0.0660244 , 0.140344 , -0.600745 , 0.69332 , 2.22068 , -2.95824 , -0.527611 , -0.0510212 , -0.317825 , -38 , 4 , -331
10 , -40 , 10 , -40 , -0.0669392 , 0.140919 , -0.602158 , 0.68353 , 2.21907 , -2.96381 , -0.527611 , -0.114813 , -0.252578 , -87 , -28 , -350
10 , -40 , 11 , -40 , -0.0679083 , 0.141229 , -0.603229 , 0.674033 , 2.21632 , -2.96783 , -0.50807 , -0.190582 , -0.171965 , 93 , -31 , -370
10 , -40 , 13 , -37 , -0.0687328 , 0.141367 , -0.604004 , 0.665376 , 2.21223 , -2.97072 , -0.351741 , -0.255997 , -0.134642 , 57 , -71 , -401
10 , -40 , 13 , -36 , -0.0693132 , 0.141525 , -0.604501 , 0.658537 , 2.20651 , -2.97256 , -0.351741 , -0.311494 , -0.0620346 , 30 , -34 , -414
10 , -40 , 9 , -36 , -0.0697752 , 0.141687 , -0.604779 , 0.652538 , 2.19975 , -2.97307 , -0.234494 , -0.371976 , -0.00842879 , -123 , -25 , -419
10 , -40 , 7 , -41 , -0.0701518 , 0.141786 , -0.604779 , 0.647731 , 2.19166 , -2.97309 , -0.17587 , -0.427596 , 0 , -211 , 43 , -189
10 , -40 , 10 , -42 , -0.070401 , 0.141786 , -0.604674 , 0.642924 , 2.18419 , -2.97221 , -0.293117 , -0.355078 , 0.100073 , -48 , 62 , 52
10 , -40 , 7 , -44 , -0.0704192 , 0.141814 , -0.604485 , 0.637902 , 2.17804 , -2.96967 , -0.214953 , -0.262179 , 0.139912 , -29 , -46 , 11
10 , -40 , 12 , -42 , -0.0706259 , 0.141721 , -0.60407 , 0.632958 , 2.17307 , -2.96783 , -0.273576 , -0.240259 , 0.0794563 , 72 , -46 , 10
10 , -40 , 15 , -41 , -0.0707012 , 0.14147 , -0.603477 , 0.628072 , 2.16895 , -2.96705 , -0.214953 , -0.173237 , 0.0175756 , 113 , -46 , 15
10 , -40 , 11 , -35 , -0.0698119 , 0.141322 , -0.603122 , 0.624477 , 2.16489 , -2.96707 , -0.195412 , -0.235625 , 0 , 141 , -42 , -183
10 , -40 , 6 , -37 , -0.0684323 , 0.141346 , -0.603349 , 0.621858 , 2.15938 , -2.96715 , -0.117247 , -0.329714 , -0.00425793 , 31 , -11 , -304
10 , -40 , 11 , -42 , -0.0678331 , 0.141398 , -0.603755 , 0.619455 , 2.15271 , -2.96717 , -0.195412 , -0.371976 , 0 , 46 , 83 , -231
10 , -40 , 12 , -43 , -0.0683301 , 0.141225 , -0.603832 , 0.616699 , 2.14628 , -2.96717 , -0.117247 , -0.245903 , 0 , -36 , 15 , -173
10 , -40 , 14 , -44 , -0.0688635 , 0.140931 , -0.603603 , 0.615253 , 2.14142 , -2.96721 , -0.0195412 , -0.228194 , -0.0027277 , -86 , -20 , -444
10 , -40 , 13 , -39 , -0.068644 , 0.140806 , -0.603411 , 0.615058 , 2.13759 , -2.96899 , 0.0195412 , -0.174942 , -0.10578 , -7 , -64 , -443
10 , -40 , 12 , -40 , -0.0677241 , 0.14102 , -0.603584 , 0.616172 , 2.13358 , -2.97112 , 0.0781646 , -0.245593 , -0.0714223 , 12 , -147 , -432
10 , -40 , 7 , -38 , -0.0668249 , 0.141448 , -0.604231 , 0.618536 , 2.12815 , -2.97235 , 0.136788 , -0.293556 , -0.0452617 , 37 , -64 , -378
10 , -40 , 7 , -36 , -0.0670688 , 0.141753 , -0.604841 , 0.620901 , 2.12174 , -2.97254 , 0.0977058 , -0.299863 , -0.00457519 , 70 , -40 , -312
10 , -40 , 12 , -37 , -0.0684614 , 0.141707 , -0.604841 , 0.621858 , 2.11531 , -2.97235 , 0.0195412 , -0.381911 , 0.0709727 , 83 , 17 , -85
10 , -40 , 13 , -37 , -0.0694752 , 0.14148 , -0.604386 , 0.622796 , 2.10755 , -2.9702 , 0.0977058 , -0.40654 , 0.135139 , 141 , 15 , 71
10 , -40 , 8 , -41 , -0.0694455 , 0.14142 , -0.603899 , 0.625043 , 2.09864 , -2.96629 , 0.136788 , -0.46306 , 0.227047 , 123 , -19 , 47
10 , -40 , 15 , -40 , -0.0695357 , 0.141252 , -0.603315 , 0.627427 , 2.09043 , -2.96142 , 0.0977058 , -0.411681 , 0.283753 , 98 , -78 , 39
10 , -40 , 9 , -38 , -0.0702526 , 0.140749 , -0.602232 , 0.629538 , 2.08129 , -2.95611 , 0.136788 , -0.473532 , 0.236384 , 122 , -55 , 97
10 , -40 , 14 , -40 , -0.0705311 , 0.140095 , -0.600723 , 0.633075 , 2.07097 , -2.95085 , 0.234494 , -0.46233 , 0.279158 , 31 , 45 , 79
10 , -40 , 7 , -40 , -0.0696375 , 0.139371 , -0.59937 , 0.637765 , 2.06112 , -2.94548 , 0.293117 , -0.4821 , 0.211484 , -15 , -32 , 92
10 , -40 , 10 , -42 , -0.0682293 , 0.138846 , -0.598432 , 0.642572 , 2.052 , -2.94024 , 0.195412 , -0.442775 , 0.326957 , -40 , -47 , -101
10 , -40 , 9 , -43 , -0.067496 , 0.138419 , -0.597618 , 0.647066 , 2.04336 , -2.93502 , 0.234494 , -0.390301 , 0.229265 , -83 , -47 , -11
10 , -40 , 12 , -35 , -0.0674408 , 0.137808 , -0.596525 , 0.651815 , 2.0359 , -2.931 , 0.195412 , -0.344437 , 0.186283 , -45 , 2 , -47
10 , -40 , 10 , -38 , -0.066975 , 0.137307 , -0.59543 , 0.656387 , 2.02833 , -2.92725 , 0.273576 , -0.417544 , 0.218581 , 10 , 75 , 13
10 , -40 , 7 , -43 , -0.0659721 , 0.137066 , -0.594597 , 0.66225 , 2.02097 , -2.92217 , 0.293117 , -0.286107 , 0.286667 , 150 , -39 , 20
10 , -40 , 7 , -44 , -0.065514 , 0.136838 , -0.593819 , 0.668405 , 2.01477 , -2.91714 , 0.312658 , -0.246213 , 0.280897 , 80 , -79 , 2
10 , -40 , 14 , -40 , -0.0658691 , 0.13642 , -0.592691 , 0.673115 , 2.00973 , -2.91259 , 0.234494 , -0.251385 , 0.193284 , 64 , -45 , -83
10 , -40 , 12 , -43 , -0.0658775 , 0.135957 , -0.591338 , 0.677609 , 2.00438 , -2.90942 , 0.273576 , -0.299555 , 0.122591 , -8 , -46 , -50
10 , -40 , 9 , -42 , -0.0646727 , 0.135636 , -0.590333 , 0.683491 , 1.99902 , -2.9078 , 0.3322 , -0.235908 , 0.0656914 , -88 , 7 , -48
10 , -40 , 14 , -42 , -0.0626878 , 0.135635 , -0.590147 , 0.689647 , 1.99474 , -2.90724 , 0.234494 , -0.187535 , 0.0141299 , -85 , 16 , -76
10 , -40 , 8 , -43 , -0.0613338 , 0.135819 , -0.590517 , 0.695235 , 1.99197 , -2.90731 , 0.351741 , -0.0973802 , 0 , -3 , 9 , -290
0 , 0 , 0 , 0 , -0.0614523 , 0.135799 , -0.590872 , 0.701059 , 1.99005 , -2.90864 , 0.273576 , -0.10682 , -0.0828471 , 73 , 29 , -316
0 , 0 , 0 , 0 , -0.0622043 , 0.135597 , -0.590872 , 0.705319 , 1.98759 , -2.90968 , 0.214953 , -0.192712 , -0.0353659 , 129 , 33 , -343
0 , 0 , 0 , 0 , -0.0623183 , 0.135442 , -0.590809 , 0.70907 , 1.98366 , -2.90991 , 0.117247 , -0.231165 , -0.0060589 , 141 , 62 , -214
0 , 0 , 0 , 0 , -0.0619512 , 0.135475 , -0.590931 , 0.711318 , 1.97878 , -2.9094 , 0.0977058 , -0.277573 , 0.0819216 , 122 , -50 , -24
0 , 0 , 0 , 0 , -0.0620037 , 0.135573 , -0.591059 , 0.712529 , 1.97266 , -2.90718 , 0 , -0.369164 , 0.190706 , 116 , -65 , -69
0 , 0 , 0 , 0 , -0.0630179 , 0.135525 , -0.59084 , 0.712431 , 1.96457 , -2.90346 , -0.0586235 , -0.410526 , 0.225301 , 62 , -64 , 10
0 , 0 , 0 , 0 , -0.0646925 , 0.135152 , -0.589752 , 0.711083 , 1.95544 , -2.8985 , -0.117247 , -0.493462 , 0.286807 , 103 , 47 , -51
0 , 0 , 0 , 0 , -0.0656592 , 0.134528 , -0.58804 , 0.708484 , 1.94538 , -2.89246 , -0.136788 , -0.492219 , 0.352516 , 16 , -17 , -49
0 , 0 , 0 , 0 , -0.06523 , 0.134036 , -0.586358 , 0.70485 , 1.93434 , -2.88515 , -0.214953 , -0.573611 , 0.380177 , 77 , -45 , 6
0 , 0 , 0 , 0 , -0.0642806 , 0.13351 , -0.584757 , 0.699945 , 1.92199 , -2.87681 , -0.234494 , -0.675382 , 0.455503 , -69 , -13 , 9
0 , 0 , 0 , 0 , -0.0639156 , 0.132792 , -0.583122 , 0.693906 , 1.908 , -2.86694 , -0.351741 , -0.775955 , 0.526714 , -67 , 61 , -104
0 , 0 , 0 , 0 , -0.0644054 , 0.131834 , -0.581008 , 0.686481 , 1.89354 , -2.856 , -0.371282 , -0.743952 , 0.536843 , -215 , -126 , -57
0 , 0 , 0 , 0 , -0.064893 , 0.13068 , -0.578161 , 0.677648 , 1.87744 , -2.84414 , -0.449447 , -0.863379 , 0.610341 , -63 , 18 , 112
0 , 0 , 0 , 0 , -0.0644404 , 0.129407 , -0.575057 , 0.667995 , 1.85999 , -2.83067 , -0.488529 , -0.844716 , 0.712746 , 0 , -32 , -41
0 , 0 , 0 , 0 , -0.0634018 , 0.128024 , -0.571926 , 0.657521 , 1.84185 , -2.81608 , -0.605776 , -0.987754 , 0.714049 , 13 , -27 , -31
0 , 0 , 0 , 0 , -0.0625202 , 0.126782 , -0.568662 , 0.645229 , 1.82192 , -2.8007 , -0.625317 , -1.03119 , 0.803057 , -154 , -4 , 34
0 , 0 , 0 , 0 , -0.0620042 , 0.125509 , -0.565109 , 0.631492 , 1.80142 , -2.78348 , -0.742564 , -1.06977 , 0.932007 , 160 , -31 , -142
0 , 0 , 0 , 0 , -0.0618021 , 0.124046 , -0.561069 , 0.61754 , 1.77912 , -2.7647 , -0.762105 , -1.02712 , 0.954 , -30 , -74 , -41
0 , 0 , 0 , 0 , -0.0614026 , 0.122424 , -0.556724 , 0.601711 , 1.75611 , -2.74528 , -0.898893 , -1.26753 , 1.02578 , -45 , 46 , -113
0 , 0 , 0 , 0 , -0.0604604 , 0.12069 , -0.55214 , 0.584496 , 1.73184 , -2.72593 , -0.84027 , -1.22195 , 1.05818 , 54 , -78 , -27
0 , 0 , 0 , 0 , -0.0593522 , 0.118875 , -0.547316 , 0.566869 , 1.70575 , -2.70293 , -1.03568 , -1.25129 , 1.14779 , -77 , 15 , -75
0 , 0 , 0 , 0 , -0.0583489 , 0.116953 , -0.542192 , 0.546859 , 1.67937 , -2.68019 , -0.937975 , -1.42723 , 1.16838 , 39 , 3 , -47
0 , 0 , 0 , 0 , -0.0577478 , 0.11486 , -0.536391 , 0.527084 , 1.65136 , -2.65586 , -1.15293 , -1.40584 , 1.19945 , -77 , -129 , -81
0 , 0 , 0 , 0 , -0.0573754 , 0.11268 , -0.530155 , 0.50467 , 1.62174 , -2.63069 , -1.07476 , -1.46742 , 1.32408 , 34 , -17 , -105
0 , 0 , 0 , 0 , -0.0571644 , 0.110763 , -0.523313 , 0.482295 , 1.59143 , -2.60423 , -1.27018 , -1.60611 , 1.37532 , 9 , 70 , -67
0 , 0 , 0 , 0 , -0.057565 , 0.109236 , -0.515544 , 0.456853 , 1.5585 , -2.57625 , -1.21155 , -1.6502 , 1.39829 , -136 , 25 , -143
0 , 0 , 0 , 0 , -0.058285 , 0.108115 , -0.506942 , 0.430941 , 1.52571 , -2.54744 , -1.34834 , -1.65485 , 1.50028 , 162 , -56 , -141
0 , 0 , 0 , 0 , -0.058769 , 0.107772 , -0.497659 , 0.405069 , 1.49144 , -2.51747 , -1.34834 , -1.6619 , 1.53665 , -164 , -53 , 39
0 , 0 , 0 , 0 , -0.0586474 , 0.10835 , -0.488037 , 0.377027 , 1.45601 , -2.48612 , -1.3288 , -1.77512 , 1.67018 , -193 , -65 , -82
0 , 0 , 0 , 0 , -0.0580602 , 0.109416 , -0.477962 , 0.347618 , 1.42111 , -2.45347 , -1.46559 , -1.79688 , 1.58442 , 168 , -31 , -44
0 , 0 , 0 , 0 , -0.0573129 , 0.110798 , -0.4671 , 0.319771 , 1.38168 , -2.41964 , -1.44605 , -1.91423 , 1.71789 , 74 , -16 , -20
0 , 0 , 0 , 0 , -0.0564768 , 0.112157 , -0.456037 , 0.292824 , 1.34285 , -2.38482 , -1.28972 , -2.05516 , 1.77378 , -141 , 65 , -149
0 , 0 , 0 , 0 , -0.0562928 , 0.113157 , -0.444077 , 0.266229 , 1.30277 , -2.34881 , -1.23109 , -2.10876 , 1.82201 , 58 , 38 , -187
0 , 0 , 0 , 0 , -0.0568912 , 0.114191 , -0.431806 , 0.242252 , 1.2614 , -2.31143 , -1.23109 , -2.08624 , 1.93956 , -7 , -54 , -115
0 , 0 , 0 , 0 , -0.0574903 , 0.115303 , -0.419112 , 0.218548 , 1.21894 , -2.27305 , -1.03568 , -2.07884 , 2.01975 , -63 , -54 , -86
0 , 0 , 0 , 0 , -0.0575642 , 0.116318 , -0.406031 , 0.196135 , 1.17542 , -2.23328 , -1.15293 , -2.17526 , 2.05336 , 52 , -110 , -82
0 , 0 , 0 , 0 , -0.0568558 , 0.117201 , -0.392961 , 0.175421 , 1.13067 , -2.1924 , -0.977058 , -2.13271 , 2.14149 , -130 , -174 , -122
0 , 0 , 0 , 0 , -0.0559815 , 0.118172 , -0.379144 , 0.155098 , 1.08491 , -2.14796 , -1.03568 , -2.33908 , 2.14541 , 200 , -60 , -118
0 , 0 , 0 , 0 , -0.0554488 , 0.119263 , -0.364849 , 0.136964 , 1.03764 , -2.10689 , -0.898893 , -2.43629 , 2.25474 , -48 , -35 , -181
0 , 0 , 0 , 0 , -0.0554143 , 0.120438 , -0.350095 , 0.119123 , 0.988958 , -2.06224 , -0.918434 , -2.56558 , 2.3508 , -4 , 25 , -86
0 , 0 , 0 , 0 , -0.0556012 , 0.121997 , -0.334994 , 0.102689 , 0.940614 , -2.01409 , -0.742564 , -2.28107 , 2.30007 , 52 , -55 , -107
0 , 0 , 0 , 0 , -0.0551574 , 0.123881 , -0.319701 , 0.0880329 , 0.893754 , -1.96727 , -0.723023 , -2.20804 , 2.28998 , -154 , -179 , 37
0 , 0 , 0 , 0 , -0.0537272 , 0.125209 , -0.304477 , 0.0735138 , 0.848418 , -1.92174 , -0.703482 , -2.15428 , 2.47747 , 55 , -162 , -53
0 , 0 , 0 , 0 , -0.0514852 , 0.12515 , -0.289634 , 0.0611443 , 0.80406 , -1.8698 , -0.605776 , -2.19666 , 2.54608 , -23 , -81 , -45
0 , 0 , 0 , 0 , -0.0494393 , 0.12362 , -0.274911 , 0.0498299 , 0.760796 , -1.81891 , -0.566693 , -2.16023 , 2.59539 , -69 , -14 , -95
0 , 0 , 0 , 0 , -0.047748 , 0.120694 , -0.259735 , 0.0385352 , 0.718685 , -1.76734 , -0.488529 , -2.14836 , 2.52279 , -29 , -32 , -27
0 , 0 , 0 , 0 , -0.0459493 , 0.117017 , -0.244223 , 0.0294876 , 0.675753 , -1.71458 , -0.371282 , -2.1059 , 2.71561 , 51 , 14 , -100
0 , 0 , 0 , 0 , -0.0440825 , 0.113637 , -0.228645 , 0.0219643 , 0.638058 , -1.66004 , -0.351741 , -2.05966 , 2.80998 , 19 , -3 , -82
0 , 0 , 0 , 0 , -0.0421845 , 0.110846 , -0.213317 , 0.0153789 , 0.597627 , -1.6049 , -0.273576 , -1.93715 , 2.70466 , -101 , -12 , 64
0 , 0 , 0 , 0 , -0.0406441 , 0.108486 , -0.197922 , 0.0097315 , 0.560558 , -1.54828 , -0.254035 , -1.87895 , 2.88963 , -165 , -128 , -142
0 , 0 , 0 , 0 , -0.0398437 , 0.106585 , -0.182525 , 0.00537382 , 0.524367 , -1.49033 , -0.17587 , -1.76046 , 2.89677 , -119 , -120 , 39
0 , 0 , 0 , 0 , -0.0395542 , 0.104689 , -0.166833 , 0.00226677 , 0.489408 , -1.43192 , -0.117247 , -1.64961 , 2.97392 , -113 , -185 , -108
0 , 0 , 0 , 0 , -0.0386881 , 0.102427 , -0.15152 , 0.000449447 , 0.456794 , -1.37357 , -0.0586235 , -1.61552 , 2.82522 , -82 , -138 , -106
0 , 0 , 0 , 0 , -0.0360679 , 0.0997979 , -0.136882 , -0.000156329 , 0.422734 , -1.31707 , 0 , -1.64441 , 2.77836 , -83 , 16 , -131
0 , 0 , 0 , 0 , -0.0325128 , 0.0970684 , -0.122312 , -7.81646e-05 , 0.391624 , -1.26124 , 0 , -1.59736 , 2.81843 , -35 , 9 , -59
0 , 0 , 0 , 0 , -0.0297189 , 0.0944022 , -0.107981 , 1.95412e-05 , 0.362059 , -1.2068 , 0 , -1.54679 , 2.59682 , -66 , -97 , -14
0 , 0 , 0 , 0 , -0.0279699 , 0.0917545 , -0.0942401 , 1.95412e-05 , 0.332903 , -1.15391 , 0 , -1.34149 , 2.69532 , -35 , -111 , -101
0 , 0 , 0 , 0 , -0.0270344 , 0.0895092 , -0.0809255 , 1.95412e-05 , 0.304901 , -1.10165 , 0 , -1.33386 , 2.60838 , -52 , -83 , -115
0 , 0 , 0 , 0 , -0.02628 , 0.0875227 , -0.0676679 , 1.95412e-05 , 0.278872 , -1.05075 , 0 , -1.36412 , 2.46835 , -51 , -48 , 104
0 , 0 , 0 , 0 , -0.0248016 , 0.0853417 , -0.054846 , 0 , 0.253429 , -1.00139 , 0 , -1.197 , 2.49993 , -67 , -113 , 18
0 , 0 , 0 , 0 , -0.0223733 , 0.0824835 , -0.0428919 , 0 , 0.229218 , -0.953022 , 0 , -1.18431 , 2.44137 , -82 , -21 , -53
0 , 0 , 0 , 0 , -0.0198672 , 0.0793976 , -0.0313933 , 0 , 0.206863 , -0.905674 , 0 , -1.0973 , 2.40875 , -67 , -201 , -147
0 , 0 , 0 , 0 , -0.018116 , 0.0761908 , -0.0205038 , 0 , 0.184605 , -0.85942 , 0 , -1.05627 , 2.17023 , -51 , -68 , 53
0 , 0 , 0 , 0 , -0.017183 , 0.0724023 , -0.00939637 , 0 , 0.164693 , -0.812521 , 0 , -1.0231 , 2.17023 , -69 , -111 , -42
0 , 0 , 0 , 0 , -0.0166667 , 0.0685016 , 0.00198645 , 0 , 0.14482 , -0.771075 , 0 , -0.844105 , 2.04173 , -52 , -114 , 96
0 , 0 , 0 , 0 , -0.0156031 , 0.0649639 , 0.01279 , 0 , 0.127291 , -0.726677 , 0 , -0.863379 , 2.0085 , -82 , -155 , 50
0 , 0 , 0 , 0 , -0.0133364 , 0.0614064 , 0.0230522 , 0 , 0.110017 , -0.68568 , 0 , -0.846548 , 1.96723 , -52 , -3 , 2
0 , 0 , 0 , 0 , -0.0107623 , 0.0577666 , 0.0323 , 0 , 0.0947746 , -0.64562 , 0 , -0.772877 , 1.90566 , -68 , -110 , -9
0 , 0 , 0 , 0 , -0.00848036 , 0.0541525 , 0.0408134 , 0 , 0.0794739 , -0.606812 , 0 , -0.728013 , 1.80935 , -20 , -84 , 73
0 , 0 , 0 , 0 , -0.00704387 , 0.0497507 , 0.0489209 , 0 , 0.0666158 , -0.569195 , 0 , -0.646165 , 1.79275 , -127 , -51 , 64
0 , 0 , 0 , 0 , -0.00681432 , 0.0452314 , 0.0568012 , 0 , 0.0549497 , -0.532809 , 0 , -0.618061 , 1.73569 , -66 , -144 , -54
0 , 0 , 0 , 0 , -0.0069339 , 0.0410869 , 0.064392 , 0 , 0.0436354 , -0.497616 , 0 , -0.516276 , 1.79208 , -51 , -143 , -56
0 , 0 , 0 , 0 , -0.00656057 , 0.036768 , 0.0722903 , 0 , 0.033728 , -0.463731 , 0 , -0.468988 , 1.6876 , -95 , -111 , -136
0 , 0 , 0 , 0 , -0.00564119 , 0.0327391 , 0.0796601 , 0 , 0.0251886 , -0.431195 , 0 , -0.35998 , 1.72231 , -67 , -114 , -138
0 , 0 , 0 , 0 , -0.00457379 , 0.0293473 , 0.0866503 , 0 , 0.0186618 , -0.399675 , 0 , -0.328054 , 1.58014 , -51 , -148 , -47
0 , 0 , 0 , 0 , -0.00397041 , 0.0259026 , 0.0929522 , 0 , 0.0124477 , -0.369132 , 0 , -0.268054 , 1.49215 , -35 , -202 , 36
0 , 0 , 0 , 0 , -0.00384637 , 0.0220709 , 0.0986537 , 0 , 0.00769922 , -0.339821 , 0 , -0.245491 , 1.43948 , -67 , -148 , -69
0 , 0 , 0 , 0 , -0.00360553 , 0.0177712 , 0.104116 , 0 , 0.00410364 , -0.31215 , 0 , -0.204977 , 1.43026 , -82 , -108 , -41
0 , 0 , 0 , 0 , -0.0034109 , 0.013138 , 0.109193 , 0 , 0.00134834 , -0.285379 , 0 , -0.105022 , 1.28172 , -51 , -127 , -51
0 , 0 , 0 , 0 , -0.00288583 , 0.00851376 , 0.11373 , 0 , 0.000273576 , -0.259565 , 0 , -0.0406424 , 1.22867 , -51 , -149 , -69
0 , 0 , 0 , 0 , -0.00173293 , 0.00393067 , 0.117812 , 0 , 3.90823e-05 , -0.235432 , 0 , -0.00453702 , 1.1523 , -35 , -162 , 54
0 , 0 , 0 , 0 , -0.000734025 , -0.000472961 , 0.12153 , 0 , 3.90823e-05 , -0.212139 , 0 , 0 , 1.11134 , -35 , -154 , -36
0 , 0 , 0 , 0 , -0.000447104 , -0.00462553 , 0.125012 , 0 , 1.95412e-05 , -0.190253 , 0 , -0.00306165 , 1.09066 , -83 , -159 , -48
0 , 0 , 0 , 0 , -0.00081056 , -0.00841027 , 0.128364 , 0 , 0 , -0.169422 , 0 , 0 , 0.977458 , -51 , -132 , 33
0 , 0 , 0 , 0 , -0.00141737 , -0.0120214 , 0.131685 , 0 , -1.95412e-05 , -0.1499 , 0 , 0 , 0.955551 , -66 , -150 , -39
0 , 0 , 0 , 0 , -0.00169941 , -0.0157112 , 0.134934 , 0 , -1.95412e-05 , -0.131512 , 0 , 0 , 0.87399 , -66 , -145 , -62
0 , 0 , 0 , 0 , -0.00151957 , -0.0192261 , 0.137859 , 0 , -1.95412e-05 , -0.11455 , 0 , 0 , 0.808592 , -35 , -127 , 49
0 , 0 , 0 , 0 , -0.00112654 , -0.0224515 , 0.140498 , 0 , -1.95412e-05 , -0.0982529 , 0 , 0 , 0.780864 , -36 , -150 , -86
0 , 0 , 0 , 0 , -0.000814129 , -0.0255797 , 0.14286 , 0 , -1.95412e-05 , -0.0831085 , 0 , 0 , 0.720628 , -83 , -154 , 43
0 , 0 , 0 , 0 , -0.000838699 , -0.0284178 , 0.145066 , 0 , -3.90823e-05 , -0.0694884 , 0 , 0 , 0.658875 , -51 , -132 , -20
0 , 0 , 0 , 0 , -0.00118802 , -0.0307505 , 0.147163 , 0 , -3.90823e-05 , -0.0570406 , 0 , 0 , 0.622326 , -52 , -145 , -83
0 , 0 , 0 , 0 , -0.00155612 , -0.032738 , 0.149061 , 0 , -3.90823e-05 , -0.0462148 , 0 , 0 , 0.48549 , -52 , -136 , 28
0 , 0 , 0 , 0 , -0.00163179 , -0.0343927 , 0.150787 , 0 , -3.90823e-05 , -0.036327 , 0 , 0 , 0.468611 , -35 , -140 , 78
0 , 0 , 0 , 0 , -0.00152652 , -0.0358083 , 0.152322 , 0 , -3.90823e-05 , -0.0274553 , 0 , 0 , 0.434566 , -52 , -132 , -39
0 , 0 , 0 , 0 , -0.00129937 , -0.0371476 , 0.153625 , 0 , -3.90823e-05 , -0.0198343 , 0 , 0 , 0.32677 , -51 , -132 , 30
0 , 0 , 0 , 0 , -0.001142 , -0.0383978 , 0.154705 , 0 , -3.90823e-05 , -0.0136593 , 0 , 0 , 0.334036 , -36 , -127 , -48
0 , 0 , 0 , 0 , -0.00124059 , -0.0393331 , 0.155613 , 0 , -3.90823e-05 , -0.00865673 , 0 , 0 , 0.199534 , -66 , -132 , 18
0 , 0 , 0 , 0 , -0.00138718 , -0.0400291 , 0.156295 , 0 , -3.90823e-05 , -0.00478758 , 0 , 0 , 0.159604 , -51 , -123 , 19
0 , 0 , 0 , 0 , -0.00148476 , -0.0407914 , 0.156843 , 0 , -3.90823e-05 , -0.00212999 , 0 , 0 , 0.116408 , -67 , -127 , 19
0 , 0 , 0 , 0 , -0.00143315 , -0.0413126 , 0.157185 , 0 , -3.90823e-05 , -0.000586235 , 0 , 0 , 0.0312689 , -68 , -132 , 13
0 , 0 , 0 , 0 , -0.00121575 , -0.0415063 , 0.157333 , 0 , -3.90823e-05 , -0.000117247 , 0 , 0 , 0 , -51 , -101 , 16
0 , 0 , 0 , 0 , -0.000984589 , -0.0414127 , 0.157333 , -1.95412e-05 , -3.90823e-05 , -5.86235e-05 , 0.0195412 , 0 , 0 , -52 , -114 , 50
0 , 0 , 0 , 0 , -0.00104851 , -0.0409767 , 0.157253 , 0 , -3.90823e-05 , -5.86235e-05 , 0 , 0 , 0 , -51 , -114 , 76
0 , 0 , 0 , 0 , -0.00146162 , -0.040439 , 0.157253 , 0 , -3.90823e-05 , -5.86235e-05 , 0 , 0 , 0 , -52 , -122 , 39
0 , 0 , 0 , 0 , -0.00203093 , -0.039913 , 0.157253 , 0 , -3.90823e-05 , -3.90823e-05 , 0 , 0 , 0 , -50 , -145 , 84
0 , 0 , 0 , 0 , -0.00246932 , -0.0395072 , 0.157253 , 0 , -3.90823e-05 , -3.90823e-05 , 0 , 0 , 0 , -50 , -114 , 13
0 , 0 , 0 , 0 , -0.00269005 , -0.0392991 , 0.157253 , 0 , -3.90823e-05 , -3.90823e-05 , 0 , 0 , 0 , -21 , -114 , 50
0 , 0 , 0 , 0 , -0.00280499 , -0.0392344 , 0.157253 , 0 , -3.90823e-05 , -3.90823e-05 , 0 , 0 , 0 , -51 , -122 , 57
0 , 0 , 0 , 0 , -0.00295526 , -0.0392936 , 0.157185 , 0 , -3.90823e-05 , -3.90823e-05 , 0 , 0 , 0 , -67 , -122 , 65
0 , 0 , 0 , 0 , -0.00328264 , -0.0393256 , 0.157185 , 0 , -3.90823e-05 , -3.90823e-05 , 0 , 0 , 0 , -51 , -101 , 76
0 , 0 , 0 , 0 , -0.0036418 , -0.0391982 , 0.157185 , 0 , -3.90823e-05 , -1.95412e-05 , 0 , 0 , 0 , -35 , -118 , 47
0 , 0 , 0 , 0 , -0.00390207 , -0.0389778 , 0.157185 , 0 , -3.90823e-05 , -1.95412e-05 , 0 , 0 , 0 , -66 , -110 , 39
0 , 0 , 0 , 0 , -0.00405623 , -0.0387041 , 0.157185 , -1.95412e-05 , -3.90823e-05 , -1.95412e-05 , 0.0195412 , 0 , 0 , -83 , -83 , 47
0 , 0 , 0 , 0 , -0.0041803 , -0.0383872 , 0.157185 , 0 , -3.90823e-05 , -1.95412e-05 , 0 , 0 , 0 , -51 , -114 , 32
0 , 0 , 0 , 0 , -0.00438088 , -0.038095 , 0.157185 , 0 , -3.90823e-05 , -1.95412e-05 , 0 , 0 , 0 , -83 , -114 , 65
0 , 0 , 0 , 0 , -0.00467203 , -0.0378995 , 0.157185 , 0 , -3.90823e-05 , -1.95412e-05 , 0 , 0 , 0 , -83 , -114 , 76
0 , 0 , 0 , 0 , -0.00493894 , -0.0378172 , 0.157185 , 0 , -3.90823e-05 , -1.95412e-05 , 0 , 0 , 0 , -35 , -118 , 39
0 , 0 , 0 , 0 , -0.00509689 , -0.0377995 , 0.157185 , 0 , -3.90823e-05 , 0 , 0 , 0 , 0 , -52 , -101 , 32
0 , 0 , 0 , 0 , -0.00521371 , -0.037789 , 0.157185 , 0 , -3.90823e-05 , -1.95412e-05 , 0 , 0 , 0 , -51 , -96 , 39
0 , 0 , 0 , 0 , -0.00535801 , -0.0377815 , 0.157185 , 0 , -3.90823e-05 , 0 , 0 , 0 , 0 , -35 , -118 , 47
0 , 0 , 0 , 0 , -0.00558277 , -0.0377052 , 0.157185 , 0 , -3.90823e-05 , 0 , 0 , 0 , 0 , -52 , -83 , 13
0 , 0 , 0 , 0 , -0.00581118 , -0.0375606 , 0.157185 , 0 , -3.90823e-05 , 1.95412e-05 , 0 , 0 , 0 , -51 , -110 , 32
0 , 0 , 0 , 0 , -0.00592462 , -0.0373745 , 0.157185 , 0 , -3.90823e-05 , 0 , 0 , 0 , 0 , -82 , -110 , -22
0 , 0 , 0 , 0 , -0.00597367 , -0.0371404 , 0.157185 , 0 , -3.90823e-05 , 0 , 0 , 0 , 0 , -51 , -114 , 39
0 , 0 , 0 , 0 , -0.00607416 , -0.0369661 , 0.157185 , 0 , -3.90823e-05 , 0 , 0 , 0 , 0 , -52 , -92 , 84
0 , 0 , 0 , 0 , -0.00626259 , -0.0368803 , 0.157185 , 0 , -3.90823e-05 , 0 , 0 , 0 , 0 , -35 , -101 , 39
0 , 0 , 0 , 0 , -0.00648794 , -0.0368513 , 0.157185 , 0 , -3.90823e-05 , 0 , 0 , 0 , 0 , -51 , -87 , 84
0 , 0 , 0 , 0 , -0.00667653 , -0.0368611 , 0.157185 , 0 , -3.90823e-05 , 0 , 0 , 0 , 0 , -51 , -91 , 39
0 , 0 , 0 , 0 , -0.00679288 , -0.036842 , 0.157185 , 0 , -3.90823e-05 , 0 , 0 , 0 , 0 , -51 , -91 , 39
0 , 0 , 0 , 0 , -0.00686014 , -0.036741 , 0.157185 , 0 , -3.90823e-05 , 0 , 0 , 0 , 0 , -52 , -96 , 23
0 , 0 , 0 , 0 , -0.00693426 , -0.0366062 , 0.157185 , 0 , -3.90823e-05 , 0 , 0 , 0 , 0 , -66 , -78 , 39
0 , 0 , 0 , 0 , -0.00704415 , -0.0364776 , 0.157185 , 0 , -3.90823e-05 , 0 , 0 , 0 , 0 , -35 , -70 , 39
0 , 0 , 0 , 0 , -0.00720247 , -0.0363724 , 0.157185 , 0 , -3.90823e-05 , 0 , 0 , 0 , 0 , -51 , -91 , 47
0 , 0 , 0 , 0 , -0.007354 , -0.0362852 , 0.157185 , 0 , -3.90823e-05 , 1.95412e-05 , 0 , 0 , 0 , -50 , -122 , -14
0 , 0 , 0 , 0 , -0.0074764 , -0.0362091 , 0.157185 , 0 , -3.90823e-05 , 0 , 0 , 0 , 0 , -82 , -96 , 32
0 , 0 , 0 , 0 , -0.00756566 , -0.0361691 , 0.157185 , 0 , -3.90823e-05 , 0 , 0 , 0 , 0 , -51 , -83 , 29
0 , 0 , 0 , 0 , -0.0076245 , -0.0361209 , 0.157185 , 0 , -3.90823e-05 , 0 , 0 , 0 , 0 , -36 , -61 , 39
0 , 0 , 0 , 0 , -0.00768216 , -0.0360604 , 0.157185 , 0 , -3.90823e-05 , 1.95412e-05 , 0 , 0 , 0 , -51 , -74 , 47
0 , 0 , 0 , 0 , -0.00776099 , -0.0360118 , 0.157185 , 0 , -3.90823e-05 , 1.95412e-05 , 0 , 0 , 0 , -20 , -83 , 76
0 , 0 , 0 , 0 , -0.00785476 , -0.0359227 , 0.157185 , 0 , -3.90823e-05 , 1.95412e-05 , 0 , 0 , 0 , -52 , -65 , 76
0 , 0 , 0 , 0 , -0.00791431 , -0.0358237 , 0.157185 , 0 , -3.90823e-05 , 1.95412e-05 , 0 , 0 , 0 , -51 , -70 , 65
0 , 0 , 0 , 0 , -0.00793511 , -0.0357451 , 0.157185 , 0 , -3.90823e-05 , 0 , 0 , 0 , 0 , -35 , -74 , 39
0 , 0 , 0 , 0 , -0.00796633 , -0.0356715 , 0.157185 , 0 , -3.90823e-05 , 1.95412e-05 , 0 , 0 , 0 , -51 , -65 , 13
0 , 0 , 0 , 0 , -0.00804939 , -0.0356225 , 0.157185 , 0 , -3.90823e-05 , 0 , 0 , 0 , 0 , -52 , -83 , 92
0 , 0 , 0 , 0 , -0.00814103 , -0.0355636 , 0.157185 , 0 , -3.90823e-05 , 1.95412e-05 , 0 , 0 , 0 , -51 , -65 , 84
0 , 0 , 0 , 0 , -0.00817754 , -0.0355009 , 0.157185 , 0 , -3.90823e-05 , 0 , 0 , 0 , 0 , -35 , -65 , 13
0 , 0 , 0 , 0 , -0.00818544 , -0.0354548 , 0.157185 , 0 , -3.90823e-05 , 1.95412e-05 , 0 , 0 , 0 , -66 , -70 , 39
0 , 0 , 0 , 0 , -0.00823347 , -0.0353965 , 0.157185 , 0 , -3.90823e-05 , 1.95412e-05 , 0 , 0 , 0 , -67 , -57 , 39
0 , 0 , 0 , 0 , -0.00832528 , -0.0353507 , 0.157185 , 0 , -1.95412e-05 , 0 , 0 , 0 , 0 , -98 , -78 , 47
0 , 0 , 0 , 0 , -0.0084377 , -0.0353385 , 0.157185 , 0 , -1.95412e-05 , 0 , 0 , 0 , 0 , -51 , -74 , 13
0 , 0 , 0 , 0 , -0.00851697 , -0.0353193 , 0.157185 , 0 , -1.95412e-05 , 0 , 0 , 0 , 0 , -51 , -100 , 65
0 , 0 , 0 , 0 , -0.00855916 , -0.0352777 , 0.157185 , 0 , -1.95412e-05 , 0 , 0 , 0 , 0 , -20 , -52 , 47
0 , 0 , 0 , 0 , -0.00860569 , -0.0352201 , 0.157185 , 0 , -1.95412e-05 , 0 , 0 , 0 , 0 , -66 , -70 , 47
0 , 0 , 0 , 0 , -0.00864858 , -0.0351525 , 0.157185 , 0 , -1.95412e-05 , 0 , 0 , 0 , 0 , -36 , -52 , 39
0 , 0 , 0 , 0 , -0.00869702 , -0.0351048 , 0.157185 , 0 , -1.95412e-05 , 0 , 0 , 0 , 0 , -67 , -61 , 99
0 , 0 , 0 , 0 , -0.00872333 , -0.0350712 , 0.157185 , 0 , -1.95412e-05 , 0 , 0 , 0 , 0 , -51 , -91 , 39
0 , 0 , 0 , 0 , -0.00873722 , -0.0350593 , 0.157185 , 0 , -1.95412e-05 , 0 , 0 , 0 , 0 , -37 , -70 , -22
0 , 0 , 0 , 0 , -0.00876189 , -0.0350585 , 0.157185 , 0 , -1.95412e-05 , 0 , 0 , 0 , 0 , -35 , -74 , 129
0 , 0 , 0 , 0 , -0.00881825 , -0.0350866 , 0.157185 , 0 , -1.95412e-05 , 0 , 0 , 0 , 0 , -83 , -57 , 39
0 , 0 , 0 , 0 , -0.00888927 , -0.0350952 , 0.157185 , 0 , -1.95412e-05 , 0 , 0 , 0 , 0 , -67 , -61 , 47
0 , 0 , 0 , 0 , -0.00893935 , -0.0350247 , 0.157185 , 0 , -1.95412e-05 , 0 , 0 , 0 , 0 , -35 , -57 , -22
0 , 0 , 0 , 0 , -0.0089818 , -0.0349577 , 0.157185 , 0 , -1.95412e-05 , 0 , 0 , 0 , 0 , -35 , -78 , 39
0 , 0 , 0 , 0 , -0.00901847 , -0.0349244 , 0.157185 , 0 , -1.95412e-05 , 0 , 0 , 0 , 0 , -51 , -65 , 55
0 , 0 , 0 , 0 , -0.00901679 , -0.0348987 , 0.157185 , 0 , -1.95412e-05 , 0 , 0 , 0 , 0 , -52 , -57 , 13
0 , 0 , 0 , 0 , -0.00900802 , -0.0348954 , 0.157185 , 0 , -1.95412e-05 , 0 , 0 , 0 , 0 , -83 , -70 , 74
0 , 0 , 0 , 0 , -0.00904981 , -0.0349163 , 0.157185 , 0 , 0 , 0 , 0 , 0 , 0 , -52 , -65 , 47
0 , 0 , 0 , 0 , -0.00912936 , -0.034904 , 0.157185 , 0 , 0 , 0 , 0 , 0 , 0 , -36 , -56 , 39
0 , 0 , 0 , 0 , -0.00920437 , -0.0348473 , 0.157185 , 0 , 0 , 0 , 0 , 0 , 0 , -35 , -52 , 47
0 , 0 , 0 , 0 , -0.00923043 , -0.0347851 , 0.157185 , 0 , 0 , 0 , 0 , 0 , 0 , -66 , -52 , -22
0 , 0 , 0 , 0 , -0.00921677 , -0.0347223 , 0.157185 , 0 , 0 , 0 , 0 , 0 , 0 , -51 , -74 , 39
0 , 0 , 0 , 0 , -0.00922052 , -0.0346987 , 0.157185 , 0 , 0 , 0 , 0 , 0 , 0 , -82 , -83 , 32
0 , 0 , 0 , 0 , -0.00927743 , -0.034725 , 0.157185 , 0 , 1.95412e-05 , 0 , 0 , 0 , 0 , -51 , -78 , 50
0 , 0 , 0 , 0 , -0.00935036 , -0.0347412 , 0.157185 , 0 , 1.95412e-05 , 0 , 0 , 0 , 0 , -67 , -78 , -22
0 , 0 , 0 , 0 , -0.00937872 , -0.0347069 , 0.157185 , 0 , 1.95412e-05 , 0 , 0 , 0 , 0 , -35 , -60 , 39
0 , 0 , 0 , 0 , -0.00935198 , -0.0346557 , 0.157185 , 0 , 0 , 0 , 0 , 0 , 0 , -51 , -65 , 39
0 , 0 , 0 , 0 , -0.00935707 , -0.0346431 , 0.157185 , 0 , 1.95412e-05 , 0 , 0 , 0 , 0 , -66 , -47 , 47
0 , 0 , 0 , 0 , -0.00944041 , -0.0346368 , 0.157185 , 0 , 1.95412e-05 , 0 , 0 , 0 , 0 , -51 , -56 , 84
0 , 0 , 0 , 0 , -0.00952954 , -0.0346089 , 0.157185 , 0 , 1.95412e-05 , 0 , 0 , 0 , 0 , -67 , -100 , 29
0 , 0 , 0 , 0 , -0.00948688 , -0.0346105 , 0.157185 , 0 , 1.95412e-05 , 0 , 0 , 0 , 0 , -66 , -56 , 32
0 , 0 , 0 , 0 , -0.00934324 , -0.0346328 , 0.157185 , 1.95412e-05 , 1.95412e-05 , 0 , 0 , 0 , 0 , -35 , -83 , 39
0 , 0 , 0 , 0 , -0.00930226 , -0.0346187 , 0.157185 , 0 , 1.95412e-05 , 0 , 0 , 0 , 0 , -35 , -69 , 39
0 , 0 , 0 , 0 , -0.00946004 , -0.0345732 , 0.157185 , 0 , 1.95412e-05 , 0 , 0 , 0 , 0 , -51 , -78 , -22
0 , 0 , 0 , 0 , -0.00968552 , -0.0344964 , 0.157185 , 0 , 1.95412e-05 , 0 , 0 , 0 , 0 , -51 , -65 , 102
0 , 0 , 0 , 0 , -0.00972166 , -0.034436 , 0.157185 , 0 , 1.95412e-05 , 0 , 0 , 0 , 0 , -67 , -69 , 39
0 , 0 , 0 , 0 , -0.00955418 , -0.0344721 , 0.157185 , 0 , 1.95412e-05 , 0 , 0 , 0 , 0 , -51 , -110 , 5
0 , 0 , 0 , 0 , -0.00939214 , -0.0345623 , 0.157185 , 0 , 1.95412e-05 , 1.95412e-05 , 0 , 0 , 0 , -66 , -60 , 47
0 , 0 , 0 , 0 , -0.00940521 , -0.0345867 , 0.157185 , 0 , 0 , 0 , 0 , 0 , 0 , -51 , -114 , 84
0 , 0 , 0 , 0 , -0.00956225 , -0.0345335 , 0.157185 , 0 , 1.95412e-05 , 0 , 0 , 0 , 0 , -52 , -83 , 32
0 , 0 , 0 , 0 , -0.00968698 , -0.0344636 , 0.157185 , 0 , 0 , 0 , 0 , 0 , 0 , -35 , -56 , 39
0 , 0 , 0 , 0 , -0.00967103 , -0.0343893 , 0.157185 , 0 , 1.95412e-05 , 0 , 0 , 0 , 0 , -67 , -83 , 13
0 , 0 , 0 , 0 , -0.00956777 , -0.0343624 , 0.157185 , 0 , 1.95412e-05 , 0 , 0 , 0 , 0 , -83 , -52 , 39
0 , 0 , 0 , 0 , -0.00950369 , -0.0344336 , 0.157185 , 0 , 1.95412e-05 , 0 , 0 , 0 , 0 , -51 , -83 , 57
0 , 0 , 0 , 0 , -0.00956383 , -0.0344997 , 0.157185 , 0 , 1.95412e-05 , 0 , 0 , 0 , 0 , -97 , -96 , -14
0 , 0 , 0 , 0 , -0.0096979 , -0.0344756 , 0.157185 , 0 , 0 , 0 , 0 , 0 , 0 , -66 , -78 , 13
0 , 0 , 0 , 0 , -0.00979201 , -0.0343855 , 0.157185 , 0 , 0 , 0 , 0 , 0 , 0 , -67 , -56 , 39
0 , 0 , 0 , 0 , -0.00979794 , -0.0342663 , 0.157185 , 0 , 0 , 0 , 0 , 0 , 0 , -51 , -74 , 13
0 , 0 , 0 , 0 , -0.00973397 , -0.0342153 , 0.157185 , 0 , 0 , 0 , 0 , 0 , 0 , -36 , -56 , 39
0 , 0 , 0 , 0 , -0.00967335 , -0.0343056 , 0.157185 , 0 , 1.95412e-05 , 0 , 0 , 0 , 0 , -66 , -65 , 39
0 , 0 , 0 , 0 , -0.00966201 , -0.0344596 , 0.157185 , 0 , 0 , 0 , 0 , 0 , 0 , -50 , -69 , 65
0 , 0 , 0 , 0 , -0.0096861 , -0.0345239 , 0.157185 , 0 , 0 , 0 , 0 , 0 , 0 , -51 , -65 , 39
0 , 0 , 0 , 0 , -0.00973197 , -0.03445 , 0.157185 , 0 , 0 , 0 , 0 , 0 , 0 , -52 , -114 , 20
0 , 0 , 0 , 0 , -0.00978387 , -0.0342947 , 0.157185 , 0 , 0 , 0 , 0 , 0 , 0 , -36 , -91 , 92
0 , 0 , 0 , 0 , -0.00983538 , -0.0341674 , 0.157185 , 0 , 0 , 0 , 0 , 0 , 0 , -66 , -52 , 47
0 , 0 , 0 , 0 , -0.00988721 , -0.0341541 , 0.157185 , 0 , 0 , 0 , 0 , 0 , 0 , -51 , -83 , 13
0 , 0 , 0 , 0 , -0.00988019 , -0.034239 , 0.157185 , 0 , 0 , 0 , 0 , 0 , 0 , -51 , -83 , 39
0 , 0 , 0 , 0 , -0.00979671 , -0.0343386 , 0.157185 , 0 , 0 , 0 , 0 , 0 , 0 , -51 , -69 , 47
0 , 0 , 0 , 0 , -0.00968663 , -0.034387 , 0.157185 , 0 , 0 , 0 , 0 , 0 , 0 , -52 , -65 , 76
0 , 0 , 0 , 0 , -0.00967198 , -0.0343579 , 0.157185 , 0 , 0 , 0 , 0 , 0 , 0 , -51 , -83 , 5
0 , 0 , 0 , 0 , -0.0098198 , -0.0342766 , 0.157185 , 0 , 0 , 0 , 0 , 0 , 0 , -81 , -96 , 68
0 , 0 , 0 , 0 , -0.00997586 , -0.0342174 , 0.157185 , 0 , 1.95412e-05 , 0 , 0 , 0 , 0 , -36 , -83 , 84
0 , 0 , 0 , 0 , -0.00998421 , -0.034221 , 0.157185 , 0 , 0 , 0 , 0 , 0 , 0 , -36 , -78 , 39
0 , 0 , 0 , 0 , -0.00985528 , -0.0342884 , 0.157185 , 0 , 0 , 1.95412e-05 , 0 , 0 , 0 , -67 , -74 , 13
0 , 0 , 0 , 0 , -0.00972549 , -0.0343553 , 0.157185 , 0 , 0 , 0 , 0 , 0 , 0 , -51 , -96 , 47
0 , 0 , 0 , 0 , -0.00972067 , -0.0343438 , 0.157185 , 0 , 0 , 0 , 0 , 0 , 0 , -83 , -69 , 13
0 , 0 , 0 , 0 , -0.00981424 , -0.0342462 , 0.157185 , 0 , 0 , 0 , 0 , 0 , 0 , -35 , -78 , -5
0 , 0 , 0 , 0 , -0.0098876 , -0.0341301 , 0.157185 , 0 , 0 , 0 , 0 , 0 , 0 , -67 , -83 , 39
0 , 0 , 0 , 0 , -0.00989497 , -0.0340856 , 0.157185 , 0 , 0 , 0 , 0 , 0 , 0 , -35 , -110 , 20
0 , 0 , 0 , 0 , -0.00985965 , -0.034144 , 0.157185 , 0 , 0 , 0 , 0 , 0 , 0 , -52 , -83 , 39
0 , 0 , 0 , 0 , -0.00982631 , -0.0342298 , 0.157185 , 0 , 0 , 0 , 0 , 0 , 0 , -82 , -56 , 39
0 , 0 , 0 , 0 , -0.00983444 , -0.0342617 , 0.157185 , 0 , 1.95412e-05 , 0 , 0 , 0 , 0 , -66 , -60 , -3
0 , 0 , 0 , 0 , -0.00987545 , -0.0342365 , 0.157185 , 0 , 0 , 0 , 0 , 0 , 0 , -80 , -74 , 47
0 , 0 , 0 , 0 , -0.00990096 , -0.0341731 , 0.157185 , 0 , 0 , 0 , 0 , 0 , 0 , -36 , -69 , 55
0 , 0 , 0 , 0 , -0.00989152 , -0.0340997 , 0.157185 , 0 , 0 , 0 , 0 , 0 , 0 , -97 , -78 , 29
0 , 0 , 0 , 0 , -0.00989232 , -0.0340801 , 0.157185 , 0 , 0 , 0 , 0 , 0 , 0 , -36 , -83 , 32
0 , 0 , 0 , 0 , -0.0099282 , -0.0341473 , 0.157185 , 0 , 0 , 0 , 0 , 0 , 0 , -67 , -78 , 32
0 , 0 , 0 , 0 , -0.00996396 , -0.0342419 , 0.157185 , -1.95412e-05 , 0 , 0 , 0.0195412 , 0 , 0 , -66 , -83 , 57
0 , 0 , 0 , 0 , -0.00992331 , -0.0342755 , 0.157185 , 0 , 0 , 0 , 0 , 0 , 0 , -67 , -74 , 92
0 , 0 , 0 , 0 , -0.00985651 , -0.0342233 , 0.157185 , 0 , 0 , 0 , 0 , 0 , 0 , -66 , -96 , 81
0 , 0 , 0 , 0 , -0.00981316 , -0.0341228 , 0.157185 , 0 , 0 , 0 , 0 , 0 , 0 , -83 , -74 , 29
0 , 0 , 0 , 0 , -0.00982176 , -0.0340577 , 0.157185 , 0 , 1.95412e-05 , 1.95412e-05 , 0 , 0 , 0 , -35 , -56 , -59
0 , 0 , 0 , 0 , -0.00991551 , -0.0340667 , 0.157185 , 0 , 0 , 0 , 0 , 0 , 0 , -34 , -78 , 47
0 , 0 , 0 , 0 , -0.00999446 , -0.0340737 , 0.157185 , 0 , 0 , 1.95412e-05 , 0 , 0 , 0 , -52 , -69 , 39
0 , 0 , 0 , 0 , -0.00992661 , -0.0340738 , 0.157185 , 0 , 0 , 0 , 0 , 0 , 0 , -51 , -56 , -32
0 , 0 , 0 , 0 , -0.00980615 , -0.0340979 , 0.157185 , 0 , 0 , 0 , 0 , 0 , 0 , -35 , -96 , 47
0 , 0 , 0 , 0 , -0.00986641 , -0.0340849 , 0.157185 , 0 , 0 , 0 , 0 , 0 , 0 , -36 , -69 , 13
0 , 0 , 0 , 0 , -0.00988989 , -0.0340988 , 0.157185 , 0 , 1.95412e-05 , 0 , 0 , 0 , 0 , -83 , -78 , 29
0 , 0 , 0 , 0 , -0.0097366 , -0.0341801 , 0.157185 , 0 , 0 , 0 , 0 , 0 , 0 , -52 , -96 , 39
0 , 0 , 0 , 0 , -0.00963196 , -0.0342258 , 0.157185 , 0 , 0 , 0 , 0 , 0 , 0 , -80 , -78 , 57
0 , 0 , 0 , 0 , -0.00976622 , -0.0342486 , 0.157185 , 0 , 0 , 0 , 0 , 0 , 0 , -51 , -83 , 57
0 , 0 , 0 , 0 , -0.0100627 , -0.0342409 , 0.157185 , 0 , 0 , 0 , 0 , 0 , 0 , -67 , -91 , -22
0 , 0 , 0 , 0 , -0.0101413 , -0.0341716 , 0.157185 , 0 , 0 , 0 , 0 , 0 , 0 , -52 , -88 , 39
0 , 0 , 0 , 0 , -0.00995038 , -0.0341338 , 0.157185 , 0 , 0 , 0 , 0 , 0 , 0 , -51 , -83 , 84
0 , 0 , 0 , 0 , -0.00967869 , -0.0341687 , 0.157185 , 0 , 0 , 0 , 0 , 0 , 0 , -51 , -78 , 65
0 , 0 , 0 , 0 , -0.00955217 , -0.0342502 , 0.157185 , 0 , 1.95412e-05 , 0 , 0 , 0 , 0 , -82 , -91 , 20
0 , 0 , 0 , 0 , -0.00965545 , -0.034347 , 0.157185 , 0 , 0 , 0 , 0 , 0 , 0 , -66 , -96 , 65
0 , 0 , 0 , 0 , -0.00984174 , -0.0344252 , 0.157185 , 0 , 0 , 0 , 0 , 0 , 0 , -67 , -52 , 57
0 , 0 , 0 , 0 , -0.010006 , -0.0344063 , 0.157185 , 0 , 0 , 0 , 0 , 0 , 0 , -50 , -69 , 32
0 , 0 , 0 , 0 , -0.00996491 , -0.0343122 , 0.157185 , 0 , 0 , 1.95412e-05 , 0 , 0 , 0 , -51 , -65 , 92
0 , 0 , 0 , 0 , -0.00977769 , -0.0342892 , 0.157185 , 0 , 0 , 0 , 0 , 0 , 0 , -66 , -65 , 39
0 , 0 , 0 , 0 , -0.00972486 , -0.0343428 , 0.157185 , 0 , 0 , 0 , 0 , 0 , 0 , -66 , -78 , 32
0 , 0 , 0 , 0 , -0.00993643 , -0.0344145 , 0.157185 , 0 , 0 , 0 , 0 , 0 , 0 , -51 , -65 , 55
-0.000579, , 1.000000, -1.890092, 0.889308
-0.000580, , 1.000000, -1.896137, 0.895347
0.002233, , 1.000000, -1.928114, 0.930735
0.002224, , 1.000000, -1.928107, 0.930719
