0 , 0 , 0 , 0 , -0.00737042 , -0.0394117 , 0.163746 , 0 , 0 , 0 , 0 , 0 , 0 , -51 , -74 , 2
0 , 0 , 0 , 0 , -0.00726524 , -0.0394422 , 0.163746 , 0 , 0 , 0 , 0 , 0 , 0 , -51 , -25 , 2
0 , 0 , 0 , 0 , -0.00723154 , -0.0394679 , 0.163746 , 0 , 0 , 0 , 0 , 0 , 0 , -51 , -47 , 10
0 , 0 , 0 , 0 , -0.00730072 , -0.0394837 , 0.163746 , 0 , 0 , 0 , 0 , 0 , 0 , -51 , -47 , -14
0 , 0 , 0 , 0 , -0.00743549 , -0.0394464 , 0.163746 , 0 , 0 , 0 , 0 , 0 , 0 , -36 , -43 , -69
0 , 0 , 0 , 0 , -0.00755004 , -0.0393837 , 0.163746 , 0 , 0 , 0 , 0 , 0 , 0 , -35 , -38 , -16
0 , 0 , 0 , 0 , -0.00755849 , -0.0393706 , 0.163746 , 0 , 0 , 0 , 0 , 0 , 0 , -36 , -38 , -76
0 , 0 , 0 , 0 , -0.00745486 , -0.0394067 , 0.163746 , 0 , 0 , 0 , 0 , 0 , 0 , -49 , -38 , 2
0 , 0 , 0 , 0 , -0.00735195 , -0.0394533 , 0.163746 , 0 , 0 , 0 , 0 , 0 , 0 , -66 , -34 , 18
0 , 0 , 0 , 0 , -0.00734992 , -0.0395059 , 0.163746 , 0 , 0 , 0 , 0 , 0 , 0 , -37 , -56 , -58
0 , 0 , 0 , 0 , -0.00743631 , -0.0395252 , 0.163746 , 0 , 0 , 0 , 0 , 0 , 0 , -51 , -30 , 2
0 , 0 , 0 , 0 , -0.00750514 , -0.0394915 , 0.163746 , 0 , 0 , 0 , 0 , 0 , 0 , -67 , -56 , -34
0 , 0 , 0 , 0 , -0.00746994 , -0.0394511 , 0.163746 , 0 , 0 , 0 , 0 , 0 , 0 , -52 , -69 , -16
0 , 0 , 0 , 0 , -0.00737809 , -0.0394578 , 0.163746 , 0 , 0 , 0 , 0 , 0 , 0 , -81 , -47 , -69
0 , 0 , 0 , 0 , -0.00732877 , -0.0394814 , 0.163746 , 0 , 0 , 0 , 0 , 0 , 0 , -35 , -34 , -5
0 , 0 , 0 , 0 , -0.00738983 , -0.0394844 , 0.163746 , 0 , 0 , 0 , 0 , 0 , 0 , -36 , -11 , 2
0 , 0 , 0 , 0 , -0.00745561 , -0.0394772 , 0.163746 , 0 , 0 , 0 , 0 , 0 , 0 , -36 , -38 , 2
0 , 0 , 0 , 0 , -0.00743179 , -0.0394778 , 0.163746 , 0 , 0 , 0 , 0 , 0 , 0 , -52 , -43 , -58
0 , 0 , 0 , 0 , -0.0073738 , -0.0394938 , 0.163746 , 0 , 0 , 0 , 0 , 0 , 0 , -66 , -38 , -5
0 , 0 , 0 , 0 , -0.00737658 , -0.0395188 , 0.163746 , 0 , 0 , 0 , 0 , 0 , 0 , -51 , -43 , -5
0 , 0 , 0 , 0 , -0.0074688 , -0.0395177 , 0.163746 , 0 , 0 , 0 , 0 , 0 , 0 , -67 , -34 , 2
0 , 0 , 0 , 0 , -0.00754843 , -0.0394621 , 0.163746 , 0 , 0 , 0 , 0 , 0 , 0 , -67 , -34 , 10
0 , 0 , 0 , 0 , -0.00749784 , -0.0394329 , 0.163746 , 0 , 0 , 0 , 0 , 0 , 0 , -35 , -52 , 2
0 , 0 , 0 , 0 , -0.00736007 , -0.0394825 , 0.163746 , 0 , 0 , 0 , 0 , 0 , 0 , -51 , -25 , 2
0 , 0 , 0 , 0 , -0.0072608 , -0.0395437 , 0.163746 , 0 , 0 , -1.95412e-05 , 0 , 0 , 0 , -51 , -43 , -8
0 , 0 , 0 , 0 , -0.0073145 , -0.0395798 , 0.163746 , 0 , 0 , 0 , 0 , 0 , 0 , -51 , -25 , -16
0 , 0 , 0 , 0 , -0.00749746 , -0.0395603 , 0.163746 , 0 , 0 , 0 , 0 , 0 , 0 , -52 , -34 , -5
0 , 0 , 0 , 0 , -0.00759722 , -0.0394817 , 0.163746 , 0 , 0 , 0 , 0 , 0 , 0 , -36 , -56 , -8
0 , 0 , 0 , 0 , -0.00751209 , -0.0394382 , 0.163746 , 0 , 0 , 0 , 0 , 0 , 0 , -36 , -38 , -27
0 , 0 , 0 , 0 , -0.00735266 , -0.0394808 , 0.163746 , 0 , 0 , 0 , 0 , 0 , 0 , -52 , -38 , 2
0 , 0 , 0 , 0 , -0.0073102 , -0.0395543 , 0.163746 , 0 , 0 , 0 , 0 , 0 , 0 , -35 , -34 , 47
0 , 0 , 0 , 0 , -0.0074471 , -0.0395989 , 0.163746 , 0 , 0 , 0 , 0 , 0 , 0 , -67 , -47 , -16
0 , 0 , 0 , 0 , -0.00762823 , -0.0395898 , 0.163746 , 0 , 0 , 0 , 0 , 0 , 0 , -51 , -38 , -16
0 , 0 , 0 , 0 , -0.00763952 , -0.0395409 , 0.163746 , 0 , 0 , 0 , 0 , 0 , 0 , -51 , -25 , -16
0 , 0 , 0 , 0 , -0.00747128 , -0.0395005 , 0.163746 , 0 , 0 , 0 , 0 , 0 , 0 , -35 , -43 , 2
0 , 0 , 0 , 0 , -0.00731203 , -0.0395048 , 0.163746 , 0 , 0 , 0 , 0 , 0 , 0 , -81 , -38 , -16
0 , 0 , 0 , 0 , -0.00732019 , -0.0395332 , 0.163746 , 0 , 0 , 0 , 0 , 0 , 0 , -97 , -83 , 2
0 , 0 , 0 , 0 , -0.00747308 , -0.0395464 , 0.163746 , 0 , 0 , 0 , 0 , 0 , 0 , -66 , -43 , -5
0 , 0 , 0 , 0 , -0.00761382 , -0.039523 , 0.163746 , 0 , 0 , 0 , 0 , 0 , 0 , -82 , -78 , -16
0 , 0 , 0 , 0 , -0.00761933 , -0.0394609 , 0.163746 , 0 , 0 , 0 , 0 , 0 , 0 , -67 , -43 , -8
0 , 0 , 0 , 0 , -0.00750235 , -0.0394089 , 0.163746 , 0 , 0 , 0 , 0 , 0 , 0 , -97 , -47 , 20
0 , 0 , 0 , 0 , -0.00739367 , -0.0394187 , 0.163746 , 0 , 0 , 0 , 0 , 0 , 0 , -51 , -52 , 2
0 , 0 , 0 , 0 , -0.00739013 , -0.039489 , 0.163746 , 0 , 0 , 0 , 0 , 0 , 0 , -51 , -34 , -16
0 , 0 , 0 , 0 , -0.00748732 , -0.0395491 , 0.163746 , 0 , 0 , 0 , 0 , 0 , 0 , -35 , -38 , -16
0 , 0 , 0 , 0 , -0.00756098 , -0.0395396 , 0.163746 , 0 , 0 , 0 , 0 , 0 , 0 , -67 , -38 , 10
0 , 0 , 0 , 0 , -0.00753351 , -0.0394869 , 0.163746 , 0 , 0 , 0 , 0 , 0 , 0 , -52 , -30 , 2
0 , 0 , 0 , 0 , -0.00744697 , -0.0394517 , 0.163746 , 0 , 0 , 0 , 0 , 0 , 0 , -51 , -43 , -34
0 , 0 , 0 , 0 , -0.0073968 , -0.0394546 , 0.163746 , 0 , 0 , 0 , 0 , 0 , 0 , -82 , -39 , 10
0 , 0 , 0 , 0 , -0.00743373 , -0.0394743 , 0.163746 , 0 , 0 , 0 , 0 , 0 , 0 , -97 , -56 , 29
0 , 0 , 0 , 0 , -0.00751941 , -0.0394845 , 0.163746 , 0 , 0 , 0 , 0 , 0 , 0 , -52 , -39 , 20
10 , 40 , 13 , 37 , -0.00753736 , -0.0394793 , 0.163746 , 0 , 0 , 0 , 0.0195412 , 0 , 0 , -36 , -52 , 2
10 , 40 , 12 , 37 , -0.00744057 , -0.0394663 , 0.163746 , 0.000605776 , -0.000547152 , 0.000351741 , 0.0586235 , -0.0489256 , 0.0188649 , -17 , -103 , 104
10 , 40 , 11 , 42 , -0.0074257 , -0.0393957 , 0.163806 , 0.00252081 , -0.00238402 , 0.00193457 , 0.136788 , -0.129239 , 0.127553 , 4 , -132 , 51
10 , 40 , 6 , 43 , -0.00786395 , -0.0394334 , 0.164163 , 0.00570602 , -0.00562785 , 0.00482667 , 0.17587 , -0.183656 , 0.176789 , -68 , -102 , 55
10 , 40 , 15 , 40 , -0.00887627 , -0.0395979 , 0.165171 , 0.00979012 , -0.0102005 , 0.00887169 , 0.312658 , -0.239866 , 0.249887 , -130 , -3 , 4
10 , 40 , 7 , 37 , -0.0101589 , -0.0398063 , 0.166658 , 0.015203 , -0.0157111 , 0.0141283 , 0.351741 , -0.29758 , 0.321399 , -1 , -92 , -34
10 , 40 , 7 , 44 , -0.0112604 , -0.0399263 , 0.168668 , 0.022062 , -0.0221792 , 0.020655 , 0.312658 , -0.383159 , 0.34363 , 141 , -64 , -21
10 , 40 , 11 , 37 , -0.0117862 , -0.0397155 , 0.171093 , 0.0300934 , -0.0299566 , 0.0282565 , 0.449447 , -0.459429 , 0.399069 , 73 , -111 , 31
10 , 40 , 10 , 42 , -0.0117952 , -0.0392213 , 0.173787 , 0.0394145 , -0.0392973 , 0.0368546 , 0.449447 , -0.522955 , 0.474682 , 10 , -65 , 8
10 , 40 , 6 , 42 , -0.0117512 , -0.0388351 , 0.176774 , 0.0495368 , -0.0498495 , 0.0468206 , 0.527611 , -0.56099 , 0.60065 , -75 , -35 , -17
10 , 40 , 10 , 36 , -0.0121552 , -0.0387791 , 0.180217 , 0.0606558 , -0.0613592 , 0.0583108 , 0.664399 , -0.552787 , 0.625317 , 113 , -104 , -86
10 , 40 , 11 , 40 , -0.0130533 , -0.0387847 , 0.184001 , 0.0738069 , -0.0737483 , 0.0712861 , 0.644858 , -0.694179 , 0.641395 , 59 , -118 , 41
10 , 40 , 13 , 45 , -0.0139796 , -0.0387541 , 0.188201 , 0.0878375 , -0.0880134 , 0.0847695 , 0.703482 , -0.753999 , 0.711878 , -39 , -69 , 28
10 , 40 , 9 , 37 , -0.0144355 , -0.0388144 , 0.192869 , 0.102396 , -0.103041 , 0.0999726 , 0.801187 , -0.708438 , 0.758389 , 171 , -163 , -21
10 , 40 , 15 , 38 , -0.0144688 , -0.038836 , 0.197963 , 0.119279 , -0.11926 , 0.115742 , 0.898893 , -0.841682 , 0.832126 , -94 , -76 , 13
10 , 40 , 14 , 43 , -0.0146424 , -0.038859 , 0.203378 , 0.136436 , -0.137198 , 0.133193 , 0.879352 , -0.922475 , 0.87825 , 54 , -51 , 19
10 , 40 , 9 , 40 , -0.0152389 , -0.0387983 , 0.209346 , 0.155235 , -0.15545 , 0.151698 , 0.996599 , -0.977058 , 0.934979 , -27 , -127 , 54
10 , 40 , 14 , 36 , -0.0159661 , -0.0386735 , 0.215413 , 0.175108 , -0.175909 , 0.171278 , 0.996599 , -1.0321 , 1.05438 , 6 , 8 , -27
10 , 40 , 8 , 37 , -0.016991 , -0.0387739 , 0.22207 , 0.197405 , -0.197561 , 0.192168 , 1.19201 , -1.1061 , 1.02042 , -84 , -96 , 99
10 , 40 , 14 , 40 , -0.0179309 , -0.0391672 , 0.229034 , 0.219467 , -0.220483 , 0.21423 , 1.07476 , -1.09525 , 1.17776 , 68 , -117 , -66
10 , 40 , 11 , 37 , -0.0184111 , -0.0395096 , 0.23662 , 0.243678 , -0.243717 , 0.237386 , 1.21155 , -1.27998 , 1.20624 , -179 , -8 , -49
10 , 40 , 11 , 44 , -0.0187174 , -0.0397095 , 0.244518 , 0.267597 , -0.268515 , 0.262145 , 1.27018 , -1.21436 , 1.24465 , 187 , -127 , 16
10 , 40 , 8 , 36 , -0.0187299 , -0.0398236 , 0.252898 , 0.294192 , -0.294817 , 0.287509 , 1.19201 , -1.34766 , 1.31222 , 27 , -82 , -25
10 , 40 , 8 , 42 , -0.0188493 , -0.0399325 , 0.261846 , 0.320123 , -0.321667 , 0.314476 , 1.38742 , -1.43773 , 1.32332 , -150 , -67 , 93
10 , 40 , 12 , 38 , -0.0193345 , -0.040466 , 0.271104 , 0.344198 , -0.349826 , 0.342791 , 1.11385 , -1.40668 , 1.51678 , 178 , -174 , 83
10 , 40 , 8 , 39 , -0.0198543 , -0.0408621 , 0.280806 , 0.369406 , -0.380076 , 0.371751 , 1.19201 , -1.48414 , 1.48132 , -65 , -126 , -19
10 , 40 , 10 , 45 , -0.0204706 , -0.0410011 , 0.290962 , 0.393442 , -0.410657 , 0.402177 , 1.23109 , -1.58334 , 1.55809 , 53 , -40 , 37
10 , 40 , 13 , 37 , -0.0210067 , -0.0412356 , 0.301101 , 0.418044 , -0.442353 , 0.434048 , 1.19201 , -1.66071 , 1.58442 , 125 , -63 , 92
10 , 40 , 14 , 38 , -0.0208963 , -0.0413853 , 0.31163 , 0.444327 , -0.475339 , 0.466955 , 1.34834 , -1.65719 , 1.67615 , -149 , -157 , 30
10 , 40 , 10 , 44 , -0.0206374 , -0.0416488 , 0.322901 , 0.470473 , -0.510044 , 0.501133 , 1.46559 , -1.6502 , 1.8206 , 43 , -210 , 7
10 , 40 , 10 , 38 , -0.0212068 , -0.041977 , 0.334792 , 0.498085 , -0.545843 , 0.538163 , 1.19201 , -1.70292 , 1.86401 , 112 , -158 , -37
10 , 40 , 13 , 36 , -0.0226966 , -0.0420566 , 0.347006 , 0.524231 , -0.582639 , 0.57453 , 1.28972 , -1.84205 , 1.94924 , -123 , -91 , -35
10 , 40 , 14 , 41 , -0.024734 , -0.0420071 , 0.35961 , 0.549067 , -0.620705 , 0.612244 , 1.4265 , -1.82201 , 1.93796 , 62 , -157 , -20
10 , 40 , 8 , 37 , -0.0267432 , -0.042271 , 0.372109 , 0.576581 , -0.659866 , 0.65119 , 1.28972 , -1.97054 , 2.00937 , 132 , -151 , 13
10 , 40 , 12 , 38 , -0.027907 , -0.0428132 , 0.384662 , 0.604037 , -0.700336 , 0.691308 , 1.36788 , -1.97885 , 2.08996 , -202 , -144 , -3
10 , 40 , 13 , 39 , -0.0281353 , -0.0431557 , 0.397253 , 0.63028 , -0.744049 , 0.732676 , 1.36788 , -2.0373 , 2.08068 , 63 , -120 , -40
10 , 40 , 10 , 38 , -0.0279805 , -0.0434941 , 0.410215 , 0.656387 , -0.786805 , 0.775159 , 1.23109 , -2.0715 , 2.23115 , -11 , -238 , -83
10 , 40 , 8 , 42 , -0.027372 , -0.0436357 , 0.423139 , 0.680521 , -0.828545 , 0.819068 , 1.25063 , -2.09556 , 2.30347 , -88 , -265 , -91
10 , 40 , 11 , 40 , -0.0261946 , -0.0433228 , 0.435449 , 0.705025 , -0.875678 , 0.864129 , 1.11385 , -2.19872 , 2.21325 , 166 , -221 , 43
10 , 40 , 10 , 39 , -0.0242013 , -0.041976 , 0.447144 , 0.728572 , -0.921991 , 0.91011 , 1.07476 , -2.38064 , 2.32979 , -123 , -103 , 81
10 , 40 , 14 , 42 , -0.0215694 , -0.0385707 , 0.458165 , 0.749149 , -0.96973 , 0.957282 , 1.05522 , -2.47617 , 2.34024 , 93 , -93 , 36
10 , 40 , 12 , 39 , -0.0191365 , -0.0334557 , 0.468488 , 0.771368 , -1.01884 , 1.00578 , 1.01614 , -2.5698 , 2.45543 , -79 , -63 , 16
10 , 40 , 13 , 42 , -0.0175107 , -0.027388 , 0.479105 , 0.792453 , -1.06904 , 1.05469 , 1.17247 , -2.42245 , 2.49993 , -1 , -221 , -105
10 , 40 , 12 , 41 , -0.0167838 , -0.0209321 , 0.489246 , 0.813147 , -1.11988 , 1.10359 , 0.977058 , -2.55997 , 2.46705 , -52 , -152 , -35
10 , 40 , 6 , 39 , -0.0166887 , -0.0140038 , 0.499831 , 0.831887 , -1.17241 , 1.15222 , 0.977058 , -2.82353 , 2.38427 , 2 , -103 , -6
10 , 40 , 11 , 43 , -0.0166335 , -0.00567382 , 0.511175 , 0.850216 , -1.2264 , 1.20059 , 0.801187 , -2.65563 , 2.42621 , -54 , -166 , -4
10 , 40 , 11 , 40 , -0.0164109 , 0.0026998 , 0.52365 , 0.86624 , -1.28081 , 1.24987 , 0.820728 , -2.7062 , 2.49993 , 161 , -268 , -44
10 , 40 , 15 , 42 , -0.0161361 , 0.00909762 , 0.5364 , 0.88244 , -1.33708 , 1.30148 , 0.723023 , -2.88253 , 2.49461 , -21 , -180 , -63
10 , 40 , 8 , 37 , -0.0155719 , 0.0145494 , 0.549952 , 0.897349 , -1.39434 , 1.34685 , 0.781646 , -2.79158 , 2.34376 , 54 , -187 , 40
10 , 40 , 15 , 36 , -0.0143713 , 0.0194881 , 0.563549 , 0.9131 , -1.45117 , 1.39549 , 0.781646 , -2.89856 , 2.21012 , 119 , -100 , 45
10 , 40 , 10 , 42 , -0.0125736 , 0.0238562 , 0.57763 , 0.928908 , -1.50754 , 1.44067 , 0.703482 , -2.70153 , 2.24718 , -20 , -221 , -36
10 , 40 , 10 , 36 , -0.0108296 , 0.0283042 , 0.591721 , 0.943916 , -1.56312 , 1.48472 , 0.68394 , -2.85793 , 2.1793 , 163 , -153 , -16
10 , 40 , 14 , 42 , -0.00864293 , 0.0325176 , 0.605 , 0.958767 , -1.61924 , 1.52761 , 0.664399 , -2.78166 , 2.12789 , -37 , -222 , -43
10 , 40 , 14 , 41 , -0.0058858 , 0.0372992 , 0.618291 , 0.971625 , -1.67532 , 1.56941 , 0.586235 , -2.78 , 2.09837 , -97 , -258 , -64
10 , 40 , 8 , 38 , -0.00299572 , 0.0426376 , 0.631364 , 0.983194 , -1.73162 , 1.60984 , 0.527611 , -2.82692 , 2.05335 , 220 , -200 , -87
10 , 40 , 15 , 36 , -0.000179642 , 0.0485538 , 0.643733 , 0.994254 , -1.78774 , 1.6491 , 0.468988 , -2.66319 , 2.00079 , 114 , -228 , -27
10 , 40 , 6 , 43 , 0.00215141 , 0.0551999 , 0.65605 , 1.00551 , -1.84439 , 1.68716 , 0.605776 , -2.7062 , 1.91188 , -115 , -229 , -10
10 , 40 , 11 , 43 , 0.00430367 , 0.061838 , 0.668177 , 1.01585 , -1.89784 , 1.72505 , 0.488529 , -2.75227 , 1.88273 , 9 , -81 , 31
10 , 40 , 9 , 38 , 0.00674115 , 0.0686404 , 0.680331 , 1.0248 , -1.94747 , 1.76304 , 0.449447 , -2.50528 , 1.90335 , 163 , -319 , 1
10 , 40 , 10 , 42 , 0.00920378 , 0.0751164 , 0.692961 , 1.03339 , -1.99838 , 1.79986 , 0.390823 , -2.46835 , 1.84714 , 65 , -272 , 19
10 , 40 , 11 , 38 , 0.0117163 , 0.0802029 , 0.705027 , 1.04088 , -2.05049 , 1.8356 , 0.371282 , -2.52959 , 1.7242 , -104 , -228 , 20
10 , 40 , 9 , 38 , 0.014662 , 0.0840184 , 0.716272 , 1.04664 , -2.09956 , 1.87025 , 0.234494 , -2.45543 , 1.69861 , -83 , -195 , 26
10 , 40 , 12 , 38 , 0.0176557 , 0.0879085 , 0.727346 , 1.05116 , -2.14734 , 1.90364 , 0.17587 , -2.2354 , 1.69004 , -49 , -302 , -12
10 , 40 , 14 , 36 , 0.0203246 , 0.0919202 , 0.738258 , 1.0544 , -2.19342 , 1.93555 , 0.156329 , -2.13758 , 1.63867 , -47 , -366 , -9
10 , 40 , 11 , 43 , 0.0225611 , 0.095631 , 0.749001 , 1.05667 , -2.23809 , 1.96635 , 0.0977058 , -2.23115 , 1.47017 , 1 , -318 , -48
10 , 40 , 7 , 45 , 0.0249217 , 0.0993512 , 0.759495 , 1.05774 , -2.2818 , 1.99607 , 0.0195412 , -2.24073 , 1.47017 , 11 , -298 , 31
10 , 40 , 11 , 41 , 0.0282489 , 0.103192 , 0.769079 , 1.05767 , -2.32471 , 2.02573 , -0.0390823 , -2.17626 , 1.41431 , -17 , -195 , -1
10 , 40 , 7 , 40 , 0.0318954 , 0.107094 , 0.778342 , 1.05628 , -2.36622 , 2.05512 , -0.0977058 , -2.14737 , 1.49074 , -61 , -179 , -77
10 , 40 , 9 , 45 , 0.0348728 , 0.111201 , 0.787122 , 1.05366 , -2.40651 , 2.08352 , -0.156329 , -2.08531 , 1.41345 , -99 , -275 , 37
10 , 40 , 15 , 41 , 0.0371197 , 0.115472 , 0.79549 , 1.04987 , -2.44677 , 2.11191 , -0.17587 , -2.10401 , 1.43419 , -179 , -246 , 82
10 , 40 , 9 , 36 , 0.0387695 , 0.119638 , 0.803799 , 1.04584 , -2.4863 , 2.14187 , -0.156329 , -2.00678 , 1.41431 , -118 , -198 , -35
10 , 40 , 13 , 39 , 0.039709 , 0.123916 , 0.812741 , 1.04229 , -2.52433 , 2.16878 , -0.234494 , -1.9631 , 1.31515 , -100 , -269 , -4
10 , 40 , 14 , 39 , 0.0406398 , 0.128043 , 0.821517 , 1.03726 , -2.5613 , 2.19488 , -0.312658 , -1.86032 , 1.1976 , -2 , -322 , 83
10 , 40 , 8 , 37 , 0.0427906 , 0.131296 , 0.830133 , 1.03105 , -2.59714 , 2.21988 , -0.351741 , -1.8024 , 1.23546 , 86 , -300 , -69
10 , 40 , 13 , 45 , 0.0457423 , 0.133794 , 0.83785 , 1.0239 , -2.63186 , 2.24329 , -0.410364 , -1.65253 , 1.16663 , 51 , -441 , -78
10 , 40 , 15 , 40 , 0.0487224 , 0.13593 , 0.845556 , 1.01499 , -2.66858 , 2.26593 , -0.351741 , -1.70107 , 1.01075 , -178 , -350 , 89
10 , 40 , 9 , 38 , 0.0510718 , 0.138517 , 0.853347 , 1.00662 , -2.70172 , 2.2869 , -0.390823 , -1.61163 , 0.995721 , -184 , -338 , 18
10 , 40 , 12 , 37 , 0.0528954 , 0.141618 , 0.861332 , 0.997928 , -2.73512 , 2.30709 , -0.429905 , -1.63867 , 0.94975 , -32 , -194 , -32
10 , 40 , 10 , 43 , 0.0550674 , 0.144833 , 0.868883 , 0.988196 , -2.76713 , 2.32573 , -0.488529 , -1.65193 , 0.884543 , 65 , -275 , 84
10 , 40 , 8 , 36 , 0.0574331 , 0.148013 , 0.87613 , 0.977038 , -2.79945 , 2.34363 , -0.625317 , -1.54169 , 0.886546 , -29 , -309 , -33
10 , 40 , 10 , 39 , 0.0596474 , 0.150485 , 0.882592 , 0.964669 , -2.82942 , 2.35983 , -0.625317 , -1.39912 , 0.770597 , -155 , -367 , 87
10 , 40 , 7 , 38 , 0.0617642 , 0.152687 , 0.88893 , 0.950697 , -2.8583 , 2.37519 , -0.68394 , -1.42332 , 0.757649 , 82 , -242 , -81
10 , 40 , 14 , 41 , 0.0637651 , 0.155488 , 0.895377 , 0.936744 , -2.88529 , 2.38922 , -0.801187 , -1.41431 , 0.70102 , 0 , -252 , -1
10 , 40 , 12 , 39 , 0.0653539 , 0.158436 , 0.901668 , 0.921815 , -2.9112 , 2.40184 , -0.762105 , -1.25869 , 0.579856 , -3 , -391 , 114
10 , 40 , 10 , 43 , 0.067098 , 0.16094 , 0.907441 , 0.908078 , -2.93676 , 2.41365 , -0.605776 , -1.20562 , 0.561527 , -29 , -344 , 35
10 , 40 , 14 , 36 , 0.0694001 , 0.163092 , 0.912761 , 0.895278 , -2.95986 , 2.42418 , -0.625317 , -1.26207 , 0.533422 , -113 , -359 , -20
10 , 40 , 14 , 43 , 0.0714508 , 0.164903 , 0.917717 , 0.881658 , -2.98296 , 2.43326 , -0.68394 , -1.06879 , 0.405417 , -26 , -369 , 66
10 , 40 , 11 , 42 , 0.0730269 , 0.16663 , 0.922552 , 0.869191 , -3.00412 , 2.44155 , -0.566693 , -1.08461 , 0.37507 , 50 , -326 , 9
10 , 40 , 8 , 36 , 0.0744667 , 0.168448 , 0.92731 , 0.857603 , -3.02456 , 2.44806 , -0.644858 , -0.890926 , 0.320607 , -4 , -434 , 44
10 , 40 , 15 , 45 , 0.0760618 , 0.170079 , 0.931754 , 0.844041 , -3.04332 , 2.45412 , -0.703482 , -0.946296 , 0.247773 , -113 , -352 , 8
10 , 40 , 15 , 45 , 0.0775841 , 0.171417 , 0.93596 , 0.830108 , -3.06282 , 2.45849 , -0.625317 , -0.933863 , 0.209368 , 65 , -384 , -35
10 , 40 , 9 , 40 , 0.0785546 , 0.172757 , 0.940144 , 0.81854 , -3.08281 , 2.4616 , -0.625317 , -1.02803 , 0.137356 , 30 , -352 , -40
10 , 40 , 9 , 38 , 0.0789636 , 0.174298 , 0.94469 , 0.806366 , -3.10316 , 2.46359 , -0.664399 , -0.896374 , 0.0612438 , -160 , -402 , -17
10 , 40 , 11 , 36 , 0.0799484 , 0.176381 , 0.949351 , 0.792511 , -3.12182 , 2.46432 , -0.742564 , -0.963013 , 0.0142456 , 141 , -324 , -18
10 , 40 , 15 , 43 , 0.0818023 , 0.178232 , 0.953529 , 0.779438 , -3.13991 , 2.46392 , -0.586235 , -0.862101 , -0.0405243 , -28 , -326 , -35
10 , 40 , 8 , 41 , 0.0835712 , 0.179611 , 0.957395 , 0.766639 , -3.15683 , 2.46254 , -0.547152 , -0.792743 , -0.108601 , -113 , -405 , -38
10 , 40 , 8 , 41 , 0.085098 , 0.180973 , 0.960911 , 0.754816 , -3.17188 , 2.45965 , -0.68394 , -0.768832 , -0.170914 , 106 , -293 , -50
10 , 40 , 13 , 36 , 0.0862885 , 0.182118 , 0.964268 , 0.740942 , -3.1863 , 2.45554 , -0.68394 , -0.669208 , -0.234118 , 11 , -341 , -84
10 , 40 , 6 , 41 , 0.0874973 , 0.183011 , 0.967303 , 0.728416 , -3.19871 , 2.45015 , -0.644858 , -0.612732 , -0.261594 , -164 , -354 , -66
10 , 40 , 9 , 43 , 0.0886656 , 0.183721 , 0.970054 , 0.713936 , -3.21137 , 2.44364 , -0.762105 , -0.558583 , -0.364119 , 134 , -355 , 10
10 , 40 , 9 , 39 , 0.0895467 , 0.184475 , 0.972569 , 0.700687 , -3.22183 , 2.436 , -0.586235 , -0.41784 , -0.403463 , -78 , -401 , -36
10 , 40 , 13 , 39 , 0.0903637 , 0.185228 , 0.974867 , 0.688904 , -3.23066 , 2.42729 , -0.664399 , -0.404296 , -0.456212 , -51 , -438 , -66
10 , 40 , 9 , 38 , 0.0912972 , 0.185845 , 0.976814 , 0.677492 , -3.23873 , 2.41734 , -0.468988 , -0.405555 , -0.587408 , -33 , -365 , -2
10 , 40 , 7 , 41 , 0.0920955 , 0.186373 , 0.97856 , 0.667878 , -3.24594 , 2.40597 , -0.429905 , -0.354756 , -0.622989 , 80 , -287 , 2
10 , 40 , 8 , 38 , 0.0926811 , 0.186953 , 0.980006 , 0.658732 , -3.2518 , 2.3935 , -0.50807 , -0.207956 , -0.665797 , -9 , -405 , 14
10 , 40 , 13 , 39 , 0.0932771 , 0.187353 , 0.981186 , 0.647633 , -3.25608 , 2.38011 , -0.605776 , -0.158785 , -0.693358 , -35 , -383 , -113
10 , 40 , 9 , 36 , 0.0938981 , 0.187518 , 0.981929 , 0.636241 , -3.2596 , 2.36421 , -0.527611 , -0.12436 , -0.817618 , -27 , -339 , 76
10 , 40 , 13 , 43 , 0.0942813 , 0.187815 , 0.98256 , 0.626626 , -3.2615 , 2.34818 , -0.449447 , -0.0736097 , -0.809155 , 171 , -380 , -52
10 , 40 , 8 , 41 , 0.0945243 , 0.188118 , 0.98282 , 0.618536 , -3.26232 , 2.3311 , -0.468988 , -0.0253114 , -0.921025 , 48 , -419 , 11
10 , 40 , 13 , 39 , 0.0947537 , 0.188149 , 0.98282 , 0.610153 , -3.26236 , 2.31408 , -0.468988 , 0 , -0.789008 , -86 , -281 , 16
10 , 40 , 10 , 45 , 0.0946554 , 0.18804 , 0.982593 , 0.601106 , -3.26189 , 2.29767 , -0.410364 , 0.103173 , -0.868494 , -49 , -91 , -10
10 , 40 , 15 , 43 , 0.0941042 , 0.188056 , 0.982356 , 0.593778 , -3.25923 , 2.28059 , -0.351741 , 0.13872 , -0.782686 , 98 , -25 , 2
10 , 40 , 10 , 42 , 0.0937307 , 0.188232 , 0.982022 , 0.587583 , -3.25517 , 2.26425 , -0.254035 , 0.242245 , -0.89365 , 98 , -49 , 51
10 , 40 , 15 , 43 , 0.0943086 , 0.188089 , 0.981146 , 0.583128 , -3.25014 , 2.24737 , -0.195412 , 0.332519 , -0.798683 , 51 , -56 , -78
10 , 40 , 8 , 41 , 0.0953165 , 0.187441 , 0.97951 , 0.579552 , -3.24352 , 2.23137 , -0.195412 , 0.372921 , -0.756919 , 33 , -77 , -31
10 , 40 , 10 , 43 , 0.0955453 , 0.186722 , 0.977338 , 0.576191 , -3.23525 , 2.21677 , -0.117247 , 0.444115 , -0.767825 , -54 , -127 , 1
10 , 40 , 14 , 37 , 0.0948369 , 0.186011 , 0.975114 , 0.574119 , -3.22628 , 2.2028 , -0.0586235 , 0.40208 , -0.621338 , -49 , -50 , 10
10 , 40 , 8 , 39 , 0.0936562 , 0.185283 , 0.972896 , 0.573298 , -3.21687 , 2.18965 , -0.0195412 , 0.494294 , -0.674604 , -61 , 15 , -20
10 , 40 , 11 , 39 , 0.0923333 , 0.184537 , 0.970727 , 0.573357 , -3.20545 , 2.1762 , 0 , 0.623652 , -0.660172 , -47 , -91 , -97
10 , 40 , 15 , 36 , 0.0914897 , 0.183611 , 0.968282 , 0.574021 , -3.19267 , 2.16256 , 0.0586235 , 0.613213 , -0.678115 , -20 , -120 , 43
10 , 40 , 11 , 44 , 0.0912019 , 0.182344 , 0.965154 , 0.575897 , -3.17933 , 2.1483 , 0.0977058 , 0.675773 , -0.72869 , 42 , -32 , -68
10 , 40 , 11 , 45 , 0.0904642 , 0.180714 , 0.961517 , 0.578985 , -3.16606 , 2.13366 , 0.17587 , 0.664662 , -0.716229 , 62 , -100 , -36
10 , 40 , 14 , 41 , 0.0883405 , 0.179333 , 0.95813 , 0.583304 , -3.15338 , 2.11975 , 0.293117 , 0.608758 , -0.658689 , 86 , -150 , 22
10 , 40 , 14 , 39 , 0.0854861 , 0.178393 , 0.955376 , 0.58897 , -3.14126 , 2.10718 , 0.351741 , 0.665797 , -0.610976 , 122 , -135 , -115
10 , 40 , 6 , 41 , 0.083395 , 0.177487 , 0.953028 , 0.595712 , -3.12813 , 2.09395 , 0.410364 , 0.741595 , -0.668073 , -2 , -49 , -17
10 , 40 , 14 , 40 , 0.0830799 , 0.176486 , 0.950213 , 0.602512 , -3.11279 , 2.0808 , 0.293117 , 0.757406 , -0.635827 , -50 , -82 , 2
10 , 40 , 12 , 43 , 0.083873 , 0.175033 , 0.946344 , 0.608961 , -3.09712 , 2.06892 , 0.3322 , 0.736934 , -0.629005 , -39 , 0 , -46
10 , 40 , 7 , 38 , 0.0836785 , 0.173184 , 0.941864 , 0.616563 , -3.08125 , 2.05553 , 0.429905 , 0.80416 , -0.595161 , -4 , -90 , -67
10 , 40 , 12 , 39 , 0.0812955 , 0.1717 , 0.937684 , 0.624535 , -3.06511 , 2.04367 , 0.371282 , 0.793816 , -0.542305 , 148 , -80 , -8
10 , 40 , 15 , 36 , 0.077914 , 0.170496 , 0.934207 , 0.632606 , -3.04865 , 2.0332 , 0.468988 , 0.939478 , -0.511992 , 79 , -49 , -16
10 , 40 , 14 , 41 , 0.0758407 , 0.169225 , 0.930989 , 0.641868 , -3.02986 , 2.0229 , 0.468988 , 0.938724 , -0.494502 , -104 , -129 , -95
10 , 40 , 15 , 44 , 0.0755791 , 0.167364 , 0.926951 , 0.651854 , -3.01211 , 2.01241 , 0.586235 , 0.877596 , -0.50234 , -145 , -56 , -34
10 , 40 , 12 , 37 , 0.0752693 , 0.165138 , 0.922417 , 0.663188 , -2.9946 , 2.00277 , 0.586235 , 0.862106 , -0.413565 , 135 , -176 , -43
10 , 40 , 8 , 40 , 0.0735089 , 0.163194 , 0.918013 , 0.676222 , -2.97792 , 1.99371 , 0.68394 , 0.828013 , -0.46749 , -6 , 0 , 26
10 , 40 , 10 , 39 , 0.0709333 , 0.161741 , 0.914191 , 0.689138 , -2.95953 , 1.98454 , 0.527611 , 0.972196 , -0.535373 , 14 , -101 , 28
10 , 40 , 10 , 45 , 0.0691812 , 0.160512 , 0.910395 , 0.700023 , -2.93991 , 1.97624 , 0.586235 , 0.869782 , -0.379316 , -2 , 5 , -43
10 , 40 , 7 , 45 , 0.0686344 , 0.158655 , 0.905905 , 0.711064 , -2.92004 , 1.96918 , 0.50807 , 0.950904 , -0.336527 , 53 , -137 , 48
10 , 40 , 6 , 37 , 0.0680349 , 0.156433 , 0.900934 , 0.72015 , -2.90245 , 1.96324 , 0.429905 , 0.789008 , -0.278628 , -48 , 13 , 61
10 , 40 , 10 , 44 , 0.0660722 , 0.154787 , 0.896421 , 0.727771 , -2.88478 , 1.95857 , 0.390823 , 0.940227 , -0.20173 , -167 , -108 , 1
10 , 40 , 12 , 42 , 0.0632508 , 0.15366 , 0.892457 , 0.734122 , -2.86659 , 1.95527 , 0.254035 , 0.875626 , -0.138392 , 57 , -88 , -18
10 , 40 , 11 , 41 , 0.0611355 , 0.152364 , 0.88861 , 0.740571 , -2.85074 , 1.95308 , 0.449447 , 0.798139 , -0.0884743 , 37 , -19 , 0
10 , 40 , 7 , 39 , 0.0595581 , 0.151033 , 0.884941 , 0.748641 , -2.83491 , 1.9521 , 0.468988 , 0.752544 , -0.0189818 , 46 , -177 , -32
10 , 40 , 10 , 40 , 0.0580264 , 0.149619 , 0.881371 , 0.757044 , -2.81973 , 1.9522 , 0.351741 , 0.790606 , 0.0244992 , 16 , -34 , -15
10 , 40 , 12 , 36 , 0.05661 , 0.14791 , 0.877896 , 0.76359 , -2.80461 , 1.95345 , 0.293117 , 0.742535 , 0.0812632 , -91 , -46 , 27
10 , 40 , 15 , 43 , 0.0553947 , 0.146309 , 0.874446 , 0.76998 , -2.7888 , 1.95507 , 0.371282 , 0.800319 , 0.0644355 , -49 , -145 , 44
10 , 40 , 8 , 43 , 0.0544745 , 0.14468 , 0.870853 , 0.777738 , -2.77406 , 1.95654 , 0.429905 , 0.713615 , 0.0850107 , 24 , 15 , 79
10 , 40 , 9 , 37 , 0.0533204 , 0.14312 , 0.867374 , 0.785769 , -2.75945 , 1.95922 , 0.390823 , 0.689684 , 0.162572 , 98 , -90 , 82
10 , 40 , 12 , 37 , 0.0519107 , 0.141827 , 0.864031 , 0.792765 , -2.74526 , 1.96275 , 0.312658 , 0.668831 , 0.229536 , 128 , -39 , 19
10 , 40 , 8 , 36 , 0.0506692 , 0.140488 , 0.860671 , 0.799468 , -2.73156 , 1.96715 , 0.3322 , 0.676164 , 0.190089 , -19 , -20 , 38
10 , 40 , 11 , 42 , 0.0496492 , 0.139078 , 0.857462 , 0.80621 , -2.71694 , 1.97002 , 0.273576 , 0.776465 , 0.121928 , -115 , -145 , 11
10 , 40 , 9 , 37 , 0.0489561 , 0.137675 , 0.854132 , 0.811544 , -2.70297 , 1.97268 , 0.214953 , 0.638251 , 0.165136 , -50 , -25 , -24
10 , 40 , 14 , 42 , 0.0478928 , 0.136304 , 0.850988 , 0.815726 , -2.69009 , 1.97559 , 0.214953 , 0.641743 , 0.132153 , -33 , 2 , 3
10 , 40 , 7 , 36 , 0.0463902 , 0.135136 , 0.84813 , 0.820025 , -2.67663 , 1.97819 , 0.254035 , 0.616439 , 0.149625 , 51 , -46 , -3
10 , 40 , 13 , 43 , 0.0451229 , 0.13402 , 0.845495 , 0.824363 , -2.66483 , 1.98116 , 0.156329 , 0.633423 , 0.11805 , 112 , -86 , 33
10 , 40 , 15 , 40 , 0.0443668 , 0.132816 , 0.842741 , 0.828994 , -2.65218 , 1.98417 , 0.273576 , 0.562333 , 0.195672 , 74 , -9 , -19
10 , 40 , 10 , 40 , 0.0439501 , 0.131487 , 0.839993 , 0.834583 , -2.64089 , 1.9873 , 0.254035 , 0.565315 , 0.103501 , 106 , -93 , 35
10 , 40 , 7 , 43 , 0.0432437 , 0.130113 , 0.837403 , 0.840113 , -2.63094 , 1.99009 , 0.254035 , 0.454265 , 0.152031 , -34 , -73 , 65
10 , 40 , 14 , 41 , 0.0419337 , 0.129153 , 0.835245 , 0.844334 , -2.62242 , 1.99416 , 0.156329 , 0.411104 , 0.250099 , 1 , -78 , 38
10 , 40 , 9 , 42 , 0.0405573 , 0.128328 , 0.833577 , 0.848614 , -2.61529 , 1.99937 , 0.214953 , 0.392917 , 0.277047 , -81 , -52 , 111
10 , 40 , 14 , 39 , 0.0397498 , 0.127411 , 0.832167 , 0.852737 , -2.60912 , 2.0059 , 0.214953 , 0.262532 , 0.342626 , -63 , 17 , 68
10 , 40 , 11 , 36 , 0.0394903 , 0.126898 , 0.830897 , 0.857056 , -2.60388 , 2.0127 , 0.195412 , 0.240357 , 0.320871 , 58 , -73 , -25
10 , 40 , 6 , 36 , 0.0394714 , 0.126395 , 0.829601 , 0.861452 , -2.59991 , 2.01843 , 0.156329 , 0.165415 , 0.254662 , 86 , -12 , -41
10 , 40 , 8 , 44 , 0.039024 , 0.125872 , 0.828528 , 0.864481 , -2.59571 , 2.0229 , 0.136788 , 0.230164 , 0.171612 , 16 , -131 , -3
10 , 40 , 10 , 40 , 0.0383061 , 0.125514 , 0.827744 , 0.866338 , -2.59219 , 2.02698 , 0.0390823 , 0.140651 , 0.261012 , 180 , -47 , 8
10 , 40 , 14 , 45 , 0.037911 , 0.125211 , 0.82706 , 0.867002 , -2.58944 , 2.0322 , 0.0195412 , 0.106782 , 0.265504 , 83 , -110 , 64
10 , 40 , 9 , 37 , 0.0376693 , 0.124997 , 0.826497 , 0.86753 , -2.58807 , 2.03849 , 0.0586235 , 0.0591793 , 0.363217 , 99 , -107 , 15
10 , 40 , 7 , 37 , 0.03729 , 0.124892 , 0.826225 , 0.868233 , -2.58772 , 2.04563 , 0 , 0.00449051 , 0.333846 , 68 , -98 , 37
10 , 40 , 15 , 40 , 0.0367668 , 0.125061 , 0.826293 , 0.867647 , -2.58739 , 2.05135 , -0.0586235 , 0.0551074 , 0.264307 , 99 , -147 , -2
10 , 40 , 7 , 43 , 0.0366633 , 0.12514 , 0.826519 , 0.866943 , -2.58727 , 2.05575 , 0 , 0 , 0.217445 , 34 , -152 , -10
10 , 40 , 7 , 38 , 0.037123 , 0.125055 , 0.826519 , 0.866435 , -2.58754 , 2.05989 , -0.0390823 , -0.0585638 , 0.227047 , 19 , -283 , -3
10 , 40 , 9 , 43 , 0.0375746 , 0.124901 , 0.826419 , 0.864735 , -2.58944 , 2.06509 , -0.136788 , -0.129869 , 0.281572 , 39 , -323 , -3
10 , 40 , 15 , 40 , 0.0373966 , 0.124787 , 0.826419 , 0.861706 , -2.59278 , 2.07132 , -0.17587 , -0.248193 , 0.351882 , 17 , -303 , 41
10 , 40 , 10 , 45 , 0.0363191 , 0.12517 , 0.827065 , 0.858502 , -2.59782 , 2.07789 , -0.117247 , -0.294886 , 0.312658 , -40 , -291 , 30
10 , 40 , 7 , 44 , 0.0351073 , 0.125912 , 0.828528 , 0.855785 , -2.6037 , 2.08438 , -0.17587 , -0.303589 , 0.364798 , -66 , -319 , 82
10 , 40 , 13 , 45 , 0.0347223 , 0.126729 , 0.830461 , 0.851701 , -2.61084 , 2.09223 , -0.273576 , -0.357241 , 0.39318 , -67 , -310 , 29
10 , 40 , 7 , 38 , 0.0353424 , 0.127478 , 0.832314 , 0.847168 , -2.61955 , 2.10118 , -0.156329 , -0.500625 , 0.458354 , -166 , -198 , -34
10 , 40 , 6 , 39 , 0.0362757 , 0.128197 , 0.83414 , 0.842849 , -2.62733 , 2.11013 , -0.234494 , -0.378703 , 0.406824 , -119 , -344 , 32
10 , 40 , 11 , 40 , 0.0371961 , 0.12899 , 0.836002 , 0.837397 , -2.6343 , 2.11885 , -0.254035 , -0.353365 , 0.444452 , -6 , -325 , 105
10 , 40 , 8 , 45 , 0.0382392 , 0.129762 , 0.837589 , 0.830792 , -2.6415 , 2.1279 , -0.371282 , -0.401254 , 0.519711 , 44 , -305 , 18
10 , 40 , 14 , 36 , 0.0390176 , 0.130426 , 0.839137 , 0.823132 , -2.64992 , 2.13712 , -0.429905 , -0.424805 , 0.482496 , 12 , -311 , -19
10 , 40 , 14 , 39 , 0.0391788 , 0.131128 , 0.841006 , 0.815355 , -2.6594 , 2.14609 , -0.3322 , -0.559382 , 0.355078 , -128 , -233 , -10
10 , 40 , 10 , 37 , 0.0388388 , 0.132261 , 0.843368 , 0.808554 , -2.66973 , 2.15388 , -0.3322 , -0.548393 , 0.358334 , -83 , -287 , 13
10 , 40 , 12 , 39 , 0.0387198 , 0.133621 , 0.846282 , 0.801891 , -2.68017 , 2.16055 , -0.371282 , -0.529329 , 0.292531 , -35 , -355 , 104
10 , 40 , 11 , 36 , 0.0396805 , 0.13469 , 0.849092 , 0.79511 , -2.69131 , 2.16622 , -0.273576 , -0.539314 , 0.209593 , -47 , -275 , 86
10 , 40 , 8 , 45 , 0.041411 , 0.135478 , 0.851577 , 0.789893 , -2.70192 , 2.17073 , -0.195412 , -0.448187 , 0.222309 , 68 , -344 , 31
10 , 40 , 8 , 43 , 0.0430544 , 0.136401 , 0.853834 , 0.784734 , -2.71212 , 2.17505 , -0.293117 , -0.575586 , 0.217767 , 66 , -337 , 12
10 , 40 , 12 , 37 , 0.0440849 , 0.137176 , 0.855894 , 0.778227 , -2.7241 , 2.18046 , -0.390823 , -0.635483 , 0.293556 , 11 , -304 , 68
10 , 40 , 9 , 37 , 0.044045 , 0.13817 , 0.858593 , 0.771524 , -2.73623 , 2.18587 , -0.312658 , -0.503638 , 0.219893 , -94 , -257 , 64
10 , 40 , 8 , 41 , 0.0440999 , 0.139634 , 0.861769 , 0.764743 , -2.74614 , 2.19017 , -0.371282 , -0.541303 , 0.189534 , -88 , -310 , 50
10 , 40 , 7 , 45 , 0.0456492 , 0.140741 , 0.864543 , 0.75679 , -2.75685 , 2.19432 , -0.468988 , -0.577852 , 0.241943 , 55 , -276 , 47
10 , 40 , 12 , 40 , 0.0476315 , 0.141379 , 0.866757 , 0.747723 , -2.76902 , 2.19955 , -0.449447 , -0.635827 , 0.287087 , 100 , -269 , 51
10 , 40 , 10 , 42 , 0.048357 , 0.142204 , 0.869149 , 0.739047 , -2.78204 , 2.20512 , -0.449447 , -0.636862 , 0.248088 , 29 , -334 , 34
10 , 40 , 13 , 45 , 0.0478604 , 0.143694 , 0.872296 , 0.731171 , -2.79591 , 2.21053 , -0.371282 , -0.725985 , 0.366168 , -57 , -323 , -49
10 , 40 , 6 , 37 , 0.0474135 , 0.145438 , 0.876091 , 0.72441 , -2.81164 , 2.21726 , -0.3322 , -0.82048 , 0.323887 , -106 , -216 , 28
10 , 40 , 14 , 37 , 0.0479098 , 0.147291 , 0.880278 , 0.717669 , -2.82667 , 2.22386 , -0.3322 , -0.755941 , 0.31637 , -13 , -294 , -19
10 , 40 , 10 , 44 , 0.0498903 , 0.148821 , 0.884039 , 0.711044 , -2.84083 , 2.22943 , -0.293117 , -0.666933 , 0.238306 , 75 , -341 , 83
10 , 40 , 10 , 36 , 0.0526113 , 0.149576 , 0.887091 , 0.705612 , -2.85625 , 2.23467 , -0.254035 , -0.717985 , 0.302182 , 154 , -310 , 45
10 , 40 , 6 , 37 , 0.0542844 , 0.150446 , 0.889964 , 0.701625 , -2.8696 , 2.24012 , -0.234494 , -0.642449 , 0.253231 , 66 , -407 , -5
10 , 40 , 9 , 43 , 0.0547921 , 0.15172 , 0.893138 , 0.697483 , -2.88302 , 2.24463 , -0.195412 , -0.648846 , 0.195607 , -105 , -315 , 113
10 , 40 , 7 , 44 , 0.0553277 , 0.153069 , 0.896538 , 0.69205 , -2.89633 , 2.24887 , -0.254035 , -0.598806 , 0.214032 , -196 , -412 , 20
10 , 40 , 14 , 41 , 0.0566804 , 0.15415 , 0.899844 , 0.685172 , -2.90964 , 2.25429 , -0.390823 , -0.610022 , 0.296078 , -124 , -483 , 7
10 , 40 , 11 , 41 , 0.0583756 , 0.155052 , 0.902869 , 0.678176 , -2.92363 , 2.25988 , -0.312658 , -0.727336 , 0.268176 , -12 , -356 , -21
10 , 40 , 15 , 45 , 0.0594805 , 0.156039 , 0.90586 , 0.672724 , -2.93766 , 2.26419 , -0.195412 , -0.576431 , 0.207076 , -10 , -419 , -67
10 , 40 , 14 , 37 , 0.0602596 , 0.157139 , 0.909074 , 0.668659 , -2.95114 , 2.26752 , -0.156329 , -0.692537 , 0.0987255 , 82 , -366 , 6
10 , 40 , 12 , 45 , 0.0611587 , 0.158438 , 0.912223 , 0.665767 , -2.96516 , 2.26943 , -0.0977058 , -0.69998 , 0.0735548 , 20 , -340 , 64
10 , 40 , 7 , 38 , 0.0621737 , 0.159694 , 0.9155 , 0.663969 , -2.97919 , 2.27098 , -0.0586235 , -0.773393 , 0.103283 , 31 , -264 , 31
10 , 40 , 11 , 41 , 0.0632815 , 0.161035 , 0.918665 , 0.66223 , -2.99255 , 2.27287 , -0.117247 , -0.669599 , 0.0820361 , 51 , -380 , 0
10 , 40 , 15 , 40 , 0.0644911 , 0.162179 , 0.921707 , 0.660237 , -3.00533 , 2.27346 , -0.0586235 , -0.622326 , 0 , 4 , -323 , 31
10 , 40 , 10 , 37 , 0.0656846 , 0.163227 , 0.924534 , 0.659514 , -3.01692 , 2.27309 , 0 , -0.504501 , -0.0148455 , 22 , -345 , -80
10 , 40 , 12 , 40 , 0.0670795 , 0.164205 , 0.927147 , 0.66012 , -3.02724 , 2.27139 , 0.0586235 , -0.486296 , -0.114231 , 80 , -405 , -49
10 , 40 , 10 , 36 , 0.0687429 , 0.165004 , 0.929267 , 0.661957 , -3.03589 , 2.26851 , 0.117247 , -0.428217 , -0.152824 , 104 , -360 , -58
10 , 40 , 8 , 45 , 0.0701458 , 0.165675 , 0.931084 , 0.664849 , -3.04354 , 2.26427 , 0.195412 , -0.394501 , -0.200216 , 166 , -372 , -52
10 , 40 , 6 , 40 , 0.0710199 , 0.166158 , 0.932685 , 0.668054 , -3.05176 , 2.2599 , 0.117247 , -0.414739 , -0.172624 , 166 , -259 , -5
10 , 40 , 8 , 41 , 0.0712084 , 0.166849 , 0.934463 , 0.669754 , -3.05946 , 2.25657 , 0.0390823 , -0.390432 , -0.13608 , 130 , -259 , -33
10 , 40 , 10 , 41 , 0.0712803 , 0.167785 , 0.936381 , 0.670242 , -3.06568 , 2.25439 , -0.0195412 , -0.286386 , -0.0821053 , 112 , -320 , -72
10 , 40 , 11 , 38 , 0.0721173 , 0.16851 , 0.937946 , 0.670633 , -3.07115 , 2.25253 , 0.0781646 , -0.240555 , -0.10021 , 111 , -345 , -81
10 , 40 , 6 , 37 , 0.0733924 , 0.168875 , 0.938984 , 0.672431 , -3.07517 , 2.24956 , 0.136788 , -0.16444 , -0.178839 , 80 , -384 , -55
10 , 40 , 15 , 45 , 0.0743538 , 0.169082 , 0.939579 , 0.674307 , -3.07799 , 2.24524 , 0.0390823 , -0.133053 , -0.239279 , 93 , -374 , 34
10 , 40 , 8 , 43 , 0.0747245 , 0.169257 , 0.939999 , 0.676007 , -3.08102 , 2.2408 , 0.117247 , -0.166923 , -0.180158 , 58 , -372 , -10
10 , 40 , 7 , 44 , 0.0744162 , 0.169579 , 0.940516 , 0.677902 , -3.08393 , 2.23754 , 0.0390823 , -0.117906 , -0.132451 , 30 , -315 , 8
10 , 40 , 14 , 40 , 0.0739653 , 0.169979 , 0.941283 , 0.67843 , -3.08557 , 2.23545 , 0 , -0.0639011 , -0.0682772 , 28 , -327 , -8
10 , 40 , 6 , 41 , 0.0743087 , 0.170306 , 0.941902 , 0.678879 , -3.08604 , 2.23369 , 0.0781646 , -0.0113521 , -0.111155 , -34 , -289 , -4
10 , 40 , 15 , 37 , 0.0754428 , 0.170242 , 0.94197 , 0.679583 , -3.08598 , 2.23166 , 0 , 0 , -0.0602121 , -17 , -98 , -48
10 , 40 , 6 , 41 , 0.0761038 , 0.169953 , 0.941544 , 0.680091 , -3.08426 , 2.22974 , 0.0586235 , 0.129126 , -0.116224 , -3 , -65 , -20
10 , 40 , 11 , 42 , 0.0757379 , 0.169927 , 0.941249 , 0.680736 , -3.08088 , 2.22771 , 0.0195412 , 0.194374 , -0.0732602 , -19 , -110 , -87
10 , 40 , 15 , 45 , 0.0756285 , 0.169929 , 0.940855 , 0.681185 , -3.07623 , 2.22576 , 0.0586235 , 0.258252 , -0.12856 , -6 , -161 , -19
10 , 40 , 14 , 39 , 0.0765595 , 0.169501 , 0.939809 , 0.683081 , -3.07207 , 2.2238 , 0.117247 , 0.182855 , -0.0818071 , -40 , -96 , -56
10 , 40 , 6 , 36 , 0.0771612 , 0.168855 , 0.937901 , 0.68607 , -3.06745 , 2.22181 , 0.17587 , 0.257798 , -0.119933 , -99 , -129 , 4
10 , 40 , 14 , 40 , 0.0764368 , 0.168641 , 0.936641 , 0.689158 , -3.06206 , 2.2188 , 0.136788 , 0.281302 , -0.179057 , -117 , -63 , -99
10 , 40 , 11 , 38 , 0.075022 , 0.168844 , 0.935521 , 0.692031 , -3.05567 , 2.21456 , 0.195412 , 0.432324 , -0.270653 , -50 , -159 , -38
10 , 40 , 15 , 37 , 0.0745876 , 0.168927 , 0.934556 , 0.69631 , -3.04733 , 2.20901 , 0.234494 , 0.441441 , -0.313326 , 39 , -43 , 1
10 , 40 , 12 , 38 , 0.0757371 , 0.168511 , 0.932854 , 0.701723 , -3.03781 , 2.20227 , 0.254035 , 0.495549 , -0.359212 , 172 , -108 , -16
10 , 40 , 10 , 42 , 0.0768639 , 0.167433 , 0.930345 , 0.708758 , -3.02659 , 2.19455 , 0.429905 , 0.570267 , -0.416359 , 57 , -81 , -13
10 , 40 , 9 , 42 , 0.0768291 , 0.165779 , 0.927293 , 0.715597 , -3.016 , 2.18666 , 0.3322 , 0.545077 , -0.355507 , -2 , -1 , -99
10 , 40 , 11 , 42 , 0.074957 , 0.164451 , 0.924405 , 0.720893 , -3.00402 , 2.1797 , 0.254035 , 0.656475 , -0.325866 , -57 , -114 , -34
10 , 40 , 10 , 42 , 0.0722262 , 0.16367 , 0.922307 , 0.72613 , -2.99204 , 2.17386 , 0.293117 , 0.521791 , -0.300479 , -67 , -81 , 5
10 , 40 , 6 , 40 , 0.0707715 , 0.162706 , 0.920113 , 0.731504 , -2.98202 , 2.1693 , 0.195412 , 0.485695 , -0.205552 , -65 , -34 , 1
10 , 40 , 7 , 37 , 0.0702664 , 0.161777 , 0.917908 , 0.735471 , -2.9717 , 2.16575 , 0.214953 , 0.527897 , -0.158957 , -54 , 16 , 50
10 , 40 , 14 , 39 , 0.069939 , 0.160861 , 0.915428 , 0.738402 , -2.95966 , 2.16258 , 0.0977058 , 0.632397 , -0.151325 , 42 , -82 , -34
10 , 40 , 12 , 39 , 0.0698247 , 0.159687 , 0.912575 , 0.741235 , -2.94794 , 2.15842 , 0.156329 , 0.586821 , -0.240654 , 114 , -128 , 2
10 , 40 , 15 , 43 , 0.0692278 , 0.158336 , 0.909252 , 0.7453 , -2.93666 , 2.15314 , 0.273576 , 0.586821 , -0.310998 , 166 , 15 , -30
10 , 40 , 8 , 45 , 0.0673101 , 0.157426 , 0.906195 , 0.750849 , -2.92492 , 2.14705 , 0.351741 , 0.566407 , -0.300171 , 43 , -73 , -52
10 , 40 , 7 , 41 , 0.0650065 , 0.156847 , 0.903787 , 0.756497 , -2.91409 , 2.14161 , 0.234494 , 0.533909 , -0.250955 , 8 , -174 , -95
10 , 40 , 15 , 45 , 0.0635935 , 0.156175 , 0.901594 , 0.760464 , -2.90397 , 2.13735 , 0.195412 , 0.557257 , -0.16948 , -35 , -75 , -38
10 , 40 , 15 , 43 , 0.0629573 , 0.155565 , 0.899385 , 0.764391 , -2.89373 , 2.13423 , 0.234494 , 0.467862 , -0.125478 , -64 , -83 , -54
10 , 40 , 9 , 45 , 0.0626202 , 0.154568 , 0.897069 , 0.769609 , -2.88435 , 2.13253 , 0.293117 , 0.445463 , -0.0524727 , -57 , -102 , -37
10 , 40 , 6 , 37 , 0.061611 , 0.15333 , 0.894718 , 0.774924 , -2.87622 , 2.13192 , 0.273576 , 0.378825 , -0.0174015 , -44 , -46 , -17
10 , 40 , 7 , 40 , 0.0596235 , 0.15225 , 0.892909 , 0.779165 , -2.868 , 2.13149 , 0.17587 , 0.429948 , -0.0272305 , 94 , -97 , -49
10 , 40 , 13 , 42 , 0.0578602 , 0.151415 , 0.891516 , 0.782154 , -2.85844 , 2.13124 , 0.136788 , 0.40098 , 0 , 87 , -11 , 1
10 , 40 , 8 , 41 , 0.0575148 , 0.150466 , 0.889744 , 0.784929 , -2.85006 , 2.13163 , 0.156329 , 0.42054 , 0 , 233 , -32 , 95
10 , 40 , 9 , 44 , 0.0580571 , 0.149204 , 0.88754 , 0.788212 , -2.84138 , 2.13358 , 0.0977058 , 0.368233 , 0.0941289 , 100 , -95 , 53
0 , 0 , 0 , 0 , 0.0580579 , 0.14803 , 0.885069 , 0.789697 , -2.83435 , 2.13642 , 0.0781646 , 0.376635 , 0.146485 , 104 , -94 , -7
0 , 0 , 0 , 0 , 0.0568406 , 0.147165 , 0.882956 , 0.790205 , -2.82718 , 2.13849 , 0 , 0.388748 , 0.0712136 , 122 , -91 , -3
0 , 0 , 0 , 0 , 0.0551466 , 0.146637 , 0.881203 , 0.789541 , -2.81809 , 2.13962 , -0.0781646 , 0.414152 , 0.0324891 , 74 , 60 , 5
0 , 0 , 0 , 0 , 0.054359 , 0.146207 , 0.879449 , 0.787684 , -2.80763 , 2.1396 , -0.0977058 , 0.627993 , 0 , 18 , -64 , -41
0 , 0 , 0 , 0 , 0.0549845 , 0.145325 , 0.877019 , 0.784695 , -2.7956 , 2.13845 , -0.195412 , 0.625646 , -0.0884206 , 2 , -78 , -82
0 , 0 , 0 , 0 , 0.0558494 , 0.143898 , 0.873812 , 0.780376 , -2.78284 , 2.13599 , -0.214953 , 0.663536 , -0.155995 , -33 , -54 , -45
0 , 0 , 0 , 0 , 0.0555602 , 0.142451 , 0.870392 , 0.775022 , -2.76918 , 2.13229 , -0.293117 , 0.778531 , -0.228283 , -129 , -64 , -16
0 , 0 , 0 , 0 , 0.0543924 , 0.141226 , 0.867129 , 0.768124 , -2.75329 , 2.12729 , -0.390823 , 0.799227 , -0.244467 , -99 , -83 , -78
0 , 0 , 0 , 0 , 0.0533436 , 0.139784 , 0.863593 , 0.760131 , -2.73736 , 2.12111 , -0.410364 , 0.77136 , -0.350827 , -109 , 33 , 68
0 , 0 , 0 , 0 , 0.0525798 , 0.138043 , 0.859735 , 0.751006 , -2.7195 , 2.11398 , -0.488529 , 0.949363 , -0.387464 , 93 , -100 , -17
0 , 0 , 0 , 0 , 0.0517917 , 0.136197 , 0.855501 , 0.741098 , -2.70065 , 2.10574 , -0.566693 , 0.973003 , -0.462695 , 24 , -69 , -3
0 , 0 , 0 , 0 , 0.0507221 , 0.13415 , 0.851118 , 0.729882 , -2.68077 , 2.09595 , -0.586235 , 1.09679 , -0.503204 , -196 , -76 , -130
0 , 0 , 0 , 0 , 0.0496547 , 0.132231 , 0.846469 , 0.716672 , -2.6594 , 2.08494 , -0.68394 , 1.08864 , -0.592752 , 58 , 15 , 33
0 , 0 , 0 , 0 , 0.048917 , 0.130177 , 0.841452 , 0.702974 , -2.63684 , 2.07291 , -0.703482 , 1.19396 , -0.661289 , 18 , -142 , -1
0 , 0 , 0 , 0 , 0.048269 , 0.127922 , 0.836035 , 0.688415 , -2.61355 , 2.05991 , -0.879352 , 1.17364 , -0.702919 , -185 , 54 , -75
0 , 0 , 0 , 0 , 0.0474412 , 0.12588 , 0.830534 , 0.671336 , -2.5883 , 2.04516 , -0.879352 , 1.31368 , -0.815347 , 85 , -182 , 68
0 , 0 , 0 , 0 , 0.0464192 , 0.123419 , 0.824308 , 0.65459 , -2.56253 , 2.02954 , -0.879352 , 1.42549 , -0.785835 , -79 , -137 , -82
0 , 0 , 0 , 0 , 0.0452673 , 0.120667 , 0.818038 , 0.635361 , -2.53537 , 2.01194 , -1.03568 , 1.34073 , -0.928319 , 146 , 16 , 30
0 , 0 , 0 , 0 , 0.0432576 , 0.1182 , 0.811903 , 0.616035 , -2.50641 , 1.99361 , -0.957517 , 1.40584 , -0.92466 , -108 , -65 , -1
0 , 0 , 0 , 0 , 0.0408657 , 0.115392 , 0.805317 , 0.594442 , -2.47704 , 1.97553 , -1.13339 , 1.54272 , -1.02399 , 102 , -176 , 0
0 , 0 , 0 , 0 , 0.0392696 , 0.112274 , 0.798664 , 0.572751 , -2.44659 , 1.9538 , -1.11385 , 1.58978 , -1.03029 , -247 , -51 , -3
0 , 0 , 0 , 0 , 0.0381984 , 0.109336 , 0.792059 , 0.548501 , -2.41421 , 1.93225 , -1.19201 , 1.54781 , -1.15971 , 141 , -1 , 11
0 , 0 , 0 , 0 , 0.036986 , 0.105993 , 0.784611 , 0.524661 , -2.38082 , 1.90915 , -1.30926 , 1.56433 , -1.15685 , -81 , 15 , -35
0 , 0 , 0 , 0 , 0.035913 , 0.102096 , 0.776743 , 0.497225 , -2.34453 , 1.88498 , -1.23109 , 1.76179 , -1.2772 , -96 , -99 , 136
0 , 0 , 0 , 0 , 0.0350318 , 0.0981508 , 0.768426 , 0.469535 , -2.30887 , 1.85989 , -1.4265 , 1.87896 , -1.28349 , 100 , -169 , -105
0 , 0 , 0 , 0 , 0.0339621 , 0.0942416 , 0.75991 , 0.442021 , -2.27215 , 1.83314 , -1.52421 , 1.95248 , -1.37613 , -41 , -160 , -29
0 , 0 , 0 , 0 , 0.0328006 , 0.0907729 , 0.751537 , 0.412494 , -2.23414 , 1.80551 , -1.4265 , 2.03553 , -1.48039 , -167 , -175 , 100
0 , 0 , 0 , 0 , 0.0316699 , 0.0874567 , 0.742949 , 0.381268 , -2.1948 , 1.77678 , -1.50467 , 2.1012 , -1.51384 , 10 , -138 , -67
0 , 0 , 0 , 0 , 0.0307189 , 0.0838538 , 0.734058 , 0.351526 , -2.15437 , 1.74639 , -1.54375 , 2.17526 , -1.41602 , 146 , -151 , -49
0 , 0 , 0 , 0 , 0.0298247 , 0.0798985 , 0.724787 , 0.323719 , -2.11271 , 1.71495 , -1.40696 , 2.19358 , -1.52268 , -86 , -129 , -13
0 , 0 , 0 , 0 , 0.0284447 , 0.0756377 , 0.715392 , 0.296244 , -2.06962 , 1.68253 , -1.27018 , 2.24825 , -1.68943 , -170 , -178 , 45
0 , 0 , 0 , 0 , 0.0268492 , 0.0710505 , 0.705486 , 0.269707 , -2.0254 , 1.64908 , -1.28972 , 2.26345 , -1.77512 , 51 , -66 , 75
0 , 0 , 0 , 0 , 0.0255158 , 0.0661148 , 0.695409 , 0.245554 , -1.97997 , 1.6141 , -1.25063 , 2.28885 , -1.76576 , -93 , -38 , -63
0 , 0 , 0 , 0 , 0.0241229 , 0.0609773 , 0.685042 , 0.221382 , -1.93364 , 1.57793 , -1.13339 , 2.25042 , -1.85958 , -11 , 33 , -98
0 , 0 , 0 , 0 , 0.0228097 , 0.0557011 , 0.67413 , 0.199222 , -1.88617 , 1.54061 , -1.21155 , 2.34494 , -1.82201 , 38 , 2 , -80
0 , 0 , 0 , 0 , 0.0216795 , 0.0503222 , 0.662583 , 0.178079 , -1.8374 , 1.50199 , -0.957517 , 2.48799 , -1.9205 , -58 , -73 , -31
0 , 0 , 0 , 0 , 0.0204371 , 0.0451329 , 0.650957 , 0.157834 , -1.78714 , 1.46219 , -1.01614 , 2.69532 , -1.97385 , 9 , -179 , -22
0 , 0 , 0 , 0 , 0.018841 , 0.0399035 , 0.639424 , 0.139094 , -1.73561 , 1.42131 , -0.801187 , 2.59252 , -2.01628 , -46 , -9 , -36
0 , 0 , 0 , 0 , 0.0171518 , 0.034775 , 0.627582 , 0.121566 , -1.68347 , 1.37921 , -0.898893 , 2.57968 , -2.09744 , -30 , -20 , -113
0 , 0 , 0 , 0 , 0.0152789 , 0.0299571 , 0.615466 , 0.10476 , -1.62981 , 1.33386 , -0.762105 , 2.84751 , -2.14541 , 47 , -211 , 25
0 , 0 , 0 , 0 , 0.013509 , 0.0248281 , 0.603041 , 0.0900847 , -1.57447 , 1.29161 , -0.723023 , 2.76689 , -2.32171 , -198 , -79 , 34
0 , 0 , 0 , 0 , 0.0126421 , 0.019294 , 0.590276 , 0.0754093 , -1.51878 , 1.24346 , -0.605776 , 2.85967 , -2.39034 , -35 , -66 , 54
0 , 0 , 0 , 0 , 0.0116259 , 0.0134294 , 0.577452 , 0.0628248 , -1.46119 , 1.19871 , -0.605776 , 3.03355 , -2.40999 , -13 , -139 , 70
0 , 0 , 0 , 0 , 0.00999223 , 0.00725682 , 0.564234 , 0.0514519 , -1.40306 , 1.14793 , -0.547152 , 2.84925 , -2.39644 , -142 , -14 , 38
0 , 0 , 0 , 0 , 0.00816513 , 0.000757047 , 0.550845 , 0.0405088 , -1.34572 , 1.0987 , -0.488529 , 2.94774 , -2.39034 , -105 , -151 , -160
0 , 0 , 0 , 0 , 0.00651825 , -0.00573721 , 0.537936 , 0.0311486 , -1.28936 , 1.04873 , -0.449447 , 2.68607 , -2.53232 , 104 , 3 , 47
0 , 0 , 0 , 0 , 0.00489094 , -0.0117433 , 0.524994 , 0.0229609 , -1.23195 , 0.998963 , -0.351741 , 2.76362 , -2.51737 , 15 , -94 , 78
0 , 0 , 0 , 0 , 0.00435985 , -0.0174019 , 0.510544 , 0.0165123 , -1.17771 , 0.950443 , -0.293117 , 2.59395 , -2.42369 , -84 , -99 , 33
0 , 0 , 0 , 0 , 0.00618109 , -0.0220956 , 0.494911 , 0.0106304 , -1.12551 , 0.903329 , -0.293117 , 2.48009 , -2.26782 , -60 , 39 , -97
0 , 0 , 0 , 0 , 0.0086294 , -0.0249495 , 0.478681 , 0.00601868 , -1.07439 , 0.857544 , -0.214953 , 2.59539 , -2.21115 , -132 , -115 , -129
0 , 0 , 0 , 0 , 0.0101297 , -0.0257228 , 0.462074 , 0.00267714 , -1.02388 , 0.812893 , -0.117247 , 2.55579 , -2.1854 , -130 , -142 , -47
0 , 0 , 0 , 0 , 0.0093336 , -0.0246026 , 0.44596 , 0.00068394 , -0.974811 , 0.769394 , -0.0781646 , 2.38914 , -2.15626 , -97 , -57 , -34
0 , 0 , 0 , 0 , 0.00615818 , -0.0229262 , 0.430363 , -0.000136788 , -0.927326 , 0.727009 , -0.0195412 , 2.29782 , -2.08995 , -67 , 7 , 2
0 , 0 , 0 , 0 , 0.00234022 , -0.0208501 , 0.415962 , -9.77058e-05 , -0.880876 , 0.685895 , 0.0195412 , 2.31597 , -2.07791 , -35 , -34 , 12
0 , 0 , 0 , 0 , -0.000304428 , -0.0191493 , 0.402543 , 1.95412e-05 , -0.83556 , 0.645933 , 0 , 2.3046 , -2.01367 , -20 , -58 , 64
0 , 0 , 0 , 0 , -0.000237401 , -0.0192101 , 0.389044 , 0 , -0.791202 , 0.607163 , 0 , 2.28998 , -1.90877 , -52 , -149 , 20
0 , 0 , 0 , 0 , 0.00151179 , -0.0207423 , 0.375565 , 1.95412e-05 , -0.748075 , 0.569703 , -0.0195412 , 2.25042 , -1.85958 , -51 , -160 , -93
0 , 0 , 0 , 0 , 0.00296569 , -0.0230045 , 0.361986 , 1.95412e-05 , -0.706237 , 0.533317 , -0.0195412 , 2.11731 , -1.75979 , -50 , -114 , -7
0 , 0 , 0 , 0 , 0.0030148 , -0.0250415 , 0.348856 , 0 , -0.665591 , 0.498085 , 0 , 1.97635 , -1.74021 , -67 , -83 , -64
0 , 0 , 0 , 0 , 0.00159783 , -0.0261891 , 0.336267 , 0 , -0.626255 , 0.464063 , 0 , 2.01627 , -1.63409 , -51 , -110 , -118
0 , 0 , 0 , 0 , -0.000287933 , -0.026353 , 0.32433 , 1.95412e-05 , -0.588208 , 0.431195 , 0 , 1.91814 , -1.61608 , -51 , -116 , -35
0 , 0 , 0 , 0 , -0.00167546 , -0.0259341 , 0.31266 , 0 , -0.551315 , 0.399656 , 0 , 1.89335 , -1.57535 , -82 , -113 , 29
0 , 0 , 0 , 0 , -0.0016351 , -0.0252307 , 0.301096 , 0 , -0.515672 , 0.369445 , 0 , 1.82912 , -1.51335 , -97 , -95 , -62
0 , 0 , 0 , 0 , -0.000227278 , -0.0244829 , 0.290058 , 0 , -0.481299 , 0.338863 , 0 , 1.77242 , -1.39124 , -50 , -71 , -121
0 , 0 , 0 , 0 , 0.00104052 , -0.0240214 , 0.279849 , 0 , -0.448118 , 0.310724 , 0 , 1.64556 , -1.3438 , -66 , 1 , -39
0 , 0 , 0 , 0 , 0.000904474 , -0.0240845 , 0.269998 , 0 , -0.415621 , 0.284148 , 0 , 1.54526 , -1.3392 , -81 , -2 , -4
0 , 0 , 0 , 0 , -0.000513633 , -0.0249848 , 0.26056 , 0 , -0.384277 , 0.258803 , 0 , 1.48885 , -1.2106 , -52 , -36 , -118
0 , 0 , 0 , 0 , -0.00248812 , -0.0264315 , 0.251501 , 0 , -0.35477 , 0.23422 , 0 , 1.50316 , -1.13446 , -82 , -72 , -47
0 , 0 , 0 , 0 , -0.00400546 , -0.0276281 , 0.242524 , 0 , -0.326552 , 0.211455 , 0 , 1.44524 , -1.14499 , -20 , -21 , -28
0 , 0 , 0 , 0 , -0.0045999 , -0.0282539 , 0.234183 , 1.95412e-05 , -0.298804 , 0.189334 , 0 , 1.20253 , -1.03712 , -83 , 70 , -45
0 , 0 , 0 , 0 , -0.00502874 , -0.0285889 , 0.226471 , 0 , -0.272658 , 0.168718 , 0 , 1.30491 , -1.01336 , -51 , -135 , -83
0 , 0 , 0 , 0 , -0.00542546 , -0.0284409 , 0.218679 , 0 , -0.248055 , 0.149138 , 0 , 1.25532 , -0.914198 , -51 , -4 , -46
0 , 0 , 0 , 0 , -0.00566686 , -0.0280403 , 0.211478 , 0 , -0.222711 , 0.131043 , 0 , 1.11451 , -0.923196 , -52 , -6 , 7
0 , 0 , 0 , 0 , -0.00630414 , -0.0282072 , 0.204713 , 0 , -0.200473 , 0.11369 , 0 , 1.14164 , -0.798955 , -51 , -100 , -80
0 , 0 , 0 , 0 , -0.00724372 , -0.0287337 , 0.198392 , 0 , -0.179075 , 0.0980575 , 0 , 1.04684 , -0.739959 , -67 , -10 , -118
0 , 0 , 0 , 0 , -0.00831655 , -0.0294925 , 0.192715 , 0 , -0.158987 , 0.0831672 , 0 , 1.01206 , -0.743003 , -66 , -64 , 2
0 , 0 , 0 , 0 , -0.00907461 , -0.0306564 , 0.187234 , 0 , -0.140091 , 0.0696447 , 0 , 0.931268 , -0.626147 , -83 , -41 , -94
0 , 0 , 0 , 0 , -0.00933978 , -0.0317654 , 0.182284 , 0 , -0.122504 , 0.0576269 , 0 , 0.888903 , -0.610976 , -51 , -33 , -54
0 , 0 , 0 , 0 , -0.00928713 , -0.0329607 , 0.177511 , 0 , -0.105698 , 0.0462735 , 0 , 0.840174 , -0.521557 , -49 , -50 , 2
0 , 0 , 0 , 0 , -0.00927035 , -0.0339605 , 0.173264 , 0 , -0.0908078 , 0.0362879 , 0 , 0.723519 , -0.450773 , -18 , 25 , -59
0 , 0 , 0 , 0 , -0.00972887 , -0.0343752 , 0.169311 , 0 , -0.0763082 , 0.0278266 , 0 , 0.682853 , -0.417096 , -36 , -16 , -105
0 , 0 , 0 , 0 , -0.0103707 , -0.0347995 , 0.165603 , 0 , -0.0634501 , 0.0204596 , 0 , 0.565587 , -0.352089 , -35 , -11 , -119
0 , 0 , 0 , 0 , -0.0110835 , -0.0355197 , 0.162483 , 0 , -0.0520772 , 0.014011 , 0 , 0.53294 , -0.240851 , -36 , 46 , -159
0 , 0 , 0 , 0 , -0.0119054 , -0.0363408 , 0.159783 , 0 , -0.0413882 , 0.00877398 , 0 , 0.529806 , -0.210571 , -35 , -30 , -99
0 , 0 , 0 , 0 , -0.0127573 , -0.0370118 , 0.157479 , 0 , -0.0317739 , 0.00463125 , 0 , 0.432801 , -0.166164 , -66 , -20 , -94
0 , 0 , 0 , 0 , -0.013554 , -0.037693 , 0.155514 , 0 , -0.0238402 , 0.00187595 , 0 , 0.328421 , -0.104908 , -67 , 10 , -34
0 , 0 , 0 , 0 , -0.0141418 , -0.0386328 , 0.153912 , 0 , -0.0171571 , 0.000312659 , 0 , 0.27876 , -0.0567497 , -51 , 63 , 1
0 , 0 , 0 , 0 , -0.0146392 , -0.0397457 , 0.152781 , 0 , -0.0114511 , -0.000136788 , 0 , 0.288215 , 0 , -51 , 15 , -27
0 , 0 , 0 , 0 , -0.0151579 , -0.0406411 , 0.15199 , 0 , -0.0067417 , -0.000156329 , 0 , 0.193603 , 0 , -67 , 33 , -34
0 , 0 , 0 , 0 , -0.0155624 , -0.0412234 , 0.151446 , 0 , -0.00326337 , -0.000156329 , 0 , 0.127608 , 0 , -51 , 25 , -42
0 , 0 , 0 , 0 , -0.0158352 , -0.0416634 , 0.151101 , 0 , -0.000996599 , -0.000156329 , 0 , 0.0704598 , 0 , -65 , -4 , -24
0 , 0 , 0 , 0 , -0.015915 , -0.0420192 , 0.150912 , 0 , 0 , -0.000156329 , 0 , 0.0136993 , 0 , -51 , -29 , -24
0 , 0 , 0 , 0 , -0.0158396 , -0.042225 , 0.150912 , 0 , 0.000117247 , -0.000156329 , 0 , 0 , 0 , -50 , 2 , 29
0 , 0 , 0 , 0 , -0.0157601 , -0.0422583 , 0.150912 , 0 , 0.000117247 , -0.000136788 , 0 , 0 , 0 , -36 , -3 , 2
0 , 0 , 0 , 0 , -0.015663 , -0.0421525 , 0.150999 , 0 , 0.000117247 , -0.000136788 , 0 , 0 , 0 , -67 , 30 , -57
0 , 0 , 0 , 0 , -0.0154536 , -0.041975 , 0.15107 , 0 , 0.000117247 , -0.000117247 , 0 , 0 , 0 , -51 , -20 , 17
0 , 0 , 0 , 0 , -0.0151034 , -0.0417919 , 0.15107 , 0 , 9.77058e-05 , -0.000117247 , 0 , 0 , 0 , -51 , 16 , -42
0 , 0 , 0 , 0 , -0.0147554 , -0.041613 , 0.15107 , 0 , 9.77058e-05 , -0.000117247 , 0 , 0 , 0 , -34 , -16 , 29
0 , 0 , 0 , 0 , -0.0145382 , -0.0414059 , 0.15107 , 0 , 9.77058e-05 , -9.77058e-05 , 0 , 0 , 0.00289468 , -82 , -30 , -5
0 , 0 , 0 , 0 , -0.0144184 , -0.0412363 , 0.15107 , 0 , 9.77058e-05 , -7.81646e-05 , 0 , 0 , 0 , -66 , -43 , 36
0 , 0 , 0 , 0 , -0.0142372 , -0.041197 , 0.15107 , 0 , 9.77058e-05 , -7.81646e-05 , 0 , 0 , 0 , -52 , -47 , -24
0 , 0 , 0 , 0 , -0.0139003 , -0.0412542 , 0.151139 , 0 , 7.81646e-05 , -5.86235e-05 , 0 , 0 , 0 , -65 , -47 , -16
0 , 0 , 0 , 0 , -0.0135182 , -0.0413493 , 0.151139 , 0 , 7.81646e-05 , -5.86235e-05 , 0 , 0 , 0 , -65 , -34 , 29
0 , 0 , 0 , 0 , -0.0132801 , -0.0413978 , 0.151139 , 0 , 5.86235e-05 , -5.86235e-05 , 0 , 0 , 0 , -82 , -25 , 20
0 , 0 , 0 , 0 , -0.0132254 , -0.0413297 , 0.1512 , 0 , 5.86235e-05 , -5.86235e-05 , 0 , 0 , 0 , -66 , -25 , 37
0 , 0 , 0 , 0 , -0.0132071 , -0.0411728 , 0.1512 , 0 , 5.86235e-05 , -3.90823e-05 , 0 , 0 , 0 , -52 , -25 , 29
0 , 0 , 0 , 0 , -0.0130063 , -0.0409738 , 0.151274 , 0 , 5.86235e-05 , -3.90823e-05 , 0 , 0 , 0 , -52 , -34 , 2
0 , 0 , 0 , 0 , -0.0126086 , -0.0408024 , 0.151274 , 0 , 3.90823e-05 , -3.90823e-05 , 0 , 0 , 0 , -66 , -43 , 2
0 , 0 , 0 , 0 , -0.0122166 , -0.0407118 , 0.151274 , 0 , 3.90823e-05 , -1.95412e-05 , 0 , 0 , 0 , -66 , -20 , -16
0 , 0 , 0 , 0 , -0.0119823 , -0.0406925 , 0.151274 , 0 , 3.90823e-05 , -1.95412e-05 , 0 , 0 , 0 , -67 , -25 , 10
0 , 0 , 0 , 0 , -0.0118538 , -0.0407208 , 0.151274 , 0 , 3.90823e-05 , -1.95412e-05 , 0 , 0 , 0 , -51 , -11 , 2
0 , 0 , 0 , 0 , -0.0117129 , -0.040744 , 0.151274 , 0 , 1.95412e-05 , -1.95412e-05 , 0 , 0 , 0 , -67 , -39 , 29
0 , 0 , 0 , 0 , -0.0114797 , -0.0407034 , 0.151274 , 0 , 1.95412e-05 , -1.95412e-05 , 0 , 0 , 0 , -51 , -34 , 10
0 , 0 , 0 , 0 , -0.0112497 , -0.0406034 , 0.151274 , 0 , 1.95412e-05 , -1.95412e-05 , 0 , 0 , 0 , -67 , -47 , 29
0 , 0 , 0 , 0 , -0.011149 , -0.040512 , 0.151274 , 0 , 1.95412e-05 , -1.95412e-05 , 0 , 0 , 0 , -67 , -43 , -24
0 , 0 , 0 , 0 , -0.0111287 , -0.040416 , 0.151274 , 0 , 1.95412e-05 , 0 , 0 , 0 , 0 , -51 , -11 , 47
0 , 0 , 0 , 0 , -0.0110383 , -0.0403314 , 0.151358 , 0 , 1.95412e-05 , 0 , 0 , 0 , 0 , -82 , -38 , 2
0 , 0 , 0 , 0 , -0.0107927 , -0.0403051 , 0.151358 , 0 , 1.95412e-05 , 0 , 0 , 0 , 0 , -52 , -21 , 2
0 , 0 , 0 , 0 , -0.0104947 , -0.0402763 , 0.151358 , 0 , 0 , 0 , 0 , 0 , 0 , -20 , -52 , -51
0 , 0 , 0 , 0 , -0.0102943 , -0.0402347 , 0.151358 , 0 , 1.95412e-05 , 0 , 0 , 0 , 0 , -52 , -47 , -24
0 , 0 , 0 , 0 , -0.0102689 , -0.0402157 , 0.151358 , 0 , 0 , 0 , 0 , 0 , 0 , -51 , -38 , 2
0 , 0 , 0 , 0 , -0.0103133 , -0.0401891 , 0.151425 , 0 , 1.95412e-05 , 0 , 0 , 0 , 0 , -51 , -43 , -32
0 , 0 , 0 , 0 , -0.0102476 , -0.0401332 , 0.151425 , 0 , 0 , 0 , 0 , 0 , 0 , -51 , -39 , 2
0 , 0 , 0 , 0 , -0.0100515 , -0.0400806 , 0.151425 , 0 , 0 , 0 , 0 , 0 , 0 , -67 , -56 , 20
0 , 0 , 0 , 0 , -0.00985852 , -0.0400253 , 0.151425 , 0 , 0 , 0 , 0 , 0 , 0 , -35 , 1 , 20
0 , 0 , 0 , 0 , -0.00972738 , -0.0399545 , 0.151425 , 0 , 0 , 1.95412e-05 , 0 , 0 , 0 , -66 , -56 , -5
0 , 0 , 0 , 0 , -0.00967525 , -0.0399193 , 0.151425 , 0 , 0 , 1.95412e-05 , 0 , 0 , 0 , -50 , -38 , 18
0 , 0 , 0 , 0 , -0.0096621 , -0.0399553 , 0.151425 , 0 , 0 , 1.95412e-05 , 0 , 0 , 0 , -51 , -47 , 29
0 , 0 , 0 , 0 , -0.00962435 , -0.040018 , 0.151425 , 0 , 0 , 1.95412e-05 , 0 , 0 , 0 , -51 , -52 , -24
0 , 0 , 0 , 0 , -0.00958629 , -0.0400825 , 0.151425 , 0 , 0 , 1.95412e-05 , 0 , 0 , 0 , -51 , -47 , 29
0 , 0 , 0 , 0 , -0.00948486 , -0.0401116 , 0.151425 , 0 , 0 , 1.95412e-05 , 0 , 0 , 0 , -51 , -25 , 20
0 , 0 , 0 , 0 , -0.00930211 , -0.040068 , 0.151425 , 0 , 0 , 1.95412e-05 , 0 , 0 , 0 , -35 , -47 , 10
0 , 0 , 0 , 0 , -0.009133 , -0.0399867 , 0.151425 , 0 , 0 , 1.95412e-05 , 0 , 0 , 0 , -66 , -34 , 37
0 , 0 , 0 , 0 , -0.0090069 , -0.0399352 , 0.151425 , 0 , 0 , 1.95412e-05 , 0 , 0 , 0 , -35 , -47 , -24
0 , 0 , 0 , 0 , -0.00895624 , -0.0399367 , 0.151425 , 0 , 0 , 1.95412e-05 , 0 , 0 , 0 , -52 , -52 , -42
0 , 0 , 0 , 0 , -0.0089886 , -0.0399471 , 0.151425 , 0 , 0 , 1.95412e-05 , 0 , 0 , 0 , -83 , -43 , 2
0 , 0 , 0 , 0 , -0.00899982 , -0.0399192 , 0.151425 , 0 , 0 , 1.95412e-05 , 0 , 0 , 0 , -51 , -43 , -59
0 , 0 , 0 , 0 , -0.00892622 , -0.0398495 , 0.151425 , 0 , 0 , 1.95412e-05 , 0 , 0 , 0 , -35 , -61 , -77
0 , 0 , 0 , 0 , -0.00877174 , -0.0397757 , 0.151425 , 0 , 0 , 1.95412e-05 , 0 , 0 , 0 , -98 , -43 , 20
0 , 0 , 0 , 0 , -0.00863154 , -0.0397675 , 0.151425 , 0 , 0 , 1.95412e-05 , 0 , 0 , 0 , -51 , -43 , -76
0 , 0 , 0 , 0 , -0.00858872 , -0.0398267 , 0.151425 , 0 , 0 , 0 , 0 , 0 , 0 , -36 , -43 , 13
0 , 0 , 0 , 0 , -0.0086307 , -0.039869 , 0.151425 , 0 , 0 , 0 , 0 , 0 , 0 , -81 , -39 , -27
0 , 0 , 0 , 0 , -0.00868948 , -0.0398551 , 0.151425 , 0 , 1.95412e-05 , 0 , 0 , 0 , 0 , -51 , -21 , 2
0 , 0 , 0 , 0 , -0.00867958 , -0.0397923 , 0.151425 , 0 , 0 , 0 , 0 , 0 , 0 , -35 , -34 , 20
0 , 0 , 0 , 0 , -0.00856384 , -0.0396772 , 0.151425 , 0 , 0 , 0 , 0 , 0 , 0 , -50 , -47 , 18
0 , 0 , 0 , 0 , -0.00840983 , -0.0395805 , 0.151425 , 0 , 0 , 0 , 0 , 0 , 0 , -51 , -34 , 10
0 , 0 , 0 , 0 , -0.0083185 , -0.0395884 , 0.151425 , 0 , 0 , 0 , 0 , 0 , 0 , -51 , -25 , -16
0 , 0 , 0 , 0 , -0.00829577 , -0.0396403 , 0.151425 , 0 , 0 , 1.95412e-05 , 0 , 0 , 0 , -35 , -30 , 10
0 , 0 , 0 , 0 , -0.00827996 , -0.0396744 , 0.151425 , 0 , 0 , 0 , 0 , 0 , 0 , -51 , -43 , 10
0 , 0 , 0 , 0 , -0.00822977 , -0.0396529 , 0.151425 , 0 , 0 , 1.95412e-05 , 0 , 0 , 0 , -35 , -30 , 0
0 , 0 , 0 , 0 , -0.0081696 , -0.039572 , 0.151425 , 0 , 0 , 0 , 0.0195412 , 0 , 0 , -18 , -25 , -5
0 , 0 , 0 , 0 , -0.00810513 , -0.0395387 , 0.151425 , 0 , 0 , 0 , 0 , 0 , 0 , -82 , -47 , -34
0 , 0 , 0 , 0 , -0.00807403 , -0.0395453 , 0.151425 , 0 , 0 , 0 , 0 , 0 , 0 , -52 , -25 , 37
0 , 0 , 0 , 0 , -0.00807191 , -0.0395698 , 0.151425 , 0 , 0 , 0 , 0 , 0 , 0 , -51 , -34 , -24
0 , 0 , 0 , 0 , -0.00808074 , -0.0396107 , 0.151425 , 0 , 0 , 0 , 0 , 0 , 0 , -81 , -56 , -24
0 , 0 , 0 , 0 , -0.0080668 , -0.0395953 , 0.151425 , 0 , 0 , 0 , 0 , 0 , 0 , -83 , -25 , -69
0 , 0 , 0 , 0 , -0.00798967 , -0.0395226 , 0.151425 , 0 , 0 , 0 , 0 , 0 , 0 , -35 , -47 , -16
0 , 0 , 0 , 0 , -0.00790831 , -0.0394674 , 0.151425 , 0 , 0 , 0 , 0 , 0 , 0 , -51 , -38 , 20
0 , 0 , 0 , 0 , -0.00786049 , -0.0394755 , 0.151425 , 0 , 0 , 0 , 0 , 0 , 0 , -67 , -34 , 20
0 , 0 , 0 , 0 , -0.00786274 , -0.0394941 , 0.151425 , 0 , 0 , 0 , 0 , 0 , 0 , -51 , -43 , 10
0 , 0 , 0 , 0 , -0.00789652 , -0.0395219 , 0.151425 , 0 , 0 , 1.95412e-05 , 0 , 0 , 0 , -67 , -34 , 29
0 , 0 , 0 , 0 , -0.00789663 , -0.0395387 , 0.151425 , 0 , 0 , 0 , 0 , 0 , 0 , -35 , -52 , -5
0 , 0 , 0 , 0 , -0.00783217 , -0.0394991 , 0.151425 , 0 , 0 , 0 , 0 , 0 , 0 , -50 , -25 , 2
0 , 0 , 0 , 0 , -0.00775432 , -0.0394625 , 0.151425 , 0 , 0 , 0 , 0 , 0 , 0 , -66 , -25 , -16
0 , 0 , 0 , 0 , -0.0077073 , -0.0394732 , 0.151425 , 0 , 0 , 0 , 0 , 0 , 0 , -35 , -47 , -51
0 , 0 , 0 , 0 , -0.0077432 , -0.0394832 , 0.151425 , 0 , 0 , 0 , 0 , 0 , 0 , -51 , -47 , -8
0 , 0 , 0 , 0 , -0.00782017 , -0.0395001 , 0.151425 , 0 , 0 , 0 , 0 , 0 , 0 , -51 , -25 , -16
0 , 0 , 0 , 0 , -0.00783078 , -0.0395538 , 0.151425 , 0 , 0 , 0 , 0 , 0 , 0 , -35 , -30 , 10
0 , 0 , 0 , 0 , -0.00774779 , -0.039548 , 0.151425 , 0 , 0 , 0 , 0 , 0 , 0 , -66 , -43 , -34
0 , 0 , 0 , 0 , -0.00762855 , -0.0394831 , 0.151425 , 0 , 0 , 0 , 0 , 0 , 0 , -35 , -39 , 2
0 , 0 , 0 , 0 , -0.0075941 , -0.0394599 , 0.151425 , 0 , 0 , 0 , 0 , 0 , 0 , -35 , -43 , -77
0 , 0 , 0 , 0 , -0.00765602 , -0.0394453 , 0.151425 , 0 , 0 , 0 , 0 , 0 , 0 , -34 , -56 , -16
0 , 0 , 0 , 0 , -0.00773871 , -0.0394229 , 0.151425 , 1.95412e-05 , 0 , 0 , 0 , 0 , 0 , -35 , -8 , 2
0 , 0 , 0 , 0 , -0.0077225 , -0.0394433 , 0.151425 , 0 , 0 , 1.95412e-05 , 0 , 0 , 0 , -49 , -30 , 10
0 , 0 , 0 , 0 , -0.00761505 , -0.0394661 , 0.151425 , 0 , 0 , 0 , 0 , 0 , 0 , -35 , -25 , 18
0 , 0 , 0 , 0 , -0.00754384 , -0.0394675 , 0.151425 , 0 , 0 , 0 , 0 , 0 , 0 , -50 , -34 , -24
0 , 0 , 0 , 0 , -0.007583 , -0.0394928 , 0.151425 , 0 , 0 , 0 , 0 , 0 , 0 , -51 , -78 , 18
0 , 0 , 0 , 0 , -0.00770601 , -0.039485 , 0.151425 , 0 , 0 , 0 , 0 , 0 , 0 , -52 , -56 , -16
0 , 0 , 0 , 0 , -0.0077902 , -0.0394467 , 0.151425 , 0 , 0 , 0 , 0 , 0 , 0 , -66 , -43 , 2
0 , 0 , 0 , 0 , -0.00775783 , -0.0394816 , 0.151425 , 0 , 0 , 0 , 0 , 0 , 0 , -51 , -65 , -32
0 , 0 , 0 , 0 , -0.00761696 , -0.0395412 , 0.151425 , 0 , 0 , 0 , 0 , 0 , 0 , -82 , -47 , 10
0 , 0 , 0 , 0 , -0.00744821 , -0.03959 , 0.151425 , 0 , 0 , 0 , 0 , 0 , 0 , -80 , -38 , -51
0 , 0 , 0 , 0 , -0.00737853 , -0.0396137 , 0.151425 , 0 , 0 , 0 , 0 , 0 , 0 , -36 , -39 , 10
0 , 0 , 0 , 0 , -0.00744032 , -0.0395769 , 0.151425 , 0 , 0 , 0 , 0 , 0 , 0 , -50 , -25 , -16
0 , 0 , 0 , 0 , -0.00752554 , -0.0395038 , 0.151425 , 0 , 0 , 0 , 0 , 0 , 0 , -21 , -56 , -16
0 , 0 , 0 , 0 , -0.00755281 , -0.0394378 , 0.151425 , 0 , 0 , 0 , 0 , 0 , 0 , -21 , -30 , -16
0 , 0 , 0 , 0 , -0.00751275 , -0.039403 , 0.151425 , 0 , 0 , 0 , 0 , 0 , 0 , -34 , -52 , 18
0 , 0 , 0 , 0 , -0.00746588 , -0.0393858 , 0.151425 , 0 , 0 , 0 , 0 , 0 , 0 , -51 , -61 , 10
0 , 0 , 0 , 0 , -0.00747034 , -0.0394079 , 0.151425 , 0 , 0 , 0 , 0 , 0 , 0 , -66 , -38 , 2
0 , 0 , 0 , 0 , -0.00750213 , -0.039481 , 0.151425 , 0 , 0 , 0 , 0 , 0 , 0 , -51 , -38 , -5
0 , 0 , 0 , 0 , -0.0074905 , -0.0395397 , 0.151425 , 0 , 0 , 0 , 0 , 0 , 0 , -67 , -65 , -51
0 , 0 , 0 , 0 , -0.00743869 , -0.0395497 , 0.151425 , 0 , 0 , 0 , 0 , 0 , 0 , -35 , -56 , 2
0 , 0 , 0 , 0 , -0.00739638 , -0.0395625 , 0.151425 , 0 , 0 , 0 , 0 , 0 , 0 , -51 , -38 , 2
0 , 0 , 0 , 0 , -0.00735499 , -0.0395692 , 0.151425 , 0 , 0 , 0 , 0 , 0 , 0 , -52 , -43 , -24
0 , 0 , 0 , 0 , -0.0073298 , -0.0395305 , 0.151425 , 0 , 0 , 0 , 0 , 0 , 0 , -37 , -25 , 20
0 , 0 , 0 , 0 , -0.00734519 , -0.0394686 , 0.151425 , 0 , 0 , 0 , 0 , 0 , 0 , -51 , -78 , -8
0 , 0 , 0 , 0 , -0.00738797 , -0.0394034 , 0.151425 , 0 , 0 , 0 , 0 , 0 , 0 , -83 , -25 , 10
0 , 0 , 0 , 0 , -0.007422 , -0.0393293 , 0.151425 , 0 , 0 , 0 , 0 , 0 , 0 , -36 , -38 , 37
0 , 0 , 0 , 0 , -0.00740479 , -0.0393 , 0.151425 , 0 , 0 , 0 , 0 , 0 , 0 , -52 , -30 , -16
0 , 0 , 0 , 0 , -0.00735038 , -0.0393486 , 0.151425 , 0 , 0 , 0 , 0 , 0 , 0 , -35 , -47 , 10
0 , 0 , 0 , 0 , -0.00730345 , -0.0393987 , 0.151425 , 0 , 0 , 0 , 0 , 0 , 0 , -66 , -78 , -42
0 , 0 , 0 , 0 , -0.00729694 , -0.0394275 , 0.151425 , 0 , 0 , 0 , 0 , 0 , 0 , -35 , -47 , 10
0 , 0 , 0 , 0 , -0.00733618 , -0.0394724 , 0.151425 , 0 , 0 , 0 , 0 , 0 , 0 , -35 , -47 , -16
0 , 0 , 0 , 0 , -0.00738087 , -0.0395042 , 0.151425 , 0 , 0 , 0 , 0 , 0 , 0 , -52 , -61 , -51
0 , 0 , 0 , 0 , -0.00738608 , -0.0395072 , 0.151425 , 0 , 0 , 0 , 0 , 0 , 0 , -34 , -11 , -51
0 , 0 , 0 , 0 , -0.00733248 , -0.0394948 , 0.151425 , 0 , 0 , 0 , 0 , 0 , 0 , -67 , -43 , -16
0 , 0 , 0 , 0 , -0.00726347 , -0.0394787 , 0.151425 , 0 , 0 , 0 , 0 , 0 , 0 , -36 , -43 , -42
0 , 0 , 0 , 0 , -0.00724542 , -0.0394641 , 0.151425 , 0 , 0 , 0 , 0 , 0 , 0 , -66 , -43 , -34
0 , 0 , 0 , 0 , -0.00726492 , -0.0394245 , 0.151425 , 0 , 0 , 0 , 0 , 0 , 0 , -67 , -43 , 2
0 , 0 , 0 , 0 , -0.00726516 , -0.0393805 , 0.151425 , 0 , 0 , 0 , 0 , 0 , 0 , -51 , -34 , -76
0 , 0 , 0 , 0 , -0.00723256 , -0.0393693 , 0.151425 , 0 , 0 , 0 , 0 , 0 , 0 , -83 , -34 , 2
0 , 0 , 0 , 0 , -0.00719986 , -0.039416 , 0.151425 , 0 , 0 , 0 , 0 , 0 , 0 , -51 , -25 , 10
0 , 0 , 0 , 0 , -0.00721749 , -0.0394669 , 0.151425 , 0 , 0 , 0 , 0 , 0 , 0 , -51 , -11 , -42
0 , 0 , 0 , 0 , -0.00729533 , -0.0394849 , 0.151425 , 0 , 0 , 0 , 0 , 0 , 0 , -82 , -56 , 0
0 , 0 , 0 , 0 , -0.00735809 , -0.0394869 , 0.151425 , 0 , 0 , 0 , 0 , 0 , 0 , -67 , -34 , 2
0 , 0 , 0 , 0 , -0.00736344 , -0.0394715 , 0.151425 , 0 , 0 , 0 , 0 , 0 , 0 , -50 , -39 , 47
0 , 0 , 0 , 0 , -0.00731763 , -0.0394613 , 0.151425 , 0 , 0 , 0 , 0 , 0 , 0 , -51 , -56 , 29
0 , 0 , 0 , 0 , -0.00726961 , -0.0394593 , 0.151425 , 0 , 0 , 0 , 0 , 0 , 0 , -52 , -47 , -16
0 , 0 , 0 , 0 , -0.00726732 , -0.0394493 , 0.151425 , 0 , 0 , 0 , 0 , 0 , 0 , -52 , -61 , -8
0 , 0 , 0 , 0 , -0.0072838 , -0.0394361 , 0.151425 , 0 , 0 , 0 , 0 , 0 , 0 , -83 , -25 , 37
0 , 0 , 0 , 0 , -0.00727652 , -0.0394647 , 0.151425 , 0 , 0 , 0 , 0 , 0 , 0 , -67 , -65 , -42
0 , 0 , 0 , 0 , -0.00723647 , -0.0394955 , 0.151425 , 0 , 0 , 0 , 0 , 0 , 0 , -67 , -43 , 10
0 , 0 , 0 , 0 , -0.00720489 , -0.0394802 , 0.151425 , 0 , 0 , 0 , 0 , 0 , 0 , -52 , -20 , 10
0 , 0 , 0 , 0 , -0.00722113 , -0.0394196 , 0.151425 , 0 , 0 , 0 , 0 , 0 , 0 , -51 , -34 , 20
0 , 0 , 0 , 0 , -0.00728714 , -0.0393166 , 0.151425 , 0 , 0 , 0 , 0 , 0 , 0 , -66 , -47 , -34
0 , 0 , 0 , 0 , -0.00733218 , -0.039244 , 0.151425 , 0 , 0 , 0 , 0 , 0 , 0 , -66 , -34 , 10
0 , 0 , 0 , 0 , -0.00732045 , -0.0392841 , 0.151425 , 0 , 0 , 0 , 0 , 0 , 0 , -67 , -61 , -42
0 , 0 , 0 , 0 , -0.00728027 , -0.0394025 , 0.151425 , 0 , 0 , 0 , 0 , 0 , 0 , -35 , -25 , -16
0 , 0 , 0 , 0 , -0.00728432 , -0.0394846 , 0.151425 , 0 , 0 , 0 , 0 , 0 , 0 , -37 , -43 , -8
0 , 0 , 0 , 0 , -0.00734123 , -0.0395144 , 0.151425 , 0 , 0 , 0 , 0 , 0 , 0 , -66 , -11 , -16
0 , 0 , 0 , 0 , -0.00736227 , -0.0395023 , 0.151425 , 0 , 0 , 0 , 0 , 0 , 0 , -36 , -47 , -24
0 , 0 , 0 , 0 , -0.00728166 , -0.0394554 , 0.151425 , 0 , 1.95412e-05 , 0 , 0 , 0 , 0 , -66 , -69 , 2
0 , 0 , 0 , 0 , -0.00715367 , -0.0394527 , 0.151425 , 0 , 0 , 0 , 0 , 0 , 0 , -51 , -39 , 2
0 , 0 , 0 , 0 , -0.00710995 , -0.0395152 , 0.151425 , 0 , 0 , 0 , 0 , 0 , 0 , -51 , -34 , 2
0 , 0 , 0 , 0 , -0.00718317 , -0.0395397 , 0.151425 , 0 , 0 , 0 , 0 , 0 , 0 , -51 , -43 , -34
0 , 0 , 0 , 0 , -0.00730896 , -0.0394842 , 0.151425 , 0 , 0 , 0 , 0 , 0 , 0 , -19 , -34 , 29
0 , 0 , 0 , 0 , -0.0073729 , -0.0393964 , 0.151425 , 0 , 0 , 0 , 0 , 0 , 0 , -80 , -43 , 2
0 , 0 , 0 , 0 , -0.00731007 , -0.0393816 , 0.151425 , 0 , 0 , 0 , 0 , 0 , 0 , -66 , -52 , -8
0 , 0 , 0 , 0 , -0.00721136 , -0.0395264 , 0.151425 , 1.95412e-05 , 0 , 0 , -0.0195412 , 0 , 0 , -35 , -47 , -5
0 , 0 , 0 , 0 , -0.00722714 , -0.0397321 , 0.151425 , 0 , 0 , 0 , 0 , 0 , 0 , -67 , -38 , 10
0 , 0 , 0 , 0 , -0.00737795 , -0.0398436 , 0.151425 , 0 , 0 , 0 , 0 , 0 , 0 , -67 , -47 , -34
0 , 0 , 0 , 0 , -0.00752152 , -0.0398325 , 0.151425 , 0 , 0 , 0 , 0 , 0 , 0 , -52 , -30 , -16
0 , 0 , 0 , 0 , -0.00750414 , -0.0397608 , 0.151425 , 0 , 0 , 0 , 0 , 0 , 0 , -36 , -30 , -16
0 , 0 , 0 , 0 , -0.00734166 , -0.0396785 , 0.151425 , 0 , 0 , 0 , 0 , 0 , 0 , -67 , -11 , -24
0 , 0 , 0 , 0 , -0.0071806 , -0.0396747 , 0.151425 , 0 , 0 , 0 , 0 , 0 , 0 , -36 , -25 , -16
0 , 0 , 0 , 0 , -0.00715622 , -0.0397602 , 0.151425 , 0 , 0 , 0 , 0 , 0 , 0 , -51 , -30 , 2
0 , 0 , 0 , 0 , -0.00727619 , -0.0398281 , 0.151425 , 0 , 0 , 0 , 0 , 0 , 0 , -51 , -78 , -16
0 , 0 , 0 , 0 , -0.00743058 , -0.0398263 , 0.151425 , -1.95412e-05 , 0 , 0 , 0 , 0 , 0 , -35 , -43 , 2
0 , 0 , 0 , 0 , -0.00746072 , -0.0397897 , 0.151425 , 0 , 0 , 0 , 0 , 0 , 0 , -21 , -78 , -51
0 , 0 , 0 , 0 , -0.00733779 , -0.0397426 , 0.151425 , 0 , 0 , 0 , 0 , 0 , 0 , -52 , -52 , 29
0 , 0 , 0 , 0 , -0.00721383 , -0.0397456 , 0.151425 , 0 , 0 , 0 , 0 , 0 , 0 , -51 , -43 , -24
0.000360, , 1.000000, -1.922374, 0.923275
0.000358, , 1.000000, -1.922918, 0.923815
0.001141, , 1.000000, -1.959655, 0.960663
0.001142, , 1.000000, -1.958150, 0.959160
