10 , 10 , 10.3955 , 6.79653 , -0.00768152 , -0.274714 , 0.00166822 , 0 , 0 , 0 , 0 , 0 , 0 , -56 , -57 , -30
10 , 10 , 11.3616 , 7.15095 , -0.00750047 , -0.274268 , 0.00166822 , 0.000644858 , -0.0003322 , 0.000429905 , 0.0781646 , -0.125801 , 0.0897755 , 55 , -87 , 0
10 , 10 , 12.3258 , 7.51157 , -0.00731493 , -0.27378 , 0.00151049 , 0.0034197 , -0.00302888 , 0.00263806 , 0.195412 , -0.179936 , 0.145107 , 34 , -202 , 43
10 , 10 , 13.2959 , 7.86631 , -0.00760464 , -0.273595 , 0.00151049 , 0.0080705 , -0.00760151 , 0.00689803 , 0.293117 , -0.311164 , 0.283478 , 50 , -175 , -46
10 , 10 , 14.2721 , 8.18574 , -0.00903723 , -0.27369 , 0.00240869 , 0.0148904 , -0.0145386 , 0.0117833 , 0.371282 , -0.408241 , 0.178512 , 118 , -206 , -79
10 , 10 , 15.2503 , 8.45911 , -0.0113962 , -0.273865 , 0.00443166 , 0.0237816 , -0.0236643 , 0.0146363 , 0.50807 , -0.442441 , 0.102847 , 16 , -221 , -17
10 , 10 , 16.2275 , 8.70021 , -0.0137489 , -0.27398 , 0.00716979 , 0.0345878 , -0.0347246 , 0.0155352 , 0.625317 , -0.606553 , 0.0103657 , -69 , -148 , -64
10 , 10 , 17.201 , 8.92429 , -0.0151333 , -0.27392 , 0.0101979 , 0.0473287 , -0.0472701 , 0.0147145 , 0.68394 , -0.709727 , -0.100796 , 68 , -169 , -111
10 , 10 , 18.1617 , 9.15136 , -0.0149797 , -0.273317 , 0.0129922 , 0.0621018 , -0.0620236 , 0.0116465 , 0.84027 , -0.814779 , -0.189966 , -1 , -202 , -165
10 , 10 , 19.0956 , 9.39033 , -0.0134597 , -0.271611 , 0.0153379 , 0.079044 , -0.0793176 , 0.00627271 , 0.820728 , -0.884213 , -0.332519 , 40 , -129 , -155
10 , 10 , 19.9975 , 9.64451 , -0.0111412 , -0.268682 , 0.0171748 , 0.0975299 , -0.0977839 , -0.000488529 , 0.937975 , -0.984438 , -0.42175 , 112 , -191 , -147
10 , 10 , 20.8737 , 9.91111 , -0.00861921 , -0.264915 , 0.0185996 , 0.118576 , -0.118927 , -0.0101614 , 1.03568 , -1.03666 , -0.493047 , -19 , -135 , -259
10 , 10 , 21.7258 , 10.1857 , -0.00712544 , -0.260464 , 0.0197464 , 0.141087 , -0.14269 , -0.0214562 , 1.21155 , -1.22387 , -0.555935 , 2 , -163 , -231
10 , 10 , 22.5506 , 10.4562 , -0.00706523 , -0.255251 , 0.0209391 , 0.166041 , -0.16653 , -0.0348028 , 1.28972 , -1.29769 , -0.711015 , 17 , -147 , -136
10 , 10 , 23.3449 , 10.7261 , -0.00777327 , -0.249209 , 0.0220839 , 0.19293 , -0.194669 , -0.049869 , 1.38742 , -1.43334 , -0.789537 , -2 , -114 , -243
10 , 10 , 24.1016 , 10.9731 , -0.00928718 , -0.242108 , 0.0237503 , 0.222945 , -0.223453 , -0.0672216 , 1.56329 , -1.50896 , -0.91456 , 24 , -179 , -150
10 , 10 , 24.8176 , 11.2042 , -0.0112202 , -0.233917 , 0.0257367 , 0.253996 , -0.254348 , -0.0862156 , 1.58283 , -1.58442 , -0.934235 , 17 , -256 , -272
10 , 10 , 25.4922 , 11.4164 , -0.0129627 , -0.224706 , 0.0280993 , 0.286825 , -0.287314 , -0.105561 , 1.68054 , -1.62616 , -1.00382 , -15 , -230 , -240
10 , 10 , 26.1239 , 11.6016 , -0.0139489 , -0.214505 , 0.0310228 , 0.321491 , -0.32239 , -0.124106 , 1.71962 , -1.81919 , -0.90468 , -13 , -182 , -161
10 , 10 , 26.7114 , 11.7552 , -0.0143676 , -0.203355 , 0.0346004 , 0.357955 , -0.359127 , -0.141869 , 1.95412 , -1.87444 , -0.825681 , -74 , -177 , -227
10 , 10 , 27.2581 , 11.8999 , -0.0145697 , -0.191484 , 0.0382184 , 0.39651 , -0.39821 , -0.159085 , 1.9932 , -1.98555 , -0.811397 , -31 , -197 , -219
10 , 10 , 27.7658 , 12.0211 , -0.0143146 , -0.179046 , 0.042244 , 0.437077 , -0.439031 , -0.175441 , 2.0909 , -2.07516 , -0.741595 , 3 , -159 , -258
10 , 10 , 28.2347 , 12.1151 , -0.0141693 , -0.166099 , 0.0467524 , 0.479696 , -0.482002 , -0.191171 , 2.16907 , -2.20389 , -0.802509 , 35 , -193 , -197
10 , 10 , 28.6738 , 12.198 , -0.014302 , -0.153084 , 0.051305 , 0.524211 , -0.526986 , -0.206316 , 2.24723 , -2.25258 , -0.725088 , -27 , -226 , -232
10 , 10 , 29.0877 , 12.251 , -0.0146986 , -0.140195 , 0.0563851 , 0.570739 , -0.573767 , -0.220913 , 2.4231 , -2.31826 , -0.708009 , -46 , -354 , -279
10 , 10 , 29.4771 , 12.2653 , -0.0157343 , -0.127465 , 0.0621808 , 0.619259 , -0.622327 , -0.235725 , 2.48173 , -2.51064 , -0.657582 , 35 , -351 , -259
10 , 10 , 29.8473 , 12.2518 , -0.0170989 , -0.115095 , 0.0683845 , 0.669793 , -0.673486 , -0.248681 , 2.57943 , -2.61418 , -0.702074 , -3 , -210 , -216
10 , 10 , 30.2035 , 12.1969 , -0.0182986 , -0.103285 , 0.0753148 , 0.722378 , -0.726521 , -0.262457 , 2.71622 , -2.69998 , -0.665039 , -47 , -318 , -210
10 , 10 , 30.5428 , 12.1075 , -0.0191874 , -0.0918533 , 0.0827626 , 0.777035 , -0.781119 , -0.277172 , 2.7553 , -2.75874 , -0.702919 , 17 , -263 , -206
10 , 10 , 30.8604 , 11.9954 , -0.0193892 , -0.0805599 , 0.090401 , 0.833372 , -0.838277 , -0.291124 , 2.95071 , -2.99672 , -0.702919 , -36 , -161 , -230
10 , 10 , 31.1559 , 11.8496 , -0.0187899 , -0.0693667 , 0.0984945 , 0.892112 , -0.897135 , -0.305995 , 2.97026 , -2.98718 , -0.757897 , 12 , -335 , -242
10 , 10 , 31.437 , 11.665 , -0.0175899 , -0.0586092 , 0.107155 , 0.952553 , -0.957497 , -0.321061 , 3.06796 , -3.10998 , -0.749658 , -19 , -145 , -350
10 , 10 , 31.687 , 11.4915 , -0.016214 , -0.0475142 , 0.115082 , 1.0152 , -1.01632 , -0.336772 , 3.16567 , -2.78496 , -0.800863 , -32 , -328 , -307
10 , 10 , 31.8869 , 11.3255 , -0.014581 , -0.0352936 , 0.122405 , 1.07965 , -1.07302 , -0.353343 , 3.28291 , -2.86316 , -0.854568 , -29 , -258 , -293
10 , 10 , 32.0431 , 11.1539 , -0.0118499 , -0.0223369 , 0.129488 , 1.1463 , -1.12803 , -0.37007 , 3.322 , -2.62149 , -0.789008 , 157 , -318 , -371
10 , 10 , 32.1625 , 10.9923 , -0.00913152 , -0.00900681 , 0.135947 , 1.21306 , -1.18304 , -0.386798 , 3.34154 , -2.60258 , -0.797056 , -82 , -321 , -380
10 , 10 , 32.2431 , 10.8137 , -0.00689084 , 0.00474822 , 0.1425 , 1.27817 , -1.23387 , -0.403486 , 3.26337 , -2.55579 , -0.824521 , -38 , -195 , -303
10 , 10 , 32.288 , 10.6488 , -0.00480357 , 0.0187585 , 0.148366 , 1.3417 , -1.28282 , -0.419979 , 3.06796 , -2.42245 , -0.846548 , 14 , -258 , -252
10 , 10 , 32.296 , 10.4871 , -0.00273787 , 0.0330414 , 0.153842 , 1.403 , -1.32948 , -0.435924 , 3.0875 , -2.22267 , -0.784256 , -46 , -351 , -337
10 , 10 , 32.2714 , 10.3198 , -0.000605609 , 0.0473972 , 0.159176 , 1.46268 , -1.37365 , -0.451244 , 2.85301 , -2.11636 , -0.733251 , 61 , -443 , -300
10 , 10 , 32.2237 , 10.148 , 0.00094686 , 0.0613985 , 0.164348 , 1.52011 , -1.41685 , -0.465998 , 2.91163 , -2.0364 , -0.732335 , -128 , -349 , -326
10 , 10 , 32.1588 , 9.99143 , 0.00254548 , 0.0748303 , 0.168861 , 1.57576 , -1.45757 , -0.480087 , 2.6576 , -1.90956 , -0.679298 , -2 , -337 , -288
10 , 10 , 32.0902 , 9.81922 , 0.0043155 , 0.0871581 , 0.173537 , 1.63178 , -1.49603 , -0.493199 , 2.63806 , -1.85443 , -0.652458 , -3 , -423 , -319
10 , 10 , 32.0185 , 9.64776 , 0.00610223 , 0.0984664 , 0.177949 , 1.68322 , -1.53306 , -0.505667 , 2.57943 , -1.71539 , -0.614502 , -89 , -395 , -332
10 , 10 , 31.9445 , 9.47057 , 0.00819787 , 0.108807 , 0.182278 , 1.73268 , -1.56775 , -0.517333 , 2.46219 , -1.56381 , -0.54533 , -65 , -349 , -335
10 , 10 , 31.8808 , 9.29749 , 0.0101927 , 0.117734 , 0.186276 , 1.78004 , -1.60046 , -0.528842 , 2.30586 , -1.60392 , -0.53294 , -2 , -317 , -353
10 , 10 , 31.828 , 9.1187 , 0.0120208 , 0.12535 , 0.190211 , 1.8255 , -1.63081 , -0.539375 , 2.16907 , -1.48179 , -0.516052 , 52 , -404 , -311
10 , 10 , 31.7891 , 8.94367 , 0.0139825 , 0.13165 , 0.193845 , 1.86882 , -1.65918 , -0.549751 , 2.12999 , -1.42723 , -0.478754 , 15 , -418 , -369
10 , 10 , 31.7682 , 8.7841 , 0.0158106 , 0.136581 , 0.196897 , 1.91028 , -1.68646 , -0.559307 , 2.01274 , -1.24796 , -0.490981 , 33 , -470 , -344
10 , 10 , 31.7537 , 8.63192 , 0.0174877 , 0.140775 , 0.199601 , 1.94968 , -1.71124 , -0.569605 , 1.97366 , -1.22067 , -0.460329 , -34 , -355 , -429
10 , 10 , 31.7403 , 8.48377 , 0.0191974 , 0.144525 , 0.202062 , 1.98708 , -1.73379 , -0.579395 , 1.85641 , -1.07467 , -0.514239 , 26 , -366 , -329
10 , 10 , 31.7274 , 8.35335 , 0.020759 , 0.147899 , 0.203944 , 2.02249 , -1.75478 , -0.589185 , 1.7587 , -0.991513 , -0.487513 , -3 , -293 , -319
10 , 10 , 31.7117 , 8.22682 , 0.0221642 , 0.151078 , 0.205628 , 2.05604 , -1.77318 , -0.598487 , 1.58283 , -0.838075 , -0.461598 , 12 , -478 , -354
10 , 10 , 31.6862 , 8.1106 , 0.023425 , 0.154383 , 0.206963 , 2.08733 , -1.79056 , -0.6073 , 1.50467 , -0.786627 , -0.416652 , 49 , -473 , -374
10 , 10 , 31.6491 , 7.99873 , 0.0244659 , 0.157878 , 0.208117 , 2.11801 , -1.80549 , -0.615937 , 1.36788 , -0.668827 , -0.422053 , -12 , -388 , -327
10 , 10 , 31.599 , 7.88943 , 0.0252809 , 0.161609 , 0.209146 , 2.14488 , -1.81813 , -0.624027 , 1.36788 , -0.567505 , -0.402216 , -14 , -440 , -338
10 , 10 , 31.5382 , 7.77709 , 0.0257629 , 0.165453 , 0.210198 , 2.16991 , -1.8288 , -0.631355 , 1.19201 , -0.508442 , -0.381534 , 83 , -340 , -334
10 , 10 , 31.4684 , 7.67544 , 0.0262855 , 0.16932 , 0.210923 , 2.19183 , -1.83745 , -0.638038 , 1.0943 , -0.387846 , -0.310175 , -21 , -385 , -303
10 , 10 , 31.3881 , 7.58459 , 0.0271407 , 0.173281 , 0.211337 , 2.21392 , -1.8439 , -0.644057 , 0.977058 , -0.228282 , -0.269409 , 9 , -438 , -339
10 , 10 , 31.2993 , 7.5054 , 0.0282201 , 0.177237 , 0.211431 , 2.23295 , -1.84826 , -0.649118 , 0.898893 , -0.171113 , -0.23291 , -3 , -494 , -347
10 , 10 , 31.2109 , 7.43697 , 0.0293562 , 0.180802 , 0.211248 , 2.24989 , -1.85098 , -0.653144 , 0.781646 , -0.104535 , -0.121448 , 80 , -405 , -412
10 , 10 , 31.129 , 7.37831 , 0.0302644 , 0.183751 , 0.210825 , 2.26494 , -1.85176 , -0.655938 , 0.742564 , -0.0165892 , -0.104274 , -32 , -431 , -275
10 , 10 , 31.0584 , 7.32785 , 0.0308084 , 0.185939 , 0.210216 , 2.27797 , -1.85149 , -0.65754 , 0.586235 , 0.100658 , -0.0318736 , -35 , -214 , -328
10 , 10 , 31.0024 , 7.27861 , 0.0307222 , 0.187286 , 0.209608 , 2.28884 , -1.84844 , -0.658224 , 0.488529 , 0.182855 , -0.0363665 , 21 , -47 , -342
10 , 10 , 30.9637 , 7.22972 , 0.0302875 , 0.187762 , 0.209022 , 2.29773 , -1.84322 , -0.658889 , 0.449447 , 0.357459 , -0.0503199 , -14 , -20 , -323
10 , 10 , 30.9502 , 7.19203 , 0.0305325 , 0.1871 , 0.208182 , 2.30484 , -1.83546 , -0.660432 , 0.312658 , 0.42175 , -0.0439712 , 15 , -80 , -380
10 , 10 , 30.9653 , 7.18597 , 0.0315684 , 0.18527 , 0.206582 , 2.30986 , -1.82561 , -0.662074 , 0.214953 , 0.535373 , -0.0839874 , -34 , -140 , -372
10 , 10 , 31.0055 , 7.21532 , 0.0329442 , 0.182523 , 0.204164 , 2.31279 , -1.81397 , -0.663618 , 0.0977058 , 0.623981 , -0.0447572 , -20 , -139 , -311
10 , 10 , 31.0698 , 7.27467 , 0.033954 , 0.178996 , 0.201109 , 2.31377 , -1.80085 , -0.663754 , 0 , 0.652095 , -0.0063213 , -3 , 15 , -207
10 , 10 , 31.1522 , 7.34786 , 0.0336912 , 0.175016 , 0.197862 , 2.31285 , -1.78465 , -0.663305 , -0.136788 , 0.868494 , 0.0140762 , 29 , -97 , -68
10 , 10 , 31.2489 , 7.42855 , 0.0321442 , 0.170787 , 0.194593 , 2.30973 , -1.76765 , -0.661605 , -0.195412 , 0.921025 , 0.0880485 , -40 , -83 , -105
10 , 10 , 31.3667 , 7.50535 , 0.0304367 , 0.166051 , 0.191593 , 2.30463 , -1.74751 , -0.660022 , -0.254035 , 1.03666 , 0.0733891 , -102 , -90 , -108
10 , 10 , 31.5024 , 7.59589 , 0.0293382 , 0.160983 , 0.188401 , 2.29773 , -1.72675 , -0.658928 , -0.410364 , 1.10924 , 0.016947 , 43 , -129 , -67
10 , 10 , 31.659 , 7.70707 , 0.0289888 , 0.155489 , 0.18485 , 2.28878 , -1.70456 , -0.658283 , -0.527611 , 1.07025 , 0.0770542 , 18 , -123 , -98
10 , 10 , 31.8327 , 7.83844 , 0.0289483 , 0.149772 , 0.180971 , 2.27912 , -1.68521 , -0.65711 , -0.351741 , 0.893645 , 0.0887689 , -68 , -82 , -113
10 , 10 , 32.0108 , 7.96608 , 0.0280849 , 0.1444 , 0.177389 , 2.2726 , -1.66786 , -0.655449 , -0.293117 , 0.842283 , 0.0847889 , -33 , -104 , -48
10 , 10 , 32.1884 , 8.08949 , 0.0263245 , 0.139554 , 0.174101 , 2.26758 , -1.65244 , -0.653671 , -0.17587 , 0.70165 , 0.102381 , -6 , -112 , -115
10 , 10 , 32.3658 , 8.19454 , 0.0240753 , 0.135172 , 0.171452 , 2.26496 , -1.6395 , -0.652167 , -0.0977058 , 0.546604 , 0.130448 , -22 , 28 , -131
10 , 10 , 32.5455 , 8.27507 , 0.0217574 , 0.131106 , 0.169564 , 2.26421 , -1.62792 , -0.6516 , 0.0195412 , 0.473529 , 0.008591 , 21 , -36 , -132
10 , 10 , 32.7274 , 8.34467 , 0.020021 , 0.127321 , 0.168053 , 2.26548 , -1.61846 , -0.651737 , 0.117247 , 0.444285 , -0.0712828 , 64 , -145 , -180
10 , 10 , 32.9075 , 8.40622 , 0.0190943 , 0.123974 , 0.166825 , 2.26881 , -1.61119 , -0.653261 , 0.17587 , 0.30846 , -0.0748692 , 72 , -44 , -328
10 , 10 , 33.0791 , 8.46605 , 0.018879 , 0.121308 , 0.165705 , 2.27416 , -1.60605 , -0.655704 , 0.293117 , 0.20194 , -0.0773393 , 33 , -12 , -337
10 , 10 , 33.2389 , 8.53158 , 0.0191448 , 0.119399 , 0.164499 , 2.28137 , -1.60294 , -0.658205 , 0.371282 , 0.125103 , -0.103065 , -18 , -34 , -356
10 , 10 , 33.3784 , 8.59639 , 0.0192888 , 0.118549 , 0.163374 , 2.29067 , -1.60157 , -0.660628 , 0.429905 , 0.0316745 , -0.0747738 , 146 , -17 , -336
10 , 10 , 33.4943 , 8.6537 , 0.0188786 , 0.1188 , 0.162498 , 2.30205 , -1.60153 , -0.662074 , 0.625317 , 0 , -0.0447918 , 53 , -334 , -334
10 , 10 , 33.5895 , 8.69378 , 0.0179073 , 0.119922 , 0.162106 , 2.31535 , -1.60337 , -0.663031 , 0.703482 , -0.196722 , -0.0403239 , -3 , -336 , -270
10 , 10 , 33.6745 , 8.71164 , 0.0164572 , 0.121376 , 0.1623 , 2.33056 , -1.60814 , -0.663618 , 0.742564 , -0.314502 , -0.0143303 , 9 , -369 , -316
10 , 10 , 33.7571 , 8.70172 , 0.0147708 , 0.122802 , 0.163191 , 2.34754 , -1.61498 , -0.66522 , 0.820728 , -0.425731 , -0.0653395 , 37 , -398 , -321
10 , 10 , 33.8343 , 8.66776 , 0.0135348 , 0.124321 , 0.164646 , 2.36432 , -1.62434 , -0.667311 , 0.801187 , -0.46306 , -0.104833 , -49 , -424 , -338
10 , 10 , 33.9019 , 8.62328 , 0.0132372 , 0.126118 , 0.166292 , 2.37818 , -1.63524 , -0.670653 , 0.68394 , -0.606864 , -0.203129 , 68 , -363 , -337
10 , 10 , 33.9584 , 8.57349 , 0.0136075 , 0.128222 , 0.167989 , 2.39176 , -1.64791 , -0.674834 , 0.664399 , -0.629343 , -0.190459 , -75 , -502 , -359
10 , 10 , 34.0044 , 8.5201 , 0.014133 , 0.130584 , 0.169688 , 2.40417 , -1.66287 , -0.679485 , 0.625317 , -0.814779 , -0.209818 , -81 , -435 , -316
10 , 10 , 34.0347 , 8.44966 , 0.0144284 , 0.133403 , 0.171732 , 2.41468 , -1.67976 , -0.684214 , 0.449447 , -0.798683 , -0.236766 , 39 , -436 , -322
10 , 10 , 34.0429 , 8.3702 , 0.0144397 , 0.136915 , 0.173899 , 2.42383 , -1.69521 , -0.689002 , 0.351741 , -0.727789 , -0.263594 , 80 , -393 , -358
10 , 10 , 34.0301 , 8.28992 , 0.0146332 , 0.141001 , 0.175974 , 2.43098 , -1.70872 , -0.693946 , 0.312658 , -0.648846 , -0.244365 , 14 , -357 , -378
10 , 10 , 34.0006 , 8.21604 , 0.0154241 , 0.145423 , 0.177778 , 2.4362 , -1.72036 , -0.699183 , 0.195412 , -0.469737 , -0.275873 , -15 , -408 , -307
10 , 10 , 33.9584 , 8.15781 , 0.0167678 , 0.149981 , 0.17909 , 2.43932 , -1.72965 , -0.704068 , 0.117247 , -0.455324 , -0.207296 , -66 , -346 , -354
10 , 10 , 33.906 , 8.11603 , 0.0184336 , 0.154551 , 0.179915 , 2.44048 , -1.73715 , -0.707898 , 0 , -0.323617 , -0.173852 , -3 , -373 , -312
10 , 10 , 33.8457 , 8.08731 , 0.0199508 , 0.159037 , 0.180365 , 2.43975 , -1.74262 , -0.710614 , -0.117247 , -0.218497 , -0.0750231 , -18 , -367 , -309
10 , 10 , 33.7826 , 8.07012 , 0.0209102 , 0.163218 , 0.180498 , 2.43686 , -1.74612 , -0.711318 , -0.156329 , -0.100245 , -0.00847531 , -106 , -388 , -243
10 , 10 , 33.7226 , 8.05789 , 0.0210182 , 0.166873 , 0.180498 , 2.43198 , -1.74741 , -0.710985 , -0.273576 , -0.0223392 , 0.0425912 , -86 , -387 , -96
10 , 10 , 33.6764 , 8.04566 , 0.020449 , 0.169591 , 0.180498 , 2.42559 , -1.74745 , -0.709598 , -0.371282 , 0 , 0.075487 , 31 , -158 , -83
10 , 10 , 33.6546 , 8.02607 , 0.0198961 , 0.170997 , 0.180685 , 2.41966 , -1.74577 , -0.708289 , -0.214953 , 0.198454 , 0.0376797 , -15 , -89 , -76
10 , 10 , 33.6596 , 8.00756 , 0.019563 , 0.171111 , 0.180835 , 2.41525 , -1.74102 , -0.70825 , -0.17587 , 0.311164 , 0 , 20 , -45 , -176
10 , 10 , 33.6952 , 8.00686 , 0.0202687 , 0.169896 , 0.180524 , 2.41292 , -1.73414 , -0.708601 , -0.0586235 , 0.38568 , -0.0160788 , 3 , -137 , -323
10 , 10 , 33.7626 , 8.04522 , 0.0223744 , 0.167415 , 0.179236 , 2.41243 , -1.7255 , -0.710008 , 0.0390823 , 0.45339 , -0.0800646 , 51 , -101 , -271
10 , 10 , 33.8559 , 8.12242 , 0.0242966 , 0.164052 , 0.177027 , 2.41396 , -1.71745 , -0.710419 , 0.136788 , 0.356156 , -0.0118888 , 93 , -99 , -258
10 , 10 , 33.9669 , 8.21595 , 0.0244238 , 0.160241 , 0.174518 , 2.41761 , -1.71153 , -0.71036 , 0.254035 , 0.293704 , 0 , 81 , -71 , 1
10 , 10 , 34.0875 , 8.29071 , 0.0220617 , 0.156373 , 0.172618 , 2.42332 , -1.70745 , -0.708719 , 0.312658 , 0.177485 , 0.0774621 , 39 , -77 , -65
10 , 10 , 34.212 , 8.3201 , 0.0183646 , 0.152698 , 0.17197 , 2.4307 , -1.70559 , -0.707683 , 0.371282 , 0.0434118 , 0.0166751 , 45 , -64 , -48
10 , 10 , 34.337 , 8.30285 , 0.0150446 , 0.149349 , 0.172542 , 2.4386 , -1.70542 , -0.707781 , 0.371282 , 0 , -0.0477854 , -17 , -205 , -265
10 , 10 , 34.4593 , 8.26131 , 0.0138972 , 0.146426 , 0.173703 , 2.44704 , -1.70649 , -0.710087 , 0.410364 , -0.150471 , -0.174786 , -7 , -380 , -323
10 , 10 , 34.5725 , 8.24294 , 0.0152793 , 0.144173 , 0.174213 , 2.45492 , -1.71069 , -0.714698 , 0.390823 , -0.310504 , -0.196987 , 94 , -340 , -367
10 , 10 , 34.6581 , 8.24951 , 0.0169016 , 0.143327 , 0.174063 , 2.46387 , -1.71726 , -0.72017 , 0.371282 , -0.400706 , -0.242144 , 32 , -319 , -380
10 , 10 , 34.7069 , 8.255 , 0.0178005 , 0.144147 , 0.173948 , 2.4718 , -1.72519 , -0.725172 , 0.371282 , -0.399341 , -0.21179 , -3 , -486 , -336
10 , 10 , 34.7209 , 8.2462 , 0.017935 , 0.1464 , 0.174202 , 2.47854 , -1.73484 , -0.728963 , 0.273576 , -0.445465 , -0.139049 , 44 , -430 , -326
10 , 10 , 34.6974 , 8.21314 , 0.0167839 , 0.150054 , 0.17506 , 2.48419 , -1.74333 , -0.731582 , 0.214953 , -0.393445 , -0.0968339 , -16 , -324 , -324
10 , 10 , 34.6452 , 8.16428 , 0.015557 , 0.154609 , 0.176275 , 2.48771 , -1.74958 , -0.733184 , 0.0977058 , -0.255996 , -0.0278149 , 25 , -378 , -374
10 , 10 , 34.5711 , 8.10938 , 0.0153746 , 0.159683 , 0.177581 , 2.48905 , -1.75388 , -0.734552 , 0.0195412 , -0.173237 , -0.0579854 , 29 , -300 , -282
10 , 10 , 34.4812 , 8.06071 , 0.0163557 , 0.164966 , 0.17866 , 2.48851 , -1.75597 , -0.735334 , -0.0977058 , -0.0720711 , -0.0415059 , -21 , -307 , -300
10 , 10 , 34.3873 , 8.03836 , 0.0185324 , 0.16992 , 0.179013 , 2.48583 , -1.7565 , -0.735392 , -0.214953 , -0.00600642 , -0.00499263 , -1 , -179 , -309
10 , 10 , 34.3003 , 8.04451 , 0.0206329 , 0.174115 , 0.178623 , 2.48124 , -1.75569 , -0.735275 , -0.254035 , 0.117906 , 0 , -56 , 12 , -154
10 , 10 , 34.2277 , 8.06777 , 0.0213049 , 0.177293 , 0.177818 , 2.47461 , -1.75175 , -0.732832 , -0.390823 , 0.271404 , 0.164211 , -32 , -32 , -99
10 , 10 , 34.1768 , 8.09177 , 0.0207924 , 0.179232 , 0.177036 , 2.46647 , -1.74561 , -0.729804 , -0.3322 , 0.394239 , 0.146778 , -50 , -52 , -39
10 , 10 , 34.1599 , 8.11622 , 0.0197484 , 0.179521 , 0.176284 , 2.45924 , -1.73817 , -0.725934 , -0.293117 , 0.32641 , 0.15517 , 19 , -96 , -17
10 , 10 , 34.193 , 8.13531 , 0.0182505 , 0.177622 , 0.175707 , 2.4538 , -1.73269 , -0.722769 , -0.214953 , 0.220885 , 0.118527 , 36 , -142 , -63
10 , 10 , 34.278 , 8.14657 , 0.0171572 , 0.173659 , 0.175359 , 2.45021 , -1.72929 , -0.721284 , -0.0977058 , 0.117482 , 0.0329972 , -42 , -66 , -23
10 , 10 , 34.4046 , 8.15363 , 0.016546 , 0.168267 , 0.175137 , 2.4487 , -1.72783 , -0.721186 , -0.0195412 , 0.0143458 , 0 , -26 , -72 , -241
10 , 10 , 34.5608 , 8.15612 , 0.0161622 , 0.162106 , 0.175042 , 2.44925 , -1.72783 , -0.722866 , 0.0781646 , 0 , -0.191454 , 32 , -316 , -301
10 , 10 , 34.7297 , 8.15507 , 0.0160835 , 0.155975 , 0.175042 , 2.45163 , -1.72949 , -0.726892 , 0.17587 , -0.191956 , -0.227398 , 34 , -405 , -358
10 , 10 , 34.8983 , 8.16404 , 0.0162818 , 0.15043 , 0.174787 , 2.45644 , -1.73414 , -0.731601 , 0.234494 , -0.294886 , -0.293999 , 87 , -484 , -275
10 , 10 , 35.044 , 8.17946 , 0.0162823 , 0.146402 , 0.174382 , 2.46312 , -1.74127 , -0.737014 , 0.410364 , -0.46749 , -0.299403 , -4 , -382 , -322
10 , 10 , 35.1443 , 8.17149 , 0.0151604 , 0.144707 , 0.174592 , 2.4717 , -1.7495 , -0.742075 , 0.468988 , -0.377 , -0.250526 , 31 , -410 , -378
10 , 10 , 35.1894 , 8.14258 , 0.0144021 , 0.145562 , 0.175325 , 2.48216 , -1.75685 , -0.747 , 0.586235 , -0.32953 , -0.197783 , -36 , -324 , -423
10 , 10 , 35.1801 , 8.11221 , 0.0146688 , 0.148683 , 0.176056 , 2.494 , -1.76218 , -0.751436 , 0.527611 , -0.247043 , -0.250419 , 76 , -338 , -335
10 , 10 , 35.1241 , 8.08395 , 0.0152312 , 0.153531 , 0.176695 , 2.50383 , -1.76531 , -0.755051 , 0.351741 , -0.0844227 , -0.110903 , 93 , -402 , -330
10 , 10 , 35.0235 , 8.06811 , 0.0163459 , 0.15985 , 0.176985 , 2.51135 , -1.76652 , -0.756888 , 0.312658 , -0.0232147 , -0.0368782 , 13 , -370 , -354
10 , 10 , 34.8893 , 8.0714 , 0.0180036 , 0.167028 , 0.176774 , 2.51696 , -1.7665 , -0.757161 , 0.234494 , 0 , 0 , -52 , -131 , -82
10 , 10 , 34.7388 , 8.09416 , 0.0189045 , 0.174239 , 0.176078 , 2.5205 , -1.76443 , -0.755422 , 0.117247 , 0.206566 , 0.175309 , -46 , -98 , -16
10 , 10 , 34.5838 , 8.11382 , 0.0183272 , 0.180964 , 0.175497 , 2.5221 , -1.76005 , -0.751064 , 0.0195412 , 0.342225 , 0.227752 , -20 , -21 , 38
10 , 10 , 34.4431 , 8.12033 , 0.0171679 , 0.186441 , 0.175282 , 2.52175 , -1.75341 , -0.745222 , -0.0977058 , 0.359653 , 0.300324 , -39 , -13 , -42
10 , 10 , 34.3473 , 8.11588 , 0.0160659 , 0.189462 , 0.175356 , 2.51934 , -1.747 , -0.739066 , -0.156329 , 0.272033 , 0.273941 , -130 , 13 , -54
10 , 10 , 34.3193 , 8.11015 , 0.0153123 , 0.189272 , 0.175458 , 2.51481 , -1.74123 , -0.733712 , -0.293117 , 0.251819 , 0.24946 , -56 , -45 , -147
10 , 10 , 34.3599 , 8.10826 , 0.0145429 , 0.186132 , 0.175458 , 2.50844 , -1.73684 , -0.729471 , -0.410364 , 0.18337 , 0.140044 , -52 , -78 , -30
10 , 10 , 34.4648 , 8.10636 , 0.0142106 , 0.180507 , 0.175458 , 2.5 , -1.73443 , -0.72738 , -0.488529 , 0.0763923 , 0.0593474 , 34 , -109 , -59
10 , 10 , 34.6278 , 8.10869 , 0.0141789 , 0.172904 , 0.175351 , 2.49038 , -1.734 , -0.72699 , -0.527611 , 0.00833099 , 0.00538264 , 58 , -168 , -197
10 , 10 , 34.8308 , 8.10702 , 0.0139486 , 0.164284 , 0.175351 , 2.48229 , -1.73447 , -0.72824 , -0.3322 , -0.0863119 , -0.146485 , -38 , -421 , -288
10 , 10 , 35.0496 , 8.10534 , 0.0138617 , 0.155791 , 0.175351 , 2.47639 , -1.73815 , -0.732207 , -0.234494 , -0.216642 , -0.28765 , -58 , -471 , -245
10 , 10 , 35.2633 , 8.10366 , 0.0137929 , 0.148318 , 0.175351 , 2.47254 , -1.74432 , -0.738069 , -0.0977058 , -0.335372 , -0.35659 , -36 , -406 , -355
10 , 10 , 35.444 , 8.10473 , 0.013308 , 0.142969 , 0.175281 , 2.47076 , -1.75206 , -0.745671 , -0.0390823 , -0.344034 , -0.352516 , -46 , -428 , -443
10 , 10 , 35.5602 , 8.09549 , 0.0127447 , 0.140913 , 0.175477 , 2.471 , -1.75988 , -0.753468 , 0.0586235 , -0.368236 , -0.367544 , 8 , -429 , -354
10 , 10 , 35.6006 , 8.08056 , 0.0128499 , 0.142324 , 0.175807 , 2.47315 , -1.76689 , -0.76064 , 0.156329 , -0.315349 , -0.335759 , 67 , -427 , -344
10 , 10 , 35.5735 , 8.06627 , 0.0136098 , 0.146522 , 0.176105 , 2.47768 , -1.77232 , -0.766658 , 0.273576 , -0.22687 , -0.20803 , 14 , -368 , -445
10 , 10 , 35.4854 , 8.06058 , 0.014513 , 0.152958 , 0.176167 , 2.4839 , -1.77569 , -0.770996 , 0.351741 , -0.118144 , -0.138262 , 37 , -382 , -437
10 , 10 , 35.3403 , 8.06528 , 0.0153228 , 0.161254 , 0.175962 , 2.49206 , -1.77717 , -0.773302 , 0.50807 , -0.0363713 , -0.0497391 , -36 , -374 , -471
10 , 10 , 35.1484 , 8.08093 , 0.0161639 , 0.170798 , 0.17549 , 2.50254 , -1.77729 , -0.773908 , 0.586235 , 0 , -0.00650855 , 22 , -162 , -265
10 , 10 , 34.9291 , 8.10058 , 0.0163166 , 0.180623 , 0.17494 , 2.51278 , -1.77543 , -0.773263 , 0.449447 , 0.227752 , 0.131324 , -21 , -51 , -68
10 , 10 , 34.7075 , 8.11372 , 0.0156579 , 0.18963 , 0.174585 , 2.52071 , -1.77041 , -0.769531 , 0.312658 , 0.314672 , 0.21042 , -43 , -113 , -20
10 , 10 , 34.511 , 8.12335 , 0.0150388 , 0.196702 , 0.174337 , 2.52648 , -1.76378 , -0.763766 , 0.214953 , 0.376756 , 0.303432 , 17 , -16 , 0
10 , 10 , 34.3729 , 8.13223 , 0.0147609 , 0.200587 , 0.174122 , 2.53046 , -1.75585 , -0.756028 , 0.117247 , 0.328421 , 0.463425 , 50 , 29 , -28
10 , 10 , 34.3136 , 8.14259 , 0.0145657 , 0.200706 , 0.173879 , 2.53234 , -1.74825 , -0.746843 , 0.0586235 , 0.311991 , 0.484891 , 2 , -41 , -66
10 , 10 , 34.3397 , 8.14728 , 0.0137512 , 0.197117 , 0.173794 , 2.53234 , -1.74229 , -0.738441 , -0.0586235 , 0.228819 , 0.345248 , 16 , -5 , -105
10 , 10 , 34.4503 , 8.14123 , 0.0126654 , 0.190215 , 0.173987 , 2.53021 , -1.73805 , -0.731797 , -0.156329 , 0.119202 , 0.238597 , -38 , -33 , -56
10 , 10 , 34.6395 , 8.13204 , 0.011422 , 0.180569 , 0.174249 , 2.52614 , -1.73621 , -0.727615 , -0.312658 , 0.0716489 , 0.15199 , 1 , -78 , -85
10 , 10 , 34.888 , 8.10637 , 0.010114 , 0.169263 , 0.174916 , 2.51983 , -1.73576 , -0.725505 , -0.371282 , 0.00490556 , 0.066345 , -51 , -254 , -64
10 , 10 , 35.1689 , 8.07643 , 0.00994494 , 0.157615 , 0.175658 , 2.51223 , -1.73692 , -0.725075 , -0.3322 , -0.0803055 , 0 , -28 , -435 , -174
10 , 10 , 35.452 , 8.05684 , 0.0105531 , 0.146973 , 0.176098 , 2.50645 , -1.74055 , -0.726091 , -0.254035 , -0.302807 , -0.124149 , 31 , -371 , -323
10 , 10 , 35.7055 , 8.04086 , 0.010895 , 0.138607 , 0.176422 , 2.50256 , -1.74714 , -0.729882 , -0.117247 , -0.330086 , -0.209219 , -17 , -398 , -402
10 , 10 , 35.9031 , 8.02108 , 0.0105819 , 0.133442 , 0.176827 , 2.50097 , -1.75544 , -0.735744 , -0.0390823 , -0.475068 , -0.324065 , 19 , -323 , -371
10 , 10 , 36.0223 , 7.99248 , 0.0102624 , 0.132148 , 0.177435 , 2.50119 , -1.76488 , -0.74358 , 0.0781646 , -0.382159 , -0.511102 , 56 , -482 , -319
10 , 10 , 36.0525 , 7.96347 , 0.0107232 , 0.134824 , 0.178021 , 2.50371 , -1.77301 , -0.753566 , 0.17587 , -0.328054 , -0.558318 , 58 , -452 , -348
10 , 10 , 35.9975 , 7.95191 , 0.0118777 , 0.140932 , 0.178134 , 2.50795 , -1.77944 , -0.764978 , 0.273576 , -0.284578 , -0.595161 , 16 , -478 , -347
10 , 10 , 35.8634 , 7.96172 , 0.0132906 , 0.149884 , 0.177696 , 2.51448 , -1.78381 , -0.775159 , 0.371282 , -0.188258 , -0.507779 , -21 , -398 , -366
10 , 10 , 35.6613 , 7.99552 , 0.0150985 , 0.160932 , 0.176672 , 2.52235 , -1.7861 , -0.783854 , 0.488529 , -0.0757208 , -0.415178 , 66 , -442 , -303
10 , 10 , 35.4075 , 8.05299 , 0.0168017 , 0.173176 , 0.175098 , 2.53298 , -1.78657 , -0.790264 , 0.547152 , -0.00730169 , -0.227839 , -3 , -399 , -260
10 , 10 , 35.1217 , 8.12116 , 0.0172117 , 0.185658 , 0.173335 , 2.54187 , -1.78655 , -0.794602 , 0.390823 , 0 , -0.148639 , -18 , 48 , -332
10 , 10 , 34.8312 , 8.17711 , 0.0157696 , 0.197165 , 0.171974 , 2.5486 , -1.78292 , -0.796888 , 0.254035 , 0.252035 , -0.0360183 , 35 , -63 , -342
10 , 10 , 34.5615 , 8.21254 , 0.0132844 , 0.206695 , 0.171207 , 2.55315 , -1.77705 , -0.797318 , 0.136788 , 0.372212 , -0.00677929 , 7 , -79 , -226
10 , 10 , 34.3447 , 8.24142 , 0.0120886 , 0.213041 , 0.170646 , 2.55563 , -1.7689 , -0.796458 , 0.0977058 , 0.401805 , 0.11145 , 53 , -63 , -33
10 , 10 , 34.2126 , 8.28733 , 0.0126499 , 0.215136 , 0.169681 , 2.55628 , -1.76058 , -0.792648 , 0 , 0.350407 , 0.238695 , -58 , 25 , -93
10 , 10 , 34.1797 , 8.34487 , 0.0129694 , 0.212742 , 0.16847 , 2.55489 , -1.7528 , -0.786844 , -0.136788 , 0.343027 , 0.362768 , -45 , -74 , -94
10 , 10 , 34.2354 , 8.39335 , 0.0119969 , 0.206746 , 0.167553 , 2.55145 , -1.74702 , -0.77893 , -0.234494 , 0.21179 , 0.396639 , -28 , -27 , -44
10 , 10 , 34.3712 , 8.41331 , 0.0100672 , 0.197854 , 0.16741 , 2.54604 , -1.74317 , -0.768632 , -0.351741 , 0.103319 , 0.554881 , -3 , -30 , -29
10 , 10 , 34.5827 , 8.39641 , 0.00736571 , 0.186521 , 0.168211 , 2.53859 , -1.74161 , -0.756868 , -0.429905 , 0.0290815 , 0.627321 , -28 , -67 , -31
10 , 10 , 34.8463 , 8.32978 , 0.00384224 , 0.174004 , 0.170235 , 2.52933 , -1.74155 , -0.744557 , -0.605776 , 0 , 0.606864 , 36 , -239 , -122
10 , 10 , 35.1365 , 8.21946 , 0.00142127 , 0.16151 , 0.173265 , 2.51884 , -1.74288 , -0.733985 , -0.429905 , -0.20512 , 0.473339 , -57 , -337 , -115
10 , 10 , 35.4261 , 8.1017 , 0.00172774 , 0.150221 , 0.176326 , 2.51061 , -1.74743 , -0.725641 , -0.390823 , -0.291078 , 0.380051 , 34 , -403 , -84
10 , 10 , 35.6898 , 7.99615 , 0.00353785 , 0.14111 , 0.178918 , 2.50443 , -1.75394 , -0.719388 , -0.214953 , -0.39239 , 0.289356 , -12 , -389 , -95
10 , 10 , 35.9048 , 7.91258 , 0.00532801 , 0.134954 , 0.180815 , 2.50035 , -1.76179 , -0.714972 , -0.136788 , -0.426661 , 0.182683 , 4 , -293 , -107
10 , 10 , 36.0455 , 7.8384 , 0.00639151 , 0.132592 , 0.182374 , 2.49828 , -1.76853 , -0.71249 , -0.0390823 , -0.325144 , 0.0782469 , -15 , -387 , -110
10 , 10 , 36.1043 , 7.77039 , 0.0072698 , 0.133992 , 0.183695 , 2.4981 , -1.77387 , -0.711982 , 0.0781646 , -0.224697 , 0.00941277 , 65 , -362 , -159
10 , 10 , 36.0879 , 7.71154 , 0.00820101 , 0.13851 , 0.184714 , 2.50008 , -1.77676 , -0.712783 , 0.17587 , -0.0986921 , -0.13068 , 50 , -392 , -288
10 , 10 , 36.005 , 7.66313 , 0.0089347 , 0.145473 , 0.185414 , 2.50395 , -1.77803 , -0.716496 , 0.254035 , -0.0155552 , -0.274454 , 34 , -416 , -292
10 , 10 , 35.8716 , 7.63659 , 0.0104653 , 0.153968 , 0.185522 , 2.51028 , -1.77795 , -0.722065 , 0.351741 , 0 , -0.331768 , 5 , -82 , -322
10 , 10 , 35.7082 , 7.64762 , 0.0133521 , 0.162963 , 0.184668 , 2.51786 , -1.77533 , -0.729862 , 0.429905 , 0.200353 , -0.410815 , 78 , -47 , -376
10 , 10 , 35.5324 , 7.70588 , 0.0159118 , 0.171647 , 0.182658 , 2.52814 , -1.7699 , -0.739496 , 0.547152 , 0.325323 , -0.535862 , 41 , -95 , -280
10 , 10 , 35.3636 , 7.80091 , 0.0180392 , 0.179213 , 0.179817 , 2.53801 , -1.76335 , -0.751084 , 0.488529 , 0.31383 , -0.666174 , 2 , -50 , -254
10 , 10 , 35.2234 , 7.93712 , 0.0198325 , 0.184829 , 0.176077 , 2.54586 , -1.75782 , -0.763297 , 0.3322 , 0.263002 , -0.531247 , 16 , -80 , -289
10 , 10 , 35.1227 , 8.08635 , 0.019733 , 0.188216 , 0.172201 , 2.55141 , -1.75435 , -0.7734 , 0.195412 , 0.134953 , -0.418289 , 44 , -87 , -396
10 , 10 , 35.0702 , 8.22175 , 0.0174904 , 0.189197 , 0.168879 , 2.55501 , -1.75267 , -0.781861 , 0.136788 , 0.028577 , -0.326499 , -12 , -21 , -328
10 , 10 , 35.0721 , 8.31622 , 0.013034 , 0.187739 , 0.166771 , 2.55651 , -1.75259 , -0.788056 , 0.0195412 , 0 , -0.265504 , 15 , -251 , -230
10 , 10 , 35.1187 , 8.35594 , 0.00813608 , 0.184487 , 0.166165 , 2.55622 , -1.75413 , -0.792316 , -0.0781646 , -0.124413 , -0.118192 , -50 , -397 , -382
10 , 10 , 35.1946 , 8.35669 , 0.00519198 , 0.180272 , 0.166583 , 2.55374 , -1.7587 , -0.794348 , -0.17587 , -0.260317 , -0.0408857 , -55 , -383 , -354
10 , 10 , 35.2841 , 8.32745 , 0.00409006 , 0.175862 , 0.167741 , 2.5493 , -1.76521 , -0.794739 , -0.234494 , -0.343428 , 0 , -86 , -393 , -233
10 , 10 , 35.3706 , 8.27858 , 0.00391687 , 0.171999 , 0.169338 , 2.54293 , -1.77197 , -0.79384 , -0.390823 , -0.269905 , 0.106009 , 19 , -405 , -15
10 , 10 , 35.439 , 8.22538 , 0.00448491 , 0.169284 , 0.170962 , 2.53662 , -1.77676 , -0.789658 , -0.254035 , -0.217202 , 0.264785 , 57 , -406 , -110
10 , 10 , 35.4803 , 8.17318 , 0.00521975 , 0.16799 , 0.172476 , 2.53249 , -1.77995 , -0.78405 , -0.117247 , -0.0611293 , 0.362993 , -31 , -376 , -86
10 , 10 , 35.4913 , 8.12074 , 0.00578524 , 0.168132 , 0.173917 , 2.53048 , -1.78086 , -0.776741 , -0.0390823 , -0.0120677 , 0.373398 , -29 , -433 , -68
10 , 10 , 35.4718 , 8.0685 , 0.00644617 , 0.169572 , 0.175278 , 2.5304 , -1.78086 , -0.770566 , 0.0586235 , 0 , 0.288785 , 27 , -36 , -181
10 , 10 , 35.43 , 8.0221 , 0.00716365 , 0.171848 , 0.176419 , 2.53248 , -1.77856 , -0.766893 , 0.136788 , 0.205696 , 0.155499 , 51 , -46 , -63
10 , 10 , 35.3727 , 7.99103 , 0.0085037 , 0.174577 , 0.177111 , 2.53621 , -1.77363 , -0.764919 , 0.195412 , 0.253451 , 0.0484009 , 81 , -128 , -78
10 , 10 , 35.3127 , 7.99787 , 0.0108538 , 0.177164 , 0.176803 , 2.53916 , -1.76875 , -0.764724 , 0.117247 , 0.187895 , 0 , 81 , -19 , -216
10 , 10 , 35.2628 , 8.03949 , 0.0133279 , 0.179073 , 0.175626 , 2.53986 , -1.76507 , -0.76617 , -0.0195412 , 0.159998 , -0.0946751 , 65 , -69 , -367
10 , 10 , 35.2297 , 8.09979 , 0.0142017 , 0.180079 , 0.174035 , 2.53845 , -1.76316 , -0.768026 , -0.136788 , 0.0181624 , -0.0835329 , -32 , -35 , -354
10 , 10 , 35.2178 , 8.15725 , 0.0130488 , 0.18007 , 0.1726 , 2.535 , -1.7631 , -0.768397 , -0.214953 , 0 , -0.00772987 , -65 , -210 , -233
10 , 10 , 35.2304 , 8.1889 , 0.0099597 , 0.179007 , 0.171895 , 2.5299 , -1.76435 , -0.767401 , -0.254035 , -0.140718 , 0.110693 , 1 , -377 , -19
10 , 10 , 35.2652 , 8.17908 , 0.00610308 , 0.177081 , 0.172283 , 2.52616 , -1.76754 , -0.763414 , -0.136788 , -0.171614 , 0.251602 , 47 , -389 , -55
10 , 10 , 35.3133 , 8.12436 , 0.0033307 , 0.174764 , 0.173792 , 2.52458 , -1.77029 , -0.758861 , 0 , -0.0917709 , 0.177324 , -47 , -391 , -49
10 , 10 , 35.3698 , 8.03842 , 0.00192885 , 0.172302 , 0.176016 , 2.52507 , -1.77098 , -0.756262 , 0.0977058 , -0.0105971 , 0.0752151 , -16 , -310 , -44
10 , 10 , 35.4331 , 7.95424 , 0.00338626 , 0.169773 , 0.17808 , 2.52777 , -1.77064 , -0.755617 , 0.156329 , 0.102524 , 0.00741381 , 56 , -112 , -71
10 , 10 , 35.4992 , 7.91969 , 0.00754069 , 0.167364 , 0.178774 , 2.5323 , -1.76756 , -0.756204 , 0.3322 , 0.159043 , -0.0673826 , -44 , -88 , -313
10 , 10 , 35.555 , 7.94678 , 0.0116357 , 0.165628 , 0.177864 , 2.53834 , -1.76521 , -0.759369 , 0.312658 , 0.0788576 , -0.214894 , 18 , -93 , -380
10 , 10 , 35.5962 , 8.02116 , 0.0139944 , 0.164684 , 0.175798 , 2.54383 , -1.76472 , -0.764802 , 0.214953 , 0.00889037 , -0.320697 , 59 , -148 , -304
10 , 10 , 35.6239 , 8.10587 , 0.0139955 , 0.16441 , 0.173577 , 2.54834 , -1.76525 , -0.770703 , 0.17587 , -0.0934681 , -0.250848 , 35 , -373 , -393
10 , 10 , 35.635 , 8.16985 , 0.0118009 , 0.164881 , 0.172 , 2.55202 , -1.7684 , -0.774924 , 0.17587 , -0.233932 , -0.181834 , -51 , -385 , -251
10 , 10 , 35.6301 , 8.19034 , 0.00858147 , 0.166 , 0.171611 , 2.55426 , -1.774 , -0.777171 , 0.0586235 , -0.339058 , -0.0468837 , 15 , -403 , -360
10 , 10 , 35.6064 , 8.16026 , 0.00525269 , 0.167824 , 0.172529 , 2.5545 , -1.77967 , -0.777464 , -0.0195412 , -0.203481 , -0.0059611 , -57 , -434 , -221
10 , 10 , 35.5643 , 8.08975 , 0.00303235 , 0.170276 , 0.174426 , 2.55293 , -1.78327 , -0.776487 , -0.117247 , -0.151678 , 0.112005 , 12 , -386 , -67
10 , 10 , 35.5076 , 8.01139 , 0.00365451 , 0.173125 , 0.176425 , 2.55061 , -1.78479 , -0.773888 , -0.0977058 , -0.0342304 , 0.0647909 , -81 , -440 , -55
10 , 10 , 35.4396 , 7.9595 , 0.00634552 , 0.176194 , 0.177646 , 2.54758 , -1.78481 , -0.773068 , -0.136788 , 0 , 0.0139426 , -56 , -228 , -132
10 , 10 , 35.3725 , 7.94727 , 0.0098099 , 0.178938 , 0.177795 , 2.54383 , -1.7836 , -0.773478 , -0.273576 , 0.186224 , -0.112867 , 66 , -46 , -314
10 , 10 , 35.3117 , 7.97662 , 0.0124303 , 0.181154 , 0.176878 , 2.53935 , -1.77901 , -0.775217 , -0.195412 , 0.294589 , -0.0519432 , -126 , -77 , -374
10 , 10 , 35.2609 , 8.0291 , 0.0132946 , 0.182726 , 0.175421 , 2.53488 , -1.77225 , -0.775393 , -0.195412 , 0.331954 , -0.00624496 , -34 , -151 , -206
10 , 10 , 35.2322 , 8.09953 , 0.0133953 , 0.183199 , 0.173584 , 2.53072 , -1.76656 , -0.774221 , -0.234494 , 0.226083 , 0.155252 , 15 , -103 , -52
10 , 10 , 35.2321 , 8.16494 , 0.0118942 , 0.182386 , 0.171969 , 2.52714 , -1.76314 , -0.77 , -0.117247 , 0.102274 , 0.268177 , -32 , -67 , -29
10 , 10 , 35.2587 , 8.19626 , 0.00846381 , 0.180501 , 0.171306 , 2.52548 , -1.76199 , -0.764294 , -0.0390823 , 0.0266687 , 0.268791 , 1 , -35 , -36
10 , 10 , 35.3105 , 8.17308 , 0.00435865 , 0.1777 , 0.172064 , 2.52577 , -1.76193 , -0.759408 , 0.0781646 , 0.00477795 , 0.199739 , 30 , -172 , -95
10 , 10 , 35.3876 , 8.10722 , 0.00140586 , 0.174071 , 0.173868 , 2.5282 , -1.76341 , -0.756458 , 0.17587 , -0.160876 , 0.101005 , 17 , -339 , -8
10 , 10 , 35.4858 , 8.02973 , 0.00140122 , 0.169873 , 0.175874 , 2.53277 , -1.76746 , -0.755363 , 0.254035 , -0.156998 , 0 , -1 , -396 , -71
10 , 10 , 35.5923 , 7.96791 , 0.00387467 , 0.165708 , 0.177376 , 2.53771 , -1.77008 , -0.755735 , 0.293117 , -0.0833421 , -0.0349484 , 66 , -374 , -322
10 , 10 , 35.6895 , 7.94277 , 0.00685352 , 0.162335 , 0.177867 , 2.54375 , -1.77084 , -0.758451 , 0.273576 , -0.00905615 , -0.225648 , 66 , -430 , -334
10 , 10 , 35.7725 , 7.95693 , 0.00919823 , 0.159895 , 0.177333 , 2.55004 , -1.77148 , -0.763239 , 0.351741 , -0.015424 , -0.301404 , -24 , -453 , -377
10 , 10 , 35.8356 , 8.00162 , 0.0106996 , 0.158544 , 0.176051 , 2.55645 , -1.77315 , -0.770273 , 0.293117 , -0.153064 , -0.414591 , 15 , -398 , -469
10 , 10 , 35.8667 , 8.05695 , 0.0112918 , 0.158699 , 0.174564 , 2.56235 , -1.77672 , -0.777601 , 0.312658 , -0.189107 , -0.324423 , 6 , -459 , -339
10 , 10 , 35.8589 , 8.10455 , 0.0106576 , 0.160526 , 0.173352 , 2.56728 , -1.78118 , -0.783249 , 0.234494 , -0.182342 , -0.258708 , -42 , -498 , -299
10 , 10 , 35.8084 , 8.12154 , 0.00845329 , 0.164023 , 0.172981 , 2.57021 , -1.78524 , -0.78659 , 0.0781646 , -0.135702 , -0.105285 , 18 , -497 , -311
10 , 10 , 35.7209 , 8.10503 , 0.00593524 , 0.168793 , 0.173482 , 2.57117 , -1.78749 , -0.787899 , 0 , -0.0942493 , -0.0280725 , -2 , -434 , -271
10 , 10 , 35.6089 , 8.06644 , 0.00469836 , 0.174169 , 0.174519 , 2.57011 , -1.78792 , -0.78788 , -0.117247 , -0.00617459 , 0 , -28 , -328 , -30
10 , 10 , 35.4842 , 8.02771 , 0.00536247 , 0.179594 , 0.175504 , 2.56697 , -1.78772 , -0.785437 , -0.195412 , 0.114993 , 0.186936 , -81 , -6 , -27
10 , 10 , 35.3585 , 8.00889 , 0.00752819 , 0.184551 , 0.175932 , 2.56175 , -1.78366 , -0.780708 , -0.293117 , 0.31654 , 0.257571 , -87 , -78 , -76
10 , 10 , 35.238 , 8.01913 , 0.00932144 , 0.188816 , 0.175599 , 2.55469 , -1.77746 , -0.77551 , -0.390823 , 0.345453 , 0.246317 , -64 , -46 , -69
10 , 10 , 35.1444 , 8.04313 , 0.00991589 , 0.191522 , 0.174933 , 2.5457 , -1.77041 , -0.770918 , -0.527611 , 0.282521 , 0.250313 , 0 , -112 , -128
10 , 10 , 35.1019 , 8.0743 , 0.0100045 , 0.191762 , 0.174119 , 2.53644 , -1.76507 , -0.766346 , -0.449447 , 0.20907 , 0.243858 , -24 , -82 , -81
10 , 10 , 35.1137 , 8.10435 , 0.00883084 , 0.189633 , 0.173377 , 2.52833 , -1.76179 , -0.761617 , -0.3322 , 0.0900785 , 0.227752 , -39 , 15 , -57
10 , 10 , 35.1785 , 8.11309 , 0.0067315 , 0.185416 , 0.173214 , 2.52237 , -1.76009 , -0.757787 , -0.273576 , 0.0147298 , 0.128956 , 3 , 4 , -6
10 , 10 , 35.2907 , 8.10277 , 0.00480337 , 0.179544 , 0.173546 , 2.51831 , -1.75999 , -0.756008 , -0.156329 , 0.00466941 , 0.0468527 , 15 , -235 , -53
10 , 10 , 35.4383 , 8.07117 , 0.0033689 , 0.172692 , 0.174401 , 2.51626 , -1.76142 , -0.755891 , -0.0390823 , -0.223413 , 0 , -58 , -326 , -192
10 , 10 , 35.6083 , 8.03376 , 0.00385464 , 0.165519 , 0.175359 , 2.51624 , -1.76595 , -0.757337 , 0.0390823 , -0.167114 , -0.168168 , -21 , -436 , -288
10 , 10 , 35.7822 , 8.01095 , 0.00509618 , 0.158851 , 0.175896 , 2.51831 , -1.77041 , -0.761617 , 0.17587 , -0.150008 , -0.220721 , -3 , -466 , -415
10 , 10 , 35.9336 , 7.99525 , 0.00585857 , 0.153781 , 0.176225 , 2.52253 , -1.77494 , -0.767557 , 0.273576 , -0.17489 , -0.346064 , 69 , -493 , -428
10 , 10 , 36.0395 , 7.99919 , 0.00686309 , 0.151156 , 0.176036 , 2.52868 , -1.77963 , -0.775667 , 0.3322 , -0.162121 , -0.45234 , 19 , -501 , -331
10 , 10 , 36.0846 , 8.01647 , 0.00756873 , 0.151401 , 0.175518 , 2.53652 , -1.78397 , -0.783346 , 0.449447 , -0.200011 , -0.393709 , 114 , -489 , -260
10 , 10 , 36.0674 , 8.03583 , 0.00840813 , 0.154316 , 0.174975 , 2.54682 , -1.78782 , -0.789404 , 0.50807 , -0.199603 , -0.248193 , 35 , -434 , -325
10 , 10 , 35.9918 , 8.05936 , 0.00841897 , 0.159483 , 0.174353 , 2.55835 , -1.79026 , -0.793117 , 0.527611 , -0.130101 , -0.159911 , -52 , -444 , -229
10 , 10 , 35.8612 , 8.07362 , 0.00750263 , 0.166541 , 0.174 , 2.56769 , -1.79104 , -0.79513 , 0.429905 , -0.0155862 , -0.0649197 , -36 , -414 , -285
10 , 10 , 35.6895 , 8.08072 , 0.00666597 , 0.174711 , 0.173847 , 2.57502 , -1.79101 , -0.795403 , 0.351741 , 0 , -0.00470996 , 11 , -19 , -165
10 , 10 , 35.4956 , 8.07534 , 0.00613258 , 0.183074 , 0.174019 , 2.58059 , -1.78804 , -0.794016 , 0.234494 , 0.257119 , 0.133843 , 56 , -48 , 68
10 , 10 , 35.2963 , 8.07297 , 0.00647784 , 0.190883 , 0.174107 , 2.58397 , -1.78229 , -0.789912 , 0.117247 , 0.259738 , 0.250313 , 14 , -37 , -82
10 , 10 , 35.1142 , 8.08659 , 0.00735764 , 0.19722 , 0.173782 , 2.58539 , -1.77586 , -0.7836 , -0.0195412 , 0.264187 , 0.387464 , 64 , -79 , -58
10 , 10 , 34.9751 , 8.10918 , 0.00817115 , 0.201098 , 0.173247 , 2.58477 , -1.76935 , -0.775569 , -0.0977058 , 0.293704 , 0.414007 , 18 , -53 , 72
10 , 10 , 34.9069 , 8.12606 , 0.00810083 , 0.20155 , 0.172885 , 2.58213 , -1.76386 , -0.766658 , -0.195412 , 0.277834 , 0.399341 , -29 , -83 , -33
10 , 10 , 34.9228 , 8.13557 , 0.0067992 , 0.198326 , 0.172729 , 2.57744 , -1.75962 , -0.758881 , -0.273576 , 0.217931 , 0.304694 , -16 , -77 , -29
10 , 10 , 35.0117 , 8.12594 , 0.00484932 , 0.19225 , 0.173068 , 2.57105 , -1.75712 , -0.75339 , -0.390823 , 0.0648768 , 0.247146 , -25 , -20 , -110
10 , 10 , 35.1634 , 8.09876 , 0.00308135 , 0.184028 , 0.173835 , 2.56231 , -1.75654 , -0.749149 , -0.468988 , 0.00917184 , 0.139911 , -104 , -115 , 44
10 , 10 , 35.3675 , 8.0551 , 0.00182655 , 0.174316 , 0.174982 , 2.55157 , -1.75704 , -0.747215 , -0.566693 , -0.127998 , 0.0480359 , 0 , -314 , -62
10 , 10 , 35.6066 , 8.00543 , 0.00235281 , 0.164005 , 0.176222 , 2.54123 , -1.76023 , -0.747039 , -0.449447 , -0.208327 , 0 , 34 , -403 , -209
10 , 10 , 35.8576 , 7.98037 , 0.00373832 , 0.154149 , 0.176772 , 2.53308 , -1.76547 , -0.748387 , -0.351741 , -0.227047 , -0.170515 , -14 , -446 , -313
10 , 10 , 36.0814 , 7.95912 , 0.00435357 , 0.146388 , 0.177195 , 2.52704 , -1.77162 , -0.752589 , -0.234494 , -0.257797 , -0.23153 , -80 , -481 , -340
10 , 10 , 36.2501 , 7.93753 , 0.00452724 , 0.141742 , 0.177605 , 2.52263 , -1.77787 , -0.758822 , -0.136788 , -0.278099 , -0.372448 , -39 , -497 , -305
10 , 10 , 36.3473 , 7.91972 , 0.00451451 , 0.140623 , 0.177898 , 2.52077 , -1.78405 , -0.766795 , -0.0390823 , -0.309357 , -0.409668 , -52 , -452 , -448
10 , 10 , 36.3607 , 7.90748 , 0.00526212 , 0.14323 , 0.178034 , 2.52057 , -1.78938 , -0.777035 , 0.0586235 , -0.205049 , -0.599111 , 60 , -450 , -339
10 , 10 , 36.2977 , 7.92091 , 0.00649948 , 0.148892 , 0.17751 , 2.52253 , -1.79231 , -0.787919 , 0.136788 , -0.130739 , -0.471058 , 61 , -491 , -277
10 , 10 , 36.1644 , 7.95384 , 0.00789897 , 0.15706 , 0.176517 , 2.52655 , -1.79386 , -0.796791 , 0.273576 , -0.0300476 , -0.414152 , 23 , -437 , -337
10 , 10 , 35.9702 , 8.00771 , 0.00958277 , 0.167093 , 0.175044 , 2.53269 , -1.79384 , -0.803513 , 0.390823 , 0 , -0.291078 , -16 , -135 , -307
10 , 10 , 35.7302 , 8.07827 , 0.0102784 , 0.178164 , 0.173222 , 2.54066 , -1.79222 , -0.808437 , 0.468988 , 0.198186 , -0.20201 , 38 , -7 , -344
10 , 10 , 35.4632 , 8.14614 , 0.00970381 , 0.18936 , 0.171564 , 2.54905 , -1.78741 , -0.81131 , 0.351741 , 0.21179 , -0.114053 , 28 , 1 , -276
10 , 10 , 35.1982 , 8.20752 , 0.00805109 , 0.199421 , 0.170158 , 2.5551 , -1.78241 , -0.812111 , 0.254035 , 0.198186 , -0.00855164 , 43 , -15 , -290
10 , 10 , 34.9642 , 8.2543 , 0.00647019 , 0.207198 , 0.169196 , 2.55899 , -1.77709 , -0.811681 , 0.156329 , 0.200834 , 0.0813754 , 11 , -62 , -37
10 , 10 , 34.7878 , 8.29771 , 0.0057055 , 0.211753 , 0.168371 , 2.56106 , -1.77166 , -0.808496 , 0.0390823 , 0.254994 , 0.222733 , -14 , -62 , -80
10 , 10 , 34.6901 , 8.33818 , 0.00528345 , 0.212476 , 0.167662 , 2.5611 , -1.76679 , -0.803376 , -0.0586235 , 0.215368 , 0.317398 , -38 , -103 , -37
10 , 10 , 34.6786 , 8.37317 , 0.00420719 , 0.209409 , 0.167131 , 2.55909 , -1.76322 , -0.795696 , -0.156329 , 0.115038 , 0.427596 , -84 , -83 , -10
10 , 10 , 34.7502 , 8.37931 , 0.00242653 , 0.203042 , 0.167361 , 2.55495 , -1.76187 , -0.786278 , -0.254035 , 0.0265494 , 0.536354 , -79 , 14 , -23
10 , 10 , 34.8951 , 8.35469 , 0.000531307 , 0.194101 , 0.168361 , 2.54893 , -1.76181 , -0.774865 , -0.351741 , 0.00661112 , 0.650287 , -50 , -183 , -131
10 , 10 , 35.0969 , 8.28911 , -0.00183424 , 0.183543 , 0.170351 , 2.54101 , -1.76306 , -0.762984 , -0.468988 , -0.172218 , 0.524825 , -14 , -356 , -23
10 , 10 , 35.3359 , 8.18927 , -0.00370818 , 0.172367 , 0.173108 , 2.53187 , -1.76726 , -0.752979 , -0.3322 , -0.189966 , 0.457996 , -58 , -432 , -47
10 , 10 , 35.5918 , 8.06777 , -0.00396241 , 0.161514 , 0.176273 , 2.52464 , -1.77111 , -0.744909 , -0.254035 , -0.219234 , 0.339943 , -75 , -381 , -91
10 , 10 , 35.8312 , 7.95002 , -0.00299499 , 0.152388 , 0.179177 , 2.51944 , -1.77457 , -0.738871 , -0.156329 , -0.0780597 , 0.223838 , -131 , -487 , -124
10 , 10 , 36.0287 , 7.85432 , -0.000871398 , 0.145933 , 0.181369 , 2.51669 , -1.77655 , -0.734747 , -0.0977058 , -0.0615396 , 0.145793 , -80 , -466 , -69
10 , 10 , 36.1745 , 7.79919 , 0.00190045 , 0.14232 , 0.182415 , 2.51559 , -1.77807 , -0.732676 , 0 , -0.0300321 , 0.0861092 , -13 , -506 , -115
10 , 10 , 36.2572 , 7.77525 , 0.0038814 , 0.141772 , 0.182612 , 2.51669 , -1.77963 , -0.732461 , 0.136788 , -0.0335673 , 0 , -3 , -505 , -259
10 , 10 , 36.2712 , 7.76396 , 0.00508985 , 0.144242 , 0.182478 , 2.51987 , -1.78112 , -0.734122 , 0.195412 , -0.0369116 , -0.186106 , -38 , -438 , -234
10 , 10 , 36.2242 , 7.75245 , 0.00482867 , 0.149117 , 0.182357 , 2.52497 , -1.78159 , -0.738265 , 0.3322 , -0.0053087 , -0.22617 , -16 , -382 , -355
10 , 10 , 36.1327 , 7.73641 , 0.00409506 , 0.15546 , 0.182357 , 2.53189 , -1.78159 , -0.744323 , 0.449447 , 0 , -0.32953 , -29 , 2 , -352
10 , 10 , 36.0112 , 7.73276 , 0.00494984 , 0.162503 , 0.182042 , 2.54117 , -1.77893 , -0.752354 , 0.488529 , 0.176364 , -0.470114 , 119 , -70 , -344
10 , 10 , 35.8729 , 7.76041 , 0.00694574 , 0.169609 , 0.180947 , 2.55213 , -1.775 , -0.762418 , 0.566693 , 0.167879 , -0.533911 , -74 , -60 , -351
10 , 10 , 35.7313 , 7.83283 , 0.00979787 , 0.17619 , 0.17877 , 2.56208 , -1.77086 , -0.774221 , 0.449447 , 0.158527 , -0.523656 , -1 , -95 , -372
10 , 10 , 35.6007 , 7.95276 , 0.0129311 , 0.18168 , 0.175499 , 2.56997 , -1.76828 , -0.783854 , 0.3322 , 0.0848139 , -0.494502 , 41 , -130 , -256
10 , 10 , 35.4947 , 8.09619 , 0.0136313 , 0.185587 , 0.1718 , 2.5758 , -1.76771 , -0.791847 , 0.254035 , 0.00994352 , -0.386186 , 98 , -152 , -225
10 , 10 , 35.4213 , 8.21613 , 0.0106687 , 0.187722 , 0.168893 , 2.57959 , -1.7681 , -0.797944 , 0.156329 , -0.0882346 , -0.188499 , -13 , -389 , -319
10 , 10 , 35.3809 , 8.28039 , 0.00557773 , 0.188232 , 0.167552 , 2.58139 , -1.77123 , -0.801676 , 0.0195412 , -0.256221 , -0.145179 , 49 , -354 , -304
10 , 10 , 35.3795 , 8.28579 , 0.000486011 , 0.187002 , 0.167779 , 2.58121 , -1.77619 , -0.803396 , -0.0586235 , -0.229625 , -0.0423575 , 75 , -417 , -350
10 , 10 , 35.4093 , 8.24241 , -0.00282368 , 0.184544 , 0.169234 , 2.57898 , -1.78004 , -0.80363 , -0.17587 , -0.0738137 , 0 , 19 , -494 , -163
10 , 10 , 35.4539 , 8.17736 , -0.00332879 , 0.181678 , 0.171165 , 2.57466 , -1.78145 , -0.802184 , -0.234494 , -0.0456207 , 0.164857 , -46 , -441 , -46
10 , 10 , 35.5012 , 8.1304 , -0.00108513 , 0.178964 , 0.172535 , 2.56851 , -1.78168 , -0.797865 , -0.351741 , -0.00447858 , 0.255551 , -35 , -222 , -16
10 , 10 , 35.5431 , 8.11324 , 0.00194757 , 0.176735 , 0.173076 , 2.55999 , -1.78047 , -0.791495 , -0.468988 , 0.140786 , 0.368004 , -82 , -101 , 1
10 , 10 , 35.576 , 8.1199 , 0.00357079 , 0.175105 , 0.172982 , 2.55301 , -1.7786 , -0.783854 , -0.312658 , 0.0412948 , 0.372921 , -3 , -71 , -103
10 , 10 , 35.5971 , 8.11924 , 0.00292737 , 0.174139 , 0.17308 , 2.54823 , -1.77817 , -0.777562 , -0.195412 , 0.00593963 , 0.273812 , 17 , -216 , -106
10 , 10 , 35.6134 , 8.09149 , 0.000929104 , 0.173474 , 0.173862 , 2.54559 , -1.77868 , -0.773419 , -0.0390823 , -0.0196187 , 0.172624 , -65 , -403 , -99
10 , 10 , 35.6263 , 8.04146 , -0.000615612 , 0.173014 , 0.175169 , 2.54484 , -1.77932 , -0.771094 , 0.0195412 , -0.00810319 , 0.0595514 , -17 , -311 , -135
10 , 10 , 35.6333 , 7.98544 , -0.000491976 , 0.172854 , 0.176561 , 2.54617 , -1.77905 , -0.770723 , 0.117247 , 0.0965787 , 0.00610542 , 60 , -24 , -247
10 , 10 , 35.6383 , 7.94835 , 0.00145999 , 0.172799 , 0.177398 , 2.5494 , -1.776 , -0.771622 , 0.234494 , 0.110319 , -0.0958201 , -31 , 4 , -372
10 , 10 , 35.6414 , 7.94958 , 0.00440454 , 0.172824 , 0.177218 , 2.55329 , -1.77268 , -0.775628 , 0.0977058 , 0.109086 , -0.252035 , 28 , -147 , -385
10 , 10 , 35.6457 , 7.99559 , 0.00722601 , 0.1728 , 0.175907 , 2.55499 , -1.77148 , -0.7802 , 0.0586235 , 0.0153655 , -0.181947 , 4 , -175 , -300
10 , 10 , 35.6546 , 8.07473 , 0.00906268 , 0.172577 , 0.173823 , 2.55542 , -1.77154 , -0.782897 , 0 , 0 , -0.0846422 , 24 , -289 , -281
10 , 10 , 35.6614 , 8.15449 , 0.00813906 , 0.17247 , 0.171831 , 2.55587 , -1.77369 , -0.7836 , 0.0586235 , -0.237341 , -0.00830117 , 33 , -358 , -225
10 , 10 , 35.6616 , 8.18668 , 0.00452386 , 0.172655 , 0.171154 , 2.55645 , -1.77823 , -0.782897 , 0 , -0.216803 , 0.082475 , 4 , -441 , -48
10 , 10 , 35.6599 , 8.15651 , 0.000361934 , 0.172901 , 0.172097 , 2.55637 , -1.78262 , -0.779399 , -0.0195412 , -0.204977 , 0.232817 , -61 , -402 , -84
10 , 10 , 35.657 , 8.0736 , -0.00265409 , 0.173183 , 0.174333 , 2.55626 , -1.78508 , -0.7751 , -0.0195412 , -0.0542403 , 0.172118 , 73 , -458 , -106
10 , 10 , 35.6512 , 7.96983 , -0.00313351 , 0.173559 , 0.176983 , 2.55594 , -1.78577 , -0.772775 , 0 , -0.0100187 , 0.0774824 , -13 , -358 , -51
10 , 10 , 35.6469 , 7.88777 , -0.000475548 , 0.173835 , 0.178942 , 2.55555 , -1.78571 , -0.772208 , -0.0195412 , 0.00328588 , 0.00727188 , -39 , 1 , -195
10 , 10 , 35.6452 , 7.86453 , 0.00431851 , 0.173978 , 0.179303 , 2.55522 , -1.78223 , -0.772716 , -0.0195412 , 0.231896 , -0.149017 , -58 , -68 , -342
10 , 10 , 35.6371 , 7.9014 , 0.00846685 , 0.174379 , 0.178117 , 2.55516 , -1.77606 , -0.776448 , 0 , 0.316883 , -0.203977 , -95 , -174 , -391
10 , 10 , 35.6268 , 7.98059 , 0.0105139 , 0.174838 , 0.175916 , 2.55462 , -1.77078 , -0.781568 , -0.0390823 , 0.18144 , -0.189045 , -40 , -151 , -336
10 , 10 , 35.6285 , 8.08063 , 0.0109283 , 0.174733 , 0.173299 , 2.55379 , -1.76767 , -0.784929 , -0.0195412 , 0.10578 , -0.123992 , 47 , -93 , -244
10 , 10 , 35.6389 , 8.17345 , 0.00941626 , 0.174266 , 0.171003 , 2.55399 , -1.76666 , -0.786375 , 0.0195412 , 0.0120558 , -0.0340873 , -21 , -97 , -275
10 , 10 , 35.65 , 8.22763 , 0.00574524 , 0.173814 , 0.169809 , 2.5546 , -1.7667 , -0.786317 , 0.0781646 , 0 , 0.0205716 , 22 , -347 , -80
10 , 10 , 35.664 , 8.22606 , 0.00138165 , 0.173274 , 0.170095 , 2.55563 , -1.76894 , -0.783776 , 0.0390823 , -0.233373 , 0.170317 , -12 , -369 , -49
10 , 10 , 35.6864 , 8.18399 , -0.00132913 , 0.172423 , 0.171397 , 2.55649 , -1.77389 , -0.779067 , 0.0390823 , -0.312158 , 0.277573 , 15 , -435 , -73
10 , 10 , 35.7075 , 8.12025 , -0.00203568 , 0.171713 , 0.173181 , 2.55786 , -1.77987 , -0.77381 , 0.0781646 , -0.25928 , 0.189718 , 14 , -385 , -37
10 , 10 , 35.7218 , 8.03942 , -0.00231348 , 0.171357 , 0.175308 , 2.55956 , -1.78405 , -0.770449 , 0.0781646 , -0.176736 , 0.109494 , 12 , -393 , -69
10 , 10 , 35.7323 , 7.95389 , -0.00173544 , 0.171204 , 0.177443 , 2.56075 , -1.78616 , -0.769296 , 0.0390823 , -0.0649495 , 0.0182137 , 90 , -415 , -142
10 , 10 , 35.7382 , 7.89089 , 0.000756552 , 0.171261 , 0.178893 , 2.56157 , -1.78645 , -0.769257 , 0.0195412 , -0.00451555 , -0.0448526 , -72 , -321 , -211
10 , 10 , 35.7407 , 7.87224 , 0.00447961 , 0.17146 , 0.17914 , 2.56202 , -1.78632 , -0.771524 , 0 , 0.108401 , -0.158442 , -51 , -17 , -403
10 , 10 , 35.7409 , 7.89863 , 0.00769791 , 0.171741 , 0.178229 , 2.56212 , -1.78219 , -0.776272 , -0.0195412 , 0.243251 , -0.284303 , 16 , -61 , -367
10 , 10 , 35.7373 , 7.95469 , 0.00922523 , 0.172156 , 0.17661 , 2.56208 , -1.77694 , -0.782467 , 0 , 0.196459 , -0.270153 , -20 , -46 , -268
10 , 10 , 35.7325 , 8.03344 , 0.0101923 , 0.172587 , 0.174499 , 2.56175 , -1.77338 , -0.787372 , 0 , 0.120179 , -0.141807 , 38 , -118 , -320
10 , 10 , 35.7266 , 8.13086 , 0.0105144 , 0.173027 , 0.172023 , 2.56138 , -1.77205 , -0.789717 , -0.0195412 , 0.0232493 , -0.0775229 , -20 , -128 , -289
10 , 10 , 35.7163 , 8.21001 , 0.00830991 , 0.173611 , 0.170141 , 2.56097 , -1.77209 , -0.790283 , 0 , -0.00420903 , -0.00573807 , -8 , -352 , -283
10 , 10 , 35.7034 , 8.23991 , 0.00428928 , 0.174256 , 0.169609 , 2.56036 , -1.77422 , -0.789404 , -0.0586235 , -0.187415 , 0.116408 , 12 , -438 , -45
10 , 10 , 35.6942 , 8.21534 , 0.000639684 , 0.174682 , 0.170491 , 2.5594 , -1.77893 , -0.785848 , -0.0390823 , -0.318605 , 0.215369 , -82 , -405 , -17
10 , 10 , 35.6934 , 8.15542 , -0.00126663 , 0.1747 , 0.172225 , 2.55858 , -1.78434 , -0.780142 , 0 , -0.204762 , 0.268667 , 12 , -417 , -19
10 , 10 , 35.6929 , 8.07371 , -0.00206947 , 0.174709 , 0.174424 , 2.5586 , -1.78735 , -0.774846 , -0.0195412 , -0.134456 , 0.235152 , -18 , -413 , -101
10 , 10 , 35.6911 , 7.98329 , -0.0017366 , 0.174768 , 0.176729 , 2.5586 , -1.7889 , -0.771426 , -0.0195412 , -0.0300226 , 0.143334 , -3 , -340 , -131
10 , 10 , 35.6939 , 7.91393 , 0.000402048 , 0.174627 , 0.178379 , 2.55847 , -1.78891 , -0.770019 , 0 , 0 , 0.0423515 , 14 , -95 , -46
10 , 10 , 35.7012 , 7.88477 , 0.00373969 , 0.174299 , 0.17892 , 2.55868 , -1.78673 , -0.770019 , 0.0195412 , 0.215526 , 0 , 29 , -55 , -257
10 , 10 , 35.7098 , 7.90208 , 0.00690219 , 0.173951 , 0.178251 , 2.55925 , -1.78157 , -0.772169 , 0.0390823 , 0.301559 , -0.168845 , -34 , -82 , -403
10 , 10 , 35.716 , 7.95012 , 0.0085049 , 0.173737 , 0.176835 , 2.55989 , -1.7761 , -0.776781 , 0.0390823 , 0.224351 , -0.29758 , 75 , -79 , -335
10 , 10 , 35.7282 , 8.02257 , 0.00932558 , 0.173287 , 0.174873 , 2.5604 , -1.7724 , -0.782076 , 0.0195412 , 0.107684 , -0.197585 , -101 , -128 , -323
10 , 10 , 35.7496 , 8.11127 , 0.0094023 , 0.172478 , 0.172599 , 2.56106 , -1.77109 , -0.785437 , 0.0586235 , 0.0276885 , -0.142496 , 46 , -115 , -240
10 , 10 , 35.7709 , 8.18904 , 0.0077411 , 0.171751 , 0.170722 , 2.56239 , -1.771 , -0.786747 , 0.0977058 , 0 , -0.0176889 , 7 , -369 , -241
10 , 10 , 35.7855 , 8.22994 , 0.0044406 , 0.171381 , 0.16988 , 2.56409 , -1.77277 , -0.786551 , 0.0586235 , -0.198319 , 0.0992599 , 3 , -399 , -113
10 , 10 , 35.7974 , 8.21927 , 0.00087007 , 0.171162 , 0.170394 , 2.56538 , -1.77744 , -0.783894 , 0.0195412 , -0.325685 , 0.20613 , -3 , -387 , -68
10 , 10 , 35.8075 , 8.15091 , -0.00120994 , 0.171043 , 0.172349 , 2.5662 , -1.78378 , -0.779379 , 0.0195412 , -0.301404 , 0.248614 , 32 , -421 , -64
10 , 10 , 35.8063 , 8.06029 , -0.00195109 , 0.171422 , 0.174768 , 2.56693 , -1.78878 , -0.775452 , -0.0195412 , -0.241645 , 0.170317 , 28 , -451 , -88
10 , 10 , 35.7951 , 7.96671 , -0.000940595 , 0.172198 , 0.177135 , 2.56679 , -1.79169 , -0.773713 , 0 , -0.0716835 , 0.0594548 , -29 , -482 , -84
10 , 10 , 35.7808 , 7.90597 , 0.00234483 , 0.173035 , 0.178545 , 2.56605 , -1.79273 , -0.773478 , -0.0390823 , -0.00832622 , 0 , -49 , -436 , -265
10 , 10 , 35.7661 , 7.89774 , 0.00656552 , 0.17381 , 0.178545 , 2.56497 , -1.79273 , -0.775041 , -0.0390823 , 0 , -0.144535 , -30 , -113 , -346
10 , 10 , 35.7526 , 7.93804 , 0.00941104 , 0.174461 , 0.17731 , 2.56386 , -1.79054 , -0.779301 , -0.0390823 , 0.227047 , -0.317055 , -26 , -14 , -284
10 , 10 , 35.741 , 8.00504 , 0.0102614 , 0.174972 , 0.175462 , 2.56286 , -1.78516 , -0.784441 , -0.0390823 , 0.283614 , -0.165556 , -76 , -37 , -338
10 , 10 , 35.731 , 8.09081 , 0.0106835 , 0.175363 , 0.173232 , 2.56198 , -1.78002 , -0.787333 , -0.0195412 , 0.195476 , -0.1016 , -76 , -80 , -279
10 , 10 , 35.7221 , 8.17669 , 0.00967007 , 0.17567 , 0.171115 , 2.56124 , -1.77699 , -0.788349 , -0.0195412 , 0.0906355 , -0.0176364 , -33 , -62 , -249
10 , 10 , 35.7163 , 8.22783 , 0.00644324 , 0.175814 , 0.169993 , 2.56065 , -1.77598 , -0.78788 , -0.0195412 , 0.0355722 , 0.0998693 , -69 , -126 , -54
10 , 10 , 35.7184 , 8.22845 , 0.00253154 , 0.175603 , 0.170214 , 2.5602 , -1.77613 , -0.785046 , 0.0195412 , -0.0702749 , 0.217123 , -20 , -303 , -59
10 , 10 , 35.7291 , 8.18745 , -0.000449977 , 0.17504 , 0.171482 , 2.56044 , -1.77903 , -0.77977 , 0.0195412 , -0.221722 , 0.247043 , -20 , -342 , -1
10 , 10 , 35.7454 , 8.11557 , -0.00209355 , 0.174286 , 0.173469 , 2.56114 , -1.78354 , -0.774553 , 0.0586235 , -0.203837 , 0.22307 , -20 , -376 , -159
10 , 10 , 35.7669 , 8.02559 , -0.00241621 , 0.173382 , 0.175813 , 2.5623 , -1.78663 , -0.771211 , 0.0586235 , -0.107251 , 0.137163 , 16 , -447 , -118
10 , 10 , 35.795 , 7.94831 , -0.000397164 , 0.172275 , 0.177712 , 2.56372 , -1.78804 , -0.770019 , 0.0781646 , -0.0176149 , 0.024337 , -19 , -419 , -110
10 , 10 , 35.8282 , 7.91664 , 0.00342614 , 0.17105 , 0.178352 , 2.56552 , -1.78809 , -0.770058 , 0.0586235 , 0 , 0 , 15 , -88 , -371
10 , 10 , 35.8585 , 7.93809 , 0.00702348 , 0.170067 , 0.177607 , 2.56755 , -1.7861 , -0.772227 , 0.0977058 , 0.219399 , -0.150239 , 13 , -20 , -404
10 , 10 , 35.8787 , 7.99602 , 0.00880142 , 0.169614 , 0.175973 , 2.56988 , -1.78194 , -0.777015 , 0.0781646 , 0.193603 , -0.312158 , 67 , -117 , -323
10 , 10 , 35.8921 , 8.07121 , 0.00966993 , 0.169498 , 0.173986 , 2.57173 , -1.77926 , -0.782858 , 0.0781646 , 0.0826372 , -0.295927 , 46 , -155 , -219
10 , 10 , 35.9017 , 8.15707 , 0.00932084 , 0.169555 , 0.17183 , 2.57298 , -1.77895 , -0.787001 , 0 , 0 , -0.127275 , 67 , -145 , -320
10 , 10 , 35.901 , 8.21407 , 0.00659273 , 0.170055 , 0.170522 , 2.57367 , -1.77938 , -0.788935 , 0 , -0.100451 , -0.046607 , 72 , -451 , -313
10 , 10 , 35.8876 , 8.22229 , 0.00305359 , 0.171055 , 0.170522 , 2.57359 , -1.78262 , -0.789091 , -0.0195412 , -0.265264 , 0 , 16 , -464 , -156
10 , 10 , 35.8704 , 8.17936 , 4.57959e-05 , 0.172124 , 0.171823 , 2.57279 , -1.78823 , -0.78747 , -0.0781646 , -0.294737 , 0.174578 , 2 , -433 , -90
10 , 10 , 35.8496 , 8.09988 , -0.00148821 , 0.173248 , 0.173986 , 2.57146 , -1.79265 , -0.783327 , -0.0977058 , -0.21271 , 0.21042 , 57 , -428 , -67
10 , 10 , 35.8233 , 8.01167 , -0.00116185 , 0.174506 , 0.176258 , 2.57007 , -1.79564 , -0.779907 , -0.0586235 , -0.0639011 , 0.118192 , -36 , -388 , -83
10 , 10 , 35.7968 , 7.94137 , 0.0010449 , 0.175652 , 0.177956 , 2.56837 , -1.79605 , -0.77852 , -0.0977058 , -0.00863513 , 0.023916 , -36 , -275 , -65
10 , 10 , 35.7736 , 7.91686 , 0.00488721 , 0.176553 , 0.178401 , 2.56648 , -1.79593 , -0.778578 , -0.136788 , 0 , 0 , 29 , 46 , -340
10 , 10 , 35.7549 , 7.94221 , 0.00832645 , 0.177168 , 0.177554 , 2.5646 , -1.79237 , -0.780845 , -0.0781646 , 0.204691 , -0.178621 , -36 , 35 , -306
10 , 10 , 35.743 , 8.00232 , 0.00979507 , 0.177438 , 0.175868 , 2.56306 , -1.78645 , -0.784773 , -0.0586235 , 0.372685 , -0.159043 , -57 , -102 , -302
10 , 10 , 35.743 , 8.08491 , 0.0104753 , 0.177165 , 0.173698 , 2.5621 , -1.78065 , -0.787372 , -0.0195412 , 0.223156 , -0.0734988 , -58 , -100 , -326
10 , 10 , 35.7545 , 8.17732 , 0.00966547 , 0.17642 , 0.171391 , 2.56214 , -1.77705 , -0.787978 , 0.0195412 , 0.126289 , -0.0111303 , -2 , -125 , -217
10 , 10 , 35.7743 , 8.23851 , 0.00632113 , 0.175386 , 0.169998 , 2.56292 , -1.77545 , -0.787216 , 0.0390823 , 0.0316912 , 0.0805035 , 24 , -77 , 27
10 , 10 , 35.8013 , 8.24781 , 0.00191061 , 0.174141 , 0.169998 , 2.56427 , -1.77537 , -0.783737 , 0.0977058 , 0.00547925 , 0.231165 , -22 , -304 , -41
10 , 10 , 35.8305 , 8.20464 , -0.00175474 , 0.172916 , 0.171333 , 2.56597 , -1.7769 , -0.778578 , 0.0977058 , -0.148338 , 0.273047 , -15 , -438 , -140
10 , 10 , 35.8641 , 8.12275 , -0.00332216 , 0.171613 , 0.173582 , 2.56792 , -1.78145 , -0.774299 , 0.0977058 , -0.265623 , 0.141091 , 29 , -398 , -97
10 , 10 , 35.9047 , 8.0306 , -0.00277971 , 0.170136 , 0.175976 , 2.57013 , -1.78587 , -0.772052 , 0.117247 , -0.151911 , 0.0902168 , 44 , -425 , -53
10 , 10 , 35.9435 , 7.95845 , -0.000435656 , 0.168872 , 0.177736 , 2.57263 , -1.78854 , -0.771739 , 0.156329 , -0.0820588 , 0 , 17 , -383 , -210
10 , 10 , 35.9756 , 7.93023 , 0.00324984 , 0.168013 , 0.178286 , 2.57535 , -1.78909 , -0.772579 , 0.117247 , -0.00522401 , -0.0942493 , 132 , -353 , -421
10 , 10 , 36.0007 , 7.95315 , 0.00648655 , 0.167542 , 0.177508 , 2.57808 , -1.78901 , -0.776663 , 0.117247 , 0.0630627 , -0.277573 , 67 , 0 , -300
10 , 10 , 36.0164 , 8.00604 , 0.00831337 , 0.167522 , 0.176007 , 2.58031 , -1.78628 , -0.782741 , 0.0586235 , 0.0971225 , -0.356807 , 51 , -36 , -293
10 , 10 , 36.0186 , 8.07943 , 0.00893361 , 0.168085 , 0.174064 , 2.58186 , -1.78518 , -0.789131 , 0.0390823 , 0.0174539 , -0.300324 , -9 , -54 , -271
10 , 10 , 36.0045 , 8.15062 , 0.00798811 , 0.169299 , 0.172278 , 2.58211 , -1.78518 , -0.793449 , -0.0195412 , 0 , -0.180655 , 19 , -337 , -264
10 , 10 , 35.9727 , 8.19465 , 0.00562037 , 0.171163 , 0.171275 , 2.58117 , -1.78692 , -0.795872 , -0.0781646 , -0.186699 , -0.0661804 , 19 , -487 , -231
10 , 10 , 35.9318 , 8.19851 , 0.00260921 , 0.17325 , 0.171347 , 2.57937 , -1.79179 , -0.796322 , -0.117247 , -0.194503 , -0.00858265 , 33 , -448 , -185
10 , 10 , 35.8839 , 8.15714 , -0.000192107 , 0.175442 , 0.172565 , 2.57693 , -1.79558 , -0.795481 , -0.136788 , -0.141945 , 0.0883681 , -16 , -387 , 2
10 , 10 , 35.8318 , 8.08998 , -0.00127509 , 0.177606 , 0.174376 , 2.5739 , -1.79749 , -0.791573 , -0.195412 , -0.0575858 , 0.257798 , 31 , -394 , -91
10 , 10 , 35.7787 , 8.02644 , -6.10858e-05 , 0.179613 , 0.176 , 2.57044 , -1.79753 , -0.786825 , -0.17587 , 0 , 0.246317 , -3 , -194 , -115
10 , 10 , 35.7328 , 7.98517 , 0.00223124 , 0.181116 , 0.176974 , 2.56691 , -1.79601 , -0.783659 , -0.156329 , 0.172522 , 0.0894738 , -66 , -35 , -75
10 , 10 , 35.7056 , 7.98017 , 0.0047423 , 0.181674 , 0.176974 , 2.56337 , -1.79167 , -0.782506 , -0.17587 , 0.263832 , 0.0169947 , -31 , 34 , -85
10 , 10 , 35.6983 , 8.01591 , 0.0071605 , 0.181321 , 0.175937 , 2.56032 , -1.78512 , -0.782799 , -0.117247 , 0.279158 , -0.0514327 , -3 , -39 , -288
10 , 10 , 35.7156 , 8.08973 , 0.00863257 , 0.179935 , 0.173986 , 2.55886 , -1.77991 , -0.783796 , -0.0195412 , 0.218824 , -0.0204071 , -3 , -80 , -227
10 , 10 , 35.7514 , 8.17218 , 0.00794127 , 0.177879 , 0.171918 , 2.55929 , -1.7768 , -0.783776 , 0.0781646 , 0.122848 , 0 , -3 , -78 , -98
10 , 10 , 35.8005 , 8.22766 , 0.00512496 , 0.175443 , 0.170643 , 2.56161 , -1.77574 , -0.781158 , 0.136788 , 0.0156828 , 0.17437 , -2 , -126 , -52
10 , 10 , 35.8605 , 8.23153 , 0.00106758 , 0.172766 , 0.170748 , 2.56462 , -1.77578 , -0.776956 , 0.17587 , -0.0369295 , 0.189842 , -18 , -334 , -95
10 , 10 , 35.9279 , 8.17783 , -0.00262814 , 0.17002 , 0.172311 , 2.56804 , -1.77825 , -0.773732 , 0.156329 , -0.246523 , 0.0891744 , 56 , -358 , -52
10 , 10 , 35.9994 , 8.08751 , -0.00376056 , 0.167352 , 0.174724 , 2.57195 , -1.78333 , -0.772677 , 0.273576 , -0.302494 , 0.0412315 , -46 , -375 , -115
10 , 10 , 36.0668 , 8.00053 , -0.00232537 , 0.165114 , 0.176926 , 2.57644 , -1.78817 , -0.772736 , 0.195412 , -0.236288 , 0 , 118 , -383 , -357
10 , 10 , 36.1199 , 7.94594 , 0.000608695 , 0.163706 , 0.17819 , 2.58127 , -1.7911 , -0.775706 , 0.214953 , -0.0964511 , -0.178621 , 67 , -425 , -385
10 , 10 , 36.1513 , 7.94243 , 0.00418267 , 0.163364 , 0.178088 , 2.5858 , -1.79198 , -0.780747 , 0.17587 , -0.0364297 , -0.293556 , 65 , -391 , -384
10 , 10 , 36.1567 , 7.98661 , 0.00746455 , 0.164182 , 0.176779 , 2.5895 , -1.792 , -0.787939 , 0.17587 , 0 , -0.365939 , -37 , -104 , -295
10 , 10 , 36.136 , 8.0649 , 0.00913358 , 0.166046 , 0.174671 , 2.59169 , -1.79181 , -0.794504 , 0.0586235 , 0.0106102 , -0.280227 , -35 , -68 , -360
10 , 10 , 36.0882 , 8.14248 , 0.00811142 , 0.168911 , 0.172691 , 2.59192 , -1.79181 , -0.799018 , -0.0390823 , 0 , -0.18868 , -52 , -370 , -288
10 , 10 , 36.0133 , 8.18972 , 0.00530428 , 0.172677 , 0.171585 , 2.58997 , -1.79384 , -0.801578 , -0.156329 , -0.245697 , -0.0926988 , -51 , -348 , -304
10 , 10 , 35.9247 , 8.1909 , 0.0020615 , 0.176677 , 0.171709 , 2.58637 , -1.79722 , -0.802125 , -0.273576 , -0.18587 , -0.00905734 , 15 , -341 , -256
10 , 10 , 35.8264 , 8.14644 , -0.000787343 , 0.180723 , 0.172987 , 2.58109 , -1.7987 , -0.801559 , -0.293117 , -0.0282216 , 0.092935 , 16 , -345 , -5
10 , 10 , 35.7267 , 8.08072 , -0.0011153 , 0.184452 , 0.174739 , 2.57511 , -1.79874 , -0.79808 , -0.312658 , 0 , 0.237726 , -44 , -124 , 7
10 , 10 , 35.642 , 8.03699 , 0.00102013 , 0.187181 , 0.175841 , 2.56896 , -1.79695 , -0.792453 , -0.312658 , 0.230983 , 0.345453 , -54 , -35 , -96
10 , 10 , 35.5755 , 8.0187 , 0.00299063 , 0.188868 , 0.176238 , 2.56269 , -1.79202 , -0.786258 , -0.3322 , 0.264068 , 0.277309 , 19 , 39 , -93
10 , 10 , 35.5414 , 8.02699 , 0.00447256 , 0.188995 , 0.175938 , 2.55663 , -1.78505 , -0.781509 , -0.273576 , 0.337302 , 0.230436 , -58 , -58 , -82
10 , 10 , 35.5528 , 8.06169 , 0.00527538 , 0.187143 , 0.174982 , 2.55163 , -1.77895 , -0.777953 , -0.17587 , 0.282521 , 0.161897 , -48 , -101 , -69
10 , 10 , 35.6072 , 8.10196 , 0.0052422 , 0.183608 , 0.173934 , 2.54852 , -1.775 , -0.775237 , -0.0977058 , 0.162615 , 0.0758579 , -2 , -83 , -25
10 , 10 , 35.6979 , 8.13697 , 0.00420762 , 0.178838 , 0.173075 , 2.54754 , -1.77285 , -0.773673 , 0 , 0.039551 , 0.0548903 , -34 , -137 , -87
10 , 10 , 35.8143 , 8.14921 , 0.00214901 , 0.173402 , 0.17284 , 2.54854 , -1.77256 , -0.773615 , 0.0977058 , 0 , 0 , 8 , -285 , -216
10 , 10 , 35.9444 , 8.13294 , 0.000509133 , 0.167884 , 0.173342 , 2.55151 , -1.77377 , -0.775002 , 0.214953 , -0.176896 , -0.102632 , 30 , -363 , -403
10 , 10 , 36.0811 , 8.10684 , 0.000102846 , 0.162603 , 0.174068 , 2.55661 , -1.77783 , -0.778266 , 0.312658 , -0.304063 , -0.16495 , -3 , -340 , -403
10 , 10 , 36.2078 , 8.08213 , 0.000428743 , 0.158246 , 0.174721 , 2.56351 , -1.78403 , -0.782682 , 0.410364 , -0.388233 , -0.268545 , 16 , -428 , -322
10 , 10 , 36.3006 , 8.06482 , 0.00125385 , 0.155765 , 0.175151 , 2.5724 , -1.79067 , -0.788486 , 0.566693 , -0.264784 , -0.281436 , 7 , -497 , -304
10 , 10 , 36.3393 , 8.05821 , 0.00214429 , 0.155858 , 0.175287 , 2.58248 , -1.79605 , -0.793859 , 0.468988 , -0.244162 , -0.252143 , 18 , -374 , -306
10 , 10 , 36.3214 , 8.05414 , 0.00332592 , 0.158383 , 0.175351 , 2.59112 , -1.80027 , -0.798334 , 0.312658 , -0.124836 , -0.205192 , 45 , -384 , -318
10 , 10 , 36.2555 , 8.06178 , 0.00416523 , 0.16275 , 0.175114 , 2.59759 , -1.80216 , -0.80107 , 0.254035 , -0.0584708 , -0.0890122 , 14 , -357 , -314
10 , 10 , 36.1461 , 8.0726 , 0.00409001 , 0.168583 , 0.174809 , 2.60218 , -1.80238 , -0.801813 , 0.214953 , 0 , -0.00851228 , -66 , -212 , -299
10 , 10 , 36.0014 , 8.08417 , 0.00388217 , 0.175396 , 0.1745 , 2.60454 , -1.80121 , -0.801402 , 0.0781646 , 0.13564 , 0.0794348 , -18 , 15 , -53
10 , 10 , 35.8338 , 8.08826 , 0.00358648 , 0.182559 , 0.174398 , 2.60503 , -1.79708 , -0.798276 , -0.0390823 , 0.173032 , 0.230437 , -35 , 14 , -51
10 , 10 , 35.6659 , 8.09394 , 0.00351533 , 0.189061 , 0.17426 , 2.60337 , -1.79247 , -0.792922 , -0.117247 , 0.165043 , 0.298337 , -57 , 90 , 19
10 , 10 , 35.52 , 8.0945 , 0.00325872 , 0.194 , 0.17426 , 2.5997 , -1.78718 , -0.786395 , -0.195412 , 0.244264 , 0.338666 , -147 , 1 , -65
10 , 10 , 35.421 , 8.08979 , 0.00285184 , 0.196448 , 0.174394 , 2.59417 , -1.78172 , -0.779907 , -0.351741 , 0.238888 , 0.268421 , 1 , -28 , -51
10 , 10 , 35.3855 , 8.09008 , 0.00246387 , 0.195926 , 0.174394 , 2.58653 , -1.77662 , -0.774279 , -0.390823 , 0.228549 , 0.273047 , -34 , -29 , -69
10 , 10 , 35.4171 , 8.08706 , 0.00182818 , 0.192551 , 0.174478 , 2.57689 , -1.7727 , -0.769668 , -0.50807 , 0.147184 , 0.154352 , -27 , -120 , -20
10 , 10 , 35.5187 , 8.08353 , 0.00151857 , 0.186468 , 0.174571 , 2.56587 , -1.77111 , -0.767147 , -0.547152 , 0.03351 , 0.0951987 , -14 , -138 , -47
10 , 10 , 35.6793 , 8.08346 , 0.00122335 , 0.178406 , 0.174571 , 2.55634 , -1.77098 , -0.766404 , -0.410364 , 0 , 0.0087377 , -29 , -262 , -147
10 , 10 , 35.8762 , 8.07345 , 0.000939596 , 0.169532 , 0.174823 , 2.54893 , -1.77234 , -0.76699 , -0.3322 , -0.14525 , -0.0798249 , 11 , -405 , -396
10 , 10 , 36.0865 , 8.06408 , 0.00114305 , 0.160913 , 0.175046 , 2.54367 , -1.77645 , -0.770527 , -0.254035 , -0.289356 , -0.216162 , 48 , -393 , -397
10 , 10 , 36.2842 , 8.05289 , 0.000868305 , 0.153649 , 0.175304 , 2.54027 , -1.78282 , -0.776116 , -0.0781646 , -0.339256 , -0.301404 , -93 , -437 , -408
10 , 10 , 36.439 , 8.04088 , 0.0008735 , 0.148923 , 0.17557 , 2.53896 , -1.78985 , -0.78319 , -0.0195412 , -0.306767 , -0.438798 , 34 , -463 , -280
10 , 10 , 36.5268 , 8.03875 , 0.00156787 , 0.147532 , 0.17557 , 2.53969 , -1.79665 , -0.791984 , 0.0977058 , -0.303904 , -0.414885 , 54 , -451 , -288
10 , 10 , 36.5382 , 8.03663 , 0.0024181 , 0.149578 , 0.17557 , 2.5424 , -1.8024 , -0.799116 , 0.234494 , -0.274068 , -0.325323 , -14 , -323 , -360
10 , 10 , 36.4757 , 8.04125 , 0.00335595 , 0.154622 , 0.175398 , 2.54701 , -1.80615 , -0.804803 , 0.3322 , -0.150702 , -0.237533 , 3 , -369 , -304
10 , 10 , 36.3471 , 8.05012 , 0.00393329 , 0.162051 , 0.175127 , 2.55387 , -1.80801 , -0.808496 , 0.351741 , -0.0544621 , -0.13068 , 44 , -382 , -317
10 , 10 , 36.1649 , 8.06679 , 0.00423923 , 0.171096 , 0.174672 , 2.56288 , -1.80826 , -0.81 , 0.488529 , 0 , -0.016365 , 16 , -197 , -366
10 , 10 , 35.9424 , 8.08166 , 0.00405804 , 0.181033 , 0.174287 , 2.57287 , -1.80697 , -0.810215 , 0.488529 , 0.160964 , 0 , -38 , -84 , -117
10 , 10 , 35.7008 , 8.094 , 0.00378637 , 0.190865 , 0.173986 , 2.5809 , -1.80269 , -0.808261 , 0.351741 , 0.26647 , 0.172624 , 1 , -17 , -98
10 , 10 , 35.4685 , 8.10942 , 0.00364697 , 0.199369 , 0.173622 , 2.58664 , -1.7963 , -0.803884 , 0.234494 , 0.342426 , 0.268177 , 16 , -20 , -28
10 , 10 , 35.2758 , 8.12598 , 0.00384443 , 0.205363 , 0.173248 , 2.59053 , -1.7886 , -0.797436 , 0.117247 , 0.358771 , 0.337109 , 19 , 31 , 2
10 , 10 , 35.1538 , 8.14363 , 0.00412358 , 0.207741 , 0.172867 , 2.59225 , -1.78081 , -0.788896 , 0.0390823 , 0.344034 , 0.477389 , -3 , 20 , -53
10 , 10 , 35.1157 , 8.15393 , 0.00337584 , 0.206266 , 0.172691 , 2.5921 , -1.77408 , -0.778832 , -0.0586235 , 0.342025 , 0.465264 , -62 , -147 , -40
10 , 10 , 35.1675 , 8.1492 , 0.00157469 , 0.201049 , 0.172908 , 2.58987 , -1.769 , -0.769765 , -0.17587 , 0.181328 , 0.45374 , -22 , -73 , -86
10 , 10 , 35.3079 , 8.12908 , -0.000252281 , 0.19249 , 0.173504 , 2.58555 , -1.76629 , -0.762515 , -0.3322 , 0.0942493 , 0.289783 , 32 , -48 , -65
10 , 10 , 35.5195 , 8.09219 , -0.00187268 , 0.18166 , 0.174496 , 2.57943 , -1.76537 , -0.757161 , -0.351741 , 0.0104743 , 0.201592 , 2 , -76 , -38
10 , 10 , 35.7803 , 8.03646 , -0.00257107 , 0.169718 , 0.175915 , 2.57136 , -1.76545 , -0.754054 , -0.449447 , 0 , 0.11291 , -24 , -334 , -109
10 , 10 , 36.0641 , 7.98903 , -0.00167589 , 0.157906 , 0.17705 , 2.56292 , -1.76804 , -0.752843 , -0.371282 , -0.225996 , 0.0230119 , -20 , -387 , -30
10 , 10 , 36.3385 , 7.95854 , -0.000568239 , 0.147613 , 0.177694 , 2.55673 , -1.77315 , -0.753136 , -0.214953 , -0.322105 , -0.0595764 , -59 , -394 , -256
10 , 10 , 36.5684 , 7.92961 , 0.000265546 , 0.140203 , 0.178265 , 2.55266 , -1.78036 , -0.755598 , -0.136788 , -0.39239 , -0.253123 , -37 , -486 , -232
10 , 10 , 36.7266 , 7.8946 , 0.00018375 , 0.136592 , 0.178961 , 2.55071 , -1.78833 , -0.760542 , -0.0586235 , -0.437162 , -0.316711 , 23 , -398 , -314
10 , 10 , 36.8026 , 7.85703 , 9.82783e-05 , 0.136873 , 0.179686 , 2.55069 , -1.79573 , -0.767342 , 0.0586235 , -0.328054 , -0.341429 , 15 , -440 , -442
10 , 10 , 36.7912 , 7.83377 , 0.00110688 , 0.140901 , 0.180008 , 2.55272 , -1.80173 , -0.776487 , 0.136788 , -0.286946 , -0.563685 , 87 , -340 , -312
10 , 10 , 36.6946 , 7.83431 , 0.00235953 , 0.148233 , 0.179709 , 2.55669 , -1.80517 , -0.787743 , 0.273576 , -0.0987923 , -0.599421 , -21 , -392 , -307
10 , 10 , 36.5201 , 7.86594 , 0.00469951 , 0.158248 , 0.178635 , 2.56265 , -1.8065 , -0.799409 , 0.371282 , -0.0130374 , -0.508218 , 22 , -378 , -313
10 , 10 , 36.2841 , 7.93932 , 0.00773796 , 0.169974 , 0.176554 , 2.57105 , -1.80656 , -0.80918 , 0.429905 , 0 , -0.452166 , 98 , -112 , -318
10 , 10 , 36.0097 , 8.03612 , 0.00905301 , 0.182262 , 0.173987 , 2.58086 , -1.80465 , -0.816957 , 0.488529 , 0.172828 , -0.411967 , 10 , -30 , -278
10 , 10 , 35.7174 , 8.13593 , 0.00828883 , 0.194168 , 0.171477 , 2.58899 , -1.79996 , -0.822898 , 0.312658 , 0.29385 , -0.273175 , 20 , -14 , -257
10 , 10 , 35.4337 , 8.22298 , 0.00604502 , 0.204584 , 0.169422 , 2.59454 , -1.79386 , -0.826767 , 0.254035 , 0.279158 , -0.129583 , -40 , 16 , -328
10 , 10 , 35.1932 , 8.28504 , 0.00374978 , 0.212152 , 0.16811 , 2.59866 , -1.78792 , -0.828623 , 0.156329 , 0.264068 , -0.0194839 , -3 , 7 , -270
10 , 10 , 35.0219 , 8.33475 , 0.00225866 , 0.216025 , 0.167181 , 2.60056 , -1.78217 , -0.828838 , 0.0586235 , 0.251495 , 0 , -38 , -87 , -118
10 , 10 , 34.9365 , 8.37429 , 0.00107356 , 0.215815 , 0.166558 , 2.60054 , -1.77717 , -0.827197 , -0.0390823 , 0.178294 , 0.190956 , -114 , -62 , -102
10 , 10 , 34.9458 , 8.40874 , 0.000297087 , 0.211538 , 0.166098 , 2.59845 , -1.77363 , -0.822683 , -0.195412 , 0.135389 , 0.238695 , -38 , -149 , -13
10 , 10 , 35.037 , 8.43277 , -0.000916058 , 0.20412 , 0.165927 , 2.59423 , -1.77229 , -0.816332 , -0.214953 , 0.0383953 , 0.339058 , -115 , -128 , -88
10 , 10 , 35.1961 , 8.42206 , -0.00291672 , 0.194464 , 0.166648 , 2.58811 , -1.77232 , -0.808085 , -0.390823 , -0.00398242 , 0.418439 , -4 , -351 , -19
10 , 10 , 35.4044 , 8.37155 , -0.00531608 , 0.183589 , 0.168344 , 2.58004 , -1.77457 , -0.797944 , -0.468988 , -0.147516 , 0.547369 , -28 , -435 , -44
10 , 10 , 35.6358 , 8.27726 , -0.00724514 , 0.17274 , 0.171065 , 2.57013 , -1.77936 , -0.785359 , -0.605776 , -0.292094 , 0.572771 , 1 , -421 , -80
10 , 10 , 35.8639 , 8.14704 , -0.00826069 , 0.163053 , 0.174558 , 2.55964 , -1.78481 , -0.774397 , -0.390823 , -0.195607 , 0.485695 , -84 , -451 , -35
10 , 10 , 36.0628 , 8.00667 , -0.00833123 , 0.155535 , 0.178127 , 2.55163 , -1.78862 , -0.765525 , -0.351741 , -0.176204 , 0.456746 , 28 , -352 , -114
10 , 10 , 36.2142 , 7.88052 , -0.00611079 , 0.150775 , 0.181148 , 2.54572 , -1.7903 , -0.758607 , -0.312658 , -0.0724814 , 0.276916 , 43 , -392 , -26
10 , 10 , 36.3125 , 7.80481 , -0.00231965 , 0.14876 , 0.182728 , 2.54191 , -1.79058 , -0.753781 , -0.156329 , 0 , 0.190705 , -4 , -231 , -15
10 , 10 , 36.354 , 7.7799 , 0.00121825 , 0.149389 , 0.182935 , 2.53994 , -1.78977 , -0.750888 , -0.0390823 , 0.18274 , 0.098493 , 51 , -49 , -65
10 , 10 , 36.3374 , 7.78726 , 0.00364506 , 0.152468 , 0.182309 , 2.53996 , -1.78741 , -0.74997 , 0.0586235 , 0.0647337 , 0.00810557 , 19 , -54 , -17
10 , 10 , 36.2747 , 7.8076 , 0.00402513 , 0.15725 , 0.181387 , 2.54211 , -1.7869 , -0.750263 , 0.17587 , 0.0108535 , -0.0388485 , 1 , 8 , -332
10 , 10 , 36.1847 , 7.81559 , 0.00279171 , 0.162763 , 0.180826 , 2.54647 , -1.78587 , -0.753331 , 0.214953 , 0.0469732 , -0.237149 , 83 , 1 , -277
10 , 10 , 36.081 , 7.81566 , 0.00167854 , 0.168349 , 0.180496 , 2.55274 , -1.78376 , -0.758392 , 0.390823 , 0.111621 , -0.356156 , 1 , -45 , -256
10 , 10 , 35.9756 , 7.82757 , 0.00187575 , 0.173484 , 0.179882 , 2.56083 , -1.78077 , -0.765544 , 0.429905 , 0.120773 , -0.42175 , 25 , 9 , -340
