50 , 50 , -0.0148241 , 0.0244636 , -0.238369 , 0 , 0 , 0 , 30 , -30
50 , 50 , -0.0147744 , 0.0244808 , -0.238369 , 0.000625317 , 0.00050807 , -0.00050807 , 30 , -30
50 , 50 , -0.0146777 , 0.0245156 , -0.238516 , 0.00250127 , 0.00248173 , -0.0019932 , 30 , -30
50 , 50 , -0.0141475 , 0.0246745 , -0.239205 , 0.00558877 , 0.00554969 , -0.00478758 , 30 , -30
50 , 50 , -0.0129848 , 0.0246495 , -0.240403 , 0.00986828 , 0.00994645 , -0.00879352 , 30 , -30
50 , 50 , -0.0117429 , 0.0242953 , -0.24219 , 0.0153203 , 0.0154766 , -0.0139915 , 30 , -30
50 , 50 , -0.0108703 , 0.0237356 , -0.244521 , 0.022062 , 0.0223942 , -0.0203814 , 30 , -30
50 , 50 , -0.0103831 , 0.0231461 , -0.247152 , 0.030152 , 0.0303279 , -0.0280416 , 30 , -30
50 , 50 , -0.0100556 , 0.0225354 , -0.250114 , 0.0392973 , 0.0392582 , -0.0369914 , 30 , -30
50 , 50 , -0.0095804 , 0.0218855 , -0.253431 , 0.0495173 , 0.0494391 , -0.0470942 , 30 , -30
50 , 50 , -0.00881441 , 0.0213475 , -0.257182 , 0.060773 , 0.0612615 , -0.0583499 , 30 , -30
50 , 50 , -0.00791525 , 0.0210297 , -0.261406 , 0.073846 , 0.0740219 , -0.0706999 , 30 , -30
50 , 50 , -0.00726189 , 0.0208332 , -0.266095 , 0.0876225 , 0.0875835 , -0.084496 , 30 , -30
50 , 50 , -0.00692146 , 0.020582 , -0.2712 , 0.102493 , 0.102982 , -0.0992886 , 30 , -30
50 , 50 , -0.00689415 , 0.0201718 , -0.276622 , 0.120022 , 0.120041 , -0.115977 , 30 , -30
50 , 50 , -0.00670348 , 0.0194654 , -0.282463 , 0.136319 , 0.136612 , -0.132528 , 30 , -30
50 , 50 , -0.00607782 , 0.0187465 , -0.288845 , 0.156388 , 0.156447 , -0.151893 , 30 , -30
50 , 50 , -0.00530163 , 0.0179994 , -0.295529 , 0.175968 , 0.176203 , -0.17163 , 30 , -30
50 , 50 , -0.00444533 , 0.0174478 , -0.302816 , 0.197561 , 0.197581 , -0.192461 , 30 , -30
50 , 50 , -0.00389543 , 0.0170201 , -0.310268 , 0.218412 , 0.218666 , -0.213526 , 30 , -30
50 , 50 , -0.00365406 , 0.0164494 , -0.318131 , 0.243483 , 0.243326 , -0.237796 , 30 , -30
50 , 50 , -0.00325744 , 0.0159025 , -0.326288 , 0.266502 , 0.267049 , -0.261128 , 30 , -30
50 , 50 , -0.00253183 , 0.0151225 , -0.334829 , 0.294075 , 0.294114 , -0.288076 , 30 , -30
50 , 50 , -0.00170651 , 0.0142863 , -0.343741 , 0.321472 , 0.321472 , -0.314867 , 30 , -30
50 , 50 , -0.00105905 , 0.0134003 , -0.353028 , 0.34793 , 0.348438 , -0.341619 , 30 , -30
50 , 50 , -0.000768395 , 0.0123318 , -0.362678 , 0.37904 , 0.379235 , -0.372357 , 30 , -30
50 , 50 , -0.000517437 , 0.011636 , -0.372917 , 0.410149 , 0.409485 , -0.402782 , 30 , -30
50 , 50 , 9.06665e-06 , 0.0111231 , -0.383085 , 0.44208 , 0.439266 , -0.4344 , 30 , -30
50 , 50 , 0.000125734 , 0.0104954 , -0.393018 , 0.474791 , 0.467503 , -0.467327 , 30 , -30
50 , 50 , -0.000393729 , 0.0104169 , -0.402903 , 0.508832 , 0.494294 , -0.501465 , 30 , -30
50 , 50 , -0.00118441 , 0.0112194 , -0.412559 , 0.54426 , 0.520381 , -0.536756 , 30 , -30
50 , 50 , -0.00233922 , 0.0128487 , -0.421907 , 0.580939 , 0.544983 , -0.573318 , 30 , -30
50 , 50 , -0.00372902 , 0.0154932 , -0.431204 , 0.620647 , 0.569293 , -0.612928 , 30 , -30
50 , 50 , -0.00481611 , 0.0190677 , -0.440354 , 0.657794 , 0.590749 , -0.64988 , 30 , -30
50 , 50 , -0.00545826 , 0.0231561 , -0.449317 , 0.699964 , 0.612557 , -0.69205 , 30 , -30
50 , 50 , -0.0056465 , 0.0277627 , -0.458221 , 0.741333 , 0.632762 , -0.733399 , 30 , -30
50 , 50 , -0.00580994 , 0.0327156 , -0.467156 , 0.781744 , 0.650154 , -0.77381 , 30 , -30
50 , 50 , -0.00609366 , 0.0379023 , -0.476423 , 0.827588 , 0.668894 , -0.819693 , 30 , -30
50 , 50 , -0.00619841 , 0.0434911 , -0.486119 , 0.87261 , 0.684664 , -0.864638 , 30 , -30
50 , 50 , -0.00635723 , 0.048971 , -0.496181 , 0.919021 , 0.700062 , -0.910598 , 30 , -30
50 , 50 , -0.00671112 , 0.0540263 , -0.50658 , 0.964239 , 0.713389 , -0.955523 , 30 , -30
50 , 50 , -0.00734292 , 0.0591512 , -0.516975 , 1.01542 , 0.726364 , -1.0066 , 30 , -30
50 , 50 , -0.00807365 , 0.0644576 , -0.5277 , 1.06491 , 0.737972 , -1.05643 , 30 , -30
50 , 50 , -0.00868593 , 0.069982 , -0.538791 , 1.11512 , 0.748387 , -1.10744 , 30 , -30
50 , 50 , -0.00910524 , 0.0755983 , -0.550057 , 1.16481 , 0.757298 , -1.15926 , 30 , -30
50 , 50 , -0.00978196 , 0.0810291 , -0.5614 , 1.21304 , 0.765036 , -1.21278 , 30 , -30
50 , 50 , -0.0109186 , 0.0869772 , -0.572975 , 1.25984 , 0.771661 , -1.26746 , 30 , -30
50 , 50 , -0.0123394 , 0.0936153 , -0.58475 , 1.30535 , 0.77725 , -1.32292 , 30 , -30
50 , 50 , -0.0140799 , 0.0998152 , -0.596085 , 1.34975 , 0.781588 , -1.38013 , 30 , -30
50 , 50 , -0.0162089 , 0.106578 , -0.607997 , 1.39311 , 0.784675 , -1.43805 , 30 , -30
50 , 50 , -0.0183175 , 0.1139 , -0.619579 , 1.43745 , 0.786551 , -1.50023 , 30 , -30
50 , 50 , -0.0202387 , 0.121383 , -0.631075 , 1.47622 , 0.787274 , -1.55522 , 30 , -30
50 , 50 , -0.0229047 , 0.129643 , -0.642057 , 1.51598 , 0.787274 , -1.61228 , 30 , -30
50 , 50 , -0.0261305 , 0.13805 , -0.652392 , 1.55446 , 0.787411 , -1.66819 , 30 , -30
50 , 50 , -0.0298197 , 0.146559 , -0.662406 , 1.59174 , 0.787313 , -1.72271 , 30 , -30
50 , 50 , -0.0334183 , 0.155292 , -0.671925 , 1.62786 , 0.787509 , -1.77621 , 30 , -30
50 , 50 , -0.0364672 , 0.164096 , -0.681079 , 1.66459 , 0.787118 , -1.83093 , 30 , -30
50 , 50 , -0.0389652 , 0.172532 , -0.690379 , 1.69848 , 0.78747 , -1.88179 , 30 , -30
50 , 50 , -0.040941 , 0.180188 , -0.699559 , 1.73113 , 0.787098 , -1.93166 , 30 , -30
50 , 50 , -0.0434977 , 0.187118 , -0.70874 , 1.76228 , 0.787352 , -1.98034 , 30 , -30
50 , 50 , -0.0467719 , 0.194168 , -0.71734 , 1.79187 , 0.787274 , -2.02765 , 30 , -30
50 , 50 , -0.0500176 , 0.201194 , -0.725421 , 1.82055 , 0.787137 , -2.07353 , 30 , -30
50 , 50 , -0.0526109 , 0.208039 , -0.733368 , 1.84842 , 0.787372 , -2.1185 , 30 , -30
50 , 50 , -0.0548348 , 0.21534 , -0.741271 , 1.87458 , 0.787059 , -2.16223 , 30 , -30
50 , 50 , -0.0575583 , 0.222664 , -0.749238 , 1.89958 , 0.78743 , -2.20481 , 30 , -30
50 , 50 , -0.0604817 , 0.22859 , -0.75681 , 1.92385 , 0.787118 , -2.24616 , 30 , -30
50 , 50 , -0.0633678 , 0.233949 , -0.763973 , 1.9472 , 0.787372 , -2.28839 , 30 , -30
50 , 50 , -0.0659523 , 0.239642 , -0.770906 , 1.96809 , 0.78702 , -2.3254 , 30 , -30
50 , 50 , -0.067619 , 0.245091 , -0.777769 , 1.98806 , 0.787391 , -2.36321 , 30 , -30
50 , 50 , -0.0691053 , 0.250167 , -0.78446 , 2.00752 , 0.78704 , -2.39967 , 30 , -30
50 , 50 , -0.0713589 , 0.255266 , -0.791091 , 2.02501 , 0.787216 , -2.43483 , 30 , -30
50 , 50 , -0.0741881 , 0.260575 , -0.797354 , 2.04219 , 0.787157 , -2.46916 , 30 , -30
50 , 50 , -0.0769048 , 0.26579 , -0.80331 , 2.05731 , 0.787176 , -2.50219 , 30 , -30
50 , 50 , -0.0793664 , 0.270881 , -0.808949 , 2.07191 , 0.787255 , -2.53394 , 30 , -30
50 , 50 , -0.0816684 , 0.275813 , -0.814533 , 2.08514 , 0.787118 , -2.56431 , 30 , -30
50 , 50 , -0.083739 , 0.280236 , -0.81984 , 2.09673 , 0.787313 , -2.59368 , 30 , -30
50 , 50 , -0.0855747 , 0.284167 , -0.825033 , 2.10822 , 0.787176 , -2.62324 , 30 , -30
50 , 50 , -0.0873992 , 0.288078 , -0.830098 , 2.11779 , 0.787313 , -2.65021 , 30 , -30
50 , 50 , -0.089459 , 0.291931 , -0.834919 , 2.12594 , 0.787176 , -2.67593 , 30 , -30
50 , 50 , -0.0917209 , 0.295627 , -0.839201 , 2.13288 , 0.787196 , -2.70035 , 30 , -30
50 , 50 , -0.0935331 , 0.299199 , -0.843423 , 2.13876 , 0.787196 , -2.72371 , 30 , -30
50 , 50 , -0.0949364 , 0.302522 , -0.847516 , 2.14349 , 0.787176 , -2.74571 , 30 , -30
50 , 50 , -0.0964954 , 0.305702 , -0.851435 , 2.14712 , 0.787196 , -2.7667 , 30 , -30
50 , 50 , -0.0981163 , 0.308781 , -0.855212 , 2.14943 , 0.787196 , -2.78628 , 30 , -30
50 , 50 , -0.0997353 , 0.311413 , -0.858761 , 2.15052 , 0.787196 , -2.80488 , 30 , -30
50 , 50 , -0.101357 , 0.313803 , -0.861992 , 2.15064 , 0.787196 , -2.82209 , 30 , -30
50 , 50 , -0.1029 , 0.316251 , -0.86491 , 2.15054 , 0.787196 , -2.83814 , 30 , -30
50 , 50 , -0.104141 , 0.318532 , -0.867641 , 2.1505 , 0.787196 , -2.85315 , 30 , -30
50 , 50 , -0.104972 , 0.320633 , -0.870312 , 2.15052 , 0.787216 , -2.86673 , 30 , -30
50 , 50 , -0.106034 , 0.32262 , -0.872747 , 2.15052 , 0.787196 , -2.87992 , 30 , -30
50 , 50 , -0.107274 , 0.324332 , -0.874895 , 2.15052 , 0.787216 , -2.89059 , 30 , -30
50 , 50 , -0.108087 , 0.325848 , -0.876814 , 2.1505 , 0.787196 , -2.90071 , 30 , -30
50 , 50 , -0.108819 , 0.327245 , -0.878561 , 2.15052 , 0.787216 , -2.90999 , 30 , -30
50 , 50 , -0.109633 , 0.328445 , -0.880081 , 2.15052 , 0.787216 , -2.91718 , 30 , -30
50 , 50 , -0.110332 , 0.329384 , -0.881411 , 2.1505 , 0.787196 , -2.92406 , 30 , -30
50 , 50 , -0.110856 , 0.330297 , -0.882543 , 2.15052 , 0.787196 , -2.9293 , 30 , -30
50 , 50 , -0.11126 , 0.331071 , -0.88346 , 2.15052 , 0.787196 , -2.93323 , 30 , -30
50 , 50 , -0.111684 , 0.331601 , -0.884172 , 2.15052 , 0.787216 , -2.9361 , 30 , -30
50 , 50 , -0.112093 , 0.332071 , -0.884619 , 2.15052 , 0.787196 , -2.9378 , 30 , -30
50 , 50 , -0.112274 , 0.332411 , -0.884877 , 2.15052 , 0.787216 , -2.93819 , 30 , -30
50 , 50 , -0.112274 , 0.332487 , -0.884961 , 2.15052 , 0.787216 , -2.93815 , 30 , -30
50 , 50 , -0.112082 , 0.332339 , -0.884961 , 2.15052 , 0.787196 , -2.93811 , 30 , -30
50 , 50 , -0.111501 , 0.332081 , -0.884961 , 2.15052 , 0.787196 , -2.93809 , 30 , -30
50 , 50 , -0.110928 , 0.331737 , -0.885033 , 2.15054 , 0.787196 , -2.93807 , 30 , -30
50 , 50 , -0.110586 , 0.331396 , -0.885033 , 2.15052 , 0.787196 , -2.93807 , 30 , -30
50 , 50 , -0.110281 , 0.331202 , -0.885033 , 2.15052 , 0.787196 , -2.93805 , 30 , -30
50 , 50 , -0.109908 , 0.331151 , -0.885033 , 2.15052 , 0.787196 , -2.93803 , 30 , -30
50 , 50 , -0.109556 , 0.331128 , -0.885033 , 2.15052 , 0.787196 , -2.93801 , 30 , -30
50 , 50 , -0.109268 , 0.331074 , -0.885033 , 2.15052 , 0.787196 , -2.93799 , 30 , -30
50 , 50 , -0.108953 , 0.330938 , -0.885033 , 2.15052 , 0.787196 , -2.93797 , 30 , -30
50 , 50 , -0.108616 , 0.330742 , -0.885033 , 2.15052 , 0.787216 , -2.93795 , 30 , -30
50 , 50 , -0.108261 , 0.330562 , -0.885033 , 2.15052 , 0.787196 , -2.93793 , 30 , -30
50 , 50 , -0.107924 , 0.330428 , -0.885033 , 2.15052 , 0.787196 , -2.93792 , 30 , -30
50 , 50 , -0.107687 , 0.330343 , -0.885033 , 2.15052 , 0.787196 , -2.9379 , 30 , -30
50 , 50 , -0.107453 , 0.33032 , -0.885033 , 2.15052 , 0.787196 , -2.9379 , 30 , -30
50 , 50 , -0.107175 , 0.330285 , -0.885033 , 2.15052 , 0.787196 , -2.93786 , 30 , -30
50 , 50 , -0.106957 , 0.330144 , -0.885033 , 2.15052 , 0.787176 , -2.93784 , 30 , -30
50 , 50 , -0.106724 , 0.330014 , -0.885033 , 2.15052 , 0.787196 , -2.93784 , 30 , -30
50 , 50 , -0.106422 , 0.329907 , -0.885033 , 2.15052 , 0.787176 , -2.93782 , 30 , -30
50 , 50 , -0.106192 , 0.329752 , -0.885033 , 2.15052 , 0.787176 , -2.9378 , 30 , -30
50 , 50 , -0.106097 , 0.329638 , -0.885033 , 2.15052 , 0.787176 , -2.9378 , 30 , -30
50 , 50 , -0.105989 , 0.329604 , -0.885033 , 2.15052 , 0.787196 , -2.93778 , 30 , -30
50 , 50 , -0.105817 , 0.329572 , -0.885033 , 2.15052 , 0.787196 , -2.93778 , 30 , -30
50 , 50 , -0.105665 , 0.329497 , -0.885033 , 2.15052 , 0.787196 , -2.93778 , 30 , -30
50 , 50 , -0.105479 , 0.329376 , -0.885033 , 2.15052 , 0.787196 , -2.93776 , 30 , -30
50 , 50 , -0.10532 , 0.329244 , -0.885033 , 2.15052 , 0.787196 , -2.93776 , 30 , -30
50 , 50 , -0.105164 , 0.329157 , -0.885033 , 2.15052 , 0.787196 , -2.93776 , 30 , -30
50 , 50 , -0.104982 , 0.329116 , -0.885033 , 2.15052 , 0.787196 , -2.93776 , 30 , -30
50 , 50 , -0.10485 , 0.329053 , -0.885033 , 2.15052 , 0.787176 , -2.93776 , 30 , -30
50 , 50 , -0.104695 , 0.32898 , -0.885033 , 2.15052 , 0.787196 , -2.93776 , 30 , -30
50 , 50 , -0.104521 , 0.328942 , -0.885033 , 2.15052 , 0.787196 , -2.93776 , 30 , -30
50 , 50 , -0.104406 , 0.328883 , -0.885033 , 2.15052 , 0.787196 , -2.93776 , 30 , -30
50 , 50 , -0.104322 , 0.328775 , -0.885033 , 2.15052 , 0.787196 , -2.93776 , 30 , -30
50 , 50 , -0.104167 , 0.328665 , -0.885033 , 2.15052 , 0.787176 , -2.93776 , 30 , -30
50 , 50 , -0.104011 , 0.328624 , -0.885033 , 2.15052 , 0.787196 , -2.93776 , 30 , -30
50 , 50 , -0.103946 , 0.328603 , -0.885033 , 2.15052 , 0.787196 , -2.93776 , 30 , -30
50 , 50 , -0.103857 , 0.328562 , -0.885033 , 2.15052 , 0.787196 , -2.93776 , 30 , -30
50 , 50 , -0.103714 , 0.328536 , -0.885033 , 2.15052 , 0.787196 , -2.93774 , 30 , -30
50 , 50 , -0.103595 , 0.328498 , -0.885033 , 2.15052 , 0.787196 , -2.93774 , 30 , -30
50 , 50 , -0.103504 , 0.328431 , -0.885033 , 2.15052 , 0.787196 , -2.93774 , 30 , -30
50 , 50 , -0.103434 , 0.328374 , -0.885033 , 2.15052 , 0.787196 , -2.93774 , 30 , -30
50 , 50 , -0.103342 , 0.328352 , -0.885033 , 2.15052 , 0.787196 , -2.93774 , 30 , -30
50 , 50 , -0.103217 , 0.328315 , -0.885033 , 2.15052 , 0.787196 , -2.93774 , 30 , -30
50 , 50 , -0.103094 , 0.328284 , -0.885033 , 2.15052 , 0.787196 , -2.93774 , 30 , -30
50 , 50 , -0.102967 , 0.328273 , -0.885033 , 2.15052 , 0.787196 , -2.93774 , 30 , -30
50 , 50 , -0.102886 , 0.328242 , -0.885033 , 2.15052 , 0.787196 , -2.93774 , 30 , -30
50 , 50 , -0.102812 , 0.328187 , -0.885033 , 2.15052 , 0.787196 , -2.93774 , 30 , -30
50 , 50 , -0.102741 , 0.32814 , -0.885033 , 2.15052 , 0.787196 , -2.93774 , 30 , -30
50 , 50 , -0.1027 , 0.328072 , -0.885033 , 2.15052 , 0.787196 , -2.93774 , 30 , -30
50 , 50 , -0.102642 , 0.328024 , -0.885033 , 2.15052 , 0.787196 , -2.93774 , 30 , -30
50 , 50 , -0.102594 , 0.327993 , -0.885033 , 2.15052 , 0.787196 , -2.93774 , 30 , -30
50 , 50 , -0.102561 , 0.327918 , -0.885033 , 2.15052 , 0.787196 , -2.93774 , 30 , -30
50 , 50 , -0.102471 , 0.327856 , -0.885033 , 2.15052 , 0.787196 , -2.93774 , 30 , -30
50 , 50 , -0.102387 , 0.327819 , -0.885033 , 2.15052 , 0.787196 , -2.93774 , 30 , -30
50 , 50 , -0.102387 , 0.327786 , -0.885033 , 2.15052 , 0.787196 , -2.93774 , 30 , -30
50 , 50 , -0.102338 , 0.327743 , -0.885033 , 2.15052 , 0.787216 , -2.93772 , 30 , -30
50 , 50 , -0.10224 , 0.327668 , -0.885033 , 2.15052 , 0.787196 , -2.93774 , 30 , -30
50 , 50 , -0.102208 , 0.32759 , -0.885033 , 2.15052 , 0.787196 , -2.93772 , 30 , -30
50 , 50 , -0.102185 , 0.327575 , -0.885033 , 2.15052 , 0.787196 , -2.93772 , 30 , -30
50 , 50 , -0.102134 , 0.327563 , -0.885033 , 2.15052 , 0.787196 , -2.93772 , 30 , -30
50 , 50 , -0.102123 , 0.327515 , -0.885033 , 2.15052 , 0.787196 , -2.93772 , 30 , -30
50 , 50 , -0.102103 , 0.32747 , -0.885033 , 2.15052 , 0.787196 , -2.93772 , 30 , -30
50 , 50 , -0.102043 , 0.32744 , -0.885033 , 2.15052 , 0.787196 , -2.93772 , 30 , -30
50 , 50 , -0.102017 , 0.327418 , -0.885033 , 2.15052 , 0.787196 , -2.93772 , 30 , -30
50 , 50 , -0.102003 , 0.327387 , -0.885033 , 2.1505 , 0.787196 , -2.93772 , 30 , -30
50 , 50 , -0.101939 , 0.327359 , -0.885033 , 2.15052 , 0.787196 , -2.93772 , 30 , -30
50 , 50 , -0.10191 , 0.327318 , -0.885033 , 2.15052 , 0.787196 , -2.93772 , 30 , -30
50 , 50 , -0.101911 , 0.327252 , -0.885033 , 2.15052 , 0.787196 , -2.93772 , 30 , -30
50 , 50 , -0.101841 , 0.327226 , -0.885033 , 2.15052 , 0.787196 , -2.93772 , 30 , -30
50 , 50 , -0.101814 , 0.327219 , -0.885033 , 2.15052 , 0.787196 , -2.93772 , 30 , -30
50 , 50 , -0.101807 , 0.327208 , -0.885033 , 2.15052 , 0.787196 , -2.93772 , 30 , -30
50 , 50 , -0.101743 , 0.327239 , -0.885033 , 2.15052 , 0.787196 , -2.93772 , 30 , -30
50 , 50 , -0.101745 , 0.327248 , -0.885033 , 2.15052 , 0.787196 , -2.93772 , 30 , -30
50 , 50 , -0.101786 , 0.327225 , -0.885033 , 2.15052 , 0.787196 , -2.93772 , 30 , -30
50 , 50 , -0.10168 , 0.327223 , -0.885033 , 2.15052 , 0.787216 , -2.93772 , 30 , -30
50 , 50 , -0.101562 , 0.327232 , -0.885033 , 2.15052 , 0.787216 , -2.93772 , 30 , -30
50 , 50 , -0.101604 , 0.327237 , -0.885033 , 2.15052 , 0.787196 , -2.93772 , 30 , -30
50 , 50 , -0.101615 , 0.327248 , -0.885033 , 2.15052 , 0.787196 , -2.93772 , 30 , -30
50 , 50 , -0.101577 , 0.327258 , -0.885033 , 2.15052 , 0.787196 , -2.93772 , 30 , -30
50 , 50 , -0.10159 , 0.327259 , -0.885033 , 2.15052 , 0.787196 , -2.93772 , 30 , -30
50 , 50 , -0.101563 , 0.327267 , -0.885033 , 2.15052 , 0.787196 , -2.93772 , 30 , -30
50 , 50 , -0.101562 , 0.327273 , -0.885033 , 2.15052 , 0.787196 , -2.93772 , 30 , -30
50 , 50 , -0.101606 , 0.327275 , -0.885033 , 2.15052 , 0.787196 , -2.93772 , 30 , -30
50 , 50 , -0.101563 , 0.327265 , -0.885033 , 2.15052 , 0.787196 , -2.93772 , 30 , -30
50 , 50 , -0.101536 , 0.327245 , -0.885033 , 2.15052 , 0.787196 , -2.93772 , 30 , -30
50 , 50 , -0.101539 , 0.327201 , -0.885033 , 2.15052 , 0.787196 , -2.93772 , 30 , -30
50 , 50 , -0.101497 , 0.327184 , -0.885033 , 2.15052 , 0.787196 , -2.93772 , 30 , -30
50 , 50 , -0.101465 , 0.327174 , -0.885033 , 2.15052 , 0.787196 , -2.93772 , 30 , -30
50 , 50 , -0.101478 , 0.327127 , -0.885033 , 2.15052 , 0.787196 , -2.93772 , 30 , -30
50 , 50 , -0.101447 , 0.327113 , -0.885033 , 2.15052 , 0.787196 , -2.93772 , 30 , -30
50 , 50 , -0.101383 , 0.327146 , -0.885033 , 2.15052 , 0.787216 , -2.93772 , 30 , -30
50 , 50 , -0.101391 , 0.327139 , -0.885033 , 2.15052 , 0.787216 , -2.93772 , 30 , -30
50 , 50 , -0.101366 , 0.327091 , -0.885033 , 2.15052 , 0.787196 , -2.93772 , 30 , -30
50 , 50 , -0.101275 , 0.327057 , -0.885033 , 2.15052 , 0.787196 , -2.93772 , 30 , -30
50 , 50 , -0.101254 , 0.327029 , -0.885033 , 2.15052 , 0.787216 , -2.93772 , 30 , -30
50 , 50 , -0.101237 , 0.327019 , -0.885033 , 2.15052 , 0.787196 , -2.93772 , 30 , -30
50 , 50 , -0.101198 , 0.327018 , -0.885033 , 2.15052 , 0.787196 , -2.93772 , 30 , -30
50 , 50 , -0.101177 , 0.327003 , -0.885033 , 2.15052 , 0.787196 , -2.93772 , 30 , -30
50 , 50 , -0.101176 , 0.326956 , -0.885033 , 2.15052 , 0.787196 , -2.93772 , 30 , -30
50 , 50 , -0.101175 , 0.326911 , -0.885033 , 2.15052 , 0.787196 , -2.93772 , 30 , -30
50 , 50 , -0.101159 , 0.32686 , -0.885033 , 2.15052 , 0.787196 , -2.93772 , 30 , -30
50 , 50 , -0.10115 , 0.326811 , -0.885033 , 2.15052 , 0.787196 , -2.93774 , 30 , -30
50 , 50 , -0.101139 , 0.326789 , -0.885033 , 2.15052 , 0.787196 , -2.93772 , 30 , -30
50 , 50 , -0.101151 , 0.326746 , -0.885033 , 2.15052 , 0.787196 , -2.93772 , 30 , -30
50 , 50 , -0.10112 , 0.326702 , -0.885033 , 2.15054 , 0.787196 , -2.93774 , 30 , -30
50 , 50 , -0.101046 , 0.326693 , -0.885033 , 2.15052 , 0.787196 , -2.93772 , 30 , -30
50 , 50 , -0.101086 , 0.326671 , -0.885033 , 2.15052 , 0.787196 , -2.93774 , 30 , -30
50 , 50 , -0.101172 , 0.326663 , -0.885033 , 2.15052 , 0.787196 , -2.93774 , 30 , -30
50 , 50 , -0.101145 , 0.326709 , -0.885033 , 2.1505 , 0.787196 , -2.93774 , 30 , -30
50 , 50 , -0.101124 , 0.326756 , -0.885033 , 2.15052 , 0.787196 , -2.93774 , 30 , -30
50 , 50 , -0.101179 , 0.326749 , -0.885033 , 2.15052 , 0.787196 , -2.93774 , 30 , -30
50 , 50 , -0.101198 , 0.326743 , -0.885033 , 2.15052 , 0.787196 , -2.93772 , 30 , -30
50 , 50 , -0.101184 , 0.326751 , -0.885033 , 2.15052 , 0.787196 , -2.93774 , 30 , -30
50 , 50 , -0.101195 , 0.326738 , -0.885033 , 2.15052 , 0.787196 , -2.93774 , 30 , -30
50 , 50 , -0.101204 , 0.326759 , -0.885033 , 2.15052 , 0.787196 , -2.93774 , 30 , -30
50 , 50 , -0.101157 , 0.326786 , -0.885033 , 2.15052 , 0.787196 , -2.93774 , 30 , -30
50 , 50 , -0.101134 , 0.326784 , -0.885033 , 2.15052 , 0.787196 , -2.93772 , 30 , -30
50 , 50 , -0.101137 , 0.326781 , -0.885033 , 2.15052 , 0.787196 , -2.93774 , 30 , -30
50 , 50 , -0.101154 , 0.326765 , -0.885033 , 2.15052 , 0.787196 , -2.93774 , 30 , -30
50 , 50 , -0.10117 , 0.326729 , -0.885033 , 2.15052 , 0.787196 , -2.93774 , 30 , -30
50 , 50 , -0.101149 , 0.326695 , -0.885033 , 2.15052 , 0.787196 , -2.93774 , 30 , -30
50 , 50 , -0.101172 , 0.32669 , -0.885033 , 2.15052 , 0.787196 , -2.93774 , 30 , -30
50 , 50 , -0.101209 , 0.326721 , -0.885033 , 2.15052 , 0.787196 , -2.93774 , 30 , -30
50 , 50 , -0.101185 , 0.32678 , -0.885033 , 2.15052 , 0.787196 , -2.93774 , 30 , -30
50 , 50 , -0.10117 , 0.326791 , -0.885033 , 2.15052 , 0.787196 , -2.93774 , 30 , -30
50 , 50 , -0.101209 , 0.326763 , -0.885033 , 2.15052 , 0.787196 , -2.93774 , 30 , -30
50 , 50 , -0.101194 , 0.326775 , -0.885033 , 2.15052 , 0.787196 , -2.93774 , 30 , -30
50 , 50 , -0.101133 , 0.326755 , -0.885033 , 2.15052 , 0.787196 , -2.93774 , 30 , -30
50 , 50 , -0.101119 , 0.326702 , -0.885033 , 2.15052 , 0.787196 , -2.93774 , 30 , -30
50 , 50 , -0.101141 , 0.326699 , -0.885033 , 2.15052 , 0.787196 , -2.93774 , 30 , -30
50 , 50 , -0.101152 , 0.326687 , -0.885033 , 2.15052 , 0.787196 , -2.93774 , 30 , -30
50 , 50 , -0.101154 , 0.326671 , -0.885033 , 2.15052 , 0.787196 , -2.93774 , 30 , -30
50 , 50 , -0.101157 , 0.326652 , -0.885033 , 2.15052 , 0.787196 , -2.93774 , 30 , -30
50 , 50 , -0.101155 , 0.32663 , -0.885033 , 2.15052 , 0.787196 , -2.93774 , 30 , -30
50 , 50 , -0.101139 , 0.326639 , -0.885033 , 2.15052 , 0.787196 , -2.93774 , 30 , -30
50 , 50 , -0.101134 , 0.326658 , -0.885033 , 2.15052 , 0.787196 , -2.93774 , 30 , -30
50 , 50 , -0.101152 , 0.326672 , -0.885033 , 2.15052 , 0.787196 , -2.93774 , 30 , -30
50 , 50 , -0.101168 , 0.326667 , -0.885033 , 2.15052 , 0.787196 , -2.93774 , 30 , -30
50 , 50 , -0.101123 , 0.326661 , -0.885033 , 2.15052 , 0.787196 , -2.93774 , 30 , -30
50 , 50 , -0.10109 , 0.326645 , -0.885033 , 2.15052 , 0.787196 , -2.93774 , 30 , -30
50 , 50 , -0.101079 , 0.326631 , -0.885033 , 2.15052 , 0.787196 , -2.93774 , 30 , -30
50 , 50 , -0.101061 , 0.326613 , -0.885033 , 2.15052 , 0.787196 , -2.93774 , 30 , -30
50 , 50 , -0.101078 , 0.326607 , -0.885033 , 2.15052 , 0.787196 , -2.93774 , 30 , -30
50 , 50 , -0.101049 , 0.326603 , -0.885033 , 2.15052 , 0.787196 , -2.93774 , 30 , -30
50 , 50 , -0.101002 , 0.326619 , -0.885033 , 2.15052 , 0.787196 , -2.93774 , 30 , -30
50 , 50 , -0.100977 , 0.326597 , -0.885033 , 2.15052 , 0.787216 , -2.93774 , 30 , -30
50 , 50 , -0.100936 , 0.326524 , -0.885033 , 2.15052 , 0.787196 , -2.93774 , 30 , -30
50 , 50 , -0.10093 , 0.326539 , -0.885033 , 2.15052 , 0.787196 , -2.93774 , 30 , -30
50 , 50 , -0.100963 , 0.32657 , -0.885033 , 2.15052 , 0.787196 , -2.93774 , 30 , -30
50 , 50 , -0.100965 , 0.326596 , -0.885033 , 2.15052 , 0.787196 , -2.93774 , 30 , -30
50 , 50 , -0.100935 , 0.326608 , -0.885033 , 2.15052 , 0.787196 , -2.93774 , 30 , -30
50 , 50 , -0.100869 , 0.326566 , -0.885094 , 2.15052 , 0.787196 , -2.93774 , 30 , -30
50 , 50 , -0.100904 , 0.326503 , -0.885094 , 2.15052 , 0.787196 , -2.93774 , 30 , -30
50 , 50 , -0.100886 , 0.326494 , -0.885094 , 2.15052 , 0.787196 , -2.93774 , 30 , -30
50 , 50 , -0.100868 , 0.326532 , -0.885155 , 2.15052 , 0.787196 , -2.93774 , 30 , -30
50 , 50 , -0.100989 , 0.326514 , -0.885155 , 2.15052 , 0.787196 , -2.93774 , 30 , -30
50 , 50 , -0.100935 , 0.326515 , -0.885155 , 2.15052 , 0.787196 , -2.93774 , 30 , -30
50 , 50 , -0.100896 , 0.326534 , -0.885229 , 2.15052 , 0.787196 , -2.93774 , 30 , -30
50 , 50 , -0.100999 , 0.326513 , -0.885229 , 2.15052 , 0.787196 , -2.93774 , 30 , -30
50 , 50 , -0.100982 , 0.326538 , -0.885229 , 2.15052 , 0.787196 , -2.93774 , 30 , -30
50 , 50 , -0.100946 , 0.326618 , -0.885229 , 2.15052 , 0.787196 , -2.93774 , 30 , -30
50 , 50 , -0.100992 , 0.326636 , -0.885229 , 2.15052 , 0.787196 , -2.93774 , 30 , -30
50 , 50 , -0.10097 , 0.326609 , -0.885229 , 2.15052 , 0.787196 , -2.93774 , 30 , -30
50 , 50 , -0.100979 , 0.326605 , -0.885229 , 2.15052 , 0.787196 , -2.93774 , 30 , -30
50 , 50 , -0.101021 , 0.326601 , -0.885229 , 2.15052 , 0.787196 , -2.93774 , 30 , -30
50 , 50 , -0.100953 , 0.326609 , -0.885229 , 2.15052 , 0.787196 , -2.93774 , 30 , -30
50 , 50 , -0.100947 , 0.326625 , -0.885229 , 2.15052 , 0.787196 , -2.93774 , 30 , -30
50 , 50 , -0.101055 , 0.326616 , -0.885229 , 2.15052 , 0.787196 , -2.93774 , 30 , -30
50 , 50 , -0.101012 , 0.326624 , -0.885229 , 2.15052 , 0.787196 , -2.93774 , 30 , -30
50 , 50 , -0.100956 , 0.326615 , -0.885229 , 2.15052 , 0.787196 , -2.93774 , 30 , -30
50 , 50 , -0.101038 , 0.326587 , -0.885229 , 2.15052 , 0.787196 , -2.93774 , 30 , -30
50 , 50 , -0.101055 , 0.326593 , -0.885229 , 2.15052 , 0.787196 , -2.93774 , 30 , -30
50 , 50 , -0.10102 , 0.326603 , -0.885229 , 2.15052 , 0.787196 , -2.93774 , 30 , -30
50 , 50 , -0.101027 , 0.326587 , -0.885229 , 2.15052 , 0.787196 , -2.93774 , 30 , -30
50 , 50 , -0.101003 , 0.326591 , -0.885229 , 2.15052 , 0.787196 , -2.93774 , 30 , -30
50 , 50 , -0.100922 , 0.326626 , -0.885229 , 2.15052 , 0.787176 , -2.93774 , 30 , -30
50 , 50 , -0.100905 , 0.326646 , -0.885229 , 2.15052 , 0.787196 , -2.93774 , 30 , -30
50 , 50 , -0.100923 , 0.326633 , -0.885229 , 2.15052 , 0.787196 , -2.93774 , 30 , -30
50 , 50 , -0.100885 , 0.326587 , -0.885229 , 2.15052 , 0.787196 , -2.93774 , 30 , -30
50 , 50 , -0.100864 , 0.32652 , -0.885229 , 2.15052 , 0.787196 , -2.93774 , 30 , -30
50 , 50 , -0.100894 , 0.326486 , -0.885229 , 2.15052 , 0.787196 , -2.93774 , 30 , -30
50 , 50 , -0.100893 , 0.326504 , -0.885229 , 2.15052 , 0.787196 , -2.93774 , 30 , -30
50 , 50 , -0.100912 , 0.326525 , -0.885229 , 2.15052 , 0.787196 , -2.93774 , 30 , -30
50 , 50 , -0.100967 , 0.326552 , -0.885229 , 2.15052 , 0.787196 , -2.93774 , 30 , -30
50 , 50 , -0.100923 , 0.326587 , -0.885229 , 2.15052 , 0.787176 , -2.93774 , 30 , -30
50 , 50 , -0.10094 , 0.3266 , -0.885229 , 2.15052 , 0.787196 , -2.93774 , 30 , -30
50 , 50 , -0.101029 , 0.326573 , -0.885229 , 2.15054 , 0.787196 , -2.93774 , 30 , -30
50 , 50 , -0.100919 , 0.326582 , -0.885229 , 2.15052 , 0.787196 , -2.93774 , 30 , -30
50 , 50 , -0.100898 , 0.326602 , -0.885296 , 2.15052 , 0.787196 , -2.93774 , 30 , -30
50 , 50 , -0.101001 , 0.326579 , -0.885296 , 2.15052 , 0.787196 , -2.93774 , 30 , -30
50 , 50 , -0.100897 , 0.32661 , -0.885296 , 2.15052 , 0.787196 , -2.93774 , 30 , -30
50 , 50 , -0.100866 , 0.326611 , -0.885296 , 2.15052 , 0.787196 , -2.93774 , 30 , -30
50 , 50 , -0.100989 , 0.326564 , -0.885296 , 2.15052 , 0.787196 , -2.93774 , 30 , -30
50 , 50 , -0.100981 , 0.326561 , -0.885296 , 2.15052 , 0.787196 , -2.93774 , 30 , -30
50 , 50 , -0.100905 , 0.326574 , -0.885359 , 2.15052 , 0.787176 , -2.93774 , 30 , -30
50 , 50 , -0.100962 , 0.326548 , -0.885359 , 2.15052 , 0.787176 , -2.93774 , 30 , -30
50 , 50 , -0.10096 , 0.326515 , -0.885359 , 2.15052 , 0.787196 , -2.93774 , 30 , -30
50 , 50 , -0.100869 , 0.326498 , -0.885359 , 2.15052 , 0.787196 , -2.93774 , 30 , -30
50 , 50 , -0.100868 , 0.326478 , -0.885359 , 2.15052 , 0.787196 , -2.93774 , 30 , -30
50 , 50 , -0.100813 , 0.326452 , -0.885359 , 2.15052 , 0.787196 , -2.93774 , 30 , -30
50 , 50 , -0.10075 , 0.326456 , -0.885359 , 2.15052 , 0.787196 , -2.93774 , 30 , -30
50 , 50 , -0.100805 , 0.326458 , -0.885359 , 2.15052 , 0.787196 , -2.93774 , 30 , -30
50 , 50 , -0.100787 , 0.326436 , -0.885359 , 2.15052 , 0.787196 , -2.93774 , 30 , -30
50 , 50 , -0.100732 , 0.326457 , -0.885359 , 2.15052 , 0.787196 , -2.93774 , 30 , -30
50 , 50 , -0.100803 , 0.326447 , -0.885359 , 2.15052 , 0.787176 , -2.93774 , 30 , -30
50 , 50 , -0.1008 , 0.326448 , -0.885359 , 2.15052 , 0.787176 , -2.93774 , 30 , -30
50 , 50 , -0.100718 , 0.326497 , -0.885359 , 2.15052 , 0.787196 , -2.93774 , 30 , -30
50 , 50 , -0.100736 , 0.326496 , -0.885359 , 2.15052 , 0.787196 , -2.93774 , 30 , -30
50 , 50 , -0.100783 , 0.326444 , -0.885359 , 2.15052 , 0.787196 , -2.93774 , 30 , -30
50 , 50 , -0.100745 , 0.326425 , -0.885359 , 2.15052 , 0.787196 , -2.93774 , 30 , -30
50 , 50 , -0.100729 , 0.326479 , -0.885359 , 2.15052 , 0.787196 , -2.93774 , 30 , -30
50 , 50 , -0.10083 , 0.326521 , -0.885359 , 2.15052 , 0.787196 , -2.93774 , 30 , -30
50 , 50 , -0.100798 , 0.326534 , -0.885359 , 2.15052 , 0.787196 , -2.93774 , 30 , -30
50 , 50 , -0.100806 , 0.32655 , -0.885359 , 2.15054 , 0.787196 , -2.93774 , 30 , -30
50 , 50 , -0.100878 , 0.32654 , -0.885359 , 2.15052 , 0.787196 , -2.93774 , 30 , -30
50 , 50 , -0.100814 , 0.326506 , -0.885359 , 2.15052 , 0.787196 , -2.93774 , 30 , -30
50 , 50 , -0.100807 , 0.326461 , -0.885359 , 2.15052 , 0.787196 , -2.93774 , 30 , -30
50 , 50 , -0.100834 , 0.326445 , -0.885359 , 2.15052 , 0.787196 , -2.93774 , 30 , -30
50 , 50 , -0.100856 , 0.326483 , -0.885359 , 2.15052 , 0.787196 , -2.93774 , 30 , -30
50 , 50 , -0.100896 , 0.326485 , -0.885359 , 2.15052 , 0.787196 , -2.93774 , 30 , -30
50 , 50 , -0.100898 , 0.32642 , -0.885359 , 2.15052 , 0.787196 , -2.93774 , 30 , -30
50 , 50 , -0.100792 , 0.326392 , -0.885359 , 2.15052 , 0.787196 , -2.93774 , 30 , -30
50 , 50 , -0.100737 , 0.326386 , -0.885359 , 2.15052 , 0.787196 , -2.93774 , 30 , -30
50 , 50 , -0.100793 , 0.326338 , -0.885359 , 2.15052 , 0.787196 , -2.93774 , 30 , -30
50 , 50 , -0.100748 , 0.326321 , -0.885359 , 2.15052 , 0.787196 , -2.93774 , 30 , -30
50 , 50 , -0.100659 , 0.326349 , -0.885359 , 2.15052 , 0.787196 , -2.93774 , 30 , -30
50 , 50 , -0.100682 , 0.326351 , -0.885359 , 2.15052 , 0.787196 , -2.93774 , 30 , -30
50 , 50 , -0.100661 , 0.326328 , -0.885359 , 2.15052 , 0.787196 , -2.93774 , 30 , -30
50 , 50 , -0.100635 , 0.326321 , -0.885359 , 2.15052 , 0.787196 , -2.93774 , 30 , -30
50 , 50 , -0.100696 , 0.326315 , -0.885359 , 2.15052 , 0.787196 , -2.93774 , 30 , -30
50 , 50 , -0.100721 , 0.326317 , -0.885359 , 2.15052 , 0.787196 , -2.93774 , 30 , -30
50 , 50 , -0.100683 , 0.326327 , -0.885359 , 2.15052 , 0.787196 , -2.93774 , 30 , -30
50 , 50 , -0.100645 , 0.326311 , -0.885359 , 2.15052 , 0.787196 , -2.93774 , 30 , -30
50 , 50 , -0.100654 , 0.326298 , -0.885359 , 2.15052 , 0.787196 , -2.93774 , 30 , -30
50 , 50 , -0.100687 , 0.326288 , -0.885359 , 2.15052 , 0.787196 , -2.93774 , 30 , -30
50 , 50 , -0.100694 , 0.326279 , -0.885359 , 2.15052 , 0.787196 , -2.93774 , 30 , -30
50 , 50 , -0.100648 , 0.326275 , -0.885359 , 2.15052 , 0.787196 , -2.93774 , 30 , -30
50 , 50 , -0.100552 , 0.326272 , -0.885359 , 2.15052 , 0.787196 , -2.93774 , 30 , -30
50 , 50 , -0.100531 , 0.326266 , -0.885359 , 2.15052 , 0.787196 , -2.93774 , 30 , -30
50 , 50 , -0.100524 , 0.326241 , -0.885359 , 2.15052 , 0.787196 , -2.93774 , 30 , -30
50 , 50 , -0.100492 , 0.326211 , -0.885359 , 2.15052 , 0.787196 , -2.93774 , 30 , -30
50 , 50 , -0.100539 , 0.326187 , -0.885359 , 2.15052 , 0.787216 , -2.93774 , 30 , -30
50 , 50 , -0.100548 , 0.326155 , -0.885359 , 2.15052 , 0.787196 , -2.93774 , 30 , -30
50 , 50 , -0.100505 , 0.326159 , -0.885359 , 2.15052 , 0.787196 , -2.93774 , 30 , -30
50 , 50 , -0.100549 , 0.326171 , -0.885359 , 2.15052 , 0.787196 , -2.93774 , 30 , -30
50 , 50 , -0.100601 , 0.326136 , -0.885359 , 2.15052 , 0.787196 , -2.93774 , 30 , -30
50 , 50 , -0.100547 , 0.326107 , -0.885359 , 2.15052 , 0.787216 , -2.93774 , 30 , -30
50 , 50 , -0.100502 , 0.326088 , -0.885359 , 2.15052 , 0.787196 , -2.93774 , 30 , -30
50 , 50 , -0.100506 , 0.326017 , -0.885359 , 2.15052 , 0.787196 , -2.93774 , 30 , -30
50 , 50 , -0.100472 , 0.325994 , -0.885359 , 2.15052 , 0.787196 , -2.93774 , 30 , -30
50 , 50 , -0.100475 , 0.326046 , -0.885359 , 2.15052 , 0.787196 , -2.93774 , 30 , -30
50 , 50 , -0.100577 , 0.32605 , -0.885359 , 2.15052 , 0.787196 , -2.93774 , 30 , -30
50 , 50 , -0.100611 , 0.326069 , -0.885359 , 2.15052 , 0.787196 , -2.93774 , 30 , -30
50 , 50 , -0.100592 , 0.326119 , -0.885359 , 2.15052 , 0.787196 , -2.93774 , 30 , -30
50 , 50 , -0.100654 , 0.326145 , -0.885359 , 2.15052 , 0.787196 , -2.93774 , 30 , -30
50 , 50 , -0.100702 , 0.326153 , -0.885359 , 2.15052 , 0.787196 , -2.93774 , 30 , -30
50 , 50 , -0.100679 , 0.326148 , -0.885359 , 2.15052 , 0.787196 , -2.93774 , 30 , -30
50 , 50 , -0.100661 , 0.326136 , -0.885359 , 2.15054 , 0.787196 , -2.93774 , 30 , -30
50 , 50 , -0.100653 , 0.326179 , -0.885359 , 2.15052 , 0.787196 , -2.93774 , 30 , -30
50 , 50 , -0.100634 , 0.326218 , -0.885359 , 2.15052 , 0.787196 , -2.93774 , 30 , -30
50 , 50 , -0.10066 , 0.326233 , -0.885359 , 2.15052 , 0.787196 , -2.93774 , 30 , -30
50 , 50 , -0.10064 , 0.326242 , -0.885359 , 2.15052 , 0.787196 , -2.93774 , 30 , -30
50 , 50 , -0.100594 , 0.326238 , -0.885359 , 2.15052 , 0.787196 , -2.93774 , 30 , -30
50 , 50 , -0.100629 , 0.326199 , -0.885359 , 2.15052 , 0.787196 , -2.93774 , 30 , -30
50 , 50 , -0.100618 , 0.326151 , -0.885359 , 2.15052 , 0.787196 , -2.93774 , 30 , -30
50 , 50 , -0.100553 , 0.32615 , -0.885359 , 2.15052 , 0.787196 , -2.93774 , 30 , -30
50 , 50 , -0.10054 , 0.326131 , -0.885359 , 2.15052 , 0.787196 , -2.93774 , 30 , -30
50 , 50 , -0.100585 , 0.326119 , -0.885359 , 2.15052 , 0.787196 , -2.93774 , 30 , -30
50 , 50 , -0.10054 , 0.326159 , -0.885359 , 2.15052 , 0.787196 , -2.93774 , 30 , -30
50 , 50 , -0.100505 , 0.326184 , -0.885359 , 2.15052 , 0.787196 , -2.93774 , 30 , -30
50 , 50 , -0.100592 , 0.326179 , -0.885359 , 2.15054 , 0.787196 , -2.93774 , 30 , -30
50 , 50 , -0.100601 , 0.326172 , -0.885359 , 2.15052 , 0.787196 , -2.93774 , 30 , -30
50 , 50 , -0.100551 , 0.326183 , -0.885359 , 2.1505 , 0.787196 , -2.93774 , 30 , -30
50 , 50 , -0.100593 , 0.326185 , -0.885359 , 2.15052 , 0.787196 , -2.93774 , 30 , -30
50 , 50 , -0.100577 , 0.326187 , -0.885359 , 2.15052 , 0.787196 , -2.93774 , 30 , -30
50 , 50 , -0.100565 , 0.326201 , -0.885359 , 2.15052 , 0.787196 , -2.93774 , 30 , -30
50 , 50 , -0.100611 , 0.326172 , -0.885359 , 2.15052 , 0.787196 , -2.93774 , 30 , -30
50 , 50 , -0.10055 , 0.326161 , -0.885359 , 2.15052 , 0.787196 , -2.93774 , 30 , -30
50 , 50 , -0.100511 , 0.326172 , -0.885359 , 2.15052 , 0.787196 , -2.93774 , 30 , -30
50 , 50 , -0.100495 , 0.32614 , -0.885359 , 2.15052 , 0.787196 , -2.93774 , 30 , -30
50 , 50 , -0.100434 , 0.326147 , -0.885359 , 2.15054 , 0.787196 , -2.93774 , 30 , -30
50 , 50 , -0.100413 , 0.326192 , -0.885359 , 2.15052 , 0.787196 , -2.93774 , 30 , -30
50 , 50 , -0.100466 , 0.32619 , -0.885359 , 2.15052 , 0.787196 , -2.93774 , 30 , -30
50 , 50 , -0.100463 , 0.326184 , -0.885359 , 2.15052 , 0.787196 , -2.93774 , 30 , -30
50 , 50 , -0.100419 , 0.3262 , -0.885359 , 2.15052 , 0.787216 , -2.93774 , 30 , -30
50 , 50 , -0.100491 , 0.326206 , -0.885359 , 2.15052 , 0.787216 , -2.93774 , 30 , -30
50 , 50 , -0.100568 , 0.32619 , -0.885359 , 2.15052 , 0.787196 , -2.93774 , 30 , -30
50 , 50 , -0.100551 , 0.326186 , -0.885359 , 2.15052 , 0.787196 , -2.93774 , 30 , -30
50 , 50 , -0.100591 , 0.32623 , -0.885359 , 2.15052 , 0.787196 , -2.93774 , 30 , -30
50 , 50 , -0.100637 , 0.326268 , -0.885359 , 2.15052 , 0.787216 , -2.93774 , 30 , -30
50 , 50 , -0.100573 , 0.326277 , -0.885359 , 2.15052 , 0.787196 , -2.93774 , 30 , -30
50 , 50 , -0.100547 , 0.326278 , -0.885359 , 2.15052 , 0.787196 , -2.93774 , 30 , -30
50 , 50 , -0.100627 , 0.326239 , -0.885359 , 2.15052 , 0.787196 , -2.93774 , 30 , -30
50 , 50 , -0.100613 , 0.326217 , -0.885359 , 2.15054 , 0.787196 , -2.93774 , 30 , -30
50 , 50 , -0.100585 , 0.326201 , -0.885427 , 2.15052 , 0.787196 , -2.93774 , 30 , -30
50 , 50 , -0.100652 , 0.326169 , -0.885427 , 2.15052 , 0.787196 , -2.93774 , 30 , -30
50 , 50 , -0.100599 , 0.326175 , -0.885427 , 2.15052 , 0.787196 , -2.93774 , 30 , -30
50 , 50 , -0.100592 , 0.326163 , -0.885427 , 2.15052 , 0.787216 , -2.93774 , 30 , -30
50 , 50 , -0.100614 , 0.326094 , -0.885427 , 2.15052 , 0.787196 , -2.93774 , 30 , -30
50 , 50 , -0.100488 , 0.326072 , -0.885427 , 2.15052 , 0.787196 , -2.93774 , 30 , -30
50 , 50 , -0.10055 , 0.326061 , -0.885427 , 2.15052 , 0.787196 , -2.93774 , 30 , -30
50 , 50 , -0.10067 , 0.326013 , -0.885427 , 2.15052 , 0.787196 , -2.93774 , 30 , -30
50 , 50 , -0.100584 , 0.326027 , -0.885427 , 2.15052 , 0.787196 , -2.93774 , 30 , -30
50 , 50 , -0.100553 , 0.32601 , -0.885427 , 2.15052 , 0.787176 , -2.93774 , 30 , -30
50 , 50 , -0.100632 , 0.325918 , -0.885427 , 2.15052 , 0.787196 , -2.93774 , 30 , -30
50 , 50 , -0.100603 , 0.325866 , -0.885427 , 2.15052 , 0.787196 , -2.93774 , 30 , -30
50 , 50 , -0.100537 , 0.325851 , -0.885427 , 2.15052 , 0.787196 , -2.93774 , 30 , -30
50 , 50 , -0.10059 , 0.325841 , -0.885427 , 2.15052 , 0.787196 , -2.93774 , 30 , -30
50 , 50 , -0.100626 , 0.325861 , -0.885427 , 2.15052 , 0.787196 , -2.93774 , 30 , -30
50 , 50 , -0.100619 , 0.325891 , -0.885427 , 2.15052 , 0.787196 , -2.93774 , 30 , -30
50 , 50 , -0.100648 , 0.325884 , -0.885427 , 2.15052 , 0.787196 , -2.93774 , 30 , -30
50 , 50 , -0.100647 , 0.325864 , -0.885427 , 2.15052 , 0.787196 , -2.93774 , 30 , -30
50 , 50 , -0.100621 , 0.325872 , -0.885427 , 2.15052 , 0.787176 , -2.93774 , 30 , -30
50 , 50 , -0.100592 , 0.325875 , -0.885427 , 2.15052 , 0.787196 , -2.93774 , 30 , -30
50 , 50 , -0.100557 , 0.325865 , -0.885427 , 2.15052 , 0.787196 , -2.93774 , 30 , -30
50 , 50 , -0.100504 , 0.325857 , -0.885427 , 2.15052 , 0.787196 , -2.93774 , 30 , -30
50 , 50 , -0.100449 , 0.325894 , -0.885427 , 2.15052 , 0.787196 , -2.93774 , 30 , -30
50 , 50 , -0.100447 , 0.32592 , -0.885427 , 2.15052 , 0.787196 , -2.93774 , 30 , -30
50 , 50 , -0.100432 , 0.325913 , -0.885427 , 2.15052 , 0.787196 , -2.93774 , 30 , -30
50 , 50 , -0.100396 , 0.325888 , -0.8855 , 2.15052 , 0.787196 , -2.93774 , 30 , -30
50 , 50 , -0.100388 , 0.325825 , -0.8855 , 2.15052 , 0.787196 , -2.93774 , 30 , -30
50 , 50 , -0.100364 , 0.325793 , -0.8855 , 2.15052 , 0.787196 , -2.93774 , 30 , -30
50 , 50 , -0.100342 , 0.325813 , -0.8855 , 2.15052 , 0.787196 , -2.93774 , 30 , -30
50 , 50 , -0.100399 , 0.325808 , -0.8855 , 2.15052 , 0.787196 , -2.93774 , 30 , -30
50 , 50 , -0.100394 , 0.325801 , -0.8855 , 2.15052 , 0.787196 , -2.93774 , 30 , -30
50 , 50 , -0.100359 , 0.325821 , -0.8855 , 2.15052 , 0.787196 , -2.93774 , 30 , -30
50 , 50 , -0.100394 , 0.325816 , -0.8855 , 2.15052 , 0.787196 , -2.93774 , 30 , -30
50 , 50 , -0.100379 , 0.3258 , -0.8855 , 2.15052 , 0.787196 , -2.93774 , 30 , -30
50 , 50 , -0.100357 , 0.325783 , -0.8855 , 2.15052 , 0.787196 , -2.93774 , 30 , -30
50 , 50 , -0.100408 , 0.32577 , -0.8855 , 2.15054 , 0.787196 , -2.93774 , 30 , -30
50 , 50 , -0.100439 , 0.325749 , -0.8855 , 2.15052 , 0.787196 , -2.93774 , 30 , -30
50 , 50 , -0.100472 , 0.325729 , -0.8855 , 2.15052 , 0.787196 , -2.93774 , 30 , -30
50 , 50 , -0.100538 , 0.325693 , -0.8855 , 2.15052 , 0.787196 , -2.93774 , 30 , -30
50 , 50 , -0.100527 , 0.325676 , -0.8855 , 2.15052 , 0.787196 , -2.93774 , 30 , -30
50 , 50 , -0.10053 , 0.325683 , -0.8855 , 2.15052 , 0.787196 , -2.93774 , 30 , -30
50 , 50 , -0.100556 , 0.325676 , -0.8855 , 2.15052 , 0.787216 , -2.93774 , 30 , -30
50 , 50 , -0.10053 , 0.325666 , -0.8855 , 2.15052 , 0.787216 , -2.93774 , 30 , -30
50 , 50 , -0.100505 , 0.325627 , -0.8855 , 2.15052 , 0.787216 , -2.93774 , 30 , -30
50 , 50 , -0.100538 , 0.325598 , -0.8855 , 2.15052 , 0.787216 , -2.93774 , 30 , -30
50 , 50 , -0.100527 , 0.325606 , -0.8855 , 2.15052 , 0.787196 , -2.93774 , 30 , -30
50 , 50 , -0.100475 , 0.325653 , -0.8855 , 2.15052 , 0.787196 , -2.93774 , 30 , -30
50 , 50 , -0.100504 , 0.325626 , -0.8855 , 2.15052 , 0.787196 , -2.93774 , 30 , -30
50 , 50 , -0.100503 , 0.325574 , -0.8855 , 2.15052 , 0.787196 , -2.93774 , 30 , -30
50 , 50 , -0.100426 , 0.325578 , -0.8855 , 2.15052 , 0.787216 , -2.93774 , 30 , -30
50 , 50 , -0.100414 , 0.325608 , -0.8855 , 2.1505 , 0.787196 , -2.93774 , 30 , -30
50 , 50 , -0.10046 , 0.32564 , -0.8855 , 2.15052 , 0.787196 , -2.93774 , 30 , -30
50 , 50 , -0.100451 , 0.325628 , -0.8855 , 2.15052 , 0.787216 , -2.93774 , 30 , -30
50 , 50 , -0.100439 , 0.325616 , -0.8855 , 2.15052 , 0.787196 , -2.93774 , 30 , -30
50 , 50 , -0.100432 , 0.325604 , -0.8855 , 2.15052 , 0.787196 , -2.93774 , 30 , -30
50 , 50 , -0.100416 , 0.325595 , -0.8855 , 2.15052 , 0.787196 , -2.93774 , 30 , -30
50 , 50 , -0.100444 , 0.325587 , -0.8855 , 2.15052 , 0.787196 , -2.93774 , 30 , -30
50 , 50 , -0.100413 , 0.325581 , -0.8855 , 2.15054 , 0.787196 , -2.93774 , 30 , -30
50 , 50 , -0.100382 , 0.325566 , -0.8855 , 2.15052 , 0.787196 , -2.93774 , 30 , -30
50 , 50 , -0.10042 , 0.325551 , -0.8855 , 2.15052 , 0.787196 , -2.93774 , 30 , -30
50 , 50 , -0.100394 , 0.325571 , -0.8855 , 2.15052 , 0.787196 , -2.93774 , 30 , -30
50 , 50 , -0.100328 , 0.325604 , -0.8855 , 2.15052 , 0.787196 , -2.93774 , 30 , -30
50 , 50 , -0.100367 , 0.325592 , -0.8855 , 2.15052 , 0.787196 , -2.93774 , 30 , -30
50 , 50 , -0.100408 , 0.325584 , -0.8855 , 2.15052 , 0.787196 , -2.93774 , 30 , -30
50 , 50 , -0.100323 , 0.325624 , -0.8855 , 2.15052 , 0.787196 , -2.93774 , 30 , -30
50 , 50 , -0.100288 , 0.325657 , -0.8855 , 2.15052 , 0.787196 , -2.93774 , 30 , -30
50 , 50 , -0.100302 , 0.325649 , -0.8855 , 2.15052 , 0.787196 , -2.93774 , 30 , -30
50 , 50 , -0.100274 , 0.325633 , -0.8855 , 2.15052 , 0.787196 , -2.93774 , 30 , -30
50 , 50 , -0.100265 , 0.32558 , -0.8855 , 2.15052 , 0.787176 , -2.93774 , 30 , -30
50 , 50 , -0.100261 , 0.32549 , -0.8855 , 2.15052 , 0.787196 , -2.93774 , 30 , -30
50 , 50 , -0.100275 , 0.325454 , -0.8855 , 2.15052 , 0.787196 , -2.93774 , 30 , -30
50 , 50 , -0.100282 , 0.325445 , -0.8855 , 2.15052 , 0.787196 , -2.93774 , 30 , -30
50 , 50 , -0.100268 , 0.325458 , -0.8855 , 2.15052 , 0.787196 , -2.93774 , 30 , -30
50 , 50 , -0.100292 , 0.325498 , -0.8855 , 2.15052 , 0.787196 , -2.93774 , 30 , -30
50 , 50 , -0.100339 , 0.325515 , -0.8855 , 2.15052 , 0.787196 , -2.93774 , 30 , -30
50 , 50 , -0.100323 , 0.325519 , -0.8855 , 2.15052 , 0.787196 , -2.93774 , 30 , -30
50 , 50 , -0.100297 , 0.325518 , -0.8855 , 2.15052 , 0.787196 , -2.93774 , 30 , -30
50 , 50 , -0.100338 , 0.325494 , -0.8855 , 2.15052 , 0.787196 , -2.93774 , 30 , -30
50 , 50 , -0.100366 , 0.325504 , -0.8855 , 2.15052 , 0.787196 , -2.93774 , 30 , -30
50 , 50 , -0.100373 , 0.325565 , -0.8855 , 2.15052 , 0.787196 , -2.93774 , 30 , -30
50 , 50 , -0.100468 , 0.32562 , -0.8855 , 2.15052 , 0.787196 , -2.93774 , 30 , -30
50 , 50 , -0.100567 , 0.325645 , -0.8855 , 2.15052 , 0.787196 , -2.93774 , 30 , -30
50 , 50 , -0.100591 , 0.325666 , -0.8855 , 2.15052 , 0.787196 , -2.93774 , 30 , -30
50 , 50 , -0.100648 , 0.325651 , -0.8855 , 2.15052 , 0.787216 , -2.93774 , 30 , -30
50 , 50 , -0.100682 , 0.325648 , -0.8855 , 2.15052 , 0.787196 , -2.93774 , 30 , -30
50 , 50 , -0.100732 , 0.325669 , -0.8855 , 2.15052 , 0.787196 , -2.93774 , 30 , -30
50 , 50 , -0.100761 , 0.325631 , -0.8855 , 2.15052 , 0.787196 , -2.93774 , 30 , -30
50 , 50 , -0.100688 , 0.325637 , -0.8855 , 2.15052 , 0.787196 , -2.93774 , 30 , -30
50 , 50 , -0.100694 , 0.325687 , -0.8855 , 2.15052 , 0.787196 , -2.93774 , 30 , -30
50 , 50 , -0.100746 , 0.325687 , -0.8855 , 2.15052 , 0.787196 , -2.93774 , 30 , -30
50 , 50 , -0.1007 , 0.325693 , -0.8855 , 2.15052 , 0.787196 , -2.93774 , 30 , -30
50 , 50 , -0.10069 , 0.325691 , -0.8855 , 2.15052 , 0.787176 , -2.93774 , 30 , -30
50 , 50 , -0.1007 , 0.325645 , -0.8855 , 2.15052 , 0.787176 , -2.93774 , 30 , -30
50 , 50 , -0.100648 , 0.325667 , -0.8855 , 2.15052 , 0.787176 , -2.93774 , 30 , -30
50 , 50 , -0.10063 , 0.325699 , -0.8855 , 2.15052 , 0.787196 , -2.93774 , 30 , -30
50 , 50 , -0.100617 , 0.32568 , -0.8855 , 2.15052 , 0.787196 , -2.93774 , 30 , -30
50 , 50 , -0.100571 , 0.325699 , -0.8855 , 2.15052 , 0.787196 , -2.93774 , 30 , -30
50 , 50 , -0.100573 , 0.325724 , -0.8855 , 2.15052 , 0.787196 , -2.93774 , 30 , -30
50 , 50 , -0.10057 , 0.325722 , -0.8855 , 2.15052 , 0.787196 , -2.93774 , 30 , -30
50 , 50 , -0.100527 , 0.3257 , -0.8855 , 2.15052 , 0.787196 , -2.93774 , 30 , -30
50 , 50 , -0.10055 , 0.325645 , -0.8855 , 2.15052 , 0.787196 , -2.93774 , 30 , -30
50 , 50 , -0.100574 , 0.325609 , -0.8855 , 2.15052 , 0.787196 , -2.93774 , 30 , -30
50 , 50 , -0.100551 , 0.325652 , -0.8855 , 2.15052 , 0.787196 , -2.93774 , 30 , -30
50 , 50 , -0.100588 , 0.325666 , -0.8855 , 2.15052 , 0.787196 , -2.93774 , 30 , -30
50 , 50 , -0.10064 , 0.325644 , -0.8855 , 2.15052 , 0.787196 , -2.93774 , 30 , -30
50 , 50 , -0.100628 , 0.325645 , -0.8855 , 2.15052 , 0.787196 , -2.93774 , 30 , -30
50 , 50 , -0.100636 , 0.325628 , -0.8855 , 2.15052 , 0.787196 , -2.93774 , 30 , -30
0.015341, , 1.000000, -1.083902, 0.108428
0.012205, , 1.000000, -1.070329, -0.005226, 0.095051
0.043222, , 1.000000, -1.055616, 0.079608
0.033299, , 1.000000, -1.009208, -0.002512, 0.032463
