50 , 50 , -0.0148562 , 0.00181465 , -0.426175 , 0 , 0 , 0 , 50 , 10
50 , 50 , -0.0147997 , 0.0018325 , -0.426175 , 0.000527611 , -0.000449447 , -0.0003322 , 50 , 10
50 , 50 , -0.0147638 , 0.00170672 , -0.426175 , 0.00234494 , -0.00224723 , -0.00187595 , 50 , 10
50 , 50 , -0.0148716 , 0.00163705 , -0.426175 , 0.00560831 , -0.00519795 , -0.00470942 , 50 , 10
50 , 50 , -0.0150855 , 0.00204778 , -0.426086 , 0.00986828 , -0.00934067 , -0.00871536 , 50 , 10
50 , 50 , -0.0152413 , 0.00315805 , -0.426086 , 0.0150076 , -0.0149881 , -0.0136397 , 50 , 10
50 , 50 , -0.0152297 , 0.00508079 , -0.426086 , 0.0217102 , -0.0217688 , -0.0198538 , 50 , 10
50 , 50 , -0.0150167 , 0.00752068 , -0.426086 , 0.0297416 , -0.0300152 , -0.0280025 , 50 , 10
50 , 50 , -0.0147893 , 0.0103042 , -0.426086 , 0.0388283 , -0.0389846 , -0.0370696 , 50 , 10
50 , 50 , -0.0147176 , 0.0136671 , -0.426086 , 0.0489506 , -0.0490288 , -0.0465666 , 50 , 10
50 , 50 , -0.0147295 , 0.0174838 , -0.426086 , 0.0606948 , -0.0603626 , -0.0582522 , 50 , 10
50 , 50 , -0.0147717 , 0.0215061 , -0.425993 , 0.073123 , -0.073592 , -0.0706804 , 50 , 10
50 , 50 , -0.0147999 , 0.0258924 , -0.425993 , 0.0868995 , -0.0870168 , -0.084496 , 50 , 10
50 , 50 , -0.0147485 , 0.0305997 , -0.425993 , 0.102357 , -0.102142 , -0.0991714 , 50 , 10
50 , 50 , -0.0147227 , 0.0357267 , -0.425903 , 0.119279 , -0.118791 , -0.115234 , 50 , 10
50 , 50 , -0.0145663 , 0.0414493 , -0.426018 , 0.13626 , -0.136612 , -0.13247 , 50 , 10
50 , 50 , -0.0145444 , 0.0477438 , -0.425907 , 0.15543 , -0.155 , -0.150858 , 50 , 10
50 , 50 , -0.0144599 , 0.0547464 , -0.425762 , 0.174972 , -0.175265 , -0.170594 , 50 , 10
50 , 50 , -0.0140968 , 0.0621381 , -0.425762 , 0.196447 , -0.197112 , -0.191308 , 50 , 10
50 , 50 , -0.0136154 , 0.0699446 , -0.425762 , 0.218372 , -0.218724 , -0.213468 , 50 , 10
50 , 50 , -0.0132239 , 0.0780728 , -0.425762 , 0.242369 , -0.242877 , -0.236682 , 50 , 10
50 , 50 , -0.0129977 , 0.0863432 , -0.425918 , 0.266405 , -0.267264 , -0.26105 , 50 , 10
50 , 50 , -0.0127546 , 0.0948698 , -0.425791 , 0.293977 , -0.292922 , -0.288115 , 50 , 10
50 , 50 , -0.012672 , 0.103773 , -0.425634 , 0.320084 , -0.320749 , -0.313499 , 50 , 10
50 , 50 , -0.0122974 , 0.113482 , -0.425634 , 0.349337 , -0.348751 , -0.342947 , 50 , 10
50 , 50 , -0.0117331 , 0.123653 , -0.425232 , 0.378962 , -0.377789 , -0.372376 , 50 , 10
50 , 50 , -0.0113274 , 0.134256 , -0.425232 , 0.410149 , -0.408957 , -0.40288 , 50 , 10
50 , 50 , -0.0108225 , 0.145598 , -0.425664 , 0.442119 , -0.44122 , -0.43438 , 50 , 10
50 , 50 , -0.0103183 , 0.157344 , -0.425878 , 0.474713 , -0.474108 , -0.467288 , 50 , 10
50 , 50 , -0.0101028 , 0.169047 , -0.425734 , 0.508734 , -0.508207 , -0.501367 , 50 , 10
50 , 50 , -0.0103856 , 0.180817 , -0.425612 , 0.544182 , -0.543518 , -0.536659 , 50 , 10
50 , 50 , -0.0110718 , 0.193135 , -0.425511 , 0.580822 , -0.580079 , -0.573318 , 50 , 10
50 , 50 , -0.011726 , 0.206127 , -0.425511 , 0.618693 , -0.618126 , -0.610368 , 50 , 10
50 , 50 , -0.012356 , 0.219428 , -0.42574 , 0.657736 , -0.657228 , -0.646519 , 50 , 10
50 , 50 , -0.0139644 , 0.23267 , -0.425171 , 0.697932 , -0.6976 , -0.681302 , 50 , 10
50 , 50 , -0.0156187 , 0.245594 , -0.424362 , 0.739242 , -0.739027 , -0.714913 , 50 , 10
50 , 50 , -0.0159489 , 0.259092 , -0.423479 , 0.781685 , -0.78403 , -0.747254 , 50 , 10
50 , 50 , -0.0157792 , 0.272907 , -0.422181 , 0.825321 , -0.828017 , -0.778578 , 50 , 10
50 , 50 , -0.0162587 , 0.286323 , -0.420278 , 0.870246 , -0.873529 , -0.80873 , 50 , 10
50 , 50 , -0.0169096 , 0.299203 , -0.417927 , 0.916461 , -0.920056 , -0.837554 , 50 , 10
50 , 50 , -0.0176702 , 0.310853 , -0.415138 , 0.966799 , -0.967678 , -0.866416 , 50 , 10
50 , 50 , -0.018572 , 0.323368 , -0.411451 , 1.01542 , -1.01616 , -0.892972 , 50 , 10
50 , 50 , -0.0185243 , 0.337222 , -0.407655 , 1.06241 , -1.06587 , -0.916949 , 50 , 10
50 , 50 , -0.0175202 , 0.350838 , -0.403809 , 1.11564 , -1.1175 , -0.942021 , 50 , 10
50 , 50 , -0.0164274 , 0.364705 , -0.399398 , 1.16567 , -1.17014 , -0.963946 , 50 , 10
50 , 50 , -0.0159878 , 0.378906 , -0.394455 , 1.22179 , -1.2231 , -0.986516 , 50 , 10
50 , 50 , -0.0155193 , 0.392882 , -0.389314 , 1.2759 , -1.27582 , -1.00707 , 50 , 10
50 , 50 , -0.0144925 , 0.406537 , -0.384055 , 1.33239 , -1.32778 , -1.02607 , 50 , 10
50 , 50 , -0.0128831 , 0.419877 , -0.378572 , 1.38887 , -1.37796 , -1.04432 , 50 , 10
50 , 50 , -0.0104138 , 0.433135 , -0.373307 , 1.44739 , -1.4268 , -1.06103 , 50 , 10
50 , 50 , -0.00772547 , 0.446173 , -0.36841 , 1.50674 , -1.47526 , -1.0768 , 50 , 10
50 , 50 , -0.005917 , 0.458452 , -0.363142 , 1.56671 , -1.52255 , -1.0913 , 50 , 10
50 , 50 , -0.00470678 , 0.470371 , -0.357797 , 1.6267 , -1.56802 , -1.10431 , 50 , 10
50 , 50 , -0.00344242 , 0.481719 , -0.352372 , 1.68668 , -1.61189 , -1.11652 , 50 , 10
50 , 50 , -0.00129041 , 0.492161 , -0.347098 , 1.74669 , -1.65514 , -1.12745 , 50 , 10
50 , 50 , 0.00138737 , 0.502124 , -0.342034 , 1.80664 , -1.69676 , -1.13685 , 50 , 10
50 , 50 , 0.00368132 , 0.511913 , -0.337127 , 1.86671 , -1.73793 , -1.14542 , 50 , 10
50 , 50 , 0.00565101 , 0.521652 , -0.332219 , 1.92662 , -1.77922 , -1.15279 , 50 , 10
50 , 50 , 0.0074196 , 0.530696 , -0.327108 , 1.98669 , -1.81776 , -1.15889 , 50 , 10
50 , 50 , 0.00927702 , 0.539204 , -0.321776 , 2.0466 , -1.85514 , -1.1637 , 50 , 10
50 , 50 , 0.011593 , 0.547462 , -0.316674 , 2.10658 , -1.89123 , -1.16743 , 50 , 10
50 , 50 , 0.0138906 , 0.555107 , -0.311625 , 2.16549 , -1.92619 , -1.16993 , 50 , 10
50 , 50 , 0.0154945 , 0.562286 , -0.3063 , 2.22623 , -1.95968 , -1.1711 , 50 , 10
50 , 50 , 0.0171168 , 0.568694 , -0.30086 , 2.27967 , -1.99177 , -1.1713 , 50 , 10
50 , 50 , 0.0194428 , 0.57404 , -0.295694 , 2.33575 , -2.02274 , -1.17132 , 50 , 10
50 , 50 , 0.0218344 , 0.579458 , -0.290702 , 2.38941 , -2.05254 , -1.17132 , 50 , 10
50 , 50 , 0.0239892 , 0.585363 , -0.285957 , 2.44259 , -2.0819 , -1.17132 , 50 , 10
50 , 50 , 0.0260775 , 0.590777 , -0.281354 , 2.49738 , -2.10927 , -1.17132 , 50 , 10
50 , 50 , 0.0280479 , 0.595279 , -0.27683 , 2.5475 , -2.13542 , -1.17132 , 50 , 10
50 , 50 , 0.0301971 , 0.599615 , -0.27273 , 2.59684 , -2.16113 , -1.17132 , 50 , 10
50 , 50 , 0.0317375 , 0.604439 , -0.268696 , 2.64542 , -2.18462 , -1.17132 , 50 , 10
50 , 50 , 0.0335138 , 0.608575 , -0.264842 , 2.69258 , -2.20754 , -1.17132 , 50 , 10
50 , 50 , 0.0354992 , 0.612255 , -0.261328 , 2.7382 , -2.22924 , -1.17132 , 50 , 10
50 , 50 , 0.0368754 , 0.616046 , -0.257871 , 2.78262 , -2.2493 , -1.17132 , 50 , 10
50 , 50 , 0.0384581 , 0.619439 , -0.254555 , 2.82581 , -2.26847 , -1.17132 , 50 , 10
50 , 50 , 0.0400379 , 0.622829 , -0.251485 , 2.86794 , -2.28673 , -1.17132 , 50 , 10
50 , 50 , 0.0417525 , 0.626185 , -0.248671 , 2.90896 , -2.30343 , -1.17132 , 50 , 10
50 , 50 , 0.0431764 , 0.629115 , -0.246183 , 2.94868 , -2.3194 , -1.1713 , 50 , 10
50 , 50 , 0.044193 , 0.631795 , -0.243579 , 2.9873 , -2.33302 , -1.17132 , 50 , 10
50 , 50 , 0.0455899 , 0.634306 , -0.241395 , 3.02478 , -2.34721 , -1.1713 , 50 , 10
50 , 50 , 0.0466199 , 0.636494 , -0.239336 , 3.06112 , -2.35954 , -1.1713 , 50 , 10
50 , 50 , 0.047299 , 0.638525 , -0.237275 , 3.09632 , -2.37003 , -1.1713 , 50 , 10
50 , 50 , 0.0485322 , 0.640362 , -0.235613 , 3.13018 , -2.37959 , -1.1713 , 50 , 10
50 , 50 , 0.0495136 , 0.642048 , -0.234284 , 3.16268 , -2.38758 , -1.1713 , 50 , 10
50 , 50 , 0.049947 , 0.643503 , -0.23301 , 3.19371 , -2.39516 , -1.1713 , 50 , 10
50 , 50 , 0.0504996 , 0.644611 , -0.231803 , 3.22361 , -2.40126 , -1.1713 , 50 , 10
50 , 50 , 0.0513883 , 0.64551 , -0.230912 , 3.25282 , -2.40569 , -1.1713 , 50 , 10
50 , 50 , 0.0523448 , 0.646182 , -0.230385 , 3.28192 , -2.40901 , -1.1713 , 50 , 10
50 , 50 , 0.0525499 , 0.646722 , -0.230053 , 3.30759 , -2.41152 , -1.1713 , 50 , 10
50 , 50 , 0.0523476 , 0.646967 , -0.229675 , 3.332 , -2.41265 , -1.1713 , 50 , 10
50 , 50 , 0.0526635 , 0.646767 , -0.229413 , 3.35598 , -2.41277 , -1.1713 , 50 , 10
50 , 50 , 0.0531165 , 0.646415 , -0.22956 , 3.37956 , -2.41277 , -1.1713 , 50 , 10
50 , 50 , 0.0528595 , 0.645979 , -0.229747 , 3.40155 , -2.41279 , -1.1713 , 50 , 10
50 , 50 , 0.0520226 , 0.645473 , -0.229747 , 3.42043 , -2.41281 , -1.1713 , 50 , 10
50 , 50 , 0.051793 , 0.644872 , -0.229643 , 3.44102 , -2.41281 , -1.1713 , 50 , 10
50 , 50 , 0.0519512 , 0.644326 , -0.229737 , 3.45847 , -2.41281 , -1.1713 , 50 , 10
50 , 50 , 0.0516027 , 0.643983 , -0.229849 , 3.47557 , -2.41282 , -1.1713 , 50 , 10
50 , 50 , 0.0510747 , 0.643765 , -0.229849 , 3.49103 , -2.41282 , -1.1713 , 50 , 10
50 , 50 , 0.0509508 , 0.643581 , -0.229849 , 3.50498 , -2.41284 , -1.1713 , 50 , 10
50 , 50 , 0.0509858 , 0.643282 , -0.229935 , 3.51866 , -2.41284 , -1.1713 , 50 , 10
50 , 50 , 0.0507058 , 0.642911 , -0.229935 , 3.53032 , -2.41284 , -1.1713 , 50 , 10
50 , 50 , 0.0503578 , 0.642563 , -0.229935 , 3.54088 , -2.41284 , -1.1713 , 50 , 10
50 , 50 , 0.05026 , 0.642255 , -0.229935 , 3.55069 , -2.41286 , -1.1713 , 50 , 10
50 , 50 , 0.0501724 , 0.642007 , -0.230009 , 3.55917 , -2.41288 , -1.1713 , 50 , 10
50 , 50 , 0.0499095 , 0.641762 , -0.230009 , 3.56622 , -2.41288 , -1.1713 , 50 , 10
50 , 50 , 0.0496783 , 0.641508 , -0.230009 , 3.57199 , -2.41288 , -1.1713 , 50 , 10
50 , 50 , 0.0495887 , 0.641242 , -0.230009 , 3.57687 , -2.4129 , -1.1713 , 50 , 10
50 , 50 , 0.0494828 , 0.640915 , -0.230072 , 3.58053 , -2.4129 , -1.1713 , 50 , 10
50 , 50 , 0.049255 , 0.640616 , -0.230072 , 3.58295 , -2.4129 , -1.1713 , 50 , 10
50 , 50 , 0.0490811 , 0.640375 , -0.230072 , 3.5842 , -2.4129 , -1.1713 , 50 , 10
50 , 50 , 0.0490456 , 0.640108 , -0.230072 , 3.58438 , -2.41292 , -1.1713 , 50 , 10
50 , 50 , 0.048887 , 0.639853 , -0.230147 , 3.58426 , -2.41292 , -1.1713 , 50 , 10
50 , 50 , 0.0486218 , 0.639591 , -0.230147 , 3.58424 , -2.41292 , -1.1713 , 50 , 10
50 , 50 , 0.0484886 , 0.63937 , -0.230147 , 3.58422 , -2.41292 , -1.1713 , 50 , 10
50 , 50 , 0.0484194 , 0.639185 , -0.230147 , 3.5842 , -2.41292 , -1.1713 , 50 , 10
50 , 50 , 0.0482873 , 0.639013 , -0.230147 , 3.58422 , -2.41294 , -1.1713 , 50 , 10
50 , 50 , 0.048101 , 0.638864 , -0.230147 , 3.58424 , -2.41294 , -1.1713 , 50 , 10
50 , 50 , 0.0480049 , 0.638709 , -0.230147 , 3.58422 , -2.41294 , -1.1713 , 50 , 10
50 , 50 , 0.0479828 , 0.638581 , -0.230207 , 3.58422 , -2.41294 , -1.1713 , 50 , 10
50 , 50 , 0.0479019 , 0.638407 , -0.230207 , 3.5842 , -2.41294 , -1.1713 , 50 , 10
50 , 50 , 0.04783 , 0.63823 , -0.230207 , 3.58424 , -2.41294 , -1.1713 , 50 , 10
50 , 50 , 0.0477865 , 0.6381 , -0.230207 , 3.58422 , -2.41296 , -1.1713 , 50 , 10
50 , 50 , 0.0477613 , 0.637934 , -0.230207 , 3.58422 , -2.41296 , -1.1713 , 50 , 10
50 , 50 , 0.0476609 , 0.637793 , -0.230207 , 3.58422 , -2.41296 , -1.1713 , 50 , 10
50 , 50 , 0.0475082 , 0.637704 , -0.230207 , 3.58424 , -2.41296 , -1.1713 , 50 , 10
50 , 50 , 0.0474714 , 0.637584 , -0.230207 , 3.58422 , -2.41296 , -1.1713 , 50 , 10
50 , 50 , 0.0474311 , 0.637477 , -0.230207 , 3.58422 , -2.41296 , -1.1713 , 50 , 10
50 , 50 , 0.0473096 , 0.637375 , -0.230207 , 3.58422 , -2.41296 , -1.1713 , 50 , 10
50 , 50 , 0.0472181 , 0.637264 , -0.230207 , 3.58422 , -2.41296 , -1.1713 , 50 , 10
50 , 50 , 0.0471771 , 0.637159 , -0.230207 , 3.58418 , -2.41296 , -1.1713 , 50 , 10
50 , 50 , 0.0471436 , 0.637044 , -0.230207 , 3.58426 , -2.41296 , -1.1713 , 50 , 10
50 , 50 , 0.0470795 , 0.636941 , -0.230207 , 3.58424 , -2.41296 , -1.1713 , 50 , 10
50 , 50 , 0.0470157 , 0.636861 , -0.230207 , 3.58422 , -2.41296 , -1.17128 , 50 , 10
50 , 50 , 0.0470099 , 0.636776 , -0.230207 , 3.58422 , -2.41296 , -1.1713 , 50 , 10
50 , 50 , 0.0469875 , 0.636704 , -0.230207 , 3.58422 , -2.41296 , -1.17128 , 50 , 10
50 , 50 , 0.0469302 , 0.636633 , -0.230269 , 3.58424 , -2.41296 , -1.17128 , 50 , 10
50 , 50 , 0.0468336 , 0.636539 , -0.230269 , 3.58422 , -2.41296 , -1.17128 , 50 , 10
50 , 50 , 0.0467455 , 0.636428 , -0.230269 , 3.5842 , -2.41296 , -1.17128 , 50 , 10
50 , 50 , 0.0467337 , 0.636329 , -0.230269 , 3.5842 , -2.41296 , -1.17128 , 50 , 10
50 , 50 , 0.0466978 , 0.636274 , -0.230269 , 3.58422 , -2.41296 , -1.17128 , 50 , 10
50 , 50 , 0.0466512 , 0.63623 , -0.230269 , 3.58422 , -2.41296 , -1.17128 , 50 , 10
50 , 50 , 0.0466468 , 0.636151 , -0.230269 , 3.58422 , -2.41296 , -1.17128 , 50 , 10
50 , 50 , 0.0466252 , 0.636053 , -0.230269 , 3.58424 , -2.41296 , -1.17128 , 50 , 10
50 , 50 , 0.0465798 , 0.635987 , -0.230269 , 3.58424 , -2.41296 , -1.17128 , 50 , 10
50 , 50 , 0.0465193 , 0.635911 , -0.230269 , 3.58422 , -2.41296 , -1.17128 , 50 , 10
50 , 50 , 0.0464648 , 0.635842 , -0.230269 , 3.58422 , -2.41296 , -1.17128 , 50 , 10
50 , 50 , 0.0464513 , 0.635764 , -0.230269 , 3.5842 , -2.41296 , -1.17128 , 50 , 10
50 , 50 , 0.0464295 , 0.635665 , -0.230269 , 3.58422 , -2.41296 , -1.17128 , 50 , 10
50 , 50 , 0.0463862 , 0.635611 , -0.230269 , 3.58422 , -2.41296 , -1.17128 , 50 , 10
50 , 50 , 0.0463719 , 0.635575 , -0.230269 , 3.58422 , -2.41296 , -1.17128 , 50 , 10
50 , 50 , 0.0463818 , 0.635496 , -0.230269 , 3.58422 , -2.41296 , -1.17128 , 50 , 10
50 , 50 , 0.0463704 , 0.635439 , -0.230269 , 3.5842 , -2.41296 , -1.17128 , 50 , 10
50 , 50 , 0.0463382 , 0.635393 , -0.230269 , 3.58422 , -2.41296 , -1.17128 , 50 , 10
50 , 50 , 0.046295 , 0.635304 , -0.230269 , 3.58422 , -2.41296 , -1.17128 , 50 , 10
50 , 50 , 0.0462482 , 0.635268 , -0.230269 , 3.58422 , -2.41296 , -1.17128 , 50 , 10
50 , 50 , 0.0461728 , 0.63525 , -0.230269 , 3.58422 , -2.41296 , -1.17128 , 50 , 10
50 , 50 , 0.0460937 , 0.635204 , -0.230269 , 3.58422 , -2.41296 , -1.17128 , 50 , 10
50 , 50 , 0.0460698 , 0.635155 , -0.230269 , 3.58422 , -2.41296 , -1.17128 , 50 , 10
50 , 50 , 0.0460796 , 0.635118 , -0.230269 , 3.58422 , -2.41296 , -1.17128 , 50 , 10
50 , 50 , 0.0460651 , 0.635084 , -0.230269 , 3.58422 , -2.41296 , -1.17128 , 50 , 10
50 , 50 , 0.0460188 , 0.635034 , -0.230269 , 3.58422 , -2.41296 , -1.17128 , 50 , 10
50 , 50 , 0.0460281 , 0.635038 , -0.230269 , 3.58422 , -2.41296 , -1.17128 , 50 , 10
50 , 50 , 0.0460446 , 0.635061 , -0.230269 , 3.58422 , -2.41296 , -1.17128 , 50 , 10
50 , 50 , 0.0460154 , 0.635043 , -0.230269 , 3.58422 , -2.41296 , -1.17128 , 50 , 10
50 , 50 , 0.0459672 , 0.635024 , -0.230269 , 3.58422 , -2.41296 , -1.17128 , 50 , 10
50 , 50 , 0.0459715 , 0.635001 , -0.230269 , 3.58422 , -2.41296 , -1.17128 , 50 , 10
50 , 50 , 0.0460169 , 0.634976 , -0.230269 , 3.58422 , -2.41296 , -1.17128 , 50 , 10
50 , 50 , 0.0459774 , 0.634944 , -0.230269 , 3.58422 , -2.41296 , -1.17128 , 50 , 10
50 , 50 , 0.0459205 , 0.634922 , -0.230269 , 3.58424 , -2.41296 , -1.17128 , 50 , 10
50 , 50 , 0.0459015 , 0.634915 , -0.230269 , 3.58424 , -2.41296 , -1.17128 , 50 , 10
50 , 50 , 0.0458803 , 0.634858 , -0.230269 , 3.58422 , -2.41296 , -1.17128 , 50 , 10
50 , 50 , 0.0458862 , 0.634782 , -0.230269 , 3.58422 , -2.41296 , -1.17128 , 50 , 10
50 , 50 , 0.045871 , 0.634758 , -0.230269 , 3.58422 , -2.41296 , -1.17128 , 50 , 10
50 , 50 , 0.0458445 , 0.634739 , -0.230269 , 3.58422 , -2.41296 , -1.17128 , 50 , 10
50 , 50 , 0.0458832 , 0.634691 , -0.230269 , 3.58422 , -2.41296 , -1.17128 , 50 , 10
50 , 50 , 0.045867 , 0.634639 , -0.230333 , 3.58422 , -2.41296 , -1.17128 , 50 , 10
50 , 50 , 0.0458288 , 0.63462 , -0.230333 , 3.58422 , -2.41296 , -1.17128 , 50 , 10
50 , 50 , 0.0458375 , 0.634614 , -0.230333 , 3.5842 , -2.41296 , -1.17128 , 50 , 10
50 , 50 , 0.0458762 , 0.63458 , -0.230333 , 3.58424 , -2.41296 , -1.17128 , 50 , 10
50 , 50 , 0.0458718 , 0.634553 , -0.230333 , 3.58422 , -2.41296 , -1.17128 , 50 , 10
50 , 50 , 0.0458243 , 0.634531 , -0.230333 , 3.58422 , -2.41296 , -1.17128 , 50 , 10
50 , 50 , 0.0458198 , 0.63454 , -0.230333 , 3.5842 , -2.41296 , -1.17128 , 50 , 10
50 , 50 , 0.0457947 , 0.634571 , -0.230333 , 3.58422 , -2.41296 , -1.17128 , 50 , 10
50 , 50 , 0.0457764 , 0.634565 , -0.230333 , 3.58422 , -2.41296 , -1.17128 , 50 , 10
50 , 50 , 0.0457685 , 0.634542 , -0.230333 , 3.58422 , -2.41296 , -1.17128 , 50 , 10
50 , 50 , 0.0457469 , 0.634474 , -0.230333 , 3.58422 , -2.41296 , -1.17128 , 50 , 10
50 , 50 , 0.045795 , 0.634445 , -0.230333 , 3.58422 , -2.41296 , -1.17128 , 50 , 10
50 , 50 , 0.045843 , 0.634455 , -0.230333 , 3.58422 , -2.41296 , -1.17128 , 50 , 10
50 , 50 , 0.0458209 , 0.634454 , -0.230333 , 3.58422 , -2.41296 , -1.17128 , 50 , 10
50 , 50 , 0.0458132 , 0.634465 , -0.230333 , 3.58422 , -2.41296 , -1.17128 , 50 , 10
50 , 50 , 0.0458433 , 0.634461 , -0.230333 , 3.58422 , -2.41296 , -1.17128 , 50 , 10
50 , 50 , 0.0458694 , 0.634428 , -0.230333 , 3.58422 , -2.41296 , -1.17128 , 50 , 10
50 , 50 , 0.0458305 , 0.634371 , -0.230333 , 3.58422 , -2.41296 , -1.17128 , 50 , 10
50 , 50 , 0.045815 , 0.634302 , -0.230333 , 3.58422 , -2.41296 , -1.17128 , 50 , 10
50 , 50 , 0.0458442 , 0.634252 , -0.230333 , 3.58422 , -2.41296 , -1.17128 , 50 , 10
50 , 50 , 0.0458317 , 0.634226 , -0.230333 , 3.58422 , -2.41296 , -1.17128 , 50 , 10
50 , 50 , 0.0458208 , 0.634185 , -0.230333 , 3.58422 , -2.41296 , -1.17128 , 50 , 10
50 , 50 , 0.0458106 , 0.634148 , -0.230333 , 3.58422 , -2.41296 , -1.17128 , 50 , 10
50 , 50 , 0.0458057 , 0.634112 , -0.230333 , 3.58422 , -2.41296 , -1.17128 , 50 , 10
50 , 50 , 0.0458066 , 0.634082 , -0.230333 , 3.58422 , -2.41296 , -1.17128 , 50 , 10
50 , 50 , 0.0457656 , 0.634059 , -0.230333 , 3.58422 , -2.41296 , -1.17128 , 50 , 10
50 , 50 , 0.0457451 , 0.634077 , -0.230333 , 3.58424 , -2.41296 , -1.17128 , 50 , 10
50 , 50 , 0.0458007 , 0.634062 , -0.230333 , 3.58422 , -2.41296 , -1.17128 , 50 , 10
50 , 50 , 0.0458243 , 0.634044 , -0.230333 , 3.58422 , -2.41296 , -1.17128 , 50 , 10
50 , 50 , 0.0457978 , 0.63409 , -0.230333 , 3.5842 , -2.41296 , -1.17128 , 50 , 10
50 , 50 , 0.0457721 , 0.634099 , -0.230333 , 3.58422 , -2.41296 , -1.17128 , 50 , 10
50 , 50 , 0.0457731 , 0.634088 , -0.230333 , 3.58422 , -2.41296 , -1.17128 , 50 , 10
50 , 50 , 0.0457941 , 0.634117 , -0.230333 , 3.58424 , -2.41296 , -1.17128 , 50 , 10
50 , 50 , 0.045752 , 0.634147 , -0.230333 , 3.58422 , -2.41296 , -1.17128 , 50 , 10
50 , 50 , 0.0457148 , 0.634166 , -0.230333 , 3.58422 , -2.41296 , -1.17128 , 50 , 10
50 , 50 , 0.045748 , 0.634163 , -0.230333 , 3.58422 , -2.41296 , -1.17128 , 50 , 10
50 , 50 , 0.0457775 , 0.634119 , -0.230333 , 3.58422 , -2.41296 , -1.17128 , 50 , 10
50 , 50 , 0.04578 , 0.634096 , -0.230333 , 3.58422 , -2.41296 , -1.17128 , 50 , 10
50 , 50 , 0.0457714 , 0.634079 , -0.230333 , 3.58422 , -2.41296 , -1.17128 , 50 , 10
50 , 50 , 0.0457803 , 0.634071 , -0.230333 , 3.5842 , -2.41296 , -1.17128 , 50 , 10
50 , 50 , 0.0458017 , 0.634089 , -0.230333 , 3.5842 , -2.41296 , -1.17128 , 50 , 10
50 , 50 , 0.0457801 , 0.634099 , -0.230333 , 3.58422 , -2.41296 , -1.17128 , 50 , 10
50 , 50 , 0.0457615 , 0.63407 , -0.230333 , 3.58422 , -2.41296 , -1.17128 , 50 , 10
50 , 50 , 0.0457788 , 0.634036 , -0.230333 , 3.58422 , -2.41296 , -1.17128 , 50 , 10
50 , 50 , 0.0458121 , 0.634023 , -0.230333 , 3.58422 , -2.41296 , -1.17128 , 50 , 10
50 , 50 , 0.0457766 , 0.634003 , -0.230333 , 3.58422 , -2.41296 , -1.17128 , 50 , 10
50 , 50 , 0.0457024 , 0.634007 , -0.230333 , 3.58422 , -2.41296 , -1.17128 , 50 , 10
50 , 50 , 0.0457385 , 0.634029 , -0.230333 , 3.58422 , -2.41296 , -1.17128 , 50 , 10
50 , 50 , 0.0457783 , 0.634043 , -0.230333 , 3.58422 , -2.41296 , -1.17128 , 50 , 10
50 , 50 , 0.0457555 , 0.634059 , -0.230333 , 3.5842 , -2.41296 , -1.17128 , 50 , 10
50 , 50 , 0.0457462 , 0.634069 , -0.230333 , 3.58422 , -2.41296 , -1.17128 , 50 , 10
50 , 50 , 0.0457738 , 0.634042 , -0.230333 , 3.58424 , -2.41296 , -1.17128 , 50 , 10
50 , 50 , 0.0458303 , 0.634033 , -0.230333 , 3.58422 , -2.41296 , -1.17128 , 50 , 10
50 , 50 , 0.0457816 , 0.634038 , -0.230333 , 3.58422 , -2.41296 , -1.17128 , 50 , 10
50 , 50 , 0.0457053 , 0.634047 , -0.230333 , 3.58422 , -2.41296 , -1.17128 , 50 , 10
50 , 50 , 0.0457495 , 0.634072 , -0.230333 , 3.58422 , -2.41296 , -1.17128 , 50 , 10
50 , 50 , 0.0457944 , 0.634108 , -0.230333 , 3.58424 , -2.41296 , -1.17128 , 50 , 10
50 , 50 , 0.0457728 , 0.634149 , -0.230333 , 3.58422 , -2.41296 , -1.17128 , 50 , 10
50 , 50 , 0.0457451 , 0.634157 , -0.230333 , 3.58422 , -2.41296 , -1.17128 , 50 , 10
50 , 50 , 0.0457692 , 0.634141 , -0.230333 , 3.5842 , -2.41296 , -1.17128 , 50 , 10
50 , 50 , 0.0457899 , 0.634127 , -0.230333 , 3.5842 , -2.41296 , -1.17128 , 50 , 10
50 , 50 , 0.0457705 , 0.634128 , -0.230333 , 3.5842 , -2.41296 , -1.17128 , 50 , 10
50 , 50 , 0.0457592 , 0.63412 , -0.230333 , 3.58422 , -2.41296 , -1.17128 , 50 , 10
50 , 50 , 0.0457514 , 0.634122 , -0.230333 , 3.58422 , -2.41296 , -1.17128 , 50 , 10
50 , 50 , 0.0457712 , 0.634088 , -0.230333 , 3.58424 , -2.41296 , -1.17128 , 50 , 10
50 , 50 , 0.045788 , 0.634083 , -0.230333 , 3.58424 , -2.41296 , -1.17128 , 50 , 10
50 , 50 , 0.0457742 , 0.634099 , -0.230333 , 3.58422 , -2.41296 , -1.17128 , 50 , 10
50 , 50 , 0.0457674 , 0.634098 , -0.230333 , 3.58422 , -2.41296 , -1.17128 , 50 , 10
50 , 50 , 0.0457335 , 0.634129 , -0.230333 , 3.58422 , -2.41296 , -1.17128 , 50 , 10
50 , 50 , 0.0456856 , 0.634099 , -0.230333 , 3.58422 , -2.41296 , -1.17128 , 50 , 10
50 , 50 , 0.0456666 , 0.634044 , -0.230333 , 3.58424 , -2.41296 , -1.17128 , 50 , 10
50 , 50 , 0.0456672 , 0.634037 , -0.230333 , 3.5842 , -2.41296 , -1.17128 , 50 , 10
50 , 50 , 0.0456757 , 0.634017 , -0.230333 , 3.58422 , -2.41296 , -1.17128 , 50 , 10
50 , 50 , 0.0457027 , 0.633981 , -0.230333 , 3.58422 , -2.41296 , -1.17128 , 50 , 10
50 , 50 , 0.0456865 , 0.633965 , -0.230333 , 3.58422 , -2.41296 , -1.17128 , 50 , 10
50 , 50 , 0.0456366 , 0.633937 , -0.230333 , 3.58422 , -2.41296 , -1.17128 , 50 , 10
50 , 50 , 0.0456444 , 0.63389 , -0.230333 , 3.58422 , -2.41296 , -1.17128 , 50 , 10
50 , 50 , 0.0456639 , 0.633854 , -0.230333 , 3.58422 , -2.41296 , -1.17128 , 50 , 10
50 , 50 , 0.045651 , 0.633858 , -0.230333 , 3.58422 , -2.41296 , -1.17128 , 50 , 10
50 , 50 , 0.0456512 , 0.633837 , -0.230333 , 3.58422 , -2.41296 , -1.17128 , 50 , 10
50 , 50 , 0.0457229 , 0.633814 , -0.230333 , 3.5842 , -2.41296 , -1.17128 , 50 , 10
50 , 50 , 0.045771 , 0.633785 , -0.230333 , 3.58424 , -2.41296 , -1.17128 , 50 , 10
50 , 50 , 0.0457472 , 0.633731 , -0.230333 , 3.58422 , -2.41296 , -1.17128 , 50 , 10
50 , 50 , 0.0456933 , 0.633703 , -0.230333 , 3.58422 , -2.41296 , -1.17128 , 50 , 10
50 , 50 , 0.0456729 , 0.633691 , -0.230333 , 3.58422 , -2.41296 , -1.17128 , 50 , 10
50 , 50 , 0.0457192 , 0.633697 , -0.230333 , 3.58422 , -2.41294 , -1.17128 , 50 , 10
50 , 50 , 0.0457047 , 0.633693 , -0.230333 , 3.58422 , -2.41294 , -1.17128 , 50 , 10
50 , 50 , 0.0456519 , 0.633648 , -0.230333 , 3.58422 , -2.41294 , -1.17128 , 50 , 10
50 , 50 , 0.0456593 , 0.633574 , -0.230333 , 3.58422 , -2.41294 , -1.17128 , 50 , 10
50 , 50 , 0.0456837 , 0.633544 , -0.230333 , 3.58422 , -2.41294 , -1.17128 , 50 , 10
50 , 50 , 0.0456753 , 0.633571 , -0.230333 , 3.58422 , -2.41294 , -1.17128 , 50 , 10
50 , 50 , 0.0456816 , 0.633614 , -0.230333 , 3.58422 , -2.41294 , -1.17128 , 50 , 10
50 , 50 , 0.0457417 , 0.633645 , -0.230333 , 3.58422 , -2.41294 , -1.17128 , 50 , 10
50 , 50 , 0.0457891 , 0.633669 , -0.230333 , 3.58422 , -2.41294 , -1.17128 , 50 , 10
50 , 50 , 0.0457992 , 0.633655 , -0.230333 , 3.58422 , -2.41294 , -1.17128 , 50 , 10
50 , 50 , 0.0458231 , 0.633637 , -0.230333 , 3.58422 , -2.41294 , -1.17128 , 50 , 10
50 , 50 , 0.0458225 , 0.633617 , -0.230333 , 3.5842 , -2.41294 , -1.17128 , 50 , 10
50 , 50 , 0.0458322 , 0.633547 , -0.230333 , 3.58422 , -2.41294 , -1.17128 , 50 , 10
50 , 50 , 0.0458647 , 0.633511 , -0.230333 , 3.58424 , -2.41294 , -1.17128 , 50 , 10
50 , 50 , 0.0458473 , 0.633536 , -0.230333 , 3.58422 , -2.41294 , -1.17128 , 50 , 10
50 , 50 , 0.0458331 , 0.633524 , -0.230333 , 3.58424 , -2.41294 , -1.17128 , 50 , 10
50 , 50 , 0.0458211 , 0.633481 , -0.230333 , 3.58422 , -2.41294 , -1.17128 , 50 , 10
50 , 50 , 0.0458059 , 0.63345 , -0.230333 , 3.58422 , -2.41294 , -1.17128 , 50 , 10
50 , 50 , 0.045858 , 0.633426 , -0.230333 , 3.58422 , -2.41294 , -1.17128 , 50 , 10
50 , 50 , 0.0458749 , 0.633426 , -0.230333 , 3.58422 , -2.41294 , -1.17128 , 50 , 10
50 , 50 , 0.0458505 , 0.633447 , -0.230333 , 3.58424 , -2.41294 , -1.17128 , 50 , 10
50 , 50 , 0.0458562 , 0.633477 , -0.230333 , 3.58422 , -2.41294 , -1.17128 , 50 , 10
50 , 50 , 0.0458747 , 0.633471 , -0.230333 , 3.5842 , -2.41294 , -1.17128 , 50 , 10
50 , 50 , 0.0459187 , 0.633463 , -0.230333 , 3.58422 , -2.41294 , -1.17128 , 50 , 10
50 , 50 , 0.0459289 , 0.63342 , -0.230333 , 3.58422 , -2.41294 , -1.17128 , 50 , 10
50 , 50 , 0.0459039 , 0.633368 , -0.230333 , 3.58422 , -2.41294 , -1.17128 , 50 , 10
50 , 50 , 0.0459223 , 0.633349 , -0.230333 , 3.58422 , -2.41294 , -1.17128 , 50 , 10
50 , 50 , 0.0459377 , 0.633336 , -0.230333 , 3.58424 , -2.41294 , -1.17128 , 50 , 10
50 , 50 , 0.0459149 , 0.633384 , -0.230333 , 3.58424 , -2.41294 , -1.17128 , 50 , 10
50 , 50 , 0.0458744 , 0.633427 , -0.230333 , 3.5842 , -2.41294 , -1.17128 , 50 , 10
50 , 50 , 0.0458236 , 0.633439 , -0.230333 , 3.58422 , -2.41294 , -1.17128 , 50 , 10
50 , 50 , 0.0458106 , 0.633465 , -0.230333 , 3.58422 , -2.41294 , -1.17128 , 50 , 10
50 , 50 , 0.0458301 , 0.63349 , -0.230333 , 3.58422 , -2.41294 , -1.17128 , 50 , 10
50 , 50 , 0.0458429 , 0.633512 , -0.230333 , 3.58422 , -2.41294 , -1.17128 , 50 , 10
50 , 50 , 0.0458476 , 0.633554 , -0.230333 , 3.58422 , -2.41294 , -1.17128 , 50 , 10
50 , 50 , 0.0458272 , 0.633575 , -0.230333 , 3.58422 , -2.41294 , -1.17128 , 50 , 10
50 , 50 , 0.0458424 , 0.633564 , -0.230333 , 3.58422 , -2.41294 , -1.17128 , 50 , 10
50 , 50 , 0.0458886 , 0.633548 , -0.230333 , 3.58422 , -2.41294 , -1.17128 , 50 , 10
50 , 50 , 0.0459021 , 0.63354 , -0.230333 , 3.5842 , -2.41294 , -1.17128 , 50 , 10
50 , 50 , 0.0459065 , 0.633536 , -0.230333 , 3.58422 , -2.41294 , -1.17128 , 50 , 10
50 , 50 , 0.0459536 , 0.633537 , -0.230333 , 3.58424 , -2.41294 , -1.17128 , 50 , 10
50 , 50 , 0.0460036 , 0.633583 , -0.230333 , 3.58422 , -2.41294 , -1.17128 , 50 , 10
50 , 50 , 0.0459499 , 0.633637 , -0.230333 , 3.58422 , -2.41294 , -1.17128 , 50 , 10
50 , 50 , 0.0459112 , 0.633654 , -0.230333 , 3.58422 , -2.41294 , -1.17128 , 50 , 10
50 , 50 , 0.0459465 , 0.633633 , -0.230333 , 3.58422 , -2.41294 , -1.17128 , 50 , 10
50 , 50 , 0.0459896 , 0.633581 , -0.230333 , 3.58422 , -2.41294 , -1.17128 , 50 , 10
50 , 50 , 0.0460336 , 0.633551 , -0.230333 , 3.58422 , -2.41294 , -1.17128 , 50 , 10
50 , 50 , 0.0460545 , 0.633574 , -0.230333 , 3.58422 , -2.41294 , -1.17128 , 50 , 10
50 , 50 , 0.0460573 , 0.633558 , -0.230333 , 3.58422 , -2.41294 , -1.17128 , 50 , 10
50 , 50 , 0.0460652 , 0.633508 , -0.230333 , 3.58422 , -2.41294 , -1.17128 , 50 , 10
50 , 50 , 0.0460941 , 0.633476 , -0.230333 , 3.58422 , -2.41294 , -1.17128 , 50 , 10
50 , 50 , 0.0461075 , 0.633426 , -0.230333 , 3.58422 , -2.41294 , -1.17128 , 50 , 10
50 , 50 , 0.0460954 , 0.633402 , -0.230333 , 3.5842 , -2.41294 , -1.17128 , 50 , 10
50 , 50 , 0.0461113 , 0.633432 , -0.230333 , 3.58422 , -2.41294 , -1.17128 , 50 , 10
50 , 50 , 0.0461354 , 0.633469 , -0.230333 , 3.58422 , -2.41294 , -1.17128 , 50 , 10
50 , 50 , 0.046148 , 0.63354 , -0.230333 , 3.58422 , -2.41294 , -1.17128 , 50 , 10
50 , 50 , 0.0461678 , 0.633543 , -0.230333 , 3.58422 , -2.41294 , -1.17128 , 50 , 10
50 , 50 , 0.046153 , 0.63349 , -0.230333 , 3.58422 , -2.41294 , -1.17128 , 50 , 10
50 , 50 , 0.0461142 , 0.633423 , -0.230333 , 3.58422 , -2.41294 , -1.17128 , 50 , 10
50 , 50 , 0.0461573 , 0.633371 , -0.230333 , 3.58422 , -2.41294 , -1.17128 , 50 , 10
50 , 50 , 0.0461997 , 0.633383 , -0.230333 , 3.58424 , -2.41294 , -1.17128 , 50 , 10
50 , 50 , 0.0461682 , 0.63337 , -0.230333 , 3.58422 , -2.41294 , -1.17128 , 50 , 10
50 , 50 , 0.046201 , 0.633354 , -0.230333 , 3.58422 , -2.41294 , -1.17128 , 50 , 10
50 , 50 , 0.0462349 , 0.633346 , -0.230333 , 3.58422 , -2.41294 , -1.17128 , 50 , 10
50 , 50 , 0.0462261 , 0.633311 , -0.230333 , 3.58422 , -2.41294 , -1.17128 , 50 , 10
50 , 50 , 0.0462408 , 0.633309 , -0.230333 , 3.58422 , -2.41294 , -1.17128 , 50 , 10
50 , 50 , 0.0461817 , 0.633366 , -0.230333 , 3.58422 , -2.41294 , -1.17128 , 50 , 10
50 , 50 , 0.0461851 , 0.633399 , -0.230333 , 3.58422 , -2.41294 , -1.17128 , 50 , 10
50 , 50 , 0.0462352 , 0.633402 , -0.230333 , 3.58422 , -2.41294 , -1.17128 , 50 , 10
50 , 50 , 0.046214 , 0.633404 , -0.230413 , 3.58422 , -2.41294 , -1.17128 , 50 , 10
50 , 50 , 0.046183 , 0.633416 , -0.230413 , 3.58422 , -2.41294 , -1.17128 , 50 , 10
50 , 50 , 0.0461585 , 0.633431 , -0.230413 , 3.5842 , -2.41294 , -1.17128 , 50 , 10
50 , 50 , 0.0461789 , 0.633402 , -0.230477 , 3.58422 , -2.41294 , -1.17128 , 50 , 10
50 , 50 , 0.0462096 , 0.633341 , -0.230477 , 3.58422 , -2.41294 , -1.17128 , 50 , 10
50 , 50 , 0.0462208 , 0.633355 , -0.230477 , 3.58422 , -2.41294 , -1.17128 , 50 , 10
50 , 50 , 0.046198 , 0.633415 , -0.230477 , 3.58422 , -2.41294 , -1.17128 , 50 , 10
50 , 50 , 0.0461446 , 0.633423 , -0.230477 , 3.58422 , -2.41294 , -1.17128 , 50 , 10
50 , 50 , 0.0461548 , 0.633366 , -0.230477 , 3.58422 , -2.41294 , -1.17128 , 50 , 10
50 , 50 , 0.0461842 , 0.633325 , -0.230477 , 3.58424 , -2.41294 , -1.17128 , 50 , 10
50 , 50 , 0.0461371 , 0.633346 , -0.230477 , 3.58422 , -2.41294 , -1.17128 , 50 , 10
50 , 50 , 0.0461218 , 0.633354 , -0.230477 , 3.58422 , -2.41294 , -1.17128 , 50 , 10
50 , 50 , 0.0461311 , 0.633383 , -0.230477 , 3.58422 , -2.41294 , -1.17128 , 50 , 10
50 , 50 , 0.046154 , 0.633392 , -0.230477 , 3.58422 , -2.41294 , -1.17128 , 50 , 10
50 , 50 , 0.046172 , 0.63338 , -0.230477 , 3.58422 , -2.41292 , -1.17128 , 50 , 10
50 , 50 , 0.0461512 , 0.633416 , -0.230477 , 3.58422 , -2.41292 , -1.17128 , 50 , 10
50 , 50 , 0.0461592 , 0.633434 , -0.230477 , 3.58422 , -2.41292 , -1.17128 , 50 , 10
50 , 50 , 0.0461647 , 0.633386 , -0.230477 , 3.58422 , -2.41292 , -1.17128 , 50 , 10
50 , 50 , 0.0461541 , 0.63338 , -0.230477 , 3.58422 , -2.41292 , -1.17128 , 50 , 10
50 , 50 , 0.0461869 , 0.633404 , -0.230477 , 3.58422 , -2.41292 , -1.17128 , 50 , 10
50 , 50 , 0.0462152 , 0.633373 , -0.230477 , 3.58422 , -2.41292 , -1.17128 , 50 , 10
50 , 50 , 0.0462081 , 0.633369 , -0.230477 , 3.58422 , -2.41292 , -1.17128 , 50 , 10
50 , 50 , 0.0462021 , 0.633392 , -0.230477 , 3.58422 , -2.41292 , -1.17128 , 50 , 10
50 , 50 , 0.0462203 , 0.633381 , -0.230477 , 3.58422 , -2.41292 , -1.17128 , 50 , 10
50 , 50 , 0.0462392 , 0.633351 , -0.230477 , 3.58422 , -2.41292 , -1.17128 , 50 , 10
50 , 50 , 0.0462611 , 0.633344 , -0.230477 , 3.58422 , -2.41292 , -1.17128 , 50 , 10
50 , 50 , 0.0462912 , 0.633319 , -0.230477 , 3.58424 , -2.41292 , -1.17128 , 50 , 10
50 , 50 , 0.0463237 , 0.633335 , -0.230477 , 3.58422 , -2.41292 , -1.17128 , 50 , 10
50 , 50 , 0.0463485 , 0.633366 , -0.230543 , 3.58422 , -2.41292 , -1.17128 , 50 , 10
50 , 50 , 0.0463563 , 0.63338 , -0.230543 , 3.58422 , -2.41292 , -1.17128 , 50 , 10
50 , 50 , 0.0463475 , 0.633397 , -0.230543 , 3.58422 , -2.41292 , -1.17128 , 50 , 10
50 , 50 , 0.0463557 , 0.63342 , -0.230543 , 3.5842 , -2.41292 , -1.17128 , 50 , 10
50 , 50 , 0.0463775 , 0.633461 , -0.230543 , 3.58424 , -2.41292 , -1.17128 , 50 , 10
50 , 50 , 0.0463808 , 0.633491 , -0.230543 , 3.58422 , -2.41292 , -1.17128 , 50 , 10
50 , 50 , 0.0464006 , 0.633504 , -0.230543 , 3.58422 , -2.41292 , -1.17128 , 50 , 10
50 , 50 , 0.0463895 , 0.633504 , -0.230543 , 3.58422 , -2.41292 , -1.17128 , 50 , 10
50 , 50 , 0.0463857 , 0.633476 , -0.230543 , 3.58422 , -2.41292 , -1.17128 , 50 , 10
50 , 50 , 0.0464056 , 0.633416 , -0.230543 , 3.58422 , -2.41292 , -1.17128 , 50 , 10
50 , 50 , 0.0463735 , 0.633375 , -0.230543 , 3.58422 , -2.41292 , -1.17128 , 50 , 10
50 , 50 , 0.0463204 , 0.633344 , -0.230543 , 3.58422 , -2.41292 , -1.17128 , 50 , 10
50 , 50 , 0.0462937 , 0.633334 , -0.230543 , 3.58422 , -2.41292 , -1.17128 , 50 , 10
50 , 50 , 0.0463073 , 0.633312 , -0.230543 , 3.58424 , -2.41292 , -1.17128 , 50 , 10
50 , 50 , 0.0463422 , 0.633294 , -0.230543 , 3.58422 , -2.41292 , -1.17128 , 50 , 10
50 , 50 , 0.046315 , 0.633282 , -0.230543 , 3.58422 , -2.41292 , -1.17128 , 50 , 10
50 , 50 , 0.0462862 , 0.633231 , -0.230543 , 3.58422 , -2.41292 , -1.17128 , 50 , 10
50 , 50 , 0.0463119 , 0.633167 , -0.230543 , 3.58422 , -2.41292 , -1.17128 , 50 , 10
50 , 50 , 0.0462934 , 0.633132 , -0.230543 , 3.58422 , -2.41292 , -1.17128 , 50 , 10
50 , 50 , 0.0462327 , 0.63314 , -0.230543 , 3.58422 , -2.41292 , -1.17128 , 50 , 10
50 , 50 , 0.0461732 , 0.633147 , -0.230543 , 3.5842 , -2.41292 , -1.17128 , 50 , 10
50 , 50 , 0.0461826 , 0.633194 , -0.230543 , 3.58422 , -2.41292 , -1.17128 , 50 , 10
50 , 50 , 0.0462251 , 0.633255 , -0.230543 , 3.58422 , -2.41292 , -1.17128 , 50 , 10
50 , 50 , 0.0462522 , 0.633268 , -0.230543 , 3.58422 , -2.41292 , -1.17128 , 50 , 10
50 , 50 , 0.0462678 , 0.633308 , -0.230543 , 3.58424 , -2.41292 , -1.17128 , 50 , 10
50 , 50 , 0.0462635 , 0.63336 , -0.230543 , 3.58422 , -2.41292 , -1.17128 , 50 , 10
50 , 50 , 0.046304 , 0.63334 , -0.230543 , 3.58422 , -2.41292 , -1.17128 , 50 , 10
50 , 50 , 0.0463316 , 0.63335 , -0.230543 , 3.58424 , -2.41292 , -1.17128 , 50 , 10
50 , 50 , 0.0463447 , 0.633406 , -0.230543 , 3.58422 , -2.41292 , -1.17128 , 50 , 10
50 , 50 , 0.0463724 , 0.633448 , -0.230543 , 3.58422 , -2.41292 , -1.17128 , 50 , 10
50 , 50 , 0.0463819 , 0.63347 , -0.230543 , 3.58422 , -2.41292 , -1.17128 , 50 , 10
50 , 50 , 0.0464001 , 0.63344 , -0.230543 , 3.58422 , -2.41292 , -1.17128 , 50 , 10
50 , 50 , 0.046403 , 0.633411 , -0.230543 , 3.58422 , -2.41292 , -1.17128 , 50 , 10
50 , 50 , 0.0463573 , 0.633428 , -0.230543 , 3.58422 , -2.41292 , -1.17128 , 50 , 10
50 , 50 , 0.0463566 , 0.633413 , -0.230543 , 3.5842 , -2.41292 , -1.17128 , 50 , 10
50 , 50 , 0.0463609 , 0.633402 , -0.230543 , 3.58422 , -2.41292 , -1.17128 , 50 , 10
50 , 50 , 0.0463807 , 0.633439 , -0.230543 , 3.58422 , -2.41292 , -1.17128 , 50 , 10
50 , 50 , 0.0463885 , 0.633454 , -0.230543 , 3.58422 , -2.41292 , -1.17128 , 50 , 10
50 , 50 , 0.0463177 , 0.633433 , -0.230543 , 3.58424 , -2.41292 , -1.17128 , 50 , 10
50 , 50 , 0.04628 , 0.633371 , -0.230543 , 3.58422 , -2.41292 , -1.17128 , 50 , 10
50 , 50 , 0.0462832 , 0.633353 , -0.230543 , 3.58422 , -2.41292 , -1.17128 , 50 , 10
50 , 50 , 0.0462771 , 0.633374 , -0.230543 , 3.58422 , -2.41292 , -1.17128 , 50 , 10
50 , 50 , 0.0462456 , 0.633402 , -0.230543 , 3.58422 , -2.4129 , -1.17128 , 50 , 10
50 , 50 , 0.046238 , 0.633425 , -0.230543 , 3.58422 , -2.41292 , -1.17128 , 50 , 10
50 , 50 , 0.0462511 , 0.633423 , -0.230543 , 3.58422 , -2.4129 , -1.17128 , 50 , 10
50 , 50 , 0.0462362 , 0.633438 , -0.230543 , 3.58422 , -2.4129 , -1.17128 , 50 , 10
50 , 50 , 0.0461759 , 0.633441 , -0.230543 , 3.58422 , -2.4129 , -1.17128 , 50 , 10
50 , 50 , 0.0461454 , 0.633427 , -0.230543 , 3.58422 , -2.4129 , -1.17128 , 50 , 10
50 , 50 , 0.0461468 , 0.633425 , -0.230543 , 3.58422 , -2.4129 , -1.17128 , 50 , 10
50 , 50 , 0.0462003 , 0.633412 , -0.230543 , 3.58422 , -2.4129 , -1.17128 , 50 , 10
50 , 50 , 0.0462683 , 0.633422 , -0.230543 , 3.58422 , -2.4129 , -1.17128 , 50 , 10
50 , 50 , 0.0462968 , 0.633429 , -0.230543 , 3.58422 , -2.4129 , -1.17128 , 50 , 10
50 , 50 , 0.0463133 , 0.633424 , -0.230543 , 3.5842 , -2.4129 , -1.17128 , 50 , 10
50 , 50 , 0.0462847 , 0.633429 , -0.230543 , 3.58422 , -2.4129 , -1.17128 , 50 , 10
50 , 50 , 0.0463003 , 0.633405 , -0.230543 , 3.58422 , -2.4129 , -1.17128 , 50 , 10
50 , 50 , 0.0463495 , 0.633383 , -0.230543 , 3.58422 , -2.4129 , -1.17128 , 50 , 10
50 , 50 , 0.0463479 , 0.63334 , -0.230543 , 3.58422 , -2.4129 , -1.17128 , 50 , 10
50 , 50 , 0.0463118 , 0.633314 , -0.230543 , 3.58422 , -2.4129 , -1.17128 , 50 , 10
50 , 50 , 0.046288 , 0.633309 , -0.230543 , 3.58422 , -2.4129 , -1.17128 , 50 , 10
50 , 50 , 0.0463324 , 0.633294 , -0.230605 , 3.58422 , -2.4129 , -1.17128 , 50 , 10
50 , 50 , 0.0463297 , 0.633311 , -0.230605 , 3.58422 , -2.4129 , -1.17128 , 50 , 10
50 , 50 , 0.0462088 , 0.63332 , -0.230605 , 3.58422 , -2.4129 , -1.17128 , 50 , 10
50 , 50 , 0.0461746 , 0.633323 , -0.230605 , 3.58422 , -2.4129 , -1.17128 , 50 , 10
50 , 50 , 0.0461924 , 0.633329 , -0.230605 , 3.58424 , -2.4129 , -1.17128 , 50 , 10
50 , 50 , 0.0461187 , 0.63333 , -0.230605 , 3.58424 , -2.4129 , -1.17128 , 50 , 10
50 , 50 , 0.0460896 , 0.63334 , -0.230605 , 3.58424 , -2.4129 , -1.17128 , 50 , 10
50 , 50 , 0.0460857 , 0.633356 , -0.230605 , 3.58422 , -2.4129 , -1.17128 , 50 , 10
50 , 50 , 0.0460567 , 0.633374 , -0.230605 , 3.58422 , -2.4129 , -1.17128 , 50 , 10
50 , 50 , 0.0460477 , 0.633387 , -0.230605 , 3.58422 , -2.4129 , -1.17128 , 50 , 10
50 , 50 , 0.0460463 , 0.633389 , -0.230605 , 3.5842 , -2.4129 , -1.17128 , 50 , 10
50 , 50 , 0.0460303 , 0.633408 , -0.230605 , 3.58422 , -2.4129 , -1.17128 , 50 , 10
50 , 50 , 0.0460283 , 0.633404 , -0.230605 , 3.58422 , -2.4129 , -1.17128 , 50 , 10
50 , 50 , 0.0460472 , 0.633368 , -0.230605 , 3.58422 , -2.4129 , -1.17128 , 50 , 10
50 , 50 , 0.0460416 , 0.633333 , -0.230605 , 3.58422 , -2.4129 , -1.17128 , 50 , 10
50 , 50 , 0.0460139 , 0.633334 , -0.230605 , 3.58422 , -2.4129 , -1.17128 , 50 , 10
50 , 50 , 0.0460162 , 0.63334 , -0.230605 , 3.58422 , -2.4129 , -1.17128 , 50 , 10
50 , 50 , 0.046016 , 0.633329 , -0.230605 , 3.5842 , -2.4129 , -1.17128 , 50 , 10
50 , 50 , 0.0460203 , 0.633339 , -0.230605 , 3.58422 , -2.4129 , -1.17128 , 50 , 10
50 , 50 , 0.0460394 , 0.633361 , -0.230605 , 3.58424 , -2.4129 , -1.17128 , 50 , 10
50 , 50 , 0.0460681 , 0.63336 , -0.230605 , 3.58424 , -2.4129 , -1.17128 , 50 , 10
50 , 50 , 0.0461502 , 0.633336 , -0.230605 , 3.58422 , -2.4129 , -1.17128 , 50 , 10
50 , 50 , 0.0461742 , 0.633333 , -0.230605 , 3.58422 , -2.4129 , -1.17128 , 50 , 10
50 , 50 , 0.0461714 , 0.633325 , -0.230605 , 3.58422 , -2.4129 , -1.17128 , 50 , 10
50 , 50 , 0.0462015 , 0.633316 , -0.230605 , 3.58422 , -2.4129 , -1.17128 , 50 , 10
50 , 50 , 0.0462216 , 0.633324 , -0.230605 , 3.58422 , -2.4129 , -1.17128 , 50 , 10
50 , 50 , 0.0462046 , 0.633284 , -0.230605 , 3.58422 , -2.4129 , -1.17128 , 50 , 10
50 , 50 , 0.046209 , 0.633197 , -0.230605 , 3.58422 , -2.4129 , -1.17128 , 50 , 10
50 , 50 , 0.0462383 , 0.633123 , -0.230605 , 3.58422 , -2.4129 , -1.17128 , 50 , 10
50 , 50 , 0.0462259 , 0.633103 , -0.230605 , 3.58422 , -2.41292 , -1.17128 , 50 , 10
50 , 50 , 0.0461615 , 0.633081 , -0.230605 , 3.58424 , -2.4129 , -1.17128 , 50 , 10
50 , 50 , 0.0461195 , 0.633033 , -0.230605 , 3.58422 , -2.4129 , -1.17128 , 50 , 10
50 , 50 , 0.0461595 , 0.633056 , -0.230605 , 3.5842 , -2.4129 , -1.17128 , 50 , 10
50 , 50 , 0.0461777 , 0.633037 , -0.230605 , 3.58422 , -2.4129 , -1.17128 , 50 , 10
50 , 50 , 0.0461333 , 0.633002 , -0.230605 , 3.58424 , -2.41292 , -1.17128 , 50 , 10
50 , 50 , 0.046062 , 0.632992 , -0.230605 , 3.58424 , -2.4129 , -1.17128 , 50 , 10
50 , 50 , 0.0460916 , 0.632931 , -0.230605 , 3.58422 , -2.4129 , -1.17128 , 50 , 10
50 , 50 , 0.0461767 , 0.632923 , -0.230605 , 3.5842 , -2.4129 , -1.17128 , 50 , 10
50 , 50 , 0.0461633 , 0.632972 , -0.230605 , 3.58422 , -2.4129 , -1.17128 , 50 , 10
50 , 50 , 0.0461212 , 0.633004 , -0.230605 , 3.58422 , -2.4129 , -1.17128 , 50 , 10
50 , 50 , 0.0461504 , 0.632977 , -0.230605 , 3.58422 , -2.4129 , -1.17128 , 50 , 10
50 , 50 , 0.0461948 , 0.632956 , -0.230605 , 3.5842 , -2.41292 , -1.17128 , 50 , 10
50 , 50 , 0.0461598 , 0.632942 , -0.230605 , 3.5842 , -2.41292 , -1.17128 , 50 , 10
50 , 50 , 0.0460875 , 0.63295 , -0.230605 , 3.5842 , -2.4129 , -1.17128 , 50 , 10
50 , 50 , 0.0460519 , 0.632975 , -0.230605 , 3.5842 , -2.41292 , -1.17128 , 50 , 10
50 , 50 , 0.04607 , 0.632975 , -0.230605 , 3.58422 , -2.4129 , -1.17128 , 50 , 10
50 , 50 , 0.0460818 , 0.632991 , -0.230605 , 3.58422 , -2.41292 , -1.17128 , 50 , 10
50 , 50 , 0.0460616 , 0.633016 , -0.230605 , 3.58422 , -2.4129 , -1.17128 , 50 , 10
50 , 50 , 0.0460647 , 0.632983 , -0.230605 , 3.5842 , -2.41292 , -1.17128 , 50 , 10
50 , 50 , 0.0460948 , 0.632926 , -0.230605 , 3.58422 , -2.41292 , -1.17128 , 50 , 10
50 , 50 , 0.0460767 , 0.632901 , -0.230605 , 3.58422 , -2.4129 , -1.17128 , 50 , 10
50 , 50 , 0.0460544 , 0.632894 , -0.230605 , 3.58422 , -2.4129 , -1.17128 , 50 , 10
50 , 50 , 0.0460815 , 0.632937 , -0.230605 , 3.58422 , -2.41292 , -1.17128 , 50 , 10
50 , 50 , 0.0461161 , 0.632957 , -0.230605 , 3.58422 , -2.41292 , -1.17128 , 50 , 10
50 , 50 , 0.0461314 , 0.632938 , -0.230605 , 3.5842 , -2.41292 , -1.17128 , 50 , 10
50 , 50 , 0.0461173 , 0.632898 , -0.230605 , 3.58422 , -2.41292 , -1.17128 , 50 , 10
50 , 50 , 0.0461017 , 0.632851 , -0.230605 , 3.58422 , -2.41292 , -1.17128 , 50 , 10
50 , 50 , 0.0461159 , 0.63284 , -0.230605 , 3.58422 , -2.41292 , -1.17128 , 50 , 10
50 , 50 , 0.046109 , 0.632851 , -0.230605 , 3.58422 , -2.41292 , -1.17128 , 50 , 10
50 , 50 , 0.0460695 , 0.632856 , -0.230605 , 3.5842 , -2.41292 , -1.17128 , 50 , 10
50 , 50 , 0.0460461 , 0.632824 , -0.230605 , 3.58422 , -2.41292 , -1.17128 , 50 , 10
50 , 50 , 0.0460416 , 0.632767 , -0.230605 , 3.58422 , -2.41292 , -1.17128 , 50 , 10
50 , 50 , 0.0460408 , 0.632724 , -0.230605 , 3.58422 , -2.41292 , -1.17128 , 50 , 10
50 , 50 , 0.0460105 , 0.632729 , -0.230605 , 3.58422 , -2.41292 , -1.17128 , 50 , 10
50 , 50 , 0.0460064 , 0.632752 , -0.230605 , 3.58422 , -2.41292 , -1.17128 , 50 , 10
50 , 50 , 0.046004 , 0.632773 , -0.230605 , 3.58422 , -2.41292 , -1.17128 , 50 , 10
50 , 50 , 0.045983 , 0.632817 , -0.230605 , 3.58422 , -2.41292 , -1.17128 , 50 , 10
50 , 50 , 0.0460259 , 0.632871 , -0.230605 , 3.58422 , -2.41292 , -1.17128 , 50 , 10
50 , 50 , 0.0460892 , 0.632847 , -0.230605 , 3.58422 , -2.41292 , -1.17128 , 50 , 10
50 , 50 , 0.0461424 , 0.632839 , -0.230605 , 3.58422 , -2.41292 , -1.17128 , 50 , 10
50 , 50 , 0.0461708 , 0.632865 , -0.230605 , 3.58422 , -2.41292 , -1.17128 , 50 , 10
50 , 50 , 0.0461936 , 0.632858 , -0.230605 , 3.5842 , -2.41292 , -1.17128 , 50 , 10
50 , 50 , 0.0462335 , 0.632906 , -0.230605 , 3.58422 , -2.41292 , -1.17128 , 50 , 10
50 , 50 , 0.0462672 , 0.632933 , -0.230605 , 3.58424 , -2.41292 , -1.17128 , 50 , 10
50 , 50 , 0.0462854 , 0.632906 , -0.230605 , 3.5842 , -2.41292 , -1.17128 , 50 , 10
50 , 50 , 0.0462873 , 0.632883 , -0.230605 , 3.58422 , -2.41292 , -1.17128 , 50 , 10
50 , 50 , 0.0462576 , 0.632866 , -0.230605 , 3.58422 , -2.41292 , -1.17128 , 50 , 10
50 , 50 , 0.0462309 , 0.632884 , -0.230605 , 3.58422 , -2.41292 , -1.17128 , 50 , 10
50 , 50 , 0.0462414 , 0.632956 , -0.230605 , 3.5842 , -2.4129 , -1.17128 , 50 , 10
50 , 50 , 0.0462735 , 0.632974 , -0.230605 , 3.58422 , -2.41292 , -1.17128 , 50 , 10
50 , 50 , 0.0462679 , 0.632969 , -0.230605 , 3.58422 , -2.41292 , -1.17128 , 50 , 10
50 , 50 , 0.0462466 , 0.632926 , -0.230605 , 3.58422 , -2.41292 , -1.17128 , 50 , 10
50 , 50 , 0.0462738 , 0.632816 , -0.230605 , 3.58422 , -2.41292 , -1.17128 , 50 , 10
50 , 50 , 0.0462708 , 0.632746 , -0.230605 , 3.58422 , -2.41292 , -1.17128 , 50 , 10
50 , 50 , 0.0463234 , 0.632756 , -0.230605 , 3.58422 , -2.41292 , -1.17128 , 50 , 10
0.026043, , 1.000000, -1.066134, 0.101958
0.014500, , 1.000000, -1.091336, 0.012734, 0.098484
0.004977, , 1.000000, -1.048903, 0.049260
0.000056, , 1.000000, -1.049823, 0.034543, 0.021636
