50 , 50 , 0.0328644 , 0.342881 , -4.36322 , 0 , 0 , 0 , 30 , 20
50 , 50 , 0.0321035 , 0.338417 , -4.36322 , 0.000214953 , -0.0003322 , 0.000195412 , 30 , 20
50 , 50 , 0.0303013 , 0.326228 , -4.36817 , 0.00170008 , -0.00170008 , 0.00140696 , 30 , 20
50 , 50 , 0.0273008 , 0.309839 , -4.37473 , 0.0044163 , -0.00420135 , 0.00384961 , 30 , 20
50 , 50 , 0.0239611 , 0.292668 , -4.37794 , 0.00828545 , -0.00809004 , 0.00754289 , 30 , 20
50 , 50 , 0.0215927 , 0.277153 , -4.37794 , 0.0133662 , -0.0132098 , 0.0123696 , 30 , 20
50 , 50 , 0.0198382 , 0.263309 , -4.37794 , 0.0195802 , -0.0196193 , 0.0183491 , 30 , 20
50 , 50 , 0.0181885 , 0.249915 , -4.37794 , 0.0271817 , -0.0272599 , 0.0255208 , 30 , 20
50 , 50 , 0.0165382 , 0.237079 , -4.37794 , 0.035858 , -0.0361902 , 0.034197 , 30 , 20
50 , 50 , 0.0152944 , 0.224904 , -4.37519 , 0.0457654 , -0.0459413 , 0.0438504 , 30 , 20
50 , 50 , 0.0141109 , 0.213341 , -4.37214 , 0.0568061 , -0.0569234 , 0.0547543 , 30 , 20
50 , 50 , 0.0125665 , 0.20243 , -4.36882 , 0.0689998 , -0.0694297 , 0.0666353 , 30 , 20
50 , 50 , 0.0109269 , 0.192254 , -4.36515 , 0.0826786 , -0.0830499 , 0.079982 , 30 , 20
50 , 50 , 0.00961295 , 0.182706 , -4.3613 , 0.097315 , -0.0982334 , 0.0935826 , 30 , 20
50 , 50 , 0.00872214 , 0.173951 , -4.35715 , 0.113221 , -0.113593 , 0.106148 , 30 , 20
50 , 50 , 0.00802198 , 0.165833 , -4.35304 , 0.13118 , -0.131473 , 0.118165 , 30 , 20
50 , 50 , 0.00767289 , 0.158281 , -4.34891 , 0.148532 , -0.1499 , 0.128346 , 30 , 20
50 , 50 , 0.00737165 , 0.151382 , -4.34475 , 0.16907 , -0.169363 , 0.137218 , 30 , 20
50 , 50 , 0.00675245 , 0.145018 , -4.3406 , 0.189706 , -0.190253 , 0.14478 , 30 , 20
50 , 50 , 0.00597413 , 0.139565 , -4.33621 , 0.211748 , -0.212119 , 0.151405 , 30 , 20
50 , 50 , 0.00493203 , 0.134985 , -4.33153 , 0.234807 , -0.235451 , 0.156818 , 30 , 20
50 , 50 , 0.0036627 , 0.130933 , -4.32641 , 0.259292 , -0.259585 , 0.161039 , 30 , 20
50 , 50 , 0.0025008 , 0.127254 , -4.32119 , 0.284832 , -0.285477 , 0.16395 , 30 , 20
50 , 50 , 0.00202731 , 0.123902 , -4.31603 , 0.311506 , -0.31215 , 0.165729 , 30 , 20
50 , 50 , 0.00210866 , 0.120965 , -4.31042 , 0.339547 , -0.33986 , 0.166295 , 30 , 20
50 , 50 , 0.00174576 , 0.118285 , -4.30476 , 0.368722 , -0.369191 , 0.16651 , 30 , 20
50 , 50 , 0.00120102 , 0.115939 , -4.29928 , 0.398952 , -0.399812 , 0.16651 , 30 , 20
50 , 50 , 0.00087443 , 0.114046 , -4.29346 , 0.430531 , -0.431273 , 0.166256 , 30 , 20
50 , 50 , 0.000425306 , 0.112901 , -4.28743 , 0.463204 , -0.463731 , 0.166608 , 30 , 20
50 , 50 , -0.000126762 , 0.112804 , -4.2812 , 0.496932 , -0.497635 , 0.16651 , 30 , 20
50 , 50 , -0.000446231 , 0.113316 , -4.27495 , 0.53193 , -0.532946 , 0.166217 , 30 , 20
50 , 50 , -0.000310564 , 0.114176 , -4.26887 , 0.569937 , -0.571286 , 0.166432 , 30 , 20
50 , 50 , 0.000260785 , 0.115584 , -4.26257 , 0.607281 , -0.608961 , 0.166393 , 30 , 20
50 , 50 , 0.000697869 , 0.11749 , -4.25584 , 0.645933 , -0.647907 , 0.166373 , 30 , 20
50 , 50 , 0.000516937 , 0.119747 , -4.24884 , 0.68568 , -0.687868 , 0.166549 , 30 , 20
50 , 50 , 0.000128691 , 0.12232 , -4.24134 , 0.726657 , -0.729061 , 0.166393 , 30 , 20
50 , 50 , 0.000145484 , 0.125243 , -4.23366 , 0.768945 , -0.771485 , 0.166295 , 30 , 20
50 , 50 , 0.000998117 , 0.128498 , -4.22591 , 0.812267 , -0.814905 , 0.166569 , 30 , 20
50 , 50 , 0.00233203 , 0.131983 , -4.21798 , 0.85688 , -0.859713 , 0.166334 , 30 , 20
50 , 50 , 0.00372485 , 0.135884 , -4.21032 , 0.902704 , -0.905654 , 0.166412 , 30 , 20
50 , 50 , 0.00492073 , 0.140362 , -4.20245 , 0.94972 , -0.953081 , 0.166412 , 30 , 20
50 , 50 , 0.00546315 , 0.145285 , -4.19421 , 0.997986 , -1.00166 , 0.166432 , 30 , 20
50 , 50 , 0.00535069 , 0.150603 , -4.18552 , 1.04739 , -1.05126 , 0.166393 , 30 , 20
50 , 50 , 0.00547701 , 0.156405 , -4.17646 , 1.0978 , -1.10179 , 0.166393 , 30 , 20
50 , 50 , 0.00655612 , 0.162037 , -4.16761 , 1.14752 , -1.15406 , 0.166393 , 30 , 20
50 , 50 , 0.00805591 , 0.167531 , -4.15814 , 1.19608 , -1.2063 , 0.166412 , 30 , 20
50 , 50 , 0.00962535 , 0.173621 , -4.14881 , 1.24573 , -1.25953 , 0.166373 , 30 , 20
50 , 50 , 0.0116383 , 0.179971 , -4.13989 , 1.28956 , -1.30685 , 0.166373 , 30 , 20
50 , 50 , 0.0137611 , 0.186089 , -4.13151 , 1.33449 , -1.35563 , 0.166393 , 30 , 20
50 , 50 , 0.0154759 , 0.192266 , -4.12299 , 1.37834 , -1.4055 , 0.166393 , 30 , 20
50 , 50 , 0.0171781 , 0.198365 , -4.1149 , 1.42082 , -1.45136 , 0.166393 , 30 , 20
50 , 50 , 0.0191368 , 0.204232 , -4.1066 , 1.4642 , -1.49629 , 0.166393 , 30 , 20
50 , 50 , 0.0211159 , 0.209778 , -4.09871 , 1.50428 , -1.53984 , 0.166393 , 30 , 20
50 , 50 , 0.0233734 , 0.215056 , -4.0913 , 1.54322 , -1.5826 , 0.166393 , 30 , 20
50 , 50 , 0.0257581 , 0.220384 , -4.08397 , 1.58086 , -1.62383 , 0.166393 , 30 , 20
50 , 50 , 0.0277531 , 0.2253 , -4.07698 , 1.61736 , -1.66407 , 0.166373 , 30 , 20
50 , 50 , 0.0296296 , 0.230302 , -4.06994 , 1.65265 , -1.70307 , 0.166393 , 30 , 20
50 , 50 , 0.0316707 , 0.235352 , -4.06311 , 1.68673 , -1.74071 , 0.166373 , 30 , 20
50 , 50 , 0.0337676 , 0.240164 , -4.05663 , 1.7196 , -1.77727 , 0.166393 , 30 , 20
50 , 50 , 0.035654 , 0.245057 , -4.05024 , 1.75128 , -1.8127 , 0.166393 , 30 , 20
50 , 50 , 0.0376508 , 0.250111 , -4.04422 , 1.78163 , -1.84721 , 0.166393 , 30 , 20
50 , 50 , 0.039311 , 0.254682 , -4.03838 , 1.81082 , -1.88013 , 0.166373 , 30 , 20
50 , 50 , 0.0406299 , 0.258781 , -4.03245 , 1.83873 , -1.91163 , 0.166373 , 30 , 20
50 , 50 , 0.0421419 , 0.262922 , -4.02666 , 1.86544 , -1.94208 , 0.166393 , 30 , 20
50 , 50 , 0.0438231 , 0.267007 , -4.0211 , 1.89113 , -1.97174 , 0.166393 , 30 , 20
50 , 50 , 0.0460904 , 0.271239 , -4.01621 , 1.91537 , -2.00002 , 0.166393 , 30 , 20
50 , 50 , 0.0481775 , 0.275545 , -4.01132 , 1.93864 , -2.02671 , 0.166373 , 30 , 20
50 , 50 , 0.0494329 , 0.279439 , -4.00667 , 1.96043 , -2.0536 , 0.166393 , 30 , 20
50 , 50 , 0.0505067 , 0.282881 , -4.00217 , 1.98128 , -2.07715 , 0.166393 , 30 , 20
50 , 50 , 0.0518083 , 0.285994 , -3.99776 , 2.00078 , -2.10009 , 0.166393 , 30 , 20
50 , 50 , 0.0532361 , 0.288611 , -3.99363 , 2.01923 , -2.12364 , 0.166393 , 30 , 20
50 , 50 , 0.0545316 , 0.291302 , -3.98971 , 2.03625 , -2.14443 , 0.166393 , 30 , 20
50 , 50 , 0.0556961 , 0.294178 , -3.98597 , 2.05231 , -2.1643 , 0.166393 , 30 , 20
50 , 50 , 0.056796 , 0.297225 , -3.98251 , 2.067 , -2.18249 , 0.166393 , 30 , 20
50 , 50 , 0.0580354 , 0.300127 , -3.97924 , 2.08127 , -2.2001 , 0.166393 , 30 , 20
50 , 50 , 0.0596084 , 0.302698 , -3.97642 , 2.09346 , -2.2161 , 0.166393 , 30 , 20
50 , 50 , 0.0607857 , 0.304993 , -3.97381 , 2.10462 , -2.23117 , 0.166393 , 30 , 20
50 , 50 , 0.0611765 , 0.306929 , -3.97121 , 2.11443 , -2.24506 , 0.166393 , 30 , 20
50 , 50 , 0.0617262 , 0.30865 , -3.96874 , 2.12313 , -2.2573 , 0.166393 , 30 , 20
50 , 50 , 0.0627993 , 0.309945 , -3.96662 , 2.13024 , -2.26894 , 0.166373 , 30 , 20
50 , 50 , 0.063582 , 0.311164 , -3.9647 , 2.13685 , -2.27938 , 0.166393 , 30 , 20
50 , 50 , 0.0640162 , 0.312612 , -3.96295 , 2.14204 , -2.28798 , 0.166393 , 30 , 20
50 , 50 , 0.0647041 , 0.314011 , -3.96148 , 2.14601 , -2.2956 , 0.166373 , 30 , 20
50 , 50 , 0.065498 , 0.315133 , -3.96022 , 2.14865 , -2.3023 , 0.166393 , 30 , 20
50 , 50 , 0.0659027 , 0.315982 , -3.95915 , 2.15027 , -2.30779 , 0.166373 , 30 , 20
50 , 50 , 0.0661571 , 0.316588 , -3.9582 , 2.15064 , -2.31201 , 0.166393 , 30 , 20
50 , 50 , 0.0665827 , 0.31691 , -3.95754 , 2.1506 , -2.31477 , 0.166393 , 30 , 20
50 , 50 , 0.0669971 , 0.316918 , -3.95717 , 2.15054 , -2.31657 , 0.166373 , 30 , 20
50 , 50 , 0.0672258 , 0.316695 , -3.957 , 2.15052 , -2.31711 , 0.166393 , 30 , 20
50 , 50 , 0.0672601 , 0.31641 , -3.957 , 2.15052 , -2.31713 , 0.166373 , 30 , 20
50 , 50 , 0.0670046 , 0.31618 , -3.95709 , 2.15052 , -2.31713 , 0.166373 , 30 , 20
50 , 50 , 0.0663071 , 0.315986 , -3.95709 , 2.15052 , -2.31713 , 0.166373 , 30 , 20
50 , 50 , 0.0656969 , 0.315635 , -3.95709 , 2.15052 , -2.31713 , 0.166373 , 30 , 20
50 , 50 , 0.0654652 , 0.315156 , -3.95709 , 2.15052 , -2.31713 , 0.166373 , 30 , 20
50 , 50 , 0.065266 , 0.314727 , -3.95715 , 2.15052 , -2.31713 , 0.166373 , 30 , 20
50 , 50 , 0.0647867 , 0.314465 , -3.95715 , 2.15052 , -2.31713 , 0.166373 , 30 , 20
50 , 50 , 0.064262 , 0.31438 , -3.95715 , 2.15052 , -2.31713 , 0.166373 , 30 , 20
50 , 50 , 0.0640818 , 0.314337 , -3.95715 , 2.15052 , -2.31713 , 0.166373 , 30 , 20
50 , 50 , 0.0640014 , 0.314254 , -3.95715 , 2.15052 , -2.31713 , 0.166373 , 30 , 20
50 , 50 , 0.0636135 , 0.314154 , -3.95722 , 2.15052 , -2.31711 , 0.166373 , 30 , 20
50 , 50 , 0.0631684 , 0.313953 , -3.95722 , 2.15052 , -2.31711 , 0.166373 , 30 , 20
50 , 50 , 0.0630393 , 0.313673 , -3.95722 , 2.15052 , -2.31711 , 0.166373 , 30 , 20
50 , 50 , 0.0628627 , 0.313489 , -3.9573 , 2.15052 , -2.31711 , 0.166373 , 30 , 20
50 , 50 , 0.0623742 , 0.313418 , -3.9573 , 2.15052 , -2.31711 , 0.166373 , 30 , 20
50 , 50 , 0.062072 , 0.313439 , -3.9573 , 2.1505 , -2.31709 , 0.166373 , 30 , 20
50 , 50 , 0.0619617 , 0.31346 , -3.95739 , 2.15052 , -2.31709 , 0.166373 , 30 , 20
50 , 50 , 0.0616268 , 0.313418 , -3.95739 , 2.15052 , -2.31709 , 0.166373 , 30 , 20
50 , 50 , 0.0612837 , 0.313284 , -3.95739 , 2.15052 , -2.31707 , 0.166373 , 30 , 20
50 , 50 , 0.0611519 , 0.313163 , -3.95739 , 2.15052 , -2.31707 , 0.166373 , 30 , 20
50 , 50 , 0.0611129 , 0.313133 , -3.95739 , 2.15052 , -2.31707 , 0.166373 , 30 , 20
50 , 50 , 0.0610123 , 0.313167 , -3.95739 , 2.15052 , -2.31707 , 0.166373 , 30 , 20
50 , 50 , 0.0609213 , 0.313285 , -3.95739 , 2.15052 , -2.31705 , 0.166373 , 30 , 20
50 , 50 , 0.0607811 , 0.313384 , -3.95746 , 2.15052 , -2.31705 , 0.166373 , 30 , 20
50 , 50 , 0.0603698 , 0.313395 , -3.95746 , 2.15052 , -2.31703 , 0.166373 , 30 , 20
50 , 50 , 0.0600902 , 0.313363 , -3.95739 , 2.15052 , -2.31703 , 0.166354 , 30 , 20
50 , 50 , 0.0602537 , 0.313234 , -3.95739 , 2.15052 , -2.31703 , 0.166373 , 30 , 20
50 , 50 , 0.0603576 , 0.3131 , -3.95749 , 2.15052 , -2.31701 , 0.166354 , 30 , 20
50 , 50 , 0.0601354 , 0.313213 , -3.95749 , 2.15052 , -2.31701 , 0.166373 , 30 , 20
50 , 50 , 0.0598888 , 0.313407 , -3.95749 , 2.15052 , -2.31699 , 0.166354 , 30 , 20
50 , 50 , 0.0597623 , 0.313534 , -3.95749 , 2.15052 , -2.31699 , 0.166373 , 30 , 20
50 , 50 , 0.0596725 , 0.313667 , -3.95749 , 2.15052 , -2.31698 , 0.166354 , 30 , 20
50 , 50 , 0.0596305 , 0.313764 , -3.95749 , 2.15052 , -2.31698 , 0.166373 , 30 , 20
50 , 50 , 0.0595185 , 0.313838 , -3.95749 , 2.15052 , -2.31698 , 0.166373 , 30 , 20
50 , 50 , 0.0593129 , 0.313999 , -3.95749 , 2.15052 , -2.31698 , 0.166373 , 30 , 20
50 , 50 , 0.0592594 , 0.31417 , -3.95749 , 2.15052 , -2.31696 , 0.166373 , 30 , 20
50 , 50 , 0.0593478 , 0.314305 , -3.95749 , 2.15052 , -2.31696 , 0.166354 , 30 , 20
50 , 50 , 0.0594264 , 0.314404 , -3.95749 , 2.15052 , -2.31696 , 0.166373 , 30 , 20
50 , 50 , 0.0594214 , 0.314509 , -3.95749 , 2.15052 , -2.31696 , 0.166354 , 30 , 20
50 , 50 , 0.0592609 , 0.314666 , -3.95749 , 2.15052 , -2.31696 , 0.166373 , 30 , 20
50 , 50 , 0.0590227 , 0.314826 , -3.95749 , 2.15052 , -2.31694 , 0.166354 , 30 , 20
50 , 50 , 0.0590149 , 0.314989 , -3.95749 , 2.15052 , -2.31694 , 0.166373 , 30 , 20
50 , 50 , 0.0591711 , 0.315105 , -3.95756 , 2.15052 , -2.31694 , 0.166373 , 30 , 20
50 , 50 , 0.0591018 , 0.315217 , -3.95756 , 2.15052 , -2.31692 , 0.166373 , 30 , 20
50 , 50 , 0.0589114 , 0.315356 , -3.95756 , 2.15052 , -2.31692 , 0.166373 , 30 , 20
50 , 50 , 0.0589379 , 0.315498 , -3.95756 , 2.15052 , -2.31692 , 0.166373 , 30 , 20
50 , 50 , 0.0590449 , 0.315601 , -3.95756 , 2.15052 , -2.31692 , 0.166373 , 30 , 20
50 , 50 , 0.0589364 , 0.31577 , -3.95756 , 2.15052 , -2.3169 , 0.166373 , 30 , 20
50 , 50 , 0.0587861 , 0.315985 , -3.95756 , 2.15052 , -2.3169 , 0.166373 , 30 , 20
50 , 50 , 0.0588445 , 0.316176 , -3.95756 , 2.15052 , -2.3169 , 0.166373 , 30 , 20
50 , 50 , 0.0588956 , 0.31642 , -3.95756 , 2.15052 , -2.3169 , 0.166373 , 30 , 20
50 , 50 , 0.0588135 , 0.316648 , -3.95756 , 2.15052 , -2.3169 , 0.166373 , 30 , 20
50 , 50 , 0.0588417 , 0.316835 , -3.95756 , 2.15052 , -2.3169 , 0.166373 , 30 , 20
50 , 50 , 0.058942 , 0.317002 , -3.95756 , 2.15052 , -2.3169 , 0.166373 , 30 , 20
50 , 50 , 0.0588895 , 0.317156 , -3.95756 , 2.15052 , -2.3169 , 0.166373 , 30 , 20
50 , 50 , 0.0587719 , 0.31738 , -3.95756 , 2.15052 , -2.3169 , 0.166373 , 30 , 20
50 , 50 , 0.0588008 , 0.317624 , -3.95756 , 2.15052 , -2.3169 , 0.166373 , 30 , 20
50 , 50 , 0.0589044 , 0.317832 , -3.95756 , 2.15052 , -2.3169 , 0.166373 , 30 , 20
50 , 50 , 0.0589246 , 0.318046 , -3.95756 , 2.15052 , -2.3169 , 0.166373 , 30 , 20
50 , 50 , 0.0589211 , 0.318201 , -3.95756 , 2.15052 , -2.3169 , 0.166373 , 30 , 20
50 , 50 , 0.0590114 , 0.31829 , -3.95756 , 2.15052 , -2.3169 , 0.166373 , 30 , 20
50 , 50 , 0.0589961 , 0.318378 , -3.95756 , 2.15052 , -2.3169 , 0.166373 , 30 , 20
50 , 50 , 0.058784 , 0.318541 , -3.95756 , 2.15052 , -2.31688 , 0.166373 , 30 , 20
50 , 50 , 0.0587712 , 0.31875 , -3.95756 , 2.15052 , -2.31688 , 0.166373 , 30 , 20
50 , 50 , 0.0590308 , 0.318943 , -3.95756 , 2.15052 , -2.31688 , 0.166354 , 30 , 20
50 , 50 , 0.0591517 , 0.319173 , -3.95764 , 2.15052 , -2.31688 , 0.166373 , 30 , 20
50 , 50 , 0.0590076 , 0.31939 , -3.95764 , 2.15052 , -2.3169 , 0.166354 , 30 , 20
50 , 50 , 0.0588932 , 0.319553 , -3.95764 , 2.15052 , -2.3169 , 0.166354 , 30 , 20
50 , 50 , 0.0589826 , 0.31971 , -3.95764 , 2.1505 , -2.31688 , 0.166373 , 30 , 20
50 , 50 , 0.0590621 , 0.319901 , -3.95764 , 2.15052 , -2.3169 , 0.166373 , 30 , 20
50 , 50 , 0.0590247 , 0.320161 , -3.95764 , 2.15052 , -2.3169 , 0.166373 , 30 , 20
50 , 50 , 0.0589758 , 0.320427 , -3.95764 , 2.15052 , -2.3169 , 0.166373 , 30 , 20
50 , 50 , 0.0590322 , 0.320632 , -3.95764 , 2.15052 , -2.3169 , 0.166373 , 30 , 20
50 , 50 , 0.0591108 , 0.320817 , -3.95764 , 2.15052 , -2.3169 , 0.166373 , 30 , 20
50 , 50 , 0.059138 , 0.320966 , -3.95764 , 2.15052 , -2.3169 , 0.166373 , 30 , 20
50 , 50 , 0.0591675 , 0.321112 , -3.95764 , 2.15052 , -2.3169 , 0.166373 , 30 , 20
50 , 50 , 0.0591471 , 0.321307 , -3.95764 , 2.15052 , -2.3169 , 0.166373 , 30 , 20
50 , 50 , 0.0591287 , 0.321534 , -3.95764 , 2.15052 , -2.3169 , 0.166373 , 30 , 20
50 , 50 , 0.0591874 , 0.321759 , -3.95764 , 2.15052 , -2.3169 , 0.166373 , 30 , 20
50 , 50 , 0.0593022 , 0.321977 , -3.95764 , 2.15052 , -2.3169 , 0.166373 , 30 , 20
50 , 50 , 0.0593356 , 0.322158 , -3.95764 , 2.1505 , -2.3169 , 0.166373 , 30 , 20
50 , 50 , 0.0592137 , 0.322325 , -3.95764 , 2.15052 , -2.3169 , 0.166373 , 30 , 20
50 , 50 , 0.0591588 , 0.322504 , -3.95764 , 2.15052 , -2.3169 , 0.166373 , 30 , 20
50 , 50 , 0.0592829 , 0.322656 , -3.95764 , 2.15052 , -2.3169 , 0.166373 , 30 , 20
50 , 50 , 0.059384 , 0.322827 , -3.95764 , 2.15052 , -2.3169 , 0.166373 , 30 , 20
50 , 50 , 0.0594132 , 0.323048 , -3.95764 , 2.15054 , -2.3169 , 0.166373 , 30 , 20
50 , 50 , 0.0594493 , 0.32326 , -3.95764 , 2.15052 , -2.3169 , 0.166373 , 30 , 20
50 , 50 , 0.0594715 , 0.323437 , -3.95764 , 2.15052 , -2.3169 , 0.166373 , 30 , 20
50 , 50 , 0.0594615 , 0.323655 , -3.95764 , 2.15052 , -2.3169 , 0.166373 , 30 , 20
50 , 50 , 0.0594833 , 0.323815 , -3.95764 , 2.15052 , -2.3169 , 0.166373 , 30 , 20
50 , 50 , 0.0595431 , 0.32394 , -3.95764 , 2.15052 , -2.3169 , 0.166373 , 30 , 20
50 , 50 , 0.0595707 , 0.324127 , -3.95764 , 2.15052 , -2.3169 , 0.166373 , 30 , 20
50 , 50 , 0.0595392 , 0.324307 , -3.95764 , 2.15052 , -2.3169 , 0.166373 , 30 , 20
50 , 50 , 0.0595125 , 0.324495 , -3.95764 , 2.1505 , -2.3169 , 0.166373 , 30 , 20
50 , 50 , 0.0595549 , 0.324689 , -3.95764 , 2.15052 , -2.3169 , 0.166373 , 30 , 20
50 , 50 , 0.0596011 , 0.324862 , -3.95764 , 2.15052 , -2.3169 , 0.166373 , 30 , 20
50 , 50 , 0.0595653 , 0.325042 , -3.95764 , 2.15052 , -2.3169 , 0.166373 , 30 , 20
50 , 50 , 0.059548 , 0.325262 , -3.95764 , 2.15052 , -2.3169 , 0.166373 , 30 , 20
50 , 50 , 0.059665 , 0.325471 , -3.95764 , 2.15052 , -2.3169 , 0.166373 , 30 , 20
50 , 50 , 0.0597689 , 0.325641 , -3.95764 , 2.15052 , -2.3169 , 0.166373 , 30 , 20
50 , 50 , 0.0597031 , 0.325806 , -3.95764 , 2.15052 , -2.3169 , 0.166393 , 30 , 20
50 , 50 , 0.0596662 , 0.325968 , -3.95764 , 2.15052 , -2.3169 , 0.166373 , 30 , 20
50 , 50 , 0.0597849 , 0.326114 , -3.95764 , 2.15052 , -2.3169 , 0.166373 , 30 , 20
50 , 50 , 0.0598597 , 0.326278 , -3.95764 , 2.15052 , -2.3169 , 0.166373 , 30 , 20
50 , 50 , 0.059799 , 0.326461 , -3.95764 , 2.15052 , -2.3169 , 0.166373 , 30 , 20
50 , 50 , 0.0597504 , 0.32665 , -3.95764 , 2.15052 , -2.3169 , 0.166373 , 30 , 20
50 , 50 , 0.0598027 , 0.326831 , -3.95764 , 2.15052 , -2.3169 , 0.166373 , 30 , 20
50 , 50 , 0.0598254 , 0.327005 , -3.95764 , 2.15052 , -2.3169 , 0.166373 , 30 , 20
50 , 50 , 0.0598067 , 0.327177 , -3.95764 , 2.15052 , -2.3169 , 0.166373 , 30 , 20
50 , 50 , 0.0598237 , 0.327303 , -3.95764 , 2.15052 , -2.3169 , 0.166373 , 30 , 20
50 , 50 , 0.0598125 , 0.327441 , -3.95764 , 2.15052 , -2.3169 , 0.166373 , 30 , 20
50 , 50 , 0.0597864 , 0.327581 , -3.95764 , 2.15052 , -2.3169 , 0.166373 , 30 , 20
50 , 50 , 0.0598371 , 0.327729 , -3.95764 , 2.15052 , -2.3169 , 0.166373 , 30 , 20
50 , 50 , 0.0599446 , 0.327914 , -3.95764 , 2.15052 , -2.3169 , 0.166373 , 30 , 20
50 , 50 , 0.0599973 , 0.328075 , -3.95764 , 2.15052 , -2.3169 , 0.166373 , 30 , 20
50 , 50 , 0.059897 , 0.32824 , -3.95764 , 2.15052 , -2.3169 , 0.166373 , 30 , 20
50 , 50 , 0.0598111 , 0.328402 , -3.95764 , 2.15052 , -2.3169 , 0.166373 , 30 , 20
50 , 50 , 0.0599064 , 0.328459 , -3.95764 , 2.15052 , -2.3169 , 0.166373 , 30 , 20
50 , 50 , 0.0599639 , 0.328549 , -3.95772 , 2.15052 , -2.3169 , 0.166373 , 30 , 20
50 , 50 , 0.059892 , 0.328755 , -3.95772 , 2.15052 , -2.3169 , 0.166373 , 30 , 20
50 , 50 , 0.0599701 , 0.328968 , -3.95772 , 2.15052 , -2.3169 , 0.166373 , 30 , 20
50 , 50 , 0.0602392 , 0.329157 , -3.95772 , 2.15054 , -2.3169 , 0.166373 , 30 , 20
50 , 50 , 0.0603101 , 0.329292 , -3.95778 , 2.15052 , -2.3169 , 0.166373 , 30 , 20
50 , 50 , 0.0600083 , 0.329421 , -3.95778 , 2.15052 , -2.3169 , 0.166373 , 30 , 20
50 , 50 , 0.059817 , 0.329565 , -3.95771 , 2.15052 , -2.3169 , 0.166373 , 30 , 20
50 , 50 , 0.0602206 , 0.329648 , -3.95771 , 2.15052 , -2.3169 , 0.166373 , 30 , 20
50 , 50 , 0.0606205 , 0.329717 , -3.95786 , 2.15052 , -2.3169 , 0.166373 , 30 , 20
50 , 50 , 0.0602252 , 0.329926 , -3.95786 , 2.15052 , -2.3169 , 0.166373 , 30 , 20
50 , 50 , 0.0598491 , 0.330164 , -3.95775 , 2.15052 , -2.31692 , 0.166373 , 30 , 20
50 , 50 , 0.0602233 , 0.33027 , -3.95775 , 2.15052 , -2.31692 , 0.166373 , 30 , 20
50 , 50 , 0.0604508 , 0.330327 , -3.95785 , 2.15052 , -2.31692 , 0.166393 , 30 , 20
50 , 50 , 0.060216 , 0.3304 , -3.95785 , 2.15052 , -2.31692 , 0.166393 , 30 , 20
50 , 50 , 0.0602019 , 0.33052 , -3.95785 , 2.15052 , -2.31692 , 0.166393 , 30 , 20
50 , 50 , 0.0604181 , 0.330689 , -3.95785 , 2.15052 , -2.31692 , 0.166373 , 30 , 20
50 , 50 , 0.0604671 , 0.330867 , -3.95785 , 2.15052 , -2.31692 , 0.166373 , 30 , 20
50 , 50 , 0.060456 , 0.331098 , -3.95785 , 2.15052 , -2.31692 , 0.166373 , 30 , 20
50 , 50 , 0.0606358 , 0.331288 , -3.95785 , 2.15052 , -2.31692 , 0.166373 , 30 , 20
50 , 50 , 0.0607709 , 0.331355 , -3.95792 , 2.15052 , -2.31692 , 0.166373 , 30 , 20
50 , 50 , 0.0605305 , 0.331496 , -3.95792 , 2.15052 , -2.31692 , 0.166373 , 30 , 20
50 , 50 , 0.0603832 , 0.331693 , -3.95785 , 2.15052 , -2.31692 , 0.166373 , 30 , 20
50 , 50 , 0.0606807 , 0.331827 , -3.95785 , 2.15052 , -2.31692 , 0.166373 , 30 , 20
50 , 50 , 0.0608699 , 0.331948 , -3.95793 , 2.15052 , -2.31692 , 0.166373 , 30 , 20
50 , 50 , 0.0607056 , 0.332099 , -3.95793 , 2.15052 , -2.31692 , 0.166373 , 30 , 20
50 , 50 , 0.0605715 , 0.332222 , -3.95793 , 2.15052 , -2.31692 , 0.166373 , 30 , 20
50 , 50 , 0.0606289 , 0.332333 , -3.95793 , 2.15052 , -2.31692 , 0.166373 , 30 , 20
50 , 50 , 0.0607499 , 0.332474 , -3.95793 , 2.15052 , -2.31692 , 0.166373 , 30 , 20
50 , 50 , 0.0608018 , 0.332625 , -3.95793 , 2.15052 , -2.31692 , 0.166373 , 30 , 20
50 , 50 , 0.0607342 , 0.332852 , -3.95793 , 2.15052 , -2.31692 , 0.166373 , 30 , 20
50 , 50 , 0.0607822 , 0.333068 , -3.95793 , 2.15052 , -2.31692 , 0.166373 , 30 , 20
50 , 50 , 0.0610009 , 0.333204 , -3.95793 , 2.15052 , -2.31692 , 0.166373 , 30 , 20
50 , 50 , 0.0610676 , 0.333296 , -3.95793 , 2.15052 , -2.31692 , 0.166373 , 30 , 20
50 , 50 , 0.0609862 , 0.333354 , -3.95793 , 2.15052 , -2.31692 , 0.166373 , 30 , 20
50 , 50 , 0.0610186 , 0.333387 , -3.95793 , 2.15052 , -2.31692 , 0.166373 , 30 , 20
50 , 50 , 0.0611638 , 0.333455 , -3.95793 , 2.15052 , -2.31692 , 0.166373 , 30 , 20
50 , 50 , 0.0612553 , 0.333551 , -3.95793 , 2.15052 , -2.31692 , 0.166373 , 30 , 20
50 , 50 , 0.0611487 , 0.333648 , -3.95793 , 2.15052 , -2.31692 , 0.166373 , 30 , 20
50 , 50 , 0.0610141 , 0.333793 , -3.95793 , 2.15052 , -2.31692 , 0.166373 , 30 , 20
50 , 50 , 0.0611651 , 0.333886 , -3.95793 , 2.15052 , -2.31692 , 0.166373 , 30 , 20
50 , 50 , 0.0613136 , 0.333891 , -3.95801 , 2.15052 , -2.31692 , 0.166373 , 30 , 20
50 , 50 , 0.0610984 , 0.334029 , -3.95801 , 2.15052 , -2.31692 , 0.166373 , 30 , 20
50 , 50 , 0.06094 , 0.334269 , -3.95801 , 2.15052 , -2.31692 , 0.166373 , 30 , 20
50 , 50 , 0.0612111 , 0.334417 , -3.95801 , 2.15052 , -2.31692 , 0.166373 , 30 , 20
50 , 50 , 0.0614428 , 0.334578 , -3.9581 , 2.15052 , -2.31692 , 0.166373 , 30 , 20
50 , 50 , 0.0613005 , 0.334774 , -3.9581 , 2.15052 , -2.31692 , 0.166373 , 30 , 20
50 , 50 , 0.0611083 , 0.334922 , -3.9581 , 2.15052 , -2.31692 , 0.166373 , 30 , 20
50 , 50 , 0.0611115 , 0.335009 , -3.9581 , 2.15052 , -2.31692 , 0.166373 , 30 , 20
50 , 50 , 0.0612351 , 0.33504 , -3.9581 , 2.15052 , -2.31692 , 0.166373 , 30 , 20
50 , 50 , 0.0613324 , 0.335085 , -3.9581 , 2.15052 , -2.31692 , 0.166373 , 30 , 20
50 , 50 , 0.0612839 , 0.335232 , -3.9581 , 2.15052 , -2.31692 , 0.166373 , 30 , 20
50 , 50 , 0.0612826 , 0.335409 , -3.9581 , 2.15052 , -2.31692 , 0.166373 , 30 , 20
50 , 50 , 0.0614522 , 0.335477 , -3.9581 , 2.15052 , -2.31692 , 0.166373 , 30 , 20
50 , 50 , 0.0614581 , 0.335517 , -3.9581 , 2.1505 , -2.31692 , 0.166373 , 30 , 20
50 , 50 , 0.0613092 , 0.335524 , -3.9581 , 2.15052 , -2.31692 , 0.166373 , 30 , 20
50 , 50 , 0.0614851 , 0.33549 , -3.9581 , 2.15052 , -2.31692 , 0.166373 , 30 , 20
50 , 50 , 0.0616451 , 0.33558 , -3.95818 , 2.15052 , -2.31692 , 0.166373 , 30 , 20
50 , 50 , 0.0614246 , 0.335783 , -3.95818 , 2.15052 , -2.31692 , 0.166373 , 30 , 20
50 , 50 , 0.06141 , 0.335923 , -3.95818 , 2.15052 , -2.31692 , 0.166373 , 30 , 20
50 , 50 , 0.0615836 , 0.33602 , -3.95824 , 2.15052 , -2.31692 , 0.166373 , 30 , 20
50 , 50 , 0.0615075 , 0.3361 , -3.95824 , 2.15052 , -2.31692 , 0.166373 , 30 , 20
50 , 50 , 0.06129 , 0.336146 , -3.95824 , 2.15052 , -2.31692 , 0.166373 , 30 , 20
50 , 50 , 0.0613462 , 0.336186 , -3.95824 , 2.15052 , -2.31692 , 0.166373 , 30 , 20
50 , 50 , 0.0616715 , 0.336275 , -3.95824 , 2.15052 , -2.31692 , 0.166373 , 30 , 20
50 , 50 , 0.061801 , 0.336452 , -3.95833 , 2.15052 , -2.31692 , 0.166373 , 30 , 20
50 , 50 , 0.0616236 , 0.336634 , -3.95833 , 2.15052 , -2.31692 , 0.166373 , 30 , 20
50 , 50 , 0.0615862 , 0.33673 , -3.95833 , 2.15052 , -2.31692 , 0.166373 , 30 , 20
50 , 50 , 0.0617222 , 0.336774 , -3.95833 , 2.15052 , -2.31692 , 0.166373 , 30 , 20
50 , 50 , 0.061695 , 0.336832 , -3.95833 , 2.15052 , -2.31692 , 0.166373 , 30 , 20
50 , 50 , 0.0616444 , 0.336862 , -3.95833 , 2.15052 , -2.31692 , 0.166373 , 30 , 20
50 , 50 , 0.0616846 , 0.336964 , -3.95833 , 2.15052 , -2.31692 , 0.166373 , 30 , 20
50 , 50 , 0.0617557 , 0.337146 , -3.95833 , 2.15052 , -2.31692 , 0.166354 , 30 , 20
50 , 50 , 0.0617754 , 0.337268 , -3.9584 , 2.15052 , -2.31692 , 0.166373 , 30 , 20
50 , 50 , 0.0616752 , 0.337342 , -3.9584 , 2.15054 , -2.31692 , 0.166373 , 30 , 20
50 , 50 , 0.0615934 , 0.337424 , -3.9584 , 2.15052 , -2.31692 , 0.166373 , 30 , 20
50 , 50 , 0.0616474 , 0.337435 , -3.9584 , 2.15052 , -2.31692 , 0.166373 , 30 , 20
50 , 50 , 0.0617687 , 0.337485 , -3.9584 , 2.15052 , -2.31692 , 0.166373 , 30 , 20
50 , 50 , 0.0619115 , 0.33759 , -3.9584 , 2.15052 , -2.31692 , 0.166373 , 30 , 20
50 , 50 , 0.0619651 , 0.337655 , -3.95848 , 2.15052 , -2.31692 , 0.166354 , 30 , 20
50 , 50 , 0.0619165 , 0.337746 , -3.95848 , 2.15052 , -2.31692 , 0.166373 , 30 , 20
50 , 50 , 0.0619295 , 0.337839 , -3.95848 , 2.15052 , -2.31692 , 0.166373 , 30 , 20
50 , 50 , 0.0619757 , 0.337894 , -3.95848 , 2.15052 , -2.31692 , 0.166373 , 30 , 20
50 , 50 , 0.0619337 , 0.337945 , -3.95848 , 2.15052 , -2.31692 , 0.166373 , 30 , 20
50 , 50 , 0.0618752 , 0.338018 , -3.95848 , 2.15052 , -2.31692 , 0.166373 , 30 , 20
50 , 50 , 0.0619107 , 0.338125 , -3.95848 , 2.15052 , -2.31692 , 0.166373 , 30 , 20
50 , 50 , 0.0618937 , 0.338219 , -3.95848 , 2.15052 , -2.31692 , 0.166373 , 30 , 20
50 , 50 , 0.0618033 , 0.338273 , -3.95848 , 2.15052 , -2.31692 , 0.166373 , 30 , 20
50 , 50 , 0.0618379 , 0.338366 , -3.95848 , 2.15052 , -2.31692 , 0.166373 , 30 , 20
50 , 50 , 0.0619848 , 0.338479 , -3.95848 , 2.15052 , -2.31692 , 0.166373 , 30 , 20
50 , 50 , 0.0620574 , 0.338589 , -3.95854 , 2.15052 , -2.31692 , 0.166373 , 30 , 20
50 , 50 , 0.0620049 , 0.338707 , -3.95854 , 2.15052 , -2.31692 , 0.166373 , 30 , 20
50 , 50 , 0.061992 , 0.338828 , -3.95854 , 2.15052 , -2.31692 , 0.166373 , 30 , 20
50 , 50 , 0.0620671 , 0.338908 , -3.95854 , 2.15052 , -2.31692 , 0.166373 , 30 , 20
50 , 50 , 0.0620115 , 0.338952 , -3.95854 , 2.15052 , -2.31692 , 0.166373 , 30 , 20
50 , 50 , 0.0619126 , 0.339016 , -3.95854 , 2.15052 , -2.31692 , 0.166373 , 30 , 20
50 , 50 , 0.0620248 , 0.339079 , -3.95854 , 2.15052 , -2.31692 , 0.166373 , 30 , 20
50 , 50 , 0.0621349 , 0.33911 , -3.95862 , 2.15052 , -2.31692 , 0.166373 , 30 , 20
50 , 50 , 0.0619762 , 0.339195 , -3.95862 , 2.15052 , -2.31692 , 0.166373 , 30 , 20
50 , 50 , 0.0618469 , 0.339315 , -3.95862 , 2.15052 , -2.31692 , 0.166373 , 30 , 20
50 , 50 , 0.0620399 , 0.339363 , -3.95862 , 2.15052 , -2.31692 , 0.166373 , 30 , 20
50 , 50 , 0.0621802 , 0.339405 , -3.95869 , 2.15052 , -2.31692 , 0.166354 , 30 , 20
50 , 50 , 0.0620151 , 0.33948 , -3.95869 , 2.15052 , -2.31692 , 0.166373 , 30 , 20
50 , 50 , 0.0619276 , 0.339538 , -3.95869 , 2.15052 , -2.31692 , 0.166354 , 30 , 20
50 , 50 , 0.0621267 , 0.339552 , -3.95869 , 2.15052 , -2.31692 , 0.166373 , 30 , 20
50 , 50 , 0.0622577 , 0.339578 , -3.95876 , 2.15052 , -2.31692 , 0.166373 , 30 , 20
50 , 50 , 0.062147 , 0.339653 , -3.95876 , 2.15052 , -2.31692 , 0.166373 , 30 , 20
50 , 50 , 0.062056 , 0.33973 , -3.95876 , 2.15052 , -2.31692 , 0.166354 , 30 , 20
50 , 50 , 0.0621027 , 0.339759 , -3.95876 , 2.15052 , -2.31692 , 0.166354 , 30 , 20
50 , 50 , 0.0621384 , 0.339786 , -3.95876 , 2.15052 , -2.31692 , 0.166354 , 30 , 20
50 , 50 , 0.0621241 , 0.339851 , -3.95876 , 2.15052 , -2.31692 , 0.166373 , 30 , 20
50 , 50 , 0.0621885 , 0.339901 , -3.95876 , 2.15052 , -2.31692 , 0.166354 , 30 , 20
50 , 50 , 0.0623145 , 0.339915 , -3.95876 , 2.15052 , -2.31692 , 0.166373 , 30 , 20
50 , 50 , 0.0622881 , 0.339927 , -3.95876 , 2.15052 , -2.31692 , 0.166354 , 30 , 20
50 , 50 , 0.0621618 , 0.33997 , -3.95876 , 2.15052 , -2.31692 , 0.166373 , 30 , 20
50 , 50 , 0.0622393 , 0.340032 , -3.95876 , 2.15052 , -2.31692 , 0.166373 , 30 , 20
50 , 50 , 0.0624188 , 0.340089 , -3.95882 , 2.15052 , -2.31692 , 0.166373 , 30 , 20
50 , 50 , 0.0624092 , 0.340162 , -3.95882 , 2.15052 , -2.31692 , 0.166373 , 30 , 20
50 , 50 , 0.0622698 , 0.340279 , -3.95882 , 2.15052 , -2.31692 , 0.166373 , 30 , 20
50 , 50 , 0.062226 , 0.340356 , -3.95882 , 2.15052 , -2.31692 , 0.166373 , 30 , 20
50 , 50 , 0.0623036 , 0.340403 , -3.95882 , 2.15052 , -2.31692 , 0.166373 , 30 , 20
50 , 50 , 0.0623822 , 0.340488 , -3.95882 , 2.15052 , -2.31692 , 0.166373 , 30 , 20
50 , 50 , 0.0624057 , 0.340589 , -3.95882 , 2.15052 , -2.31692 , 0.166373 , 30 , 20
50 , 50 , 0.0624084 , 0.340689 , -3.95882 , 2.15052 , -2.31692 , 0.166373 , 30 , 20
50 , 50 , 0.0624514 , 0.340759 , -3.95882 , 2.15052 , -2.31692 , 0.166373 , 30 , 20
50 , 50 , 0.0624957 , 0.34075 , -3.95882 , 2.15052 , -2.31692 , 0.166373 , 30 , 20
50 , 50 , 0.0624239 , 0.340781 , -3.95882 , 2.15052 , -2.31692 , 0.166373 , 30 , 20
50 , 50 , 0.062274 , 0.340884 , -3.95882 , 2.15052 , -2.31692 , 0.166373 , 30 , 20
50 , 50 , 0.0622363 , 0.340963 , -3.95882 , 2.15052 , -2.31692 , 0.166373 , 30 , 20
50 , 50 , 0.0623424 , 0.341044 , -3.95882 , 2.15052 , -2.31692 , 0.166373 , 30 , 20
50 , 50 , 0.0624257 , 0.341137 , -3.95882 , 2.15052 , -2.31692 , 0.166373 , 30 , 20
50 , 50 , 0.0623653 , 0.341184 , -3.95882 , 2.15052 , -2.31692 , 0.166373 , 30 , 20
50 , 50 , 0.0622735 , 0.3412 , -3.95882 , 2.15052 , -2.31692 , 0.166373 , 30 , 20
50 , 50 , 0.0622957 , 0.341243 , -3.95882 , 2.15052 , -2.31692 , 0.166373 , 30 , 20
50 , 50 , 0.0623871 , 0.34125 , -3.95882 , 2.15052 , -2.31692 , 0.166373 , 30 , 20
50 , 50 , 0.0624444 , 0.341254 , -3.95882 , 2.15052 , -2.31692 , 0.166373 , 30 , 20
50 , 50 , 0.0624357 , 0.341327 , -3.95882 , 2.15052 , -2.31692 , 0.166373 , 30 , 20
50 , 50 , 0.0624385 , 0.341392 , -3.95882 , 2.15052 , -2.31692 , 0.166373 , 30 , 20
50 , 50 , 0.0624695 , 0.341411 , -3.95882 , 2.15052 , -2.31692 , 0.166373 , 30 , 20
50 , 50 , 0.0624294 , 0.341429 , -3.95882 , 2.15052 , -2.31692 , 0.166373 , 30 , 20
50 , 50 , 0.0623606 , 0.341417 , -3.95882 , 2.15052 , -2.31692 , 0.166373 , 30 , 20
50 , 50 , 0.0623504 , 0.341411 , -3.95882 , 2.15052 , -2.31692 , 0.166373 , 30 , 20
50 , 50 , 0.062369 , 0.341457 , -3.95882 , 2.15052 , -2.31692 , 0.166373 , 30 , 20
50 , 50 , 0.0624 , 0.341512 , -3.95882 , 2.15052 , -2.31692 , 0.166373 , 30 , 20
50 , 50 , 0.0624438 , 0.341569 , -3.95882 , 2.15052 , -2.31692 , 0.166373 , 30 , 20
50 , 50 , 0.0624566 , 0.341665 , -3.95882 , 2.15052 , -2.31692 , 0.166373 , 30 , 20
50 , 50 , 0.0624119 , 0.341723 , -3.95882 , 2.15052 , -2.31692 , 0.166373 , 30 , 20
50 , 50 , 0.0624007 , 0.341733 , -3.95882 , 2.15052 , -2.31692 , 0.166373 , 30 , 20
50 , 50 , 0.0624798 , 0.341786 , -3.95882 , 2.15052 , -2.31692 , 0.166373 , 30 , 20
50 , 50 , 0.0625735 , 0.341804 , -3.95882 , 2.15052 , -2.31692 , 0.166373 , 30 , 20
50 , 50 , 0.0625683 , 0.341797 , -3.95882 , 2.15052 , -2.31692 , 0.166373 , 30 , 20
50 , 50 , 0.0624897 , 0.341802 , -3.95882 , 2.15052 , -2.31692 , 0.166373 , 30 , 20
50 , 50 , 0.0625385 , 0.341807 , -3.95882 , 2.15052 , -2.31692 , 0.166373 , 30 , 20
50 , 50 , 0.0626786 , 0.341833 , -3.95882 , 2.15052 , -2.31692 , 0.166373 , 30 , 20
50 , 50 , 0.062716 , 0.341898 , -3.95882 , 2.15052 , -2.31692 , 0.166373 , 30 , 20
50 , 50 , 0.0626698 , 0.341935 , -3.95882 , 2.15052 , -2.31692 , 0.166373 , 30 , 20
50 , 50 , 0.0626369 , 0.341939 , -3.95882 , 2.15052 , -2.31692 , 0.166373 , 30 , 20
50 , 50 , 0.0626114 , 0.341982 , -3.95882 , 2.15052 , -2.31692 , 0.166373 , 30 , 20
50 , 50 , 0.0626246 , 0.342016 , -3.95882 , 2.15052 , -2.31692 , 0.166373 , 30 , 20
50 , 50 , 0.062718 , 0.34203 , -3.95882 , 2.15052 , -2.31692 , 0.166373 , 30 , 20
50 , 50 , 0.0627834 , 0.342056 , -3.95882 , 2.15052 , -2.31692 , 0.166393 , 30 , 20
50 , 50 , 0.0627458 , 0.342095 , -3.95882 , 2.15052 , -2.31692 , 0.166373 , 30 , 20
50 , 50 , 0.0627373 , 0.342111 , -3.95882 , 2.15052 , -2.31692 , 0.166373 , 30 , 20
50 , 50 , 0.0628134 , 0.342158 , -3.95882 , 2.15052 , -2.31692 , 0.166373 , 30 , 20
50 , 50 , 0.062824 , 0.342269 , -3.95882 , 2.15052 , -2.31692 , 0.166373 , 30 , 20
50 , 50 , 0.0627482 , 0.342334 , -3.95882 , 2.15052 , -2.31692 , 0.166373 , 30 , 20
50 , 50 , 0.0626915 , 0.342358 , -3.95882 , 2.15052 , -2.31692 , 0.166373 , 30 , 20
50 , 50 , 0.0627743 , 0.342384 , -3.95882 , 2.15052 , -2.31692 , 0.166373 , 30 , 20
50 , 50 , 0.0629139 , 0.342409 , -3.95882 , 2.15052 , -2.31692 , 0.166373 , 30 , 20
50 , 50 , 0.0629114 , 0.342489 , -3.95882 , 2.15052 , -2.31692 , 0.166373 , 30 , 20
50 , 50 , 0.0628343 , 0.342577 , -3.95882 , 2.15052 , -2.31692 , 0.166373 , 30 , 20
50 , 50 , 0.0628429 , 0.342603 , -3.95882 , 2.15052 , -2.31692 , 0.166393 , 30 , 20
50 , 50 , 0.0628876 , 0.342605 , -3.95882 , 2.15052 , -2.31692 , 0.166373 , 30 , 20
50 , 50 , 0.0628806 , 0.342659 , -3.95882 , 2.15052 , -2.31692 , 0.166373 , 30 , 20
50 , 50 , 0.0629034 , 0.342723 , -3.95882 , 2.15052 , -2.31692 , 0.166373 , 30 , 20
50 , 50 , 0.0629788 , 0.342772 , -3.95882 , 2.15052 , -2.31692 , 0.166373 , 30 , 20
50 , 50 , 0.0629841 , 0.342846 , -3.95882 , 2.15052 , -2.31692 , 0.166373 , 30 , 20
50 , 50 , 0.0629352 , 0.34287 , -3.95882 , 2.15052 , -2.31692 , 0.166373 , 30 , 20
50 , 50 , 0.0629258 , 0.342874 , -3.95882 , 2.15052 , -2.31692 , 0.166373 , 30 , 20
50 , 50 , 0.0629252 , 0.34293 , -3.95882 , 2.15052 , -2.31692 , 0.166373 , 30 , 20
50 , 50 , 0.062937 , 0.342966 , -3.95882 , 2.15052 , -2.31692 , 0.166373 , 30 , 20
50 , 50 , 0.0629699 , 0.342996 , -3.95882 , 2.15052 , -2.31692 , 0.166373 , 30 , 20
50 , 50 , 0.0630484 , 0.343096 , -3.95882 , 2.15052 , -2.31692 , 0.166373 , 30 , 20
50 , 50 , 0.063147 , 0.343146 , -3.95882 , 2.15052 , -2.31692 , 0.166373 , 30 , 20
50 , 50 , 0.063117 , 0.343125 , -3.95882 , 2.15052 , -2.31692 , 0.166373 , 30 , 20
50 , 50 , 0.0629986 , 0.343142 , -3.95882 , 2.15052 , -2.31692 , 0.166373 , 30 , 20
50 , 50 , 0.0630302 , 0.343139 , -3.95882 , 2.15052 , -2.31692 , 0.166373 , 30 , 20
50 , 50 , 0.0631218 , 0.343098 , -3.95882 , 2.15052 , -2.31692 , 0.166373 , 30 , 20
50 , 50 , 0.0630427 , 0.343108 , -3.95882 , 2.15052 , -2.31692 , 0.166373 , 30 , 20
50 , 50 , 0.0629854 , 0.343136 , -3.95882 , 2.15052 , -2.31692 , 0.166373 , 30 , 20
50 , 50 , 0.0630519 , 0.343107 , -3.95882 , 2.15052 , -2.31692 , 0.166373 , 30 , 20
50 , 50 , 0.0630509 , 0.343113 , -3.95882 , 2.15052 , -2.31692 , 0.166373 , 30 , 20
50 , 50 , 0.0629617 , 0.343099 , -3.95882 , 2.15052 , -2.31692 , 0.166373 , 30 , 20
50 , 50 , 0.0629137 , 0.343059 , -3.95882 , 2.15052 , -2.31692 , 0.166373 , 30 , 20
50 , 50 , 0.0629299 , 0.34311 , -3.95882 , 2.15052 , -2.31692 , 0.166373 , 30 , 20
50 , 50 , 0.0629426 , 0.343196 , -3.95882 , 2.15052 , -2.31692 , 0.166373 , 30 , 20
50 , 50 , 0.0629507 , 0.343236 , -3.95882 , 2.15052 , -2.31692 , 0.166373 , 30 , 20
50 , 50 , 0.0629986 , 0.343255 , -3.95882 , 2.15052 , -2.31692 , 0.166373 , 30 , 20
50 , 50 , 0.063046 , 0.343296 , -3.95882 , 2.15052 , -2.31692 , 0.166373 , 30 , 20
50 , 50 , 0.0629799 , 0.34329 , -3.95882 , 2.15052 , -2.31692 , 0.166373 , 30 , 20
50 , 50 , 0.062881 , 0.343285 , -3.95882 , 2.15052 , -2.31692 , 0.166373 , 30 , 20
50 , 50 , 0.0628964 , 0.343316 , -3.95882 , 2.15052 , -2.31692 , 0.166373 , 30 , 20
50 , 50 , 0.0629591 , 0.3433 , -3.95882 , 2.15052 , -2.31692 , 0.166373 , 30 , 20
50 , 50 , 0.0629684 , 0.343259 , -3.95888 , 2.15052 , -2.31692 , 0.166373 , 30 , 20
50 , 50 , 0.062926 , 0.343243 , -3.95888 , 2.15052 , -2.31692 , 0.166373 , 30 , 20
50 , 50 , 0.0629017 , 0.343227 , -3.95888 , 2.15052 , -2.31692 , 0.166373 , 30 , 20
50 , 50 , 0.0628803 , 0.343189 , -3.95888 , 2.15052 , -2.31692 , 0.166373 , 30 , 20
50 , 50 , 0.0628473 , 0.34316 , -3.95888 , 2.15052 , -2.31692 , 0.166373 , 30 , 20
50 , 50 , 0.0628703 , 0.343147 , -3.95888 , 2.15052 , -2.31692 , 0.166373 , 30 , 20
50 , 50 , 0.0628651 , 0.343138 , -3.95888 , 2.15052 , -2.31692 , 0.166373 , 30 , 20
50 , 50 , 0.0628191 , 0.343159 , -3.95888 , 2.15052 , -2.31692 , 0.166373 , 30 , 20
50 , 50 , 0.0628365 , 0.343194 , -3.95888 , 2.15052 , -2.31692 , 0.166373 , 30 , 20
50 , 50 , 0.0628756 , 0.343234 , -3.95888 , 2.15052 , -2.31692 , 0.166373 , 30 , 20
50 , 50 , 0.0628811 , 0.343324 , -3.95888 , 2.15052 , -2.31692 , 0.166373 , 30 , 20
50 , 50 , 0.062866 , 0.343387 , -3.95888 , 2.15052 , -2.31692 , 0.166373 , 30 , 20
50 , 50 , 0.0628743 , 0.34339 , -3.95888 , 2.15052 , -2.31692 , 0.166373 , 30 , 20
50 , 50 , 0.0628776 , 0.343409 , -3.95888 , 2.15052 , -2.31692 , 0.166373 , 30 , 20
50 , 50 , 0.0629259 , 0.343445 , -3.95888 , 2.15052 , -2.31692 , 0.166373 , 30 , 20
50 , 50 , 0.0629956 , 0.343435 , -3.95888 , 2.15052 , -2.31692 , 0.166373 , 30 , 20
50 , 50 , 0.0630194 , 0.343441 , -3.95888 , 2.15052 , -2.31692 , 0.166373 , 30 , 20
50 , 50 , 0.0630246 , 0.34349 , -3.95888 , 2.15052 , -2.31694 , 0.166373 , 30 , 20
50 , 50 , 0.0630204 , 0.343511 , -3.95888 , 2.15052 , -2.31692 , 0.166373 , 30 , 20
50 , 50 , 0.0629836 , 0.343545 , -3.95888 , 2.15052 , -2.31694 , 0.166373 , 30 , 20
50 , 50 , 0.0629295 , 0.343609 , -3.95888 , 2.15052 , -2.31692 , 0.166373 , 30 , 20
50 , 50 , 0.062896 , 0.343617 , -3.95888 , 2.15052 , -2.31692 , 0.166373 , 30 , 20
50 , 50 , 0.0628692 , 0.343607 , -3.95888 , 2.15052 , -2.31692 , 0.166373 , 30 , 20
50 , 50 , 0.0628937 , 0.343649 , -3.95888 , 2.15052 , -2.31692 , 0.166373 , 30 , 20
50 , 50 , 0.0629544 , 0.343698 , -3.95888 , 2.15052 , -2.31692 , 0.166373 , 30 , 20
50 , 50 , 0.062998 , 0.343709 , -3.95888 , 2.15052 , -2.31692 , 0.166373 , 30 , 20
50 , 50 , 0.0630076 , 0.343703 , -3.95888 , 2.15052 , -2.31692 , 0.166373 , 30 , 20
50 , 50 , 0.0629986 , 0.343707 , -3.95888 , 2.15052 , -2.31692 , 0.166373 , 30 , 20
50 , 50 , 0.0630067 , 0.343663 , -3.95888 , 2.15052 , -2.31694 , 0.166373 , 30 , 20
50 , 50 , 0.0629938 , 0.343625 , -3.95888 , 2.15052 , -2.31694 , 0.166373 , 30 , 20
50 , 50 , 0.0629885 , 0.343623 , -3.95888 , 2.15052 , -2.31692 , 0.166373 , 30 , 20
50 , 50 , 0.0629558 , 0.343632 , -3.95888 , 2.15052 , -2.31692 , 0.166373 , 30 , 20
50 , 50 , 0.0629193 , 0.343654 , -3.95888 , 2.15052 , -2.31694 , 0.166373 , 30 , 20
50 , 50 , 0.0629787 , 0.343668 , -3.95888 , 2.15052 , -2.31692 , 0.166373 , 30 , 20
50 , 50 , 0.0630604 , 0.343667 , -3.95888 , 2.15052 , -2.31692 , 0.166373 , 30 , 20
50 , 50 , 0.0630738 , 0.343667 , -3.95888 , 2.15052 , -2.31692 , 0.166373 , 30 , 20
50 , 50 , 0.0630397 , 0.343661 , -3.95888 , 2.15052 , -2.31692 , 0.166373 , 30 , 20
50 , 50 , 0.0630476 , 0.343618 , -3.95888 , 2.15052 , -2.31692 , 0.166373 , 30 , 20
50 , 50 , 0.0630639 , 0.343576 , -3.95888 , 2.15052 , -2.31692 , 0.166373 , 30 , 20
50 , 50 , 0.0630601 , 0.343554 , -3.95888 , 2.15052 , -2.31692 , 0.166373 , 30 , 20
50 , 50 , 0.0629655 , 0.343545 , -3.95888 , 2.15052 , -2.31692 , 0.166373 , 30 , 20
50 , 50 , 0.0628954 , 0.343583 , -3.95888 , 2.15052 , -2.31692 , 0.166373 , 30 , 20
50 , 50 , 0.0629859 , 0.343671 , -3.95888 , 2.15052 , -2.31692 , 0.166373 , 30 , 20
50 , 50 , 0.063031 , 0.343695 , -3.95895 , 2.15052 , -2.31692 , 0.166373 , 30 , 20
50 , 50 , 0.0628992 , 0.34367 , -3.95895 , 2.15052 , -2.31692 , 0.166373 , 30 , 20
50 , 50 , 0.0627895 , 0.343686 , -3.95895 , 2.15052 , -2.31692 , 0.166373 , 30 , 20
50 , 50 , 0.0628397 , 0.343679 , -3.95895 , 2.15052 , -2.31694 , 0.166373 , 30 , 20
50 , 50 , 0.0629431 , 0.34365 , -3.95895 , 2.15052 , -2.31694 , 0.166373 , 30 , 20
50 , 50 , 0.0629848 , 0.343679 , -3.95895 , 2.15052 , -2.31692 , 0.166373 , 30 , 20
50 , 50 , 0.0630354 , 0.343723 , -3.95895 , 2.15052 , -2.31692 , 0.166373 , 30 , 20
50 , 50 , 0.0630961 , 0.34375 , -3.95895 , 2.15052 , -2.31694 , 0.166373 , 30 , 20
50 , 50 , 0.0630455 , 0.343754 , -3.95895 , 2.15052 , -2.31692 , 0.166373 , 30 , 20
50 , 50 , 0.0630005 , 0.343739 , -3.95895 , 2.15052 , -2.31692 , 0.166373 , 30 , 20
50 , 50 , 0.0630416 , 0.343717 , -3.95895 , 2.15052 , -2.31692 , 0.166373 , 30 , 20
50 , 50 , 0.0630431 , 0.343727 , -3.95895 , 2.15052 , -2.31692 , 0.166373 , 30 , 20
50 , 50 , 0.0629828 , 0.343771 , -3.95895 , 2.15052 , -2.31692 , 0.166373 , 30 , 20
50 , 50 , 0.0630252 , 0.343777 , -3.95895 , 2.15052 , -2.31692 , 0.166373 , 30 , 20
50 , 50 , 0.0631095 , 0.343787 , -3.95895 , 2.15052 , -2.31692 , 0.166373 , 30 , 20
50 , 50 , 0.0630702 , 0.343805 , -3.95895 , 2.15052 , -2.31692 , 0.166373 , 30 , 20
50 , 50 , 0.0630333 , 0.343735 , -3.95895 , 2.15052 , -2.31692 , 0.166373 , 30 , 20
50 , 50 , 0.0630749 , 0.343696 , -3.95895 , 2.15052 , -2.31692 , 0.166373 , 30 , 20
50 , 50 , 0.0631445 , 0.343757 , -3.95895 , 2.15052 , -2.31692 , 0.166373 , 30 , 20
50 , 50 , 0.0632203 , 0.343776 , -3.95895 , 2.15052 , -2.31692 , 0.166373 , 30 , 20
50 , 50 , 0.0632375 , 0.343802 , -3.95895 , 2.15052 , -2.31692 , 0.166373 , 30 , 20
50 , 50 , 0.0632939 , 0.34385 , -3.95895 , 2.15052 , -2.31692 , 0.166373 , 30 , 20
50 , 50 , 0.063425 , 0.343829 , -3.95895 , 2.15052 , -2.31692 , 0.166373 , 30 , 20
50 , 50 , 0.063469 , 0.343787 , -3.95895 , 2.15052 , -2.31692 , 0.166373 , 30 , 20
50 , 50 , 0.0633914 , 0.343802 , -3.95895 , 2.15052 , -2.31692 , 0.166373 , 30 , 20
50 , 50 , 0.063358 , 0.34382 , -3.95895 , 2.15052 , -2.31692 , 0.166373 , 30 , 20
50 , 50 , 0.0634085 , 0.343805 , -3.95895 , 2.15052 , -2.31692 , 0.166373 , 30 , 20
50 , 50 , 0.0634189 , 0.343833 , -3.95895 , 2.15052 , -2.31692 , 0.166373 , 30 , 20
50 , 50 , 0.0634047 , 0.343831 , -3.95895 , 2.15052 , -2.31692 , 0.166373 , 30 , 20
50 , 50 , 0.0634004 , 0.343783 , -3.95895 , 2.15052 , -2.31692 , 0.166373 , 30 , 20
50 , 50 , 0.0633474 , 0.343753 , -3.95895 , 2.15052 , -2.31692 , 0.166373 , 30 , 20
50 , 50 , 0.0632921 , 0.343762 , -3.95895 , 2.15052 , -2.31692 , 0.166373 , 30 , 20
50 , 50 , 0.0633531 , 0.343768 , -3.95895 , 2.15052 , -2.31692 , 0.166373 , 30 , 20
50 , 50 , 0.0634522 , 0.343801 , -3.95895 , 2.15052 , -2.31692 , 0.166373 , 30 , 20
50 , 50 , 0.063477 , 0.343864 , -3.95895 , 2.15052 , -2.31692 , 0.166373 , 30 , 20
50 , 50 , 0.0634112 , 0.343883 , -3.95895 , 2.15052 , -2.31692 , 0.166373 , 30 , 20
50 , 50 , 0.0633503 , 0.343906 , -3.95895 , 2.15052 , -2.31692 , 0.166373 , 30 , 20
50 , 50 , 0.0634266 , 0.343922 , -3.95895 , 2.15052 , -2.31692 , 0.166373 , 30 , 20
50 , 50 , 0.0635007 , 0.343918 , -3.95901 , 2.15052 , -2.31692 , 0.166393 , 30 , 20
50 , 50 , 0.0633766 , 0.343963 , -3.95901 , 2.15052 , -2.31692 , 0.166373 , 30 , 20
50 , 50 , 0.0632433 , 0.344012 , -3.95901 , 2.15052 , -2.31692 , 0.166373 , 30 , 20
50 , 50 , 0.0633013 , 0.343964 , -3.95901 , 2.1505 , -2.31692 , 0.166373 , 30 , 20
50 , 50 , 0.063389 , 0.34391 , -3.95901 , 2.15052 , -2.31692 , 0.166373 , 30 , 20
50 , 50 , 0.0633516 , 0.343925 , -3.95901 , 2.15052 , -2.31692 , 0.166373 , 30 , 20
50 , 50 , 0.0632965 , 0.343926 , -3.95901 , 2.15052 , -2.31692 , 0.166373 , 30 , 20
50 , 50 , 0.0633385 , 0.343927 , -3.95901 , 2.15052 , -2.31692 , 0.166393 , 30 , 20
50 , 50 , 0.0633648 , 0.343947 , -3.95901 , 2.15052 , -2.31692 , 0.166393 , 30 , 20
50 , 50 , 0.0633191 , 0.343959 , -3.95901 , 2.15054 , -2.31692 , 0.166373 , 30 , 20
50 , 50 , 0.0632742 , 0.343978 , -3.95901 , 2.15052 , -2.31692 , 0.166393 , 30 , 20
0.009229, , 1.000000, -1.143049, 0.157299
