0 , 0 , 0 , 0 , -0.0152278 , -0.0238309 , -0.432996 , 0 , 0 , 0 , 0 , 0 , 0 , 30 , -19 , -40
0 , 0 , 0 , 0 , -0.0152054 , -0.0238344 , -0.432996 , 0 , 0 , 0 , 0 , 0 , 0 , 20 , -4 , -9
0 , 0 , 0 , 0 , -0.0151816 , -0.0238573 , -0.432996 , 0 , 0 , 0 , 0 , 0 , 0 , -25 , -4 , -9
0 , 0 , 0 , 0 , -0.0151746 , -0.0238443 , -0.432996 , 0 , 0 , 0 , 0 , 0 , 0 , -42 , -3 , -9
0 , 0 , 0 , 0 , -0.0151749 , -0.0238177 , -0.432996 , 0 , 0 , 0 , 0 , 0 , 0 , 57 , -18 , -28
0 , 0 , 0 , 0 , -0.0151875 , -0.0238429 , -0.432996 , -1.95412e-05 , 0 , 0 , 0.0195412 , 0 , 0 , 20 , -19 , -16
0 , 0 , 0 , 0 , -0.0152484 , -0.0238911 , -0.432996 , 0 , 0 , 0 , 0 , 0 , 0 , -25 , 13 , 2
0 , 0 , 0 , 0 , -0.015289 , -0.0239025 , -0.432996 , 0 , 0 , 0 , 0 , 0 , 0 , 39 , -35 , -34
0 , 0 , 0 , 0 , -0.0152735 , -0.0238547 , -0.432996 , 0 , 0 , 0 , 0 , 0 , 0 , 30 , -35 , -9
0 , 0 , 0 , 0 , -0.0152348 , -0.0238089 , -0.432996 , 0 , 0 , 0 , 0 , 0 , 0 , 39 , -35 , 15
0 , 0 , 0 , 0 , -0.0151794 , -0.023785 , -0.432996 , 0 , 0 , 0 , 0 , 0 , 0 , -6 , -3 , -40
0 , 0 , 0 , 0 , -0.0151197 , -0.0237427 , -0.432996 , 0 , 0 , 0 , 0 , 0 , 0 , 30 , -18 , -9
0 , 0 , 0 , 0 , -0.0151253 , -0.0237178 , -0.432996 , 1.95412e-05 , 0 , 0 , -0.0195412 , 0 , 0 , 49 , -35 , -34
0 , 0 , 0 , 0 , -0.0151349 , -0.0237413 , -0.432996 , 0 , 0 , 0 , 0 , 0 , 0 , 85 , -51 , 9
0 , 0 , 0 , 0 , -0.0151396 , -0.0237739 , -0.432996 , 0 , 0 , 0 , 0 , 0 , 0 , 48 , -35 , -9
0 , 0 , 0 , 0 , -0.0151517 , -0.0237591 , -0.432996 , 0 , 0 , 0 , 0 , 0 , 0 , 30 , -51 , -9
0 , 0 , 0 , 0 , -0.015132 , -0.0237354 , -0.432996 , 0 , 0 , 0 , 0 , 0 , 0 , 30 , 13 , -3
0 , 0 , 0 , 0 , -0.0151285 , -0.0237051 , -0.432996 , 0 , 0 , 0 , 0 , 0 , 0 , 48 , -35 , 15
0 , 0 , 0 , 0 , -0.0151499 , -0.0236619 , -0.432996 , 0 , 0 , 0 , 0 , 0 , 0 , 49 , -18 , -9
0 , 0 , 0 , 0 , -0.0151945 , -0.0236288 , -0.432996 , 0 , 0 , 0 , 0 , 0 , 0 , 48 , 13 , -9
0 , 0 , 0 , 0 , -0.0152115 , -0.0236427 , -0.432996 , 0 , 0 , 0 , 0 , 0 , 0 , 48 , -4 , -16
0 , 0 , 0 , 0 , -0.0152124 , -0.0236666 , -0.432996 , 0 , 0 , 0 , 0 , 0 , 0 , 48 , -35 , -45
0 , 0 , 0 , 0 , -0.015178 , -0.0236533 , -0.432996 , 0 , 0 , 0 , 0 , 0 , 0 , 76 , -19 , -34
0 , 0 , 0 , 0 , -0.0150999 , -0.0236355 , -0.432996 , 0 , 0 , 0 , 0 , 0 , 0 , 3 , -67 , -16
0 , 0 , 0 , 0 , -0.0150642 , -0.0236167 , -0.432996 , 0 , 0 , 0 , 0 , 0 , 0 , 57 , 13 , -40
0 , 0 , 0 , 0 , -0.0150654 , -0.0236244 , -0.432996 , 0 , 0 , 0 , 0 , 0 , 0 , -25 , -19 , -34
0 , 0 , 0 , 0 , -0.0150697 , -0.0236469 , -0.432996 , 0 , 0 , 0 , 0 , 0 , 0 , 2 , -3 , 9
0 , 0 , 0 , 0 , -0.0150781 , -0.0236695 , -0.432996 , 0 , 0 , 0 , 0 , 0 , 0 , 48 , -35 , -34
0 , 0 , 0 , 0 , -0.0150889 , -0.0236774 , -0.432996 , 0 , 0 , 0 , 0 , 0 , 0 , 76 , -3 , 9
0 , 0 , 0 , 0 , -0.0151181 , -0.0236518 , -0.432996 , 0 , 0 , 0 , 0 , 0 , 0 , -61 , 13 , -59
0 , 0 , 0 , 0 , -0.0151614 , -0.0236414 , -0.432996 , 0 , 0 , 0 , 0 , 0 , 0 , 66 , -35 , -28
0 , 0 , 0 , 0 , -0.0151706 , -0.0236408 , -0.432996 , -1.95412e-05 , 0 , 0 , 0 , 0 , 0 , 66 , -3 , -16
0 , 0 , 0 , 0 , -0.0151521 , -0.0236255 , -0.432996 , 0 , 0 , 0 , 0 , 0 , 0 , 66 , -3 , -59
0 , 0 , 0 , 0 , -0.0151111 , -0.0236274 , -0.432996 , 0 , 0 , 0 , 0 , 0 , 0 , 20 , 13 , -9
0 , 0 , 0 , 0 , -0.0150721 , -0.0236542 , -0.432996 , 0 , 0 , 0 , -0.0195412 , 0 , 0 , 48 , -35 , -16
0 , 0 , 0 , 0 , -0.0150383 , -0.0237088 , -0.432996 , 0 , 0 , 0 , 0 , 0 , 0 , 12 , -35 , -28
0 , 0 , 0 , 0 , -0.0150162 , -0.0237047 , -0.432996 , 0 , 0 , 0 , 0 , 0 , 0 , -42 , -19 , 9
0 , 0 , 0 , 0 , -0.0150152 , -0.0236765 , -0.432996 , 0 , 0 , 0 , 0 , 0 , 0 , 20 , -2 , 9
0 , 0 , 0 , 0 , -0.0150294 , -0.0236926 , -0.432996 , 0 , 0 , 0 , 0 , 0 , 0 , 66 , -4 , -53
0 , 0 , 0 , 0 , -0.0150467 , -0.0237066 , -0.432996 , 0 , 0 , 0 , 0 , 0 , 0 , 12 , -2 , -34
0 , 0 , 0 , 0 , -0.0150688 , -0.0237392 , -0.432996 , -1.95412e-05 , 0 , 0 , 0.0195412 , 0 , 0 , 56 , 13 , -3
0 , 0 , 0 , 0 , -0.0151124 , -0.0237711 , -0.432996 , 0 , 0 , 0 , 0 , 0 , 0 , 76 , 61 , 15
0 , 0 , 0 , 0 , -0.0151398 , -0.0237709 , -0.432996 , 1.95412e-05 , 0 , 0 , 0 , 0 , 0 , 57 , 13 , -40
0 , 0 , 0 , 0 , -0.0151474 , -0.0237742 , -0.432996 , 0 , 0 , 0 , 0 , 0 , 0 , 66 , -3 , -16
0 , 0 , 0 , 0 , -0.0151481 , -0.0237679 , -0.432996 , 0 , 0 , 0 , 0 , 0 , 0 , -16 , -35 , -28
0 , 0 , 0 , 0 , -0.0151562 , -0.0237386 , -0.432996 , 0 , 0 , 0 , 0 , 0 , 0 , -16 , -35 , -34
0 , 0 , 0 , 0 , -0.0151455 , -0.023766 , -0.432996 , 0 , 0 , 0 , 0 , 0 , 0 , 30 , 29 , -9
0 , 0 , 0 , 0 , -0.0151219 , -0.0238265 , -0.432996 , 0 , 0 , 0 , 0 , 0 , 0 , -25 , -2 , 15
0 , 0 , 0 , 0 , -0.0151309 , -0.0238357 , -0.432996 , 0 , 0 , 0 , 0 , 0 , 0 , 66 , -18 , -34
0 , 0 , 0 , 0 , -0.0151509 , -0.023839 , -0.432996 , 0 , 0 , 0 , 0 , 0 , 0 , 31 , -35 , -40
0 , 40 , 0 , 39.2 , -0.0151389 , -0.0238646 , -0.432996 , 0 , 0 , 0 , 0 , 0 , 0 , 48 , -19 , -9
0 , 40 , 0 , 39.2 , -0.0151166 , -0.023892 , -0.432996 , 0 , -0.00050807 , 0.000390823 , 0 , -0.0659275 , 0.0249584 , -16 , -179 , 84
0 , 40 , 0 , 38.8 , -0.0152424 , -0.0239489 , -0.432893 , 0 , -0.00236448 , 0.00185641 , 0 , -0.113787 , 0.10167 , 3 , -88 , 99
0 , 40 , 0 , 42 , -0.0158664 , -0.0239598 , -0.432238 , 0 , -0.00551061 , 0.00476804 , 0 , -0.208031 , 0.207296 , 57 , -52 , 19
0 , 40 , 0 , 39.2 , -0.0170962 , -0.0237752 , -0.431117 , 0 , -0.00990737 , 0.00881306 , 0 , -0.251171 , 0.220388 , 57 , -123 , 31
0 , 40 , 0 , 40 , -0.0184834 , -0.0235695 , -0.429605 , 0 , -0.015418 , 0.0141283 , 0 , -0.276133 , 0.268667 , 2 , -128 , -2
0 , 40 , 0 , 39.6 , -0.0193816 , -0.0233808 , -0.427594 , 0 , -0.0222378 , 0.020655 , 0 , -0.352941 , 0.339649 , 31 , -90 , 27
0 , 40 , 0 , 41.2 , -0.0196599 , -0.0231973 , -0.425111 , 0 , -0.0302106 , 0.0281783 , 0 , -0.434569 , 0.425731 , 112 , -66 , -5
0 , 40 , 0 , 39.2 , -0.0198178 , -0.0229843 , -0.422319 , 0 , -0.0393168 , 0.0369132 , 0 , -0.519711 , 0.460512 , 20 , -35 , -38
0 , 40 , 0 , 38.8 , -0.0202948 , -0.0226263 , -0.419242 , 0 , -0.0496541 , 0.0468402 , 0 , -0.520171 , 0.541306 , 57 , -123 , 7
0 , 40 , 0 , 41.2 , -0.0211424 , -0.0223256 , -0.415765 , 0 , -0.0612615 , 0.0582717 , 0 , -0.627321 , 0.597284 , 85 , -129 , -58
0 , 40 , 0 , 38.4 , -0.0222324 , -0.0222818 , -0.411791 , 0 , -0.0739242 , 0.0706608 , 0 , -0.658689 , 0.6598 , 57 , -129 , -18
0 , 40 , 0 , 41.6 , -0.0233052 , -0.0223749 , -0.407415 , 0 , -0.0879352 , 0.084027 , 0 , -0.727336 , 0.718863 , -16 , -103 , 19
0 , 40 , 0 , 40 , -0.0239783 , -0.0223115 , -0.402608 , 0 , -0.103216 , 0.099953 , 0 , -0.778531 , 0.783211 , 20 , -78 , -88
0 , 40 , 0 , 41.6 , -0.0242136 , -0.022255 , -0.397352 , 0 , -0.119299 , 0.115762 , 0 , -0.869782 , 0.859577 , 30 , -88 , 19
0 , 40 , 0 , 38.8 , -0.0242713 , -0.0224368 , -0.391869 , 0 , -0.136925 , 0.133173 , 0 , -0.89365 , 0.919579 , 20 , -142 , 3
0 , 40 , 0 , 39.6 , -0.0245576 , -0.0225784 , -0.38578 , 0 , -0.155567 , 0.151659 , 0 , -0.944015 , 0.947064 , 39 , -69 , 29
0 , 40 , 0 , 40 , -0.0250498 , -0.0225688 , -0.379437 , -1.95412e-05 , -0.175616 , 0.171317 , 0 , -1.04778 , 1.01425 , 39 , -96 , -30
0 , 40 , 0 , 41.6 , -0.0256258 , -0.0225227 , -0.372571 , 0 , -0.196701 , 0.192226 , 0 , -1.06685 , 1.05914 , 57 , -162 , 27
0 , 40 , 0 , 38.8 , -0.0263086 , -0.0224021 , -0.365377 , 0 , -0.219056 , 0.214288 , 0 , -1.17658 , 1.10039 , 85 , -90 , -19
0 , 40 , 0 , 38.4 , -0.0270534 , -0.0223743 , -0.357798 , 0 , -0.242643 , 0.237406 , 0 , -1.18971 , 1.22451 , 75 , -115 , 2
0 , 40 , 0 , 40.8 , -0.0274249 , -0.0225252 , -0.349936 , 0 , -0.267343 , 0.262106 , 0 , -1.26207 , 1.24136 , 66 , -84 , -7
0 , 40 , 0 , 40.4 , -0.0274398 , -0.0228533 , -0.3416 , 0 , -0.293117 , 0.287489 , 0 , -1.3531 , 1.3392 , 76 , -102 , 30
0 , 40 , 0 , 39.6 , -0.0276253 , -0.0232872 , -0.332873 , 1.95412e-05 , -0.320319 , 0.314495 , 0 , -1.43773 , 1.32408 , 21 , -88 , 53
0 , 40 , 0 , 39.6 , -0.0278417 , -0.0236171 , -0.323652 , 0 , -0.348673 , 0.342752 , 0 , -1.43949 , 1.47759 , 65 , -112 , -98
0 , 40 , 0 , 38.8 , -0.0279469 , -0.02381 , -0.313884 , 0 , -0.378258 , 0.37181 , 0 , -1.53766 , 1.51188 , 48 , -108 , -3
0 , 40 , 0 , 38.8 , -0.028124 , -0.0240038 , -0.303731 , 0 , -0.409016 , 0.402216 , 0 , -1.53565 , 1.59411 , 48 , -127 , -77
0 , 40 , 0 , 42 , -0.0282743 , -0.0241455 , -0.293529 , -1.95412e-05 , -0.442568 , 0.434009 , 0 , -1.60832 , 1.5612 , 12 , -179 , 86
0 , 40 , 0 , 41.6 , -0.0282132 , -0.0242936 , -0.2829 , 0 , -0.475749 , 0.466995 , 0 , -1.65603 , 1.64211 , 49 , -163 , 3
0 , 40 , 0 , 41.2 , -0.0283997 , -0.0245221 , -0.271756 , 1.95412e-05 , -0.510102 , 0.501074 , 0 , -1.77646 , 1.77512 , 20 , -12 , -105
0 , 40 , 0 , 39.2 , -0.0288883 , -0.0247578 , -0.260273 , 0 , -0.545745 , 0.536248 , 0 , -1.82343 , 1.84205 , 66 , -91 , -58
0 , 40 , 0 , 39.2 , -0.0296081 , -0.0252209 , -0.248154 , 0 , -0.582483 , 0.572712 , 0 , -1.83772 , 1.8537 , 57 , -111 , -20
0 , 40 , 0 , 40.4 , -0.0306279 , -0.0261152 , -0.235377 , 0 , -0.620412 , 0.610407 , 0 , -1.9158 , 1.9158 , 31 , -107 , -22
0 , 40 , 0 , 39.2 , -0.0316661 , -0.026991 , -0.222351 , 0 , -0.659573 , 0.649216 , -0.0195412 , -1.99739 , 1.9906 , 57 , -149 , 19
0 , 40 , 0 , 40.4 , -0.0326275 , -0.0278794 , -0.209145 , 0 , -0.699886 , 0.689236 , 0 , -2.0373 , 2.0881 , 39 , -183 , -12
0 , 40 , 0 , 41.2 , -0.0330899 , -0.0284506 , -0.195778 , 0 , -0.741587 , 0.730527 , 0 , -2.10686 , 2.08624 , 66 , -130 , -51
0 , 40 , 0 , 41.6 , -0.0327413 , -0.0283543 , -0.182429 , 0 , -0.784245 , 0.773029 , 0 , -2.20389 , 2.1202 , -79 , -100 , 28
0 , 40 , 0 , 42 , -0.0321852 , -0.0280773 , -0.168442 , 0 , -0.828428 , 0.816762 , 0 , -2.25474 , 2.23967 , 2 , -81 , -18
0 , 40 , 0 , 42 , -0.0319772 , -0.0275403 , -0.154208 , 0 , -0.873626 , 0.861745 , 0 , -2.31712 , 2.28998 , 66 , -163 , -19
0 , 40 , 0 , 40.4 , -0.0322466 , -0.0272203 , -0.139656 , 0 , -0.919939 , 0.91009 , 0 , -2.32979 , 2.33559 , 56 , -144 , 15
0 , 40 , 0 , 38.4 , -0.0325074 , -0.026963 , -0.125106 , 0 , -0.967522 , 0.957302 , 0 , -2.38791 , 2.36862 , 39 , -192 , 34
0 , 40 , 0 , 41.2 , -0.0319889 , -0.0264092 , -0.111267 , 0 , -1.01624 , 1.00578 , 0 , -2.46965 , 2.44518 , 66 , -144 , 43
0 , 40 , 0 , 38.4 , -0.0301585 , -0.02514 , -0.0982073 , 0 , -1.06609 , 1.05567 , -0.0195412 , -2.5698 , 2.55161 , 48 , -127 , -136
0 , 40 , 0 , 40.8 , -0.0271064 , -0.022541 , -0.0859284 , 0 , -1.11754 , 1.10669 , 0 , -2.64069 , 2.57968 , 31 , -137 , -20
0 , 40 , 0 , 40 , -0.0236127 , -0.0184822 , -0.0743804 , 0 , -1.16991 , 1.15863 , 0 , -2.62004 , 2.61857 , 66 , -206 , 68
0 , 40 , 0 , 42 , -0.0210444 , -0.0130461 , -0.0633124 , 1.95412e-05 , -1.22339 , 1.21198 , 0 , -2.7866 , 2.74422 , 57 , -126 , 13
0 , 40 , 0 , 40.8 , -0.0197239 , -0.00626804 , -0.0524554 , 0 , -1.27828 , 1.2667 , -0.0195412 , -2.81335 , 2.74422 , 2 , -175 , -17
0 , 40 , 0 , 39.6 , -0.0193405 , 0.0019699 , -0.0412222 , 0 , -1.3328 , 1.3212 , 0 , -2.59827 , 2.75549 , 66 , -210 , -54
0 , 40 , 0 , 38.8 , -0.01939 , 0.0102294 , -0.0296373 , 0 , -1.38617 , 1.37501 , 0 , -2.68607 , 2.70933 , 39 , -117 , -82
0 , 40 , 0 , 42 , -0.018663 , 0.0181273 , -0.017437 , 0 , -1.43864 , 1.42764 , 0 , -2.64218 , 2.55857 , 39 , -133 , -46
0 , 40 , 0 , 38.8 , -0.0169547 , 0.0256362 , -0.00512113 , 0 , -1.49068 , 1.47946 , 0 , -2.54468 , 2.5726 , 39 , -239 , 74
0 , 40 , 0 , 39.2 , -0.0149612 , 0.0314866 , 0.00698302 , 0 , -1.5417 , 1.53089 , 0 , -2.49592 , 2.61565 , 39 , -190 , -100
0 , 40 , 0 , 40.4 , -0.0133338 , 0.0357471 , 0.0191355 , 1.95412e-05 , -1.59409 , 1.58133 , -0.0195412 , -2.50528 , 2.49592 , 57 , -50 , -14
0 , 40 , 0 , 41.2 , -0.0122373 , 0.0390625 , 0.0315111 , 0 , -1.64283 , 1.63024 , 0 , -2.33095 , 2.41123 , 92 , -238 , 1
0 , 40 , 0 , 41.2 , -0.0110162 , 0.0417743 , 0.0437575 , 0 , -1.69029 , 1.67784 , 0 , -2.29334 , 2.32057 , 39 , -276 , 2
0 , 40 , 0 , 38.8 , -0.00931503 , 0.0444886 , 0.0559902 , 0 , -1.73639 , 1.72445 , 0 , -2.27553 , 2.30347 , 39 , -149 , 31
0 , 40 , 0 , 39.6 , -0.00683791 , 0.0478391 , 0.0672521 , 0 , -1.78137 , 1.76992 , 0 , -2.23326 , 2.27994 , 85 , -211 , -19
0 , 40 , 0 , 40 , -0.00339566 , 0.0517663 , 0.0777896 , 0 , -1.82544 , 1.81422 , 0 , -2.18846 , 2.24395 , 49 , -164 , -114
0 , 40 , 0 , 41.6 , -3.1372e-05 , 0.0559978 , 0.0875738 , 0 , -1.86806 , 1.85721 , 0 , -2.16122 , 2.17325 , 57 , -190 , -98
0 , 40 , 0 , 40.8 , 0.00279745 , 0.0604774 , 0.0966822 , 0 , -1.90952 , 1.89909 , 0 , -2.1059 , 2.06237 , 39 , -221 , -104
0 , 40 , 0 , 40.8 , 0.00553665 , 0.0650942 , 0.105098 , 0 , -1.94982 , 1.93969 , 0 , -2.01455 , 2.01888 , 39 , -231 , -100
0 , 40 , 0 , 39.2 , 0.00761213 , 0.0694738 , 0.113936 , 0 , -1.98882 , 1.97907 , 0 , -1.96723 , 1.93078 , 57 , -249 , 12
0 , 40 , 0 , 42 , 0.00858198 , 0.0733857 , 0.122816 , 0 , -2.02681 , 2.01729 , 0 , -1.90181 , 1.94116 , 39 , -199 , -50
0 , 40 , 0 , 42 , 0.00914482 , 0.0763275 , 0.131624 , 0 , -2.06345 , 2.0543 , 0 , -1.80796 , 1.84422 , 85 , -254 , -102
0 , 40 , 0 , 39.2 , 0.00969009 , 0.0781594 , 0.140833 , 0 , -2.09886 , 2.08997 , -0.0195412 , -1.80172 , 1.78185 , 39 , -166 , -32
0 , 40 , 0 , 42 , 0.010704 , 0.0794162 , 0.149822 , 0 , -2.13333 , 2.12453 , 0 , -1.66365 , 1.64787 , 30 , -211 , 35
0 , 40 , 0 , 42 , 0.0125902 , 0.0805708 , 0.158647 , 0 , -2.16653 , 2.15961 , 0 , -1.61384 , 1.63695 , -61 , -224 , 19
0 , 40 , 0 , 41.2 , 0.0148876 , 0.0820869 , 0.16685 , 0 , -2.19852 , 2.19181 , 0 , -1.53866 , 1.60173 , 39 , -322 , -17
0 , 40 , 0 , 40.8 , 0.0171427 , 0.0839766 , 0.174391 , 0 , -2.22924 , 2.22285 , 0 , -1.51139 , 1.50654 , 39 , -240 , -57
0 , 40 , 0 , 39.6 , 0.0195258 , 0.0859568 , 0.18099 , 0 , -2.2587 , 2.25251 , 0 , -1.43419 , 1.49931 , 12 , -288 , -39
0 , 40 , 0 , 38.8 , 0.0214906 , 0.0883173 , 0.187318 , 0 , -2.2868 , 2.28098 , 0 , -1.38672 , 1.45874 , 56 , -287 , -30
0 , 40 , 0 , 40 , 0.0226876 , 0.0910691 , 0.193467 , 0 , -2.31404 , 2.30846 , 0 , -1.36889 , 1.33653 , 85 , -274 , -16
0 , 40 , 0 , 41.6 , 0.0239007 , 0.0938865 , 0.199528 , 0 , -2.34009 , 2.3346 , 0 , -1.27928 , 1.24069 , 57 , -293 , -3
0 , 40 , 0 , 38.4 , 0.0250537 , 0.0961069 , 0.205331 , 0 , -2.36595 , 2.35944 , 0 , -1.15685 , 1.21499 , 57 , -300 , 20
0 , 40 , 0 , 38.4 , 0.0259723 , 0.0974545 , 0.211141 , 0 , -2.38918 , 2.3834 , 0 , -1.1557 , 1.14947 , 3 , -308 , -3
0 , 40 , 0 , 38.8 , 0.0267848 , 0.0985234 , 0.21681 , 0 , -2.41179 , 2.40571 , 0 , -1.02983 , 1.08662 , 48 , -386 , 1
0 , 40 , 0 , 40 , 0.0277376 , 0.0993761 , 0.222175 , 0 , -2.43285 , 2.42719 , 0 , -1.00425 , 1.02086 , 11 , -357 , 19
0 , 40 , 0 , 40 , 0.0288568 , 0.100171 , 0.227288 , -1.95412e-05 , -2.45257 , 2.44722 , 0.0195412 , -0.921745 , 1.0182 , 20 , -408 , -31
0 , 40 , 0 , 38.4 , 0.0300727 , 0.101231 , 0.231832 , 0 , -2.47162 , 2.46631 , 0 , -0.91207 , 0.882548 , 85 , -272 , -2
0 , 40 , 0 , 41.2 , 0.0313353 , 0.102367 , 0.235886 , 1.95412e-05 , -2.48896 , 2.48392 , 0 , -0.859257 , 0.84048 , 75 , -316 , 19
0 , 40 , 0 , 40.4 , 0.0322234 , 0.103488 , 0.239659 , 0 , -2.50514 , 2.50066 , 0 , -0.775435 , 0.764567 , 57 , -285 , -3
0 , 40 , 0 , 38.4 , 0.0327819 , 0.104689 , 0.243235 , 0 , -2.5203 , 2.51577 , 0 , -0.762821 , 0.736934 , -6 , -345 , 17
0 , 40 , 0 , 38.8 , 0.0332956 , 0.105768 , 0.246685 , 0 , -2.53404 , 2.53068 , 0 , -0.71996 , 0.708004 , -25 , -284 , -63
0 , 40 , 0 , 38.8 , 0.0339604 , 0.106631 , 0.249948 , 0 , -2.5468 , 2.54369 , 0 , -0.573334 , 0.584183 , 76 , -305 , -3
0 , 40 , 0 , 40 , 0.0345763 , 0.10717 , 0.252934 , 0 , -2.55819 , 2.55522 , 0 , -0.568053 , 0.514916 , 31 , -265 , 62
0 , 40 , 0 , 40 , 0.0351849 , 0.107481 , 0.255677 , 0 , -2.56845 , 2.56564 , 0 , -0.489955 , 0.518561 , 39 , -304 , 15
0 , 40 , 0 , 40 , 0.0360094 , 0.107807 , 0.257971 , 0 , -2.57758 , 2.57509 , 0 , -0.406963 , 0.4245 , 49 , -319 , 27
0 , 40 , 0 , 38.4 , 0.0367567 , 0.108096 , 0.259857 , -1.95412e-05 , -2.58549 , 2.5832 , 0.0195412 , -0.359651 , 0.358992 , 30 , -287 , 15
0 , 40 , 0 , 38.4 , 0.0371875 , 0.108446 , 0.261554 , -1.95412e-05 , -2.59225 , 2.5901 , 0 , -0.244467 , 0.313159 , -16 , -355 , 65
0 , 40 , 0 , 38.8 , 0.0374569 , 0.108897 , 0.263034 , 0 , -2.59774 , 2.59567 , 0 , -0.199941 , 0.233187 , -6 , -344 , 19
0 , 40 , 0 , 42 , 0.0376737 , 0.109245 , 0.264194 , 0 , -2.60196 , 2.60015 , 0 , -0.164671 , 0.178187 , 20 , -331 , 82
0 , 40 , 0 , 39.2 , 0.0378981 , 0.109463 , 0.265172 , 0 , -2.60503 , 2.60355 , 0 , -0.15156 , 0.162572 , 20 , -282 , -42
0 , 40 , 0 , 41.6 , 0.0381062 , 0.109592 , 0.26585 , 0 , -2.60702 , 2.60597 , 0 , -0.0586938 , 0.0859076 , 66 , -296 , 34
0 , 40 , 0 , 41.6 , 0.0382146 , 0.109604 , 0.26628 , 0 , -2.60749 , 2.60708 , 0 , -0.0163113 , 0.029338 , 66 , -310 , 19
0 , 40 , 0 , 38.8 , 0.0382834 , 0.109507 , 0.266428 , 0 , -2.60749 , 2.60722 , 0 , 0 , 0 , -6 , -132 , -79
0 , 40 , 0 , 39.6 , 0.03828 , 0.109406 , 0.266281 , 1.95412e-05 , -2.60636 , 2.60591 , 0 , 0.0768527 , -0.109494 , 66 , -21 , 34
0 , 40 , 0 , 39.2 , 0.0380467 , 0.109398 , 0.266047 , 0 , -2.60318 , 2.60341 , 0 , 0.218906 , -0.144393 , 31 , -66 , -34
0 , 40 , 0 , 39.6 , 0.0378718 , 0.109446 , 0.265639 , 0 , -2.59897 , 2.59972 , 0 , 0.248825 , -0.22617 , -34 , -112 , -14
0 , 40 , 0 , 39.6 , 0.0382841 , 0.109243 , 0.264752 , 0 , -2.59329 , 2.59499 , 0 , 0.290501 , -0.297883 , -42 , -36 , -36
0 , 40 , 0 , 39.6 , 0.0390019 , 0.108701 , 0.263302 , 0 , -2.58668 , 2.58887 , 0 , 0.367775 , -0.31654 , -34 , -90 , -87
0 , 40 , 0 , 39.6 , 0.0391577 , 0.108065 , 0.261462 , 0 , -2.57891 , 2.5818 , 0 , 0.393445 , -0.40739 , 56 , 11 , -25
0 , 40 , 0 , 40.4 , 0.0387584 , 0.107667 , 0.259507 , 0 , -2.56968 , 2.57308 , 0 , 0.526242 , -0.460152 , 48 , -66 , -52
0 , 40 , 0 , 38.4 , 0.038368 , 0.107279 , 0.257189 , 0 , -2.55944 , 2.56327 , 0 , 0.534884 , -0.46749 , 57 , -20 , -86
0 , 40 , 0 , 39.2 , 0.0381916 , 0.106839 , 0.254572 , 1.95412e-05 , -2.54783 , 2.55184 , -0.0195412 , 0.613858 , -0.547882 , 57 , -89 , -68
0 , 40 , 0 , 41.6 , 0.0377915 , 0.106445 , 0.251585 , 0 , -2.53517 , 2.5399 , 0 , 0.662038 , -0.625317 , 39 , -104 , -63
0 , 40 , 0 , 40 , 0.037097 , 0.105824 , 0.248552 , 0 , -2.52284 , 2.52736 , 0 , 0.586526 , -0.581869 , 39 , -52 , 18
0 , 40 , 0 , 38.4 , 0.0362487 , 0.105011 , 0.245279 , 0 , -2.51157 , 2.51598 , 0 , 0.562605 , -0.498285 , 57 , -61 , -42
0 , 40 , 0 , 39.6 , 0.034857 , 0.104373 , 0.242201 , 1.95412e-05 , -2.49959 , 2.50508 , -0.0195412 , 0.600647 , -0.654276 , 39 , -91 , -3
0 , 40 , 0 , 40 , 0.0331167 , 0.10408 , 0.239464 , 0 , -2.48872 , 2.49392 , 0 , 0.542305 , -0.573053 , 48 , -122 , 16
0 , 40 , 0 , 41.6 , 0.0317783 , 0.103683 , 0.236721 , 0 , -2.47887 , 2.48364 , 0 , 0.487107 , -0.466001 , 48 , -31 , -25
0 , 40 , 0 , 41.6 , 0.0308487 , 0.103069 , 0.23403 , 0 , -2.46953 , 2.47483 , 0 , 0.422816 , -0.404439 , 85 , -62 , -12
0 , 40 , 0 , 39.6 , 0.0295722 , 0.102507 , 0.2316 , -1.95412e-05 , -2.46201 , 2.46723 , 0.0195412 , 0.395169 , -0.322548 , 65 , -61 , -65
0 , 40 , 0 , 41.6 , 0.0278445 , 0.102198 , 0.229702 , 0 , -2.45544 , 2.46074 , 0 , 0.272918 , -0.329158 , 2 , -49 , -18
0 , 40 , 0 , 41.6 , 0.0261772 , 0.102163 , 0.228259 , 0 , -2.45023 , 2.4555 , 0 , 0.196194 , -0.25455 , 48 , -20 , 28
0 , 40 , 0 , 40 , 0.0250893 , 0.102149 , 0.227104 , 0 , -2.44632 , 2.45128 , 0 , 0.149586 , -0.162166 , -16 , -21 , -26
0 , 40 , 0 , 38.8 , 0.0243857 , 0.10191 , 0.226013 , 0 , -2.44345 , 2.44837 , 0 , 0.101494 , -0.113216 , 57 , 15 , -17
0 , 40 , 0 , 40 , 0.0235755 , 0.101627 , 0.225244 , 0 , -2.44044 , 2.44567 , 0 , 0.187175 , -0.130332 , -52 , -52 , -15
0 , 40 , 0 , 42 , 0.0228223 , 0.101491 , 0.224715 , 0 , -2.43756 , 2.44294 , 0 , 0.120031 , -0.133235 , 20 , -18 , 49
0 , 40 , 0 , 39.6 , 0.0225157 , 0.101297 , 0.224129 , 0 , -2.43594 , 2.44122 , 0 , 0.0506419 , -0.0460942 , -6 , -67 , 27
0 , 40 , 0 , 41.2 , 0.022446 , 0.100962 , 0.223441 , 0 , -2.43555 , 2.44071 , 0 , 0.0134214 , 0 , 39 , -84 , 43
0 , 40 , 0 , 42 , 0.0218614 , 0.100821 , 0.223012 , 0 , -2.43565 , 2.4413 , 0 , -0.00384049 , 0.146559 , 20 , -277 , -88
0 , 40 , 0 , 40 , 0.0208495 , 0.101018 , 0.223012 , 0 , -2.43715 , 2.44313 , 0.0195412 , -0.115038 , 0.12473 , -16 , -326 , 56
0 , 40 , 0 , 42 , 0.0201813 , 0.101228 , 0.223214 , 0 , -2.44044 , 2.44663 , 0 , -0.194892 , 0.183888 , 57 , -324 , 68
0 , 40 , 0 , 41.2 , 0.019664 , 0.101548 , 0.223589 , 0 , -2.44493 , 2.45099 , 0 , -0.265745 , 0.292239 , 75 , -366 , 16
0 , 40 , 0 , 38.8 , 0.0186783 , 0.102128 , 0.224508 , -1.95412e-05 , -2.45068 , 2.45664 , 0 , -0.31757 , 0.345656 , -52 , -297 , -12
0 , 40 , 0 , 41.6 , 0.0175918 , 0.102764 , 0.226021 , 0 , -2.45625 , 2.46246 , 0 , -0.235057 , 0.296827 , 85 , -338 , -51
0 , 40 , 0 , 38.4 , 0.0173778 , 0.103221 , 0.227834 , 0 , -2.46195 , 2.46809 , 0 , -0.321752 , 0.355724 , 48 , -246 , -39
0 , 40 , 0 , 40 , 0.0182974 , 0.103346 , 0.229391 , 0 , -2.46777 , 2.47393 , 0 , -0.260779 , 0.249038 , 39 , -255 , 41
0 , 40 , 0 , 38.8 , 0.0193941 , 0.103262 , 0.230631 , -1.95412e-05 , -2.47289 , 2.47854 , 0 , -0.21948 , 0.223497 , 56 , -339 , -34
0 , 40 , 0 , 42 , 0.0198778 , 0.103231 , 0.231778 , 0 , -2.47717 , 2.48208 , 0 , -0.17988 , 0.141022 , 48 , -334 , 76
0 , 40 , 0 , 41.6 , 0.0201238 , 0.103409 , 0.232958 , 0 , -2.48192 , 2.48534 , 0 , -0.310011 , 0.189474 , 39 , -265 , 130
0 , 40 , 0 , 40 , 0.0207416 , 0.103645 , 0.233874 , 0 , -2.48775 , 2.4898 , 0 , -0.336143 , 0.228283 , 30 , -259 , 49
0 , 40 , 0 , 41.6 , 0.0213002 , 0.103877 , 0.234704 , 0 , -2.4931 , 2.49459 , 0 , -0.20419 , 0.201871 , 48 , -374 , 35
0 , 40 , 0 , 38.8 , 0.021049 , 0.104217 , 0.235877 , 1.95412e-05 , -2.49881 , 2.49902 , 0 , -0.322284 , 0.244264 , 39 , -229 , 34
0 , 40 , 0 , 41.6 , 0.0204051 , 0.104708 , 0.237483 , 0 , -2.50432 , 2.50375 , 0 , -0.249038 , 0.203977 , 66 , -295 , 45
0 , 40 , 0 , 38.4 , 0.0203498 , 0.105049 , 0.239164 , 0 , -2.51 , 2.50815 , 0 , -0.295033 , 0.253342 , 2 , -303 , 44
0 , 40 , 0 , 40 , 0.0209469 , 0.105068 , 0.240631 , 0 , -2.51544 , 2.51274 , 0 , -0.257346 , 0.178404 , 48 , -281 , 53
0 , 40 , 0 , 41.2 , 0.0216164 , 0.10498 , 0.242039 , 0 , -2.51989 , 2.51618 , 0 , -0.159779 , 0.162661 , -6 , -362 , 25
0 , 40 , 0 , 39.6 , 0.022098 , 0.105078 , 0.243328 , 0 , -2.52446 , 2.5196 , 0 , -0.252904 , 0.184466 , 30 , -235 , 76
0 , 40 , 0 , 41.2 , 0.0226306 , 0.105393 , 0.244315 , 0 , -2.52874 , 2.52304 , 0 , -0.159259 , 0.122591 , 2 , -344 , 135
0 , 40 , 0 , 40 , 0.0232586 , 0.105711 , 0.245149 , 0 , -2.53318 , 2.52624 , 0 , -0.249248 , 0.204977 , 20 , -263 , 37
0 , 40 , 0 , 40.8 , 0.0233901 , 0.106092 , 0.245957 , 0 , -2.53761 , 2.52976 , 0 , -0.183599 , 0.149321 , 20 , -286 , 18
0 , 40 , 0 , 38.8 , 0.0231954 , 0.106663 , 0.247058 , 0 , -2.54072 , 2.5322 , 0 , -0.127664 , 0.105818 , 76 , -302 , 15
0 , 40 , 0 , 39.2 , 0.0233677 , 0.107188 , 0.248173 , 0 , -2.54264 , 2.53322 , 0 , -0.0584004 , 0.0131435 , -25 , -229 , 36
0 , 40 , 0 , 41.2 , 0.0241611 , 0.107259 , 0.248986 , 0 , -2.54334 , 2.53318 , 0 , -0.0214041 , 0 , 57 , -331 , -71
0 , 40 , 0 , 42 , 0.0252904 , 0.106872 , 0.249312 , 0 , -2.54412 , 2.53289 , 0 , -0.0798022 , 0 , 56 , -311 , 1
0 , 40 , 0 , 41.6 , 0.0260312 , 0.106291 , 0.249312 , 0 , -2.54619 , 2.53334 , 0 , -0.172017 , 0.0144567 , 75 , -309 , 69
0 , 40 , 0 , 39.2 , 0.0258658 , 0.106096 , 0.249312 , 0 , -2.54955 , 2.53537 , 0 , -0.176364 , 0.11627 , 2 , -331 , 16
0 , 40 , 0 , 38.4 , 0.0250543 , 0.106628 , 0.249748 , 0 , -2.55247 , 2.53758 , 0 , -0.129468 , 0.0948898 , 39 , -328 , -31
0 , 40 , 0 , 39.6 , 0.0243878 , 0.107507 , 0.250578 , 0 , -2.55452 , 2.53859 , 0 , -0.0656031 , 0.0184832 , -6 , -336 , 13
0 , 40 , 0 , 39.6 , 0.0246897 , 0.107822 , 0.251243 , 1.95412e-05 , -2.55522 , 2.53861 , 0 , -0.0169196 , -0.0109859 , -16 , -287 , -80
0 , 40 , 0 , 41.2 , 0.0256295 , 0.107325 , 0.251538 , 0 , -2.55522 , 2.53724 , 0 , 0 , -0.0596003 , 30 , -229 , -69
0 , 40 , 0 , 42 , 0.0262233 , 0.106704 , 0.251538 , 0 , -2.55514 , 2.53572 , 0 , 0.00330377 , -0.0590361 , 20 , -195 , -11
0 , 40 , 0 , 39.6 , 0.026387 , 0.1064 , 0.251463 , 0 , -2.55522 , 2.53511 , 0 , -0.00393471 , 0 , 75 , -326 , -22
0 , 40 , 0 , 39.6 , 0.0264845 , 0.106528 , 0.251195 , 0 , -2.55555 , 2.53504 , 0 , -0.0240102 , 0 , 12 , -321 , -30
0 , 40 , 0 , 38.8 , 0.0265407 , 0.10693 , 0.250817 , 0 , -2.55555 , 2.53353 , 0 , 0 , -0.0799119 , 49 , -158 , -61
0 , 40 , 0 , 38.8 , 0.0262235 , 0.107327 , 0.250627 , 0 , -2.55452 , 2.53103 , 0 , 0.123365 , -0.163205 , 39 , -96 , -66
0 , 40 , 0 , 39.2 , 0.0258155 , 0.107598 , 0.250735 , 1.95412e-05 , -2.55153 , 2.5273 , 0 , 0.188378 , -0.219399 , 66 , -51 , -30
0 , 40 , 0 , 39.2 , 0.026218 , 0.107324 , 0.250548 , 0 , -2.54729 , 2.52192 , 0 , 0.254662 , -0.300631 , 30 , -69 , 20
0 , 40 , 0 , 42 , 0.0275822 , 0.10639 , 0.249627 , 0 , -2.54186 , 2.51585 , 0 , 0.307733 , -0.292531 , -43 , -45 , -62
0 , 40 , 0 , 39.2 , 0.0287748 , 0.105275 , 0.247966 , 0 , -2.53638 , 2.50942 , 0 , 0.216162 , -0.293263 , 57 , -27 , -29
0 , 40 , 0 , 41.2 , 0.0286692 , 0.104682 , 0.246079 , 0 , -2.53097 , 2.5033 , 0 , 0.276133 , -0.318259 , -52 , -87 , -104
0 , 40 , 0 , 41.2 , 0.0276797 , 0.104765 , 0.244457 , 0 , -2.52593 , 2.49668 , -0.0195412 , 0.235152 , -0.273047 , 30 , -77 , -68
0 , 40 , 0 , 38.4 , 0.0266667 , 0.105194 , 0.243024 , -1.95412e-05 , -2.52196 , 2.49122 , 0 , 0.155829 , -0.258822 , 20 , 13 , 0
0 , 40 , 0 , 39.2 , 0.025562 , 0.105882 , 0.24189 , 0 , -2.51766 , 2.4862 , 0 , 0.227222 , -0.326229 , 66 , -32 , 50
0 , 40 , 0 , 41.2 , 0.02456 , 0.106202 , 0.241157 , 0 , -2.51221 , 2.47991 , 0 , 0.296376 , -0.343428 , 85 , -85 , 34
0 , 40 , 0 , 41.6 , 0.0243215 , 0.105587 , 0.240387 , 0 , -2.50699 , 2.47352 , 0 , 0.224265 , -0.307089 , 57 , -140 , -47
0 , 40 , 0 , 41.2 , 0.0246137 , 0.10456 , 0.239214 , 0 , -2.50281 , 2.46826 , 0 , 0.15704 , -0.251495 , 48 , -15 , -26
0 , 40 , 0 , 38.8 , 0.0242802 , 0.103852 , 0.237996 , 0 , -2.50012 , 2.46418 , 0 , 0.139912 , -0.157376 , 20 , -35 , -28
0 , 40 , 0 , 39.6 , 0.0232368 , 0.103721 , 0.23724 , 0 , -2.49697 , 2.46021 , 0 , 0.204121 , -0.203128 , 48 , -84 , -84
0 , 40 , 0 , 40.8 , 0.0226754 , 0.104017 , 0.236576 , 0 , -2.49277 , 2.45619 , 0 , 0.262414 , -0.187473 , 2 , -112 , -39
0 , 40 , 0 , 38.8 , 0.023383 , 0.10402 , 0.235489 , 0 , -2.48859 , 2.45318 , 0 , 0.154597 , -0.107133 , 39 , -35 , -65
0 , 40 , 0 , 41.2 , 0.0240359 , 0.103608 , 0.233991 , 0 , -2.48444 , 2.45046 , 0 , 0.225128 , -0.150008 , 2 , -40 , -29
0 , 40 , 0 , 40 , 0.023362 , 0.103144 , 0.232841 , 0 , -2.48046 , 2.44757 , 0 , 0.193732 , -0.127775 , -6 , -100 , -12
0 , 40 , 0 , 39.2 , 0.022022 , 0.102842 , 0.232142 , 0 , -2.47768 , 2.44583 , 0 , 0.11326 , -0.0535855 , 30 , -9 , 18
0 , 40 , 0 , 42 , 0.0210817 , 0.102833 , 0.231649 , 0 , -2.47467 , 2.44425 , 0 , 0.161408 , -0.0786679 , 66 , 11 , -33
0 , 40 , 0 , 42 , 0.0209918 , 0.102753 , 0.231019 , 0 , -2.47176 , 2.44263 , 0 , 0.121022 , -0.061437 , 57 , -8 , 11
0 , 40 , 0 , 40.4 , 0.0211585 , 0.102438 , 0.230177 , 0 , -2.47012 , 2.4421 , 0 , 0.0515687 , 0 , 57 , -29 , 2
0 , 40 , 0 , 41.2 , 0.0207109 , 0.102256 , 0.229588 , 0 , -2.46965 , 2.4428 , 0 , 0.00907643 , 0.0617209 , -25 , -47 , 68
0 , 40 , 0 , 40.4 , 0.0196248 , 0.102454 , 0.229588 , 0 , -2.46965 , 2.44464 , 0 , 0 , 0.115582 , -25 , -242 , 64
0 , 40 , 0 , 38.4 , 0.01898 , 0.102796 , 0.229838 , 0 , -2.47104 , 2.44782 , 0 , -0.128956 , 0.207884 , 75 , -286 , 28
0 , 40 , 0 , 41.6 , 0.0189684 , 0.102986 , 0.229964 , 0 , -2.47291 , 2.45126 , 0 , -0.0592508 , 0.157251 , 39 , -306 , 33
0 , 40 , 0 , 41.6 , 0.0188101 , 0.102921 , 0.230318 , 0 , -2.47499 , 2.45449 , 0 , -0.15517 , 0.181272 , 48 , -289 , 43
0 , 40 , 0 , 42 , 0.0182288 , 0.102853 , 0.230966 , 0 , -2.47831 , 2.45875 , 0 , -0.210875 , 0.261245 , 39 , -297 , 12
0 , 40 , 0 , 38.8 , 0.0176147 , 0.103048 , 0.231915 , 1.95412e-05 , -2.4829 , 2.46434 , -0.0195412 , -0.240259 , 0.297883 , 39 , -257 , -19
0 , 40 , 0 , 40.4 , 0.017408 , 0.103594 , 0.233094 , 0 , -2.48702 , 2.47004 , 0.0195412 , -0.193094 , 0.256781 , 20 , -259 , 56
0 , 40 , 0 , 39.2 , 0.0177849 , 0.104085 , 0.234223 , 0 , -2.49167 , 2.47563 , 0 , -0.278364 , 0.292824 , 39 , -272 , 25
0 , 40 , 0 , 41.2 , 0.01846 , 0.104376 , 0.235249 , 0 , -2.49597 , 2.4813 , 0.0195412 , -0.170021 , 0.264903 , -25 , -315 , 31
0 , 40 , 0 , 40 , 0.0190082 , 0.104526 , 0.236256 , 0 , -2.50033 , 2.48726 , 0 , -0.254884 , 0.296676 , 57 , -286 , 57
0 , 40 , 0 , 41.6 , 0.0192562 , 0.104595 , 0.237297 , 0 , -2.50463 , 2.49296 , 0 , -0.20613 , 0.259624 , 57 , -288 , 17
0 , 40 , 0 , 38.8 , 0.0194336 , 0.104789 , 0.2384 , 0 , -2.5091 , 2.49873 , 0 , -0.259625 , 0.288358 , 66 , -258 , 29
0 , 40 , 0 , 39.6 , 0.0197808 , 0.104981 , 0.239403 , -1.95412e-05 , -2.51338 , 2.50459 , 0.0195412 , -0.22461 , 0.31299 , 56 , -274 , -131
0 , 40 , 0 , 41.2 , 0.0201072 , 0.105187 , 0.240378 , -1.95412e-05 , -2.51669 , 2.50934 , 0 , -0.114588 , 0.197184 , 20 , -353 , 71
0 , 40 , 0 , 41.6 , 0.0207071 , 0.105314 , 0.241229 , 0 , -2.51987 , 2.51385 , 0 , -0.144108 , 0.242444 , 20 , -327 , 56
0 , 40 , 0 , 41.6 , 0.0214308 , 0.105285 , 0.241805 , 0 , -2.52423 , 2.51942 , 0 , -0.224266 , 0.319996 , 48 , -309 , 51
0 , 40 , 0 , 40.4 , 0.0213279 , 0.105315 , 0.242639 , 1.95412e-05 , -2.52984 , 2.52661 , -0.0195412 , -0.299098 , 0.380177 , 31 , -281 , 38
0 , 40 , 0 , 41.2 , 0.0204289 , 0.105705 , 0.24405 , 0 , -2.53541 , 2.53388 , 0 , -0.246938 , 0.339058 , 57 , -337 , -2
0 , 40 , 0 , 38.8 , 0.0201258 , 0.106216 , 0.245787 , 0 , -2.54088 , 2.54062 , 0 , -0.331205 , 0.378703 , 20 , -256 , -77
0 , 40 , 0 , 39.6 , 0.0208002 , 0.106554 , 0.247222 , 0 , -2.54633 , 2.54637 , 0 , -0.261361 , 0.210194 , 39 , -269 , 2
0 , 40 , 0 , 42 , 0.0215842 , 0.106609 , 0.248544 , 0 , -2.55055 , 2.55092 , 0 , -0.195149 , 0.201385 , 12 , -352 , 50
0 , 40 , 0 , 41.2 , 0.0222891 , 0.106417 , 0.249699 , 0 , -2.55495 , 2.5553 , 0 , -0.223924 , 0.241149 , 48 , -343 , 38
0 , 40 , 0 , 39.2 , 0.0228803 , 0.106302 , 0.250661 , 0 , -2.55936 , 2.55975 , 0 , -0.153424 , 0.20201 , 39 , -362 , 90
0 , 40 , 0 , 40.8 , 0.023324 , 0.10652 , 0.251582 , 1.95412e-05 , -2.56255 , 2.56312 , 0 , -0.11664 , 0.128842 , -6 , -332 , 68
0 , 40 , 0 , 41.6 , 0.0241243 , 0.106852 , 0.252201 , 1.95412e-05 , -2.56441 , 2.56534 , -0.0195412 , -0.0306118 , 0.0766714 , 12 , -383 , 82
0 , 40 , 0 , 41.2 , 0.0253502 , 0.107019 , 0.252427 , 0 , -2.56611 , 2.56741 , -0.0195412 , -0.115674 , 0.126397 , -33 , -367 , 79
0 , 40 , 0 , 38.8 , 0.0258801 , 0.107076 , 0.25249 , 0 , -2.56802 , 2.56947 , 0 , -0.0555451 , 0.120377 , 39 , -338 , -61
0 , 40 , 0 , 41.6 , 0.0254462 , 0.107157 , 0.252876 , 0 , -2.56865 , 2.57056 , 0 , -0.00862797 , 0 , 30 , -385 , 49
0 , 40 , 0 , 38.8 , 0.0251994 , 0.10722 , 0.253263 , -1.95412e-05 , -2.56939 , 2.57123 , 0 , -0.0781229 , 0.150085 , 76 , -313 , -96
0 , 40 , 0 , 41.6 , 0.0254731 , 0.107185 , 0.253337 , 0 , -2.56997 , 2.57214 , 0 , -0.0195734 , 0 , -16 , -366 , 15
0 , 40 , 0 , 39.2 , 0.0257232 , 0.107094 , 0.253337 , 0 , -2.57068 , 2.57302 , 0 , -0.0532456 , 0.0644212 , 66 , -366 , 14
0 , 40 , 0 , 40.4 , 0.0256135 , 0.107136 , 0.253462 , 0 , -2.57123 , 2.57375 , 0 , -0.0164223 , 0 , 48 , -372 , 48
0 , 40 , 0 , 42 , 0.0255092 , 0.107358 , 0.25366 , 1.95412e-05 , -2.57121 , 2.5738 , 0 , 0 , 0 , -25 , -216 , 34
0 , 40 , 0 , 40.8 , 0.0258259 , 0.10745 , 0.25366 , 0 , -2.57119 , 2.57322 , 0 , 0 , 0 , -52 , -130 , -18
0 , 40 , 0 , 39.2 , 0.0261909 , 0.107407 , 0.2535 , 0 , -2.5708 , 2.57306 , 0 , 0.0439318 , -0.0999373 , 48 , -39 , 109
0 , 40 , 0 , 40 , 0.026109 , 0.107396 , 0.253422 , 0 , -2.5688 , 2.57167 , 0 , 0.145395 , -0.0281345 , 48 , -84 , -115
0 , 40 , 0 , 40.8 , 0.0262508 , 0.10722 , 0.253283 , 0 , -2.56583 , 2.56917 , 0 , 0.190706 , -0.151091 , 39 , -85 , 48
0 , 40 , 0 , 42 , 0.0272468 , 0.106725 , 0.25257 , 0 , -2.56165 , 2.56532 , 0 , 0.245903 , -0.189597 , 85 , -36 , -62
0 , 40 , 0 , 38.8 , 0.0283514 , 0.10601 , 0.251228 , 0 , -2.55735 , 2.5613 , 0 , 0.178621 , -0.182399 , -61 , -97 , 26
0 , 40 , 0 , 39.2 , 0.028357 , 0.105611 , 0.249759 , 0 , -2.55278 , 2.55757 , 0 , 0.235246 , -0.226695 , 76 , -43 , 8
0 , 40 , 0 , 38.8 , 0.0275401 , 0.105711 , 0.248627 , 0 , -2.5476 , 2.55268 , 0 , 0.294293 , -0.287088 , 48 , -46 , -33
0 , 40 , 0 , 38.8 , 0.02727 , 0.105768 , 0.247412 , 0 , -2.541 , 2.5466 , 0 , 0.364572 , -0.330458 , 11 , -47 , -19
0 , 40 , 0 , 38.4 , 0.027943 , 0.105348 , 0.245636 , 0 , -2.53269 , 2.53924 , -0.0195412 , 0.419336 , -0.401529 , 57 , -95 , -45
0 , 40 , 0 , 38.4 , 0.0285453 , 0.104607 , 0.243343 , -1.95412e-05 , -2.52364 , 2.5306 , 0 , 0.52249 , -0.43169 , -6 , -147 , -63
0 , 40 , 0 , 41.2 , 0.0281383 , 0.103945 , 0.240983 , 0 , -2.51336 , 2.52075 , 0 , 0.551489 , -0.510212 , -6 , -73 , 2
0 , 40 , 0 , 39.2 , 0.0274467 , 0.103347 , 0.238636 , 0 , -2.50328 , 2.51088 , 0 , 0.482895 , -0.466004 , -52 , 2 , -12
0 , 40 , 0 , 41.2 , 0.0271427 , 0.102838 , 0.236019 , 1.95412e-05 , -2.4929 , 2.50125 , 0 , 0.514014 , -0.531008 , 76 , -98 , -19
0 , 40 , 0 , 40 , 0.0269747 , 0.102365 , 0.233101 , 0 , -2.48274 , 2.49099 , 0 , 0.482694 , -0.442775 , -34 , -35 , 44
0 , 40 , 0 , 39.2 , 0.0262431 , 0.101953 , 0.230174 , 0 , -2.47391 , 2.4821 , 0 , 0.400021 , -0.434247 , 30 , 0 , 20
0 , 40 , 0 , 38.4 , 0.0244881 , 0.101855 , 0.227836 , 0 , -2.46514 , 2.47352 , 0 , 0.390432 , -0.465634 , 57 , 14 , -36
0 , 40 , 0 , 38.8 , 0.0226052 , 0.101902 , 0.226029 , -1.95412e-05 , -2.45564 , 2.46385 , 0 , 0.537334 , -0.495129 , 56 , -77 , -104
0 , 40 , 0 , 41.6 , 0.0220185 , 0.101466 , 0.224173 , 0 , -2.44591 , 2.45275 , 0 , 0.4245 , -0.528615 , 2 , 43 , 0
0 , 40 , 0 , 41.2 , 0.0223714 , 0.100629 , 0.221957 , 0 , -2.437 , 2.44335 , 0 , 0.429161 , -0.442441 , 48 , -79 , -21
0 , 40 , 0 , 42 , 0.0221989 , 0.0997106 , 0.219606 , 0 , -2.42942 , 2.43457 , 0 , 0.348945 , -0.389523 , 20 , -47 , -17
0 , 40 , 0 , 40.8 , 0.0210102 , 0.0991106 , 0.217686 , 0 , -2.42314 , 2.4274 , 0 , 0.274454 , -0.322815 , -6 , -15 , -54
0 , 40 , 0 , 39.2 , 0.019515 , 0.0990366 , 0.216264 , 0 , -2.41793 , 2.4214 , 0 , 0.219316 , -0.288499 , 12 , -54 , 27
0 , 40 , 0 , 41.2 , 0.018521 , 0.0990839 , 0.2151 , 0 , -2.4139 , 2.41644 , 0 , 0.135077 , -0.186402 , 39 , -15 , -38
0 , 40 , 0 , 39.2 , 0.0179199 , 0.0991253 , 0.214152 , 0 , -2.41124 , 2.41275 , 0 , 0.106703 , -0.161854 , -34 , -34 , -17
0 , 40 , 0 , 40.4 , 0.0172346 , 0.0991084 , 0.213554 , 0 , -2.40952 , 2.41025 , 0 , 0.0607119 , -0.10559 , 57 , -97 , 1
0 , 40 , 0 , 39.2 , 0.0162978 , 0.0989959 , 0.21339 , 0 , -2.40911 , 2.40894 , 0 , 0 , -0.0524453 , 20 , -103 , 48
0 , 40 , 0 , 40 , 0.0155097 , 0.0989084 , 0.213606 , 0 , -2.40946 , 2.40878 , 0 , -0.0325213 , 0.0269979 , 85 , -242 , -17
0 , 40 , 0 , 41.6 , 0.0153406 , 0.0987824 , 0.213872 , 0 , -2.4114 , 2.40999 , 0 , -0.137808 , 0.0412017 , 2 , -270 , 85
0 , 40 , 0 , 40 , 0.0154263 , 0.0986324 , 0.214094 , 0 , -2.41486 , 2.41224 , 0 , -0.218906 , 0.173854 , 94 , -259 , 1
0 , 40 , 0 , 38.4 , 0.0149797 , 0.0988869 , 0.214691 , 0 , -2.41933 , 2.41574 , 0 , -0.307251 , 0.224266 , 75 , -222 , -14
0 , 40 , 0 , 40 , 0.0140261 , 0.0995828 , 0.215829 , 0 , -2.42398 , 2.41963 , 0 , -0.23328 , 0.189351 , 39 , -248 , -17
0 , 40 , 0 , 39.2 , 0.0137299 , 0.100296 , 0.217379 , 0 , -2.42856 , 2.4233 , 0 , -0.244467 , 0.204977 , 57 , -256 , 45
0 , 40 , 0 , 41.2 , 0.0146664 , 0.100625 , 0.218616 , 0 , -2.43264 , 2.4274 , 0 , -0.194374 , 0.215053 , 57 , -294 , 27
0 , 40 , 0 , 40.8 , 0.0157723 , 0.10042 , 0.219547 , 0 , -2.43723 , 2.43149 , 0 , -0.262179 , 0.235814 , 57 , -334 , -14
0 , 40 , 0 , 38.4 , 0.0159867 , 0.100146 , 0.220566 , 0 , -2.44309 , 2.43668 , 0 , -0.360094 , 0.299098 , -6 , -272 , 27
0 , 40 , 0 , 41.2 , 0.0153801 , 0.100475 , 0.22204 , 0 , -2.44878 , 2.44231 , 0 , -0.234494 , 0.253231 , 67 , -366 , 105
0 , 40 , 0 , 39.2 , 0.0152955 , 0.101034 , 0.223727 , 0 , -2.45464 , 2.44735 , 0 , -0.364345 , 0.289928 , 48 , -241 , 19
0 , 40 , 0 , 41.2 , 0.0162619 , 0.101507 , 0.225016 , 0 , -2.46021 , 2.45302 , 0 , -0.246213 , 0.230346 , 56 , -383 , 48
0 , 0 , 0 , 0 , 0.017209 , 0.101753 , 0.226045 , 0 , -2.46559 , 2.45781 , 0 , -0.257119 , 0.202637 , 20 , -345 , 46
0 , 0 , 0 , 0 , 0.0174485 , 0.101747 , 0.227238 , 0 , -2.46979 , 2.46152 , 0 , -0.188377 , 0.163295 , 12 , -277 , 25
0 , 0 , 0 , 0 , 0.0174622 , 0.10183 , 0.228501 , 0 , -2.47295 , 2.46471 , 0 , -0.133295 , 0.103831 , 66 , -283 , 14
0 , 0 , 0 , 0 , 0.0182587 , 0.101779 , 0.229428 , 0 , -2.47502 , 2.46652 , -0.0195412 , -0.0893366 , 0.0722488 , -25 , -291 , -35
0 , 0 , 0 , 0 , 0.0196025 , 0.101541 , 0.229731 , 0 , -2.47596 , 2.46717 , 0 , -0.0173215 , 0 , 76 , -267 , -47
0 , 0 , 0 , 0 , 0.0206207 , 0.101266 , 0.229627 , 0 , -2.4761 , 2.46652 , 0 , 0 , -0.0433021 , 57 , -152 , -130
0 , 0 , 0 , 0 , 0.0210317 , 0.101169 , 0.229384 , 0 , -2.4751 , 2.46484 , 0 , 0.131916 , -0.170813 , 48 , -129 , -35
0 , 0 , 0 , 0 , 0.0212604 , 0.101258 , 0.229113 , 0 , -2.4725 , 2.46187 , 0 , 0.174786 , -0.163205 , 12 , -38 , -69
0 , 0 , 0 , 0 , 0.0219592 , 0.10121 , 0.228454 , 0 , -2.46863 , 2.45752 , 0 , 0.239279 , -0.252252 , 85 , 3 , -22
0 , 0 , 0 , 0 , 0.0229678 , 0.10083 , 0.227255 , 0 , -2.46314 , 2.45216 , 0 , 0.312823 , -0.31637 , 2 , -46 , -74
0 , 0 , 0 , 0 , 0.0236015 , 0.100226 , 0.225692 , 0 , -2.45699 , 2.4454 , 0 , 0.357459 , -0.371976 , 12 , -20 , -11
0 , 0 , 0 , 0 , 0.0235708 , 0.0997111 , 0.224019 , 0 , -2.44882 , 2.4376 , 0 , 0.408525 , -0.426351 , 20 , -66 , -28
0 , 0 , 0 , 0 , 0.023471 , 0.0992706 , 0.222112 , 0 , -2.44008 , 2.42869 , 0 , 0.429789 , -0.480519 , -43 , -2 , -38
0 , 0 , 0 , 0 , 0.0236791 , 0.0988399 , 0.219816 , 0 , -2.42998 , 2.41855 , 0 , 0.52249 , -0.558049 , 49 , -45 , -37
0 , 0 , 0 , 0 , 0.0238748 , 0.0983294 , 0.216984 , 0 , -2.41884 , 2.40698 , 0 , 0.583897 , -0.645273 , 31 , -6 , -15
0 , 0 , 0 , 0 , 0.0236422 , 0.0977564 , 0.213918 , 0 , -2.40626 , 2.39442 , 0 , 0.617087 , -0.644567 , 20 , -50 , -1
0 , 0 , 0 , 0 , 0.023025 , 0.0971223 , 0.21074 , 0 , -2.39291 , 2.38078 , 0 , 0.69009 , -0.729144 , -61 , -7 , -77
0 , 0 , 0 , 0 , 0.0223447 , 0.0963526 , 0.207231 , 0 , -2.37808 , 2.36554 , 0 , 0.763326 , -0.804713 , 2 , -64 , 95
0 , 0 , 0 , 0 , 0.0218931 , 0.0954394 , 0.203359 , 0 , -2.36202 , 2.34939 , 0 , 0.823362 , -0.807485 , 66 , -69 , -98
0 , 0 , 0 , 0 , 0.0214298 , 0.0944354 , 0.199165 , 0 , -2.34478 , 2.33208 , 0 , 0.869138 , -0.915992 , 57 , -45 , 30
0 , 0 , 0 , 0 , 0.0208139 , 0.093413 , 0.19475 , 0 , -2.32626 , 2.31238 , 0 , 0.879571 , -0.981967 , 48 , -3 , 7
0 , 0 , 0 , 0 , 0.0200708 , 0.0922171 , 0.190146 , -1.95412e-05 , -2.30701 , 2.29372 , 0 , 1.02399 , -1.08161 , 11 , -4 , 45
0 , 0 , 0 , 0 , 0.0193287 , 0.0908525 , 0.185243 , 0 , -2.2861 , 2.27146 , 0 , 1.03575 , -1.07863 , 30 , -69 , 85
0 , 0 , 0 , 0 , 0.0188683 , 0.0892725 , 0.179973 , 0 , -2.26416 , 2.24923 , 0 , 1.09474 , -1.1849 , 57 , -12 , -94
0 , 0 , 0 , 0 , 0.0185003 , 0.087688 , 0.174512 , 0 , -2.23963 , 2.22587 , 0 , 1.14443 , -1.24136 , 39 , 31 , -138
0 , 0 , 0 , 0 , 0.0178513 , 0.085985 , 0.168591 , 0 , -2.21659 , 2.20102 , 0 , 1.32408 , -1.25063 , 39 , -101 , 15
0 , 0 , 0 , 0 , 0.0169293 , 0.083815 , 0.16239 , 0 , -2.19093 , 2.1754 , 0 , 1.31295 , -1.32707 , 20 , -76 , -17
0 , 0 , 0 , 0 , 0.0161471 , 0.0814919 , 0.155962 , 0 , -2.16283 , 2.14808 , 0 , 1.3392 , -1.31075 , 21 , -26 , -119
0 , 0 , 0 , 0 , 0.0151993 , 0.0791615 , 0.149365 , 0 , -2.13479 , 2.11982 , 0 , 1.40331 , -1.46833 , 75 , -58 , 20
0 , 0 , 0 , 0 , 0.014004 , 0.0764275 , 0.14246 , 0 , -2.1056 , 2.09051 , 0 , 1.47294 , -1.56224 , 75 , -45 , 34
0 , 0 , 0 , 0 , 0.0129401 , 0.0733743 , 0.135417 , 0 , -2.07527 , 2.05979 , 0 , 1.50606 , -1.52071 , 48 , -9 , -53
0 , 0 , 0 , 0 , 0.0120246 , 0.0703299 , 0.128312 , 0 , -2.04359 , 2.02782 , 0 , 1.65603 , -1.55499 , 20 , -124 , -40
0 , 0 , 0 , 0 , 0.0109276 , 0.0669786 , 0.120923 , 0 , -2.01075 , 1.99476 , 0 , 1.6678 , -1.698 , 85 , -85 , -32
0 , 0 , 0 , 0 , 0.0098145 , 0.063269 , 0.113123 , 0 , -1.9769 , 1.96049 , 0 , 1.73828 , -1.7711 , 20 , -75 , -12
0 , 0 , 0 , 0 , 0.00888539 , 0.0594066 , 0.104827 , 0 , -1.94169 , 1.92514 , -0.0195412 , 1.79139 , -1.79276 , 3 , -45 , -29
0 , 0 , 0 , 0 , 0.00801524 , 0.0554313 , 0.0963176 , 1.95412e-05 , -1.90515 , 1.88859 , -0.0195412 , 1.83772 , -1.9205 , 93 , -54 , 87
0 , 0 , 0 , 0 , 0.00693366 , 0.051463 , 0.0876625 , 0 , -1.86751 , 1.85072 , 0 , 1.90027 , -1.93158 , 39 , -46 , -11
0 , 0 , 0 , 0 , 0.00541276 , 0.0475863 , 0.0788551 , 0 , -1.82872 , 1.81166 , 0 , 1.97885 , -1.97219 , 39 , -82 , 19
0 , 0 , 0 , 0 , 0.00395734 , 0.0437411 , 0.0698526 , 0 , -1.78874 , 1.76941 , 0 , 2.00937 , -2.08068 , 48 , -13 , 86
0 , 0 , 0 , 0 , 0.00295102 , 0.0397119 , 0.0604496 , 0 , -1.74743 , 1.72783 , 0 , 2.04798 , -2.12596 , 31 , -79 , 2
0 , 0 , 0 , 0 , 0.00220189 , 0.0354401 , 0.0507786 , 0 , -1.70512 , 1.68511 , 0 , 2.14541 , -2.23967 , 31 , -28 , 19
0 , 0 , 0 , 0 , 0.00153292 , 0.0311043 , 0.0407304 , 0 , -1.66155 , 1.64111 , 0 , 2.19769 , -2.27443 , -42 , -49 , 54
0 , 0 , 0 , 0 , 0.000642079 , 0.0265188 , 0.0302197 , 0 , -1.61672 , 1.59585 , 0 , 2.23115 , -2.27443 , 48 , -52 , 72
0 , 0 , 0 , 0 , -0.000819309 , 0.0217184 , 0.0196833 , 0 , -1.57062 , 1.5495 , 0 , 2.394 , -2.37221 , -6 , -164 , -3
0 , 0 , 0 , 0 , -0.00256526 , 0.0167295 , 0.00889165 , -1.95412e-05 , -1.52325 , 1.50199 , 0 , 2.3698 , -2.36265 , -33 , -65 , -43
0 , 0 , 0 , 0 , -0.00423657 , 0.0113821 , -0.00204634 , 0 , -1.47485 , 1.45345 , 0 , 2.44137 , -2.40629 , 57 , -77 , -62
0 , 0 , 0 , 0 , -0.00590215 , 0.00569358 , -0.012738 , 0 , -1.42531 , 1.40354 , 0 , 2.49461 , -2.54468 , 39 , -48 , 55
0 , 0 , 0 , 0 , -0.00694896 , -0.000205161 , -0.0239648 , 0 , -1.37212 , 1.35237 , 0 , 2.59827 , -2.67076 , 66 , -118 , 112
0 , 0 , 0 , 0 , -0.00728813 , -0.00590826 , -0.0354537 , -1.95412e-05 , -1.31975 , 1.29988 , 0 , 2.66015 , -2.59252 , 31 , -102 , 0
0 , 0 , 0 , 0 , -0.00780054 , -0.0117052 , -0.047334 , 0 , -1.26652 , 1.24665 , 0 , 2.63624 , -2.69842 , 75 , 2 , 16
0 , 0 , 0 , 0 , -0.00832037 , -0.0180096 , -0.0595723 , 0 , -1.21257 , 1.1926 , 0 , 2.6876 , -2.70933 , 76 , -77 , 148
0 , 0 , 0 , 0 , -0.00913809 , -0.0242581 , -0.0721832 , 0 , -1.15895 , 1.13958 , 0 , 2.61857 , -2.51197 , 57 , -109 , -54
0 , 0 , 0 , 0 , -0.0105874 , -0.0300097 , -0.0844878 , 0 , -1.10695 , 1.08821 , 0 , 2.53506 , -2.57827 , 57 , -39 , 4
0 , 0 , 0 , 0 , -0.0108105 , -0.0354793 , -0.098261 , 0 , -1.0562 , 1.03767 , 0 , 2.64964 , -2.50258 , 39 , -86 , 54
0 , 0 , 0 , 0 , -0.00874846 , -0.0397217 , -0.112985 , 0 , -1.00623 , 0.988235 , 0 , 2.394 , -2.43503 , 12 , -28 , 45
0 , 0 , 0 , 0 , -0.00569583 , -0.0418106 , -0.12889 , 0 , -0.957614 , 0.940262 , 0 , 2.40259 , -2.32057 , 12 , -89 , -78
0 , 0 , 0 , 0 , -0.00344953 , -0.04225 , -0.145138 , 0 , -0.910462 , 0.891331 , 0 , 2.32748 , -2.28885 , 48 , 11 , 1
0 , 0 , 0 , 0 , -0.00316487 , -0.0411785 , -0.16108 , 0 , -0.864286 , 0.845741 , 0 , 2.25149 , -2.29221 , 57 , -18 , 83
0 , 0 , 0 , 0 , -0.00479554 , -0.038323 , -0.17654 , 0 , -0.819419 , 0.801246 , 0 , 2.20804 , -2.25691 , 56 , -86 , 59
0 , 0 , 0 , 0 , -0.00717922 , -0.0349568 , -0.190924 , 0 , -0.775706 , 0.757982 , 0 , 2.09182 , -2.15825 , 2 , -19 , -1
0 , 0 , 0 , 0 , -0.00881508 , -0.0325291 , -0.20467 , 0 , -0.733028 , 0.715949 , 0 , 2.10025 , -2.03995 , -16 , -94 , 5
0 , 0 , 0 , 0 , -0.00894464 , -0.0315645 , -0.217906 , 0 , -0.691757 , 0.675206 , 0 , 2.0715 , -1.98976 , 20 , -68 , 59
0 , 0 , 0 , 0 , -0.0078391 , -0.0319858 , -0.231306 , -1.95412e-05 , -0.649607 , 0.635557 , 0.0195412 , 2.01715 , -1.90877 , 84 , -151 , -14
0 , 0 , 0 , 0 , -0.00688614 , -0.0334516 , -0.244457 , 1.95412e-05 , -0.612615 , 0.597178 , 0 , 1.90799 , -1.91814 , -6 , -34 , -34
0 , 0 , 0 , 0 , -0.00695491 , -0.035201 , -0.257668 , -1.95412e-05 , -0.572986 , 0.559971 , 0.0195412 , 1.79208 , -1.822 , 30 , -31 , -35
0 , 0 , 0 , 0 , -0.00793773 , -0.0358644 , -0.270489 , 0 , -0.536659 , 0.523937 , 0 , 1.80101 , -1.80656 , 75 , -75 , -43
0 , 0 , 0 , 0 , -0.00927328 , -0.0352092 , -0.282402 , 0 , -0.501407 , 0.489135 , 0 , 1.75979 , -1.75256 , 20 , -4 , -64
0 , 0 , 0 , 0 , -0.0102295 , -0.0337373 , -0.293787 , 0 , -0.467346 , 0.455446 , 0 , 1.70292 , -1.5473 , 30 , -45 , -110
0 , 0 , 0 , 0 , -0.0104499 , -0.0322019 , -0.304412 , 1.95412e-05 , -0.4344 , 0.422929 , 0 , 1.63012 , -1.54119 , 20 , -16 , -103
0 , 0 , 0 , 0 , -0.0102164 , -0.030666 , -0.314524 , 0 , -0.402685 , 0.391702 , 0 , 1.61663 , -1.58121 , 66 , -38 , -69
0 , 0 , 0 , 0 , -0.0104234 , -0.0291321 , -0.324343 , 0 , -0.372142 , 0.36157 , 0 , 1.50461 , -1.51579 , 21 , -38 , -20
0 , 0 , 0 , 0 , -0.0112062 , -0.0283728 , -0.334103 , 0 , -0.342967 , 0.332923 , 0 , 1.41816 , -1.40836 , 11 , 86 , -28
0 , 0 , 0 , 0 , -0.0117848 , -0.0286747 , -0.343689 , 0 , -0.314847 , 0.305155 , 0 , 1.37977 , -1.33235 , 48 , -73 , -82
0 , 0 , 0 , 0 , -0.0124628 , -0.0294932 , -0.352619 , 0 , -0.287939 , 0.27854 , 0 , 1.36571 , -1.26241 , 48 , -68 , -62
0 , 0 , 0 , 0 , -0.0134677 , -0.030348 , -0.361098 , 0 , -0.262281 , 0.252257 , 0 , 1.26993 , -1.22387 , 48 , -6 , -73
0 , 0 , 0 , 0 , -0.0143 , -0.0309124 , -0.369105 , 0 , -0.237777 , 0.228104 , 0 , 1.19153 , -1.14722 , 31 , 0 , -99
0 , 0 , 0 , 0 , -0.0151256 , -0.0309849 , -0.376492 , 0 , -0.214503 , 0.205417 , 0 , 1.10402 , -1.154 , 57 , 26 , 2
0 , 0 , 0 , 0 , -0.015872 , -0.0304389 , -0.383712 , -1.95412e-05 , -0.192461 , 0.183843 , 0 , 1.06539 , -1.06782 , 66 , -16 , -114
0 , 0 , 0 , 0 , -0.0161544 , -0.0293644 , -0.390707 , 0 , -0.171474 , 0.163364 , 0 , 0.995301 , -1.00857 , 39 , 0 , -94
0 , 0 , 0 , 0 , -0.0162093 , -0.0283889 , -0.397432 , 0 , -0.151874 , 0.144272 , 0 , 0.970178 , -1.00339 , 39 , -30 , -32
0 , 0 , 0 , 0 , -0.0164287 , -0.0276644 , -0.403801 , 0 , -0.132372 , 0.126177 , 0.0195412 , 0.856128 , -0.819335 , 66 , -12 , -92
0 , 0 , 0 , 0 , -0.0169764 , -0.0272924 , -0.409757 , 1.95412e-05 , -0.116153 , 0.109352 , 0 , 0.843199 , -0.79301 , -6 , -45 , -58
0 , 0 , 0 , 0 , -0.0178592 , -0.0275175 , -0.415157 , 0 , -0.09923 , 0.0938562 , 0 , 0.759615 , -0.75887 , 12 , -17 , -63
0 , 0 , 0 , 0 , -0.0187717 , -0.0282394 , -0.420096 , 0 , -0.0844764 , 0.0792785 , 0 , 0.665411 , -0.683253 , 57 , 44 , -62
0 , 0 , 0 , 0 , -0.0194053 , -0.0290548 , -0.424632 , 0 , -0.0714034 , 0.066225 , 0 , 0.648846 , -0.59819 , 76 , -23 , -164
0 , 0 , 0 , 0 , -0.0197195 , -0.029607 , -0.428794 , 0 , -0.058389 , 0.0543049 , 0 , 0.59789 , -0.568883 , 57 , -18 , -85
0 , 0 , 0 , 0 , -0.0199081 , -0.0298823 , -0.432626 , 0 , -0.0470942 , 0.0433227 , 0 , 0.562605 , -0.552787 , 39 , -56 , -16
0 , 0 , 0 , 0 , -0.0202302 , -0.0297147 , -0.436049 , 0 , -0.0372454 , 0.0338257 , 0 , 0.517645 , -0.465448 , 57 , -31 , -70
0 , 0 , 0 , 0 , -0.0206667 , -0.029117 , -0.439105 , 0 , -0.0283151 , 0.0255012 , 0 , 0.416061 , -0.362766 , 39 , -14 , -131
0 , 0 , 0 , 0 , -0.0211166 , -0.0285382 , -0.44169 , 0 , -0.0206941 , 0.018271 , 0 , 0.363668 , -0.333087 , 66 , -32 , -115
0 , 0 , 0 , 0 , -0.0215496 , -0.0283001 , -0.443964 , 0 , -0.0142455 , 0.0121351 , 0 , 0.29758 , -0.224437 , 48 , -48 , -97
0 , 0 , 0 , 0 , -0.0218548 , -0.0283659 , -0.4458 , 0 , -0.00902801 , 0.00732793 , 0 , 0.209593 , -0.188802 , 75 , 29 , -79
0 , 0 , 0 , 0 , -0.0221741 , -0.0284629 , -0.4472 , 0 , -0.00511978 , 0.00381053 , 0 , 0.150277 , -0.163296 , 56 , 33 , -78
0 , 0 , 0 , 0 , -0.0226022 , -0.0286659 , -0.448267 , 0 , -0.00224723 , 0.00125063 , 0 , 0.115218 , -0.103868 , 39 , 9 , -53
0 , 0 , 0 , 0 , -0.0231495 , -0.0290798 , -0.448936 , 0 , -0.000586235 , 9.77058e-05 , 0 , 0.0684692 , -0.0389106 , 20 , -19 , -64
0 , 0 , 0 , 0 , -0.0237131 , -0.0293805 , -0.449231 , 0 , -3.90823e-05 , -3.90823e-05 , 0 , 0 , -0.00448573 , 66 , 13 , -89
0 , 0 , 0 , 0 , -0.0240694 , -0.0293949 , -0.449231 , 0 , 3.90823e-05 , -7.81646e-05 , 0 , 0 , 0 , -6 , -3 , -101
0 , 0 , 0 , 0 , -0.0240734 , -0.0291497 , -0.449116 , 0 , 3.90823e-05 , -9.77058e-05 , 0 , 0 , 0 , -34 , -35 , -39
0 , 0 , 0 , 0 , -0.023614 , -0.0287193 , -0.449023 , 0 , 3.90823e-05 , -9.77058e-05 , 0 , 0 , 0 , 57 , -35 , -64
0 , 0 , 0 , 0 , -0.0228649 , -0.0283046 , -0.449023 , 0 , 3.90823e-05 , -9.77058e-05 , 0 , 0 , 0 , 57 , -51 , -59
0 , 0 , 0 , 0 , -0.0223109 , -0.0279953 , -0.449023 , 0 , 3.90823e-05 , -9.77058e-05 , 0 , 0 , 0 , 3 , -18 , -138
0 , 0 , 0 , 0 , -0.0221793 , -0.027853 , -0.449023 , 0 , 1.95412e-05 , -9.77058e-05 , 0 , 0 , 0 , 39 , -35 , -53
0 , 0 , 0 , 0 , -0.0222115 , -0.027922 , -0.449023 , 0 , 1.95412e-05 , -9.77058e-05 , 0 , 0 , 0 , 20 , 13 , -70
0 , 0 , 0 , 0 , -0.0221015 , -0.0280819 , -0.449023 , 0 , 3.90823e-05 , -9.77058e-05 , 0 , 0 , 0 , 66 , 45 , -77
0 , 0 , 0 , 0 , -0.0216812 , -0.0282848 , -0.449023 , 0 , 1.95412e-05 , -9.77058e-05 , 0 , 0 , 0 , 30 , -3 , -34
0 , 0 , 0 , 0 , -0.0211408 , -0.0284746 , -0.449023 , 0 , 1.95412e-05 , -7.81646e-05 , 0 , 0 , 0 , 85 , 13 , -16
0 , 0 , 0 , 0 , -0.0208252 , -0.0285018 , -0.449023 , 0 , 1.95412e-05 , -7.81646e-05 , 0 , 0 , 0 , 4 , -18 , -28
0 , 0 , 0 , 0 , -0.020741 , -0.028321 , -0.449023 , 0 , 1.95412e-05 , -7.81646e-05 , 0 , 0 , 0 , 39 , -35 , -28
0 , 0 , 0 , 0 , -0.0206818 , -0.0280087 , -0.449023 , 0 , 1.95412e-05 , -7.81646e-05 , -0.0195412 , 0 , 0 , 103 , -35 , -34
0 , 0 , 0 , 0 , -0.0204672 , -0.0277399 , -0.449023 , 0 , 1.95412e-05 , -5.86235e-05 , 0 , 0 , 0 , 66 , 13 , -59
0 , 0 , 0 , 0 , -0.0201246 , -0.0275912 , -0.449023 , 1.95412e-05 , 1.95412e-05 , -5.86235e-05 , 0 , 0 , 0 , 21 , -18 , -40
0 , 0 , 0 , 0 , -0.01978 , -0.0275851 , -0.449023 , 0 , 1.95412e-05 , -5.86235e-05 , 0 , 0 , 0 , 12 , -3 , -34
0 , 0 , 0 , 0 , -0.0196044 , -0.0277094 , -0.449023 , 0 , 1.95412e-05 , -3.90823e-05 , 0 , 0 , 0 , -34 , -18 , -16
0 , 0 , 0 , 0 , -0.0196035 , -0.0278338 , -0.449023 , 0 , 1.95412e-05 , -3.90823e-05 , 0 , 0 , 0 , 39 , -35 , -16
0 , 0 , 0 , 0 , -0.0195452 , -0.0279152 , -0.449023 , 0 , 1.95412e-05 , -3.90823e-05 , 0 , 0 , 0 , 93 , -51 , 2
0 , 0 , 0 , 0 , -0.0193161 , -0.0279088 , -0.449023 , 0 , 1.95412e-05 , -3.90823e-05 , 0 , 0 , 0 , 12 , -18 , -90
0 , 0 , 0 , 0 , -0.0190345 , -0.0278217 , -0.449023 , 0 , 1.95412e-05 , -3.90823e-05 , 0 , 0 , 0 , 31 , -35 , -3
0 , 0 , 0 , 0 , -0.0188217 , -0.0277029 , -0.449023 , 0 , 1.95412e-05 , -1.95412e-05 , 0 , 0 , 0 , 48 , -3 , -16
0 , 0 , 0 , 0 , -0.0186834 , -0.0275576 , -0.449023 , 0 , 1.95412e-05 , -1.95412e-05 , 0 , 0 , 0 , 39 , 29 , -9
0 , 0 , 0 , 0 , -0.0185532 , -0.0274557 , -0.449023 , 0 , 0 , -1.95412e-05 , 0 , 0 , 0 , 57 , -51 , -28
0 , 0 , 0 , 0 , -0.0183901 , -0.0274068 , -0.449023 , 0 , 0 , -1.95412e-05 , 0 , 0 , 0 , 48 , -19 , -53
0 , 0 , 0 , 0 , -0.0182184 , -0.0274192 , -0.449023 , 0 , 0 , -1.95412e-05 , 0 , 0 , 0 , 12 , -19 , -34
0 , 0 , 0 , 0 , -0.018029 , -0.0274988 , -0.449023 , 0 , 0 , -1.95412e-05 , 0 , 0 , 0 , 66 , -4 , -108
0 , 0 , 0 , 0 , -0.0179086 , -0.0275876 , -0.449023 , 0 , 0 , -1.95412e-05 , 0 , 0 , 0 , -16 , -35 , -23
0 , 0 , 0 , 0 , -0.017862 , -0.0276385 , -0.449023 , 0 , 0 , 0 , 0 , 0 , 0 , -5 , 29 , 2
0 , 0 , 0 , 0 , -0.0177947 , -0.0276061 , -0.449023 , 0 , 0 , 0 , 0 , 0 , 0 , -6 , -19 , -28
0 , 0 , 0 , 0 , -0.0176838 , -0.0275094 , -0.449023 , 0 , 0 , 0 , 0 , 0 , 0 , -34 , -19 , -21
0 , 0 , 0 , 0 , -0.0175586 , -0.0273999 , -0.449023 , 0 , 0 , 0 , 0 , 0 , 0 , 65 , 13 , -66
0 , 0 , 0 , 0 , -0.0174547 , -0.0272998 , -0.449023 , 0 , 0 , 0 , 0 , 0 , 0 , 48 , -2 , -108
0 , 0 , 0 , 0 , -0.0173788 , -0.0272463 , -0.449023 , 0 , 0 , 0 , 0 , 0 , 0 , 39 , -4 , -9
0 , 0 , 0 , 0 , -0.0173169 , -0.027241 , -0.449023 , 0 , 0 , 0 , 0 , 0 , 0 , 2 , -3 , -9
0 , 0 , 0 , 0 , -0.0172407 , -0.0272614 , -0.449023 , 0 , 0 , 0 , 0 , 0 , 0 , 39 , -3 , -84
0 , 0 , 0 , 0 , -0.0171444 , -0.0273176 , -0.449023 , 0 , 0 , 0 , 0 , 0 , 0 , 85 , -3 , -16
0 , 0 , 0 , 0 , -0.0170186 , -0.027344 , -0.449023 , 0 , 0 , 0 , 0 , 0 , 0 , 39 , -3 , -16
0 , 0 , 0 , 0 , -0.0168975 , -0.0273361 , -0.449023 , 0 , 0 , 0 , 0.0195412 , 0 , 0 , 75 , -18 , -45
0 , 0 , 0 , 0 , -0.0168101 , -0.0273916 , -0.449023 , 0 , 0 , 0 , 0 , 0 , 0 , 20 , 13 , 15
0 , 0 , 0 , 0 , -0.0167333 , -0.0274684 , -0.449023 , 0 , 0 , 0 , 0 , 0 , 0 , 66 , -3 , -71
0 , 0 , 0 , 0 , -0.0166314 , -0.0275125 , -0.449023 , 0 , 0 , 0 , 0 , 0 , 0 , 48 , -35 , -53
0 , 0 , 0 , 0 , -0.0165314 , -0.0274991 , -0.449023 , 0 , 0 , 0 , 0 , 0 , 0 , 3 , -35 , 15
0 , 0 , 0 , 0 , -0.0164549 , -0.0274837 , -0.449023 , 0 , 0 , 0 , 0 , 0 , 0 , 48 , -3 , -9
0 , 0 , 0 , 0 , -0.0163602 , -0.0275053 , -0.449023 , 0 , 0 , 0 , 0 , 0 , 0 , 39 , -35 , -53
0 , 0 , 0 , 0 , -0.0162905 , -0.0275098 , -0.449023 , 0 , 0 , 0 , 0 , 0 , 0 , 75 , -18 , 2
0 , 0 , 0 , 0 , -0.0162423 , -0.0274963 , -0.449023 , 0 , 0 , 0 , 0 , 0 , 0 , 2 , 13 , -9
0 , 0 , 0 , 0 , -0.0161606 , -0.0274926 , -0.449023 , 0 , 0 , 0 , 0 , 0 , 0 , -34 , -51 , 15
0 , 0 , 0 , 0 , -0.0160966 , -0.0274679 , -0.449023 , 0 , 1.95412e-05 , 0 , 0 , 0 , 0 , 20 , -51 , 2
0 , 0 , 0 , 0 , -0.0160249 , -0.0274166 , -0.449023 , 0 , 1.95412e-05 , 0 , 0 , 0 , 0 , 39 , -83 , -28
0 , 0 , 0 , 0 , -0.0159385 , -0.0273878 , -0.449023 , 0 , 1.95412e-05 , 0 , 0 , 0 , 0 , -34 , 13 , -34
0 , 0 , 0 , 0 , -0.0158597 , -0.0273363 , -0.449023 , 0 , 1.95412e-05 , 0 , 0 , 0 , 0 , 13 , -35 , -40
0 , 0 , 0 , 0 , -0.0157881 , -0.0272815 , -0.449023 , 0 , 0 , 0 , 0 , 0 , 0 , -34 , 13 , -28
0 , 0 , 0 , 0 , -0.0157474 , -0.0272948 , -0.449023 , 0 , 0 , 0 , 0 , 0 , 0 , 48 , 13 , -23
0 , 0 , 0 , 0 , -0.0157077 , -0.0273202 , -0.449023 , 0 , 0 , 0 , 0 , 0 , 0 , 31 , -3 , -34
0 , 0 , 0 , 0 , -0.0156526 , -0.0273063 , -0.449023 , 0 , 0 , 0 , 0 , 0 , 0 , 57 , 29 , -3
0 , 0 , 0 , 0 , -0.0155935 , -0.0272899 , -0.449023 , 0 , 0 , 0 , 0 , 0 , 0 , 39 , 13 , -40
0 , 0 , 0 , 0 , -0.0155442 , -0.0272625 , -0.449023 , -1.95412e-05 , 0 , 0 , 0.0195412 , 0 , 0 , -88 , -35 , -9
0 , 0 , 0 , 0 , -0.0154941 , -0.0272366 , -0.449023 , 0 , 0 , 0 , 0 , 0 , 0 , 75 , -3 , -23
0 , 0 , 0 , 0 , -0.0154566 , -0.0272723 , -0.449023 , 0 , 0 , 0 , -0.0195412 , 0 , 0 , 39 , -3 , -59
0 , 0 , 0 , 0 , -0.0154394 , -0.0273042 , -0.449023 , 0 , 0 , 0 , 0 , 0 , 0 , 56 , -3 , -16
0 , 0 , 0 , 0 , -0.0154355 , -0.0273163 , -0.449023 , 0 , 0 , 0 , -0.0195412 , 0 , 0 , 48 , -19 , 22
0 , 0 , 0 , 0 , -0.0154309 , -0.02733 , -0.449023 , 0 , 0 , 0 , 0 , 0 , 0 , 75 , 29 , 2
0 , 0 , 0 , 0 , -0.0154185 , -0.0272978 , -0.449023 , 0 , 0 , 0 , 0 , 0 , 0 , 39 , -3 , -28
0 , 0 , 0 , 0 , -0.0154188 , -0.0272671 , -0.449023 , 0 , 0 , 0 , 0 , 0 , 0 , 31 , 77 , -16
0 , 0 , 0 , 0 , -0.0154227 , -0.0273192 , -0.449023 , 0 , 0 , 0 , 0 , 0 , 0 , 39 , -4 , -66
0 , 0 , 0 , 0 , -0.0154129 , -0.0274032 , -0.449023 , 0 , 0 , 0 , 0 , 0 , 0 , -52 , -2 , -40
0 , 0 , 0 , 0 , -0.0153922 , -0.0274044 , -0.449023 , 0 , 0 , 0 , 0 , 0 , 0 , 39 , -35 , -9
0 , 0 , 0 , 0 , -0.0153522 , -0.0273912 , -0.449023 , 0 , 0 , 0 , 0 , 0 , 0 , -25 , -19 , 15
0 , 0 , 0 , 0 , -0.0153098 , -0.0273923 , -0.449023 , 0 , 0 , 0 , 0 , 0 , 0 , -42 , -35 , -16
0 , 0 , 0 , 0 , -0.0152726 , -0.0273501 , -0.449023 , 0 , 0 , 0 , 0 , 0 , 0 , 66 , 29 , -3
0 , 0 , 0 , 0 , -0.0151953 , -0.0273279 , -0.449023 , 0 , 0 , 0 , 0 , 0 , 0 , 39 , -4 , -16
0 , 0 , 0 , 0 , -0.0151128 , -0.0273239 , -0.449023 , 0 , 0 , 0 , 0 , 0 , 0 , 66 , -3 , -23
0 , 0 , 0 , 0 , -0.0150826 , -0.0273211 , -0.449023 , 0 , 0 , 0 , 0 , 0 , 0 , 48 , -3 , -34
0 , 0 , 0 , 0 , -0.0150665 , -0.0273264 , -0.449023 , 0 , 0 , 0 , 0 , 0 , 0 , 56 , 13 , -9
0 , 0 , 0 , 0 , -0.0150601 , -0.0273183 , -0.449023 , 0 , 0 , 0 , 0 , 0 , 0 , 31 , 13 , -16
0 , 0 , 0 , 0 , -0.0150722 , -0.0272893 , -0.449023 , 0 , 0 , 0 , 0 , 0 , 0 , 48 , -51 , -16
0 , 0 , 0 , 0 , -0.0150665 , -0.0272724 , -0.449023 , 0 , 0 , 0 , 0 , 0 , 0 , 20 , 13 , -16
0 , 0 , 0 , 0 , -0.0150318 , -0.027321 , -0.449023 , 0 , 0 , 0 , 0 , 0 , 0 , -6 , -18 , -40
0 , 0 , 0 , 0 , -0.0150138 , -0.0273555 , -0.449023 , 0 , 0 , 0 , 0 , 0 , 0 , 93 , -4 , -34
0 , 0 , 0 , 0 , -0.0150398 , -0.0273531 , -0.449023 , 0 , 0 , 0 , 0 , 0 , 0 , -25 , 13 , -23
0 , 0 , 0 , 0 , -0.0150451 , -0.0273603 , -0.449023 , 0 , 0 , 0 , 0 , 0 , 0 , 12 , -19 , 9
0 , 0 , 0 , 0 , -0.0150081 , -0.0273713 , -0.449023 , 0 , 0 , 0 , 0 , 0 , 0 , 48 , -3 , -53
0 , 0 , 0 , 0 , -0.0149672 , -0.0273567 , -0.449023 , 0 , 0 , 0 , 0 , 0 , 0 , 48 , -2 , -9
0 , 0 , 0 , 0 , -0.0149325 , -0.0273309 , -0.449023 , 0 , 0 , 0 , 0.0195412 , 0 , 0 , -42 , -19 , -34
0 , 0 , 0 , 0 , -0.0149114 , -0.0273224 , -0.449023 , 0 , 0 , 0 , 0 , 0 , 0 , 48 , -4 , -28
0 , 0 , 0 , 0 , -0.0148825 , -0.0273381 , -0.449023 , 0 , 0 , 0 , 0 , 0 , 0 , 48 , 13 , -9
0 , 0 , 0 , 0 , -0.0148485 , -0.0273586 , -0.449023 , 0 , 0 , 0 , 0 , 0 , 0 , 39 , -4 , -34
0 , 0 , 0 , 0 , -0.0148587 , -0.0273546 , -0.449023 , 0 , 0 , 0 , 0 , 0 , 0 , 66 , -18 , -28
0 , 0 , 0 , 0 , -0.0148938 , -0.0273522 , -0.449023 , 0 , 0 , 0 , 0 , 0 , 0 , 20 , -3 , -34
0 , 0 , 0 , 0 , -0.0149048 , -0.0273615 , -0.449023 , 0 , 0 , 0 , 0 , 0 , 0 , 39 , 29 , 9
0 , 0 , 0 , 0 , -0.0148975 , -0.0273888 , -0.449023 , 0 , 0 , 0 , 0 , 0 , 0 , 57 , 29 , -9
0 , 0 , 0 , 0 , -0.0148674 , -0.0274023 , -0.449023 , 0 , 0 , 0 , 0 , 0 , 0 , 20 , -3 , -16
0 , 0 , 0 , 0 , -0.0148483 , -0.0273852 , -0.449023 , 0 , 0 , 0 , 0 , 0 , 0 , 39 , -19 , -34
0 , 0 , 0 , 0 , -0.0148818 , -0.0273627 , -0.449023 , 1.95412e-05 , 0 , 0 , -0.0195412 , 0 , 0 , 39 , 29 , -16
0 , 0 , 0 , 0 , -0.0148981 , -0.0273491 , -0.449023 , 0 , 0 , 0 , 0 , 0 , 0 , 39 , 13 , -34
0 , 0 , 0 , 0 , -0.0149062 , -0.0273389 , -0.449023 , -1.95412e-05 , 0 , 0 , 0 , 0 , 0 , -25 , -3 , -34
0 , 0 , 0 , 0 , -0.0148988 , -0.0273715 , -0.449023 , 0 , 0 , 0 , 0 , 0 , 0 , -61 , -35 , 9
0 , 0 , 0 , 0 , -0.0148589 , -0.0274122 , -0.449023 , 0 , 0 , 0 , 0 , 0 , 0 , 20 , -67 , -9
0 , 0 , 0 , 0 , -0.0148174 , -0.0274106 , -0.449023 , 0 , 0 , 0 , 0 , 0 , 0 , 75 , -3 , -9
0 , 0 , 0 , 0 , -0.0148086 , -0.0274275 , -0.449023 , 0 , 0 , 0 , 0 , 0 , 0 , -6 , -18 , -66
0 , 0 , 0 , 0 , -0.0147974 , -0.027445 , -0.449023 , 0 , 0 , 0 , 0.0195412 , 0 , 0 , 12 , -18 , -40
0 , 0 , 0 , 0 , -0.0147629 , -0.0274424 , -0.449023 , 0 , 0 , 0 , 0 , 0 , 0 , 56 , -19 , -16
0 , 0 , 0 , 0 , -0.0147605 , -0.0274532 , -0.449023 , 0 , 0 , 0 , 0 , 0 , 0 , 93 , -18 , -16
0 , 0 , 0 , 0 , -0.0147946 , -0.0274726 , -0.449023 , 0 , 0 , 0 , 0 , 0 , 0 , 66 , -19 , -9
0 , 0 , 0 , 0 , -0.0148439 , -0.0274654 , -0.449023 , 0 , 0 , 0 , 0 , 0 , 0 , 57 , 29 , 15
0 , 0 , 0 , 0 , -0.0148786 , -0.027448 , -0.449023 , 0 , 0 , 0 , 0 , 0 , 0 , 12 , 13 , -9
0 , 0 , 0 , 0 , -0.0148818 , -0.0274209 , -0.449023 , 0 , 0 , 0 , 0 , 0 , 0 , 20 , -3 , -40
0 , 0 , 0 , 0 , -0.0148638 , -0.0273908 , -0.449023 , 0 , 0 , 0 , 0 , 0 , 0 , 66 , -4 , -34
0 , 0 , 0 , 0 , -0.0149102 , -0.0273772 , -0.449023 , 0 , 0 , 0 , -0.0195412 , 0 , 0 , 76 , -19 , -53
0 , 0 , 0 , 0 , -0.0150151 , -0.0273554 , -0.449023 , 0 , 0 , 0 , 0 , 0 , 0 , 39 , 13 , -28
0 , 0 , 0 , 0 , -0.0150606 , -0.0273404 , -0.449023 , 1.95412e-05 , 0 , 0 , 0 , 0 , 0 , 30 , -19 , -40
0 , 0 , 0 , 0 , -0.0150363 , -0.027346 , -0.449023 , 0 , 0 , 0 , 0 , 0 , 0 , 48 , -35 , -40
0 , 0 , 0 , 0 , -0.0150126 , -0.0273796 , -0.449023 , 0 , 0 , 0 , 0 , 0 , 0 , 3 , -19 , -34
0 , 0 , 0 , 0 , -0.0150074 , -0.0274271 , -0.449023 , 1.95412e-05 , 0 , 0 , 0 , 0 , 0 , 66 , -19 , -16
0 , 0 , 0 , 0 , -0.0150059 , -0.0274484 , -0.449023 , 0 , 0 , 0 , 0 , 0 , 0 , -34 , -51 , -16
0 , 0 , 0 , 0 , -0.0149966 , -0.0274564 , -0.449023 , 0 , 0 , 0 , 0 , 0 , 0 , 39 , 13 , -59
0 , 0 , 0 , 0 , -0.0149924 , -0.0274446 , -0.449023 , 0 , 0 , 0 , 0 , 0 , 0 , 11 , -18 , -9
0 , 0 , 0 , 0 , -0.014998 , -0.0274092 , -0.449023 , 0 , 0 , 0 , 0 , 0 , 0 , -6 , -19 , -28
0 , 0 , 0 , 0 , -0.0149863 , -0.0274109 , -0.449023 , 0 , 0 , 0 , -0.0195412 , 0 , 0 , 48 , -19 , -40
0 , 0 , 0 , 0 , -0.014951 , -0.0274005 , -0.449023 , 0 , 0 , 0 , 0 , 0 , 0 , 48 , -3 , -45
0 , 0 , 0 , 0 , -0.0149351 , -0.0274056 , -0.449023 , 0 , 0 , 0 , 0 , 0 , 0 , 57 , -35 , -40
0 , 0 , 0 , 0 , -0.0149361 , -0.0274138 , -0.449023 , 0 , 0 , 0 , 0 , 0 , 0 , 75 , -3 , -34
0 , 0 , 0 , 0 , -0.0149326 , -0.0273589 , -0.449023 , 0 , 0 , 0 , 0.0195412 , 0 , 0 , -34 , 13 , -28
0 , 0 , 0 , 0 , -0.0149523 , -0.0273389 , -0.449023 , 0 , 0 , 0 , 0 , 0 , 0 , 75 , -18 , -34
0 , 0 , 0 , 0 , -0.0149713 , -0.0273878 , -0.449023 , 0 , 0 , 0 , 0 , 0 , 0 , 48 , -3 , -28
0 , 0 , 0 , 0 , -0.0149725 , -0.0274306 , -0.449023 , 0 , 0 , 0 , 0 , 0 , 0 , -61 , -35 , -34
0 , 0 , 0 , 0 , -0.0149476 , -0.0274405 , -0.449023 , 0 , 0 , 0 , 0 , 0 , 0 , -34 , -35 , -9
0 , 0 , 0 , 0 , -0.0149129 , -0.0274606 , -0.449023 , 0 , 0 , 0 , 0 , 0 , 0 , 30 , -18 , -91
0 , 0 , 0 , 0 , -0.014866 , -0.0274834 , -0.449023 , 0 , 0 , 0 , 0 , 0 , 0 , 49 , -19 , 15
0 , 0 , 0 , 0 , -0.0148302 , -0.0274811 , -0.449023 , 0 , 0 , 0 , 0 , 0 , 0 , 57 , -51 , -3
0 , 0 , 0 , 0 , -0.0147772 , -0.0274806 , -0.449023 , 0 , 0 , 0 , 0 , 0 , 0 , -34 , -3 , -28
0 , 0 , 0 , 0 , -0.0146975 , -0.0274921 , -0.449023 , 0 , 0 , 0 , 0 , 0 , 0 , 66 , -35 , -3
0 , 0 , 0 , 0 , -0.0146695 , -0.0274894 , -0.449023 , 0 , 0 , 0 , 0 , 0 , 0 , 66 , -2 , -16
0 , 0 , 0 , 0 , -0.0146507 , -0.027491 , -0.449023 , 0 , 0 , 0 , 0.0195412 , 0 , 0 , 39 , -35 , -28
0 , 0 , 0 , 0 , -0.0146591 , -0.0274668 , -0.449023 , 0 , 0 , 0 , 0 , 0 , 0 , 75 , -19 , 20
0 , 0 , 0 , 0 , -0.014662 , -0.0274209 , -0.449023 , 0 , 0 , 0 , 0 , 0 , 0 , 57 , -18 , -84
0 , 0 , 0 , 0 , -0.0146408 , -0.0274002 , -0.449023 , 0 , 0 , 0 , 0 , 0 , 0 , 39 , -4 , -28
0 , 0 , 0 , 0 , -0.0146201 , -0.0273795 , -0.449023 , 0 , 0 , 0 , 0 , 0 , 0 , 49 , -19 , -23
0 , 0 , 0 , 0 , -0.0146097 , -0.0273629 , -0.449023 , 0 , 0 , 0 , 0 , 0 , 0 , 20 , -3 , -16
0 , 0 , 0 , 0 , -0.0146137 , -0.0273701 , -0.449023 , 1.95412e-05 , 0 , 0 , -0.0195412 , 0 , 0 , 48 , -18 , -23
0 , 0 , 0 , 0 , -0.0145946 , -0.0273777 , -0.449023 , 0 , 0 , 0 , 0 , 0 , 0 , 48 , -18 , -34
0 , 0 , 0 , 0 , -0.0145799 , -0.0273587 , -0.449023 , 0 , 0 , 0 , 0 , 0 , 0 , 76 , -51 , 9
0 , 0 , 0 , 0 , -0.0146181 , -0.0273742 , -0.449023 , 0 , 0 , 0 , 0 , 0 , 0 , 39 , -35 , 40
0 , 0 , 0 , 0 , -0.014667 , -0.0274163 , -0.449023 , 0 , 0 , 0 , 0 , 0 , 0 , 57 , -35 , -40
0 , 0 , 0 , 0 , -0.0146879 , -0.0274164 , -0.449023 , 0 , 0 , 0 , 0 , 0 , 0 , 75 , -3 , -9
0 , 0 , 0 , 0 , -0.0146881 , -0.027403 , -0.449023 , 0 , 0 , 0 , 0 , 0 , 0 , 93 , -19 , -9
0 , 0 , 0 , 0 , -0.0147037 , -0.0273929 , -0.449023 , 0 , 0 , 0 , 0 , 0 , 0 , 103 , -4 , -53
0 , 0 , 0 , 0 , -0.0147307 , -0.0273833 , -0.449023 , 1.95412e-05 , 0 , 0 , 0 , 0 , 0 , 57 , -19 , 9
0 , 0 , 0 , 0 , -0.0147194 , -0.0273949 , -0.449023 , 0 , 0 , 0 , 0 , 0 , 0 , 48 , -3 , -9
0 , 0 , 0 , 0 , -0.0146956 , -0.0274224 , -0.449023 , 0 , 0 , 0 , 0 , 0 , 0 , 39 , -18 , -16
0 , 0 , 0 , 0 , -0.0146743 , -0.0274418 , -0.449023 , 0 , 0 , 0 , 0.0195412 , 0 , 0 , -6 , -19 , -53
0 , 0 , 0 , 0 , -0.0146843 , -0.0274485 , -0.449023 , 0 , 0 , 0 , 0 , 0 , 0 , 39 , -35 , -34
0 , 0 , 0 , 0 , -0.0147188 , -0.0274681 , -0.449023 , 0 , 0 , 0 , 0 , 0 , 0 , 57 , -19 , 9
0 , 0 , 0 , 0 , -0.014734 , -0.02748 , -0.449023 , 0 , 0 , 0 , -0.0195412 , 0 , 0 , 75 , -19 , -16
7.223334, , 1.000000, -1.743228, 0.743061
5.283175, , 1.000000, -1.754072, 0.753899
0.002148, , 1.000000, -1.944250, 0.950613
0.002275, , 1.000000, -1.933400, 0.940164
