0 , 0 , 0 , 0 , -0.0166839 , -0.0604628 , -0.863655 , 0 , 0 , 0 , -0.0195412 , 0 , 0 , -33 , -3 , 45
0 , 0 , 0 , 0 , -0.016616 , -0.0605579 , -0.863655 , 1.95412e-05 , 0 , 0 , -0.0195412 , 0 , 0 , -16 , 45 , 70
0 , 0 , 0 , 0 , -0.0165481 , -0.0605911 , -0.863655 , 0 , 0 , 0 , 0 , 0 , 0 , -6 , -51 , 2
0 , 0 , 0 , 0 , -0.0165773 , -0.0605648 , -0.863655 , -1.95412e-05 , 0 , 0 , 0 , 0 , 0 , -16 , 13 , 28
0 , 0 , 0 , 0 , -0.0166266 , -0.0605372 , -0.863655 , 0 , 0 , 0 , 0 , 0 , 0 , 66 , -19 , -4
0 , 0 , 0 , 0 , -0.0165928 , -0.0605097 , -0.863655 , 0 , 0 , 0 , 0 , 0 , 0 , -34 , 61 , 39
0 , 0 , 0 , 0 , -0.016503 , -0.0604712 , -0.863655 , 0 , 0 , 0 , 0 , 0 , 0 , 56 , -3 , -54
0 , 0 , 0 , 0 , -0.016502 , -0.0604815 , -0.863655 , 0 , 0 , 0 , 0 , 0 , 0 , 20 , -3 , -54
0 , 0 , 0 , 0 , -0.0165923 , -0.0605176 , -0.863655 , 0 , 0 , 0 , 0 , 0 , 0 , 2 , 45 , 77
0 , 0 , 0 , 0 , -0.0166351 , -0.0605395 , -0.863655 , 0 , 0 , 0 , 0 , 0 , 0 , 2 , -19 , 28
0 , 0 , 0 , 0 , -0.016567 , -0.0605487 , -0.863655 , 0 , 0 , 0 , 0 , 0 , 0 , 75 , -19 , 20
0 , 0 , 0 , 0 , -0.0165025 , -0.0605869 , -0.863655 , -1.95412e-05 , 0 , 0 , 0 , 0 , 0 , -16 , -18 , 70
0 , 0 , 0 , 0 , -0.0164869 , -0.0606008 , -0.863655 , -1.95412e-05 , 0 , 0 , 0.0195412 , 0 , 0 , 75 , -3 , -11
0 , 0 , 0 , 0 , -0.0164734 , -0.0605974 , -0.863655 , 0 , 0 , 0 , 0 , 0 , 0 , 2 , -19 , 65
0 , 0 , 0 , 0 , -0.0164915 , -0.0606427 , -0.863655 , 0 , 0 , 0 , 0 , 0 , 0 , 30 , -18 , 39
0 , 0 , 0 , 0 , -0.0164928 , -0.0606683 , -0.863655 , 0 , 0 , 0 , 0 , 0 , 0 , 20 , 29 , 28
0 , 0 , 0 , 0 , -0.0164522 , -0.0606419 , -0.863655 , 0 , 0 , 0 , 0 , 0 , 0 , -25 , -3 , 20
0 , 0 , 0 , 0 , -0.0164321 , -0.0606647 , -0.863655 , 0 , 0 , 0 , 0 , 0 , 0 , 11 , -19 , -35
0 , 0 , 0 , 0 , -0.0164751 , -0.0607085 , -0.863655 , 0 , 0 , 0 , 0.0195412 , 0 , 0 , -16 , 13 , -72
0 , 0 , 0 , 0 , -0.0165399 , -0.0607034 , -0.863655 , 0 , 0 , 0 , 0 , 0 , 0 , 11 , 45 , 52
0 , 0 , 0 , 0 , -0.0165314 , -0.0607131 , -0.863655 , 0 , 0 , 0 , 0 , 0 , 0 , 20 , 13 , 2
0 , 0 , 0 , 0 , -0.0164724 , -0.0607611 , -0.863655 , 0 , 0 , 0 , 0 , 0 , 0 , -89 , 29 , 22
0 , 0 , 0 , 0 , -0.0164739 , -0.060827 , -0.863655 , 0 , 0 , 0 , 0 , 0 , 0 , 2 , 13 , -4
0 , 0 , 0 , 0 , -0.0165168 , -0.0608733 , -0.863655 , 0 , 0 , 0 , 0 , 0 , 0 , -34 , -51 , 28
0 , 0 , 0 , 0 , -0.016555 , -0.0609243 , -0.863655 , -1.95412e-05 , 0 , 0 , 0 , 0 , 0 , 11 , 45 , 39
0 , 0 , 0 , 0 , -0.0165819 , -0.0609488 , -0.863655 , 0 , 0 , 0 , 0 , 0 , 0 , 20 , -3 , 15
0 , 0 , 0 , 0 , -0.0165878 , -0.060944 , -0.863655 , 0 , 0 , 0 , 0 , 0 , 0 , -6 , -19 , 9
0 , 0 , 0 , 0 , -0.0165927 , -0.0609829 , -0.863655 , 1.95412e-05 , 0 , 0 , 0 , 0 , 0 , 20 , -3 , -35
0 , 0 , 0 , 0 , -0.0165977 , -0.0609789 , -0.863655 , 0 , 0 , 0 , 0 , 0 , 0 , 30 , -35 , 20
0 , 0 , 0 , 0 , -0.0166282 , -0.060935 , -0.863655 , 0 , 0 , 0 , 0 , 0 , 0 , -34 , 13 , 2
0 , 0 , 0 , 0 , -0.0166455 , -0.060928 , -0.863655 , 0 , 0 , 0 , 0.0195412 , 0 , 0 , -16 , -35 , 63
0 , 0 , 0 , 0 , -0.0166136 , -0.0609493 , -0.863655 , 0 , 0 , 0 , 0 , 0 , 0 , 30 , -131 , 20
0 , 0 , 0 , 0 , -0.0165783 , -0.0609795 , -0.863655 , 0 , 0 , 0 , 0 , 0 , 0 , 2 , 13 , -35
0 , 0 , 0 , 0 , -0.0165989 , -0.0610154 , -0.863655 , 0 , 0 , 0 , 0 , 0 , 0 , 30 , -35 , 20
0 , 0 , 0 , 0 , -0.0166647 , -0.0610873 , -0.863655 , 0 , 0 , 0 , 0 , 0 , 0 , -25 , -3 , 20
0 , 0 , 0 , 0 , -0.0166723 , -0.0611219 , -0.863655 , 0 , 0 , 0 , 0 , 0 , 0 , 39 , -4 , 2
0 , 0 , 0 , 0 , -0.0166716 , -0.0610962 , -0.863655 , 0 , 0 , 0 , 0 , 0 , 0 , -34 , 45 , -11
0 , 0 , 0 , 0 , -0.0166743 , -0.0610955 , -0.863655 , 0 , 0 , 0 , 0 , 0 , 0 , -7 , 61 , -16
0 , 0 , 0 , 0 , -0.0167138 , -0.0610976 , -0.863655 , 0 , 0 , 0 , 0 , 0 , 0 , 20 , -19 , 28
0 , 0 , 0 , 0 , -0.0168017 , -0.0610664 , -0.863655 , -1.95412e-05 , 0 , 0 , 0.0195412 , 0 , 0 , 38 , -19 , 9
0 , 0 , 0 , 0 , -0.01685 , -0.0610729 , -0.863655 , 0 , 0 , 0 , 0 , 0 , 0 , 11 , -2 , 34
0 , 0 , 0 , 0 , -0.0168542 , -0.0611003 , -0.863655 , 0 , 0 , 0 , 0 , 0 , 0 , 2 , -3 , 2
0 , 0 , 0 , 0 , -0.0168251 , -0.0610839 , -0.863655 , 0 , 0 , 0 , 0 , 0 , 0 , -6 , -3 , -4
0 , 0 , 0 , 0 , -0.0168276 , -0.0610708 , -0.863655 , 0 , 0 , 0 , -0.0195412 , 0 , 0 , 57 , 45 , 9
0 , 0 , 0 , 0 , -0.0168707 , -0.0610731 , -0.863655 , 0 , 0 , 0 , 0 , 0 , 0 , 39 , -3 , 39
0 , 0 , 0 , 0 , -0.0168493 , -0.0610597 , -0.863655 , 0 , 0 , 0 , 0 , 0 , 0 , 92 , -19 , 28
0 , 0 , 0 , 0 , -0.0167917 , -0.061056 , -0.863655 , 0 , 0 , 0 , 0 , 0 , 0 , 39 , -18 , -4
0 , 0 , 0 , 0 , -0.0167858 , -0.0610901 , -0.863655 , 0 , 0 , 0 , 0 , 0 , 0 , 11 , 13 , 70
0 , 0 , 0 , 0 , -0.0167879 , -0.0611334 , -0.863655 , 0 , 0 , 0 , 0 , 0 , 0 , 30 , 29 , -48
0 , 0 , 0 , 0 , -0.0168017 , -0.061152 , -0.863655 , 0 , 0 , 0 , 0 , 0 , 0 , -25 , 13 , 45
50 , -20 , 51 , -20.4 , -0.016853 , -0.0611548 , -0.863655 , 0 , 0 , 0 , 0 , 0 , 0 , 20 , -19 , 34
50 , -20 , 52.5 , -19.6 , -0.0168802 , -0.0611644 , -0.863655 , 0.00050807 , -0.000429905 , -0.000390823 , 0.0390823 , -0.0610148 , -0.0225301 , 57 , -53 , -118
50 , -20 , 49 , -20.2 , -0.0169812 , -0.0612532 , -0.863556 , 0.00234494 , -0.00238402 , -0.00197366 , 0.136788 , -0.128334 , -0.107133 , 51 , -51 , -46
50 , -20 , 51 , -20.4 , -0.017196 , -0.0611249 , -0.863397 , 0.00566694 , -0.00564739 , -0.00492437 , 0.156329 , -0.194503 , -0.166165 , 82 , -52 , -73
50 , -20 , 52 , -21 , -0.0172039 , -0.0604849 , -0.863276 , 0.0100051 , -0.00980966 , -0.00900847 , 0.254035 , -0.25667 , -0.23208 , 30 , -76 , -81
50 , -20 , 50.5 , -19.2 , -0.0170501 , -0.0592829 , -0.86308 , 0.0154375 , -0.0153203 , -0.0143041 , 0.312658 , -0.259051 , -0.249249 , 75 , -128 , -115
50 , -20 , 50 , -20.6 , -0.0169277 , -0.0575316 , -0.862983 , 0.0222183 , -0.022101 , -0.0207722 , 0.371282 , -0.345453 , -0.346064 , 28 , -137 , -81
50 , -20 , 50.5 , -20.4 , -0.016775 , -0.0551909 , -0.862983 , 0.0301325 , -0.0302106 , -0.0285496 , 0.390823 , -0.427596 , -0.403742 , 29 , -90 , -101
50 , -20 , 51.5 , -20.4 , -0.016661 , -0.0519878 , -0.862864 , 0.03918 , -0.0395122 , -0.037519 , 0.449447 , -0.517874 , -0.501482 , 76 , -18 , -71
50 , -20 , 49.5 , -20.4 , -0.0166272 , -0.0480343 , -0.862685 , 0.0494587 , -0.0496736 , -0.0475827 , 0.586235 , -0.508883 , -0.565863 , 2 , -106 , -16
50 , -20 , 49.5 , -20.4 , -0.0165273 , -0.0438376 , -0.862605 , 0.061027 , -0.0610075 , -0.0588384 , 0.625317 , -0.629682 , -0.547625 , -67 , -71 , -145
50 , -20 , 49 , -20.4 , -0.0162822 , -0.0396418 , -0.862505 , 0.0737092 , -0.0739242 , -0.0714034 , 0.664399 , -0.678511 , -0.647415 , -19 , -86 , -54
50 , -20 , 49.5 , -19.6 , -0.0161269 , -0.035203 , -0.862505 , 0.087603 , -0.088072 , -0.0851799 , 0.781646 , -0.688873 , -0.655373 , 33 , -83 , -120
50 , -20 , 52.5 , -19.6 , -0.0161081 , -0.0303705 , -0.862597 , 0.102845 , -0.102943 , -0.0999139 , 0.762105 , -0.798139 , -0.757406 , -13 , -121 , -83
50 , -20 , 51.5 , -19.4 , -0.0161034 , -0.0250619 , -0.862597 , 0.119006 , -0.119436 , -0.116016 , 0.84027 , -0.885549 , -0.901899 , 139 , 46 , -71
50 , -20 , 48 , -19.8 , -0.0162168 , -0.0191701 , -0.862507 , 0.136534 , -0.13671 , -0.133407 , 0.937975 , -0.90051 , -0.817618 , 70 , -174 , -115
50 , -20 , 51.5 , -19.4 , -0.0163659 , -0.0127104 , -0.862507 , 0.155274 , -0.155606 , -0.151893 , 0.937975 , -0.981967 , -0.921025 , -10 , -22 , -174
50 , -20 , 51.5 , -19.6 , -0.016178 , -0.00558132 , -0.862625 , 0.175226 , -0.17548 , -0.17161 , 1.01614 , -1.00382 , -1.01249 , 15 , -99 , -100
50 , -20 , 51 , -19.8 , -0.0161762 , 0.00196863 , -0.862343 , 0.196193 , -0.19676 , -0.192461 , 1.13339 , -1.07369 , -1.05723 , -44 , -69 , -110
50 , -20 , 52 , -20.2 , -0.0167493 , 0.00995891 , -0.861993 , 0.218607 , -0.218841 , -0.214542 , 1.13339 , -1.16431 , -1.21123 , -37 , -117 , 45
50 , -20 , 50 , -20.2 , -0.0177744 , 0.0186437 , -0.86174 , 0.242017 , -0.242838 , -0.237894 , 1.13339 , -1.16086 , -1.23482 , 140 , -54 , -78
50 , -20 , 50.5 , -20.8 , -0.0185979 , 0.027727 , -0.861469 , 0.268105 , -0.268398 , -0.263493 , 1.27018 , -1.29055 , -1.28984 , -31 , -71 , -134
50 , -20 , 49.5 , -19.2 , -0.0186048 , 0.0369783 , -0.861284 , 0.294016 , -0.293098 , -0.289405 , 1.38742 , -1.20315 , -1.31738 , -40 , -139 , -105
50 , -20 , 51.5 , -19.6 , -0.018256 , 0.0462286 , -0.861703 , 0.321159 , -0.318071 , -0.316274 , 1.36788 , -1.24202 , -1.41346 , 56 , -106 , -78
50 , -20 , 52 , -19.2 , -0.0178877 , 0.0557592 , -0.862127 , 0.34965 , -0.343612 , -0.344432 , 1.46559 , -1.28913 , -1.36731 , -20 , -159 , -192
50 , -20 , 52.5 , -19.4 , -0.0182072 , 0.0655114 , -0.862323 , 0.379196 , -0.37095 , -0.373881 , 1.50467 , -1.24465 , -1.41859 , -3 , -193 , -88
50 , -20 , 52 , -19.8 , -0.0191353 , 0.0755415 , -0.862826 , 0.409759 , -0.39733 , -0.404443 , 1.60237 , -1.28349 , -1.54986 , -51 , -149 , -144
50 , -20 , 52.5 , -19.4 , -0.0195692 , 0.0859491 , -0.863584 , 0.441884 , -0.422343 , -0.4361 , 1.62192 , -1.22387 , -1.65253 , 45 , -172 , -58
50 , -20 , 50.5 , -21 , -0.0188989 , 0.0963362 , -0.86476 , 0.474948 , -0.446867 , -0.46889 , 1.60237 , -1.22579 , -1.69065 , -44 , -49 , -162
50 , -20 , 49.5 , -19.6 , -0.0170664 , 0.10684 , -0.866509 , 0.509145 , -0.469574 , -0.503107 , 1.77825 , -1.15174 , -1.76976 , 1 , -114 , -194
50 , -20 , 49 , -20.2 , -0.0153755 , 0.117575 , -0.868578 , 0.544475 , -0.491441 , -0.538593 , 1.83687 , -0.961037 , -1.78865 , -66 , -264 , -149
50 , -20 , 51.5 , -19.4 , -0.0146712 , 0.127788 , -0.871244 , 0.580998 , -0.511861 , -0.575135 , 1.91503 , -1.0321 , -1.908 , 7 , -86 , -79
50 , -20 , 51 , -20 , -0.0149312 , 0.137669 , -0.87412 , 0.618712 , -0.531305 , -0.612987 , 1.9932 , -0.81819 , -1.95412 , -98 , -158 , -69
50 , -20 , 49.5 , -20.2 , -0.0161388 , 0.147252 , -0.876499 , 0.659651 , -0.550201 , -0.653906 , 1.97366 , -0.892624 , -1.87595 , 10 , -146 , -130
50 , -20 , 51.5 , -19.8 , -0.01722 , 0.156304 , -0.87943 , 0.699906 , -0.56728 , -0.694082 , 2.03228 , -0.830652 , -1.99569 , -39 , -78 , -149
50 , -20 , 49 , -19.4 , -0.0171977 , 0.165715 , -0.883101 , 0.741313 , -0.582541 , -0.735392 , 2.18861 , -0.751581 , -2.15329 , -150 , -155 , -109
50 , -20 , 52.5 , -20.6 , -0.0164893 , 0.175567 , -0.887529 , 0.783952 , -0.597236 , -0.777992 , 2.26677 , -0.717317 , -2.11828 , -95 , -86 , -178
50 , -20 , 49 , -19.6 , -0.0161484 , 0.185518 , -0.892379 , 0.825673 , -0.60984 , -0.819654 , 2.24723 , -0.596373 , -2.16923 , -7 , -201 , -222
50 , -20 , 52.5 , -21 , -0.0166572 , 0.195741 , -0.897984 , 0.870695 , -0.621702 , -0.864618 , 2.28632 , -0.578993 , -2.22058 , 14 , -174 , -184
50 , -20 , 50 , -21 , -0.01789 , 0.206135 , -0.903657 , 0.919196 , -0.633309 , -0.912904 , 2.34494 , -0.540058 , -2.30687 , -28 , -190 , -216
50 , -20 , 48.5 , -20.2 , -0.0189543 , 0.216505 , -0.90957 , 0.966545 , -0.643236 , -0.96037 , 2.36448 , -0.440444 , -2.4503 , 35 , -161 , -164
50 , -20 , 49.5 , -21 , -0.021045 , 0.228035 , -0.91496 , 1.01501 , -0.651483 , -1.00918 , 2.48173 , -0.383156 , -2.50928 , 60 , -196 , -109
50 , -20 , 52 , -20 , -0.0232897 , 0.239357 , -0.921485 , 1.06495 , -0.658654 , -1.05899 , 2.55989 , -0.337009 , -2.54468 , -36 , -257 , -189
50 , -20 , 49 , -19.8 , -0.024367 , 0.249283 , -0.928388 , 1.11611 , -0.664653 , -1.10986 , 2.59897 , -0.245696 , -2.49993 , -62 , -264 , -361
50 , -20 , 50.5 , -20.6 , -0.0251295 , 0.258284 , -0.93586 , 1.16827 , -0.669597 , -1.16209 , 2.61851 , -0.251602 , -2.6647 , 46 , -184 , -223
50 , -20 , 50.5 , -20.6 , -0.0256714 , 0.266613 , -0.943785 , 1.22146 , -0.673506 , -1.21564 , 2.71622 , -0.15199 , -2.81673 , -28 , -193 , -69
50 , -20 , 49 , -19.6 , -0.0266871 , 0.275471 , -0.952077 , 1.27637 , -0.675929 , -1.27012 , 2.79439 , -0.101989 , -2.70466 , -63 , -214 , -219
50 , -20 , 48.5 , -19.2 , -0.0282142 , 0.28467 , -0.960676 , 1.33208 , -0.677238 , -1.32593 , 2.7553 , -0.0423813 , -2.82522 , 15 , -158 , -181
50 , -20 , 51 , -20 , -0.0297246 , 0.293943 , -0.969792 , 1.38908 , -0.677433 , -1.38308 , 2.91163 , -0.00548641 , -2.8458 , -62 , -131 , -307
50 , -20 , 50.5 , -20.2 , -0.0312039 , 0.303521 , -0.979241 , 1.44745 , -0.676867 , -1.44096 , 2.89209 , 0.0547472 , -2.93301 , 29 , 17 , -294
50 , -20 , 52 , -20.6 , -0.0330122 , 0.313172 , -0.988932 , 1.50668 , -0.674483 , -1.50055 , 2.9898 , 0.146778 , -2.94589 , 19 , -16 , -276
50 , -20 , 51.5 , -20.6 , -0.0346185 , 0.323065 , -0.999303 , 1.56697 , -0.670828 , -1.56038 , 2.93117 , 0.236958 , -2.93301 , 31 , -54 , -329
50 , -20 , 51 , -21 , -0.0364123 , 0.332585 , -1.00996 , 1.62668 , -0.665963 , -1.62063 , 3.04842 , 0.288499 , -2.96264 , -91 , -53 , -282
50 , -20 , 48.5 , -20.6 , -0.0388937 , 0.341535 , -1.0208 , 1.68693 , -0.659963 , -1.68007 , 2.91163 , 0.334416 , -2.96451 , 27 , -96 , -193
50 , -20 , 48 , -20.2 , -0.0437163 , 0.352678 , -1.03096 , 1.74669 , -0.652851 , -1.7386 , 3.06796 , 0.34103 , -2.89856 , -123 , 5 , -256
50 , -20 , 52.5 , -19.8 , -0.0489 , 0.362706 , -1.04096 , 1.80691 , -0.644878 , -1.7954 , 2.91163 , 0.454093 , -2.88076 , 81 , 7 , -275
50 , -20 , 48.5 , -20 , -0.05108 , 0.369899 , -1.05139 , 1.86962 , -0.636104 , -1.85444 , 3.06796 , 0.392655 , -2.79824 , -144 , 16 , -216
50 , -20 , 49 , -19.4 , -0.0529098 , 0.37744 , -1.06197 , 1.92983 , -0.627408 , -1.90917 , 2.91163 , 0.468988 , -2.65714 , 63 , -33 , -309
50 , -20 , 52 , -20 , -0.0557147 , 0.38392 , -1.07256 , 1.9896 , -0.617676 , -1.96273 , 3.04842 , 0.529092 , -2.67685 , -159 , -116 , -256
50 , -20 , 50.5 , -20.4 , -0.0592252 , 0.3897 , -1.08291 , 2.04983 , -0.608297 , -2.01528 , 2.89209 , 0.45515 , -2.63624 , 59 , -35 , -201
50 , -20 , 48.5 , -19.6 , -0.0631204 , 0.395982 , -1.09278 , 2.10957 , -0.598741 , -2.06632 , 3.04842 , 0.475839 , -2.41123 , -127 , 35 , -356
50 , -20 , 49.5 , -20.2 , -0.0661967 , 0.402574 , -1.10256 , 2.1693 , -0.587544 , -2.11596 , 2.89209 , 0.611296 , -2.51602 , 47 , -134 , -210
50 , -20 , 51.5 , -20 , -0.0683641 , 0.409228 , -1.11235 , 2.22746 , -0.575761 , -2.16481 , 2.93117 , 0.579279 , -2.41995 , -60 , -96 , -248
50 , -20 , 50.5 , -20.2 , -0.0706316 , 0.414541 , -1.12237 , 2.28559 , -0.565111 , -2.21247 , 2.93117 , 0.448187 , -2.35435 , -75 , 33 , -319
50 , -20 , 48.5 , -19.8 , -0.0742864 , 0.418409 , -1.13185 , 2.34293 , -0.555438 , -2.2588 , 2.89209 , 0.478949 , -2.22691 , -64 , 0 , -307
50 , -20 , 48.5 , -21 , -0.0787034 , 0.42214 , -1.14066 , 2.39952 , -0.545609 , -2.3038 , 2.81393 , 0.47372 , -2.23326 , 21 , -61 , -305
50 , -20 , 49 , -20.8 , -0.0819807 , 0.425835 , -1.14911 , 2.45455 , -0.535525 , -2.34769 , 2.6576 , 0.547882 , -2.10119 , 63 , -112 , -368
50 , -20 , 52 , -19.4 , -0.0838415 , 0.429706 , -1.15767 , 2.50854 , -0.524641 , -2.39031 , 2.73576 , 0.529329 , -2.10119 , -47 , 44 , -272
50 , -20 , 52.5 , -21 , -0.0851526 , 0.434026 , -1.16639 , 2.562 , -0.513385 , -2.4319 , 2.63806 , 0.541055 , -2.09837 , 0 , -36 , -380
50 , -20 , 48 , -19.4 , -0.0873967 , 0.438255 , -1.17507 , 2.61478 , -0.503361 , -2.47303 , 2.61851 , 0.470867 , -2.07884 , -3 , -75 , -303
50 , -20 , 50 , -21 , -0.0909894 , 0.442238 , -1.18329 , 2.66674 , -0.494684 , -2.51385 , 2.63806 , 0.440611 , -2.0276 , -86 , -108 , -313
50 , -20 , 50 , -20.6 , -0.0949038 , 0.445965 , -1.1909 , 2.72023 , -0.486966 , -2.55528 , 2.50127 , 0.306285 , -1.959 , -105 , 6 , -301
50 , -20 , 50.5 , -20.8 , -0.0982424 , 0.449561 , -1.19808 , 2.76957 , -0.480947 , -2.59356 , 2.4231 , 0.247563 , -1.93078 , 33 , 45 , -219
50 , -20 , 48.5 , -20 , -0.100759 , 0.453265 , -1.20494 , 2.81783 , -0.475905 , -2.63065 , 2.4231 , 0.233094 , -1.82485 , -51 , 16 , -289
50 , -20 , 49 , -20.4 , -0.102757 , 0.457119 , -1.21161 , 2.86499 , -0.471841 , -2.66668 , 2.40356 , 0.152307 , -1.70602 , -77 , 7 , -338
50 , -20 , 48 , -20.2 , -0.105084 , 0.461066 , -1.21805 , 2.90864 , -0.469203 , -2.69947 , 2.26677 , 0.108161 , -1.73506 , -62 , -16 , -347
50 , -20 , 48 , -20.2 , -0.108075 , 0.465246 , -1.22397 , 2.95568 , -0.467112 , -2.73475 , 2.12999 , 0.0988913 , -1.55965 , -26 , -95 , -384
50 , -20 , 49 , -20.6 , -0.110976 , 0.469726 , -1.22951 , 2.99925 , -0.46635 , -2.7672 , 2.16907 , 0.0138675 , -1.53013 , 34 , -11 , -305
50 , -20 , 49 , -21 , -0.113542 , 0.47423 , -1.2347 , 3.04154 , -0.466369 , -2.79808 , 2.03228 , 0 , -1.52614 , 45 , -125 , -432
50 , -20 , 49.5 , -20.2 , -0.115869 , 0.478945 , -1.23963 , 3.08262 , -0.466486 , -2.82778 , 2.03228 , 0 , -1.44837 , -54 , -111 , -452
50 , -20 , 49 , -20 , -0.117991 , 0.483745 , -1.24437 , 3.12258 , -0.466643 , -2.85658 , 1.93457 , -0.0441632 , -1.44169 , 48 , -174 , -330
50 , -20 , 50 , -20.6 , -0.120189 , 0.488329 , -1.24888 , 3.16127 , -0.467874 , -2.88402 , 1.85641 , -0.113173 , -1.35114 , 45 , -233 , -410
50 , -20 , 50 , -19.6 , -0.122311 , 0.492382 , -1.25315 , 3.19869 , -0.47059 , -2.9103 , 1.89549 , -0.151952 , -1.38465 , -93 , -252 , -350
50 , -20 , 52 , -19.8 , -0.124617 , 0.495621 , -1.25712 , 3.23512 , -0.474518 , -2.93539 , 1.77825 , -0.239866 , -1.10039 , 92 , -228 , -531
50 , -20 , 49.5 , -19.2 , -0.127367 , 0.498565 , -1.26042 , 3.27017 , -0.479892 , -2.95931 , 1.7587 , -0.267198 , -1.18192 , 10 , -195 , -420
50 , -20 , 51 , -21 , -0.129764 , 0.501822 , -1.26347 , 3.30408 , -0.486067 , -2.98192 , 1.661 , -0.336722 , -1.12737 , -75 , -211 , -505
50 , -20 , 49 , -19.2 , -0.131721 , 0.505747 , -1.26614 , 3.33675 , -0.493395 , -3.00357 , 1.64146 , -0.46416 , -0.956333 , -40 , -199 , -590
50 , -20 , 52.5 , -20.6 , -0.133598 , 0.510324 , -1.26856 , 3.36809 , -0.50209 , -3.0237 , 1.52421 , -0.48731 , -0.97098 , 29 , -237 , -575
50 , -20 , 52 , -19.2 , -0.135759 , 0.514914 , -1.27073 , 3.39844 , -0.512135 , -3.04293 , 1.48513 , -0.567507 , -0.871394 , -43 , -195 , -605
50 , -20 , 49.5 , -19.6 , -0.138225 , 0.519313 , -1.2724 , 3.42898 , -0.524055 , -3.06169 , 1.34834 , -0.545077 , -0.890592 , -31 , -189 , -503
50 , -20 , 52 , -20.2 , -0.1405 , 0.523725 , -1.27365 , 3.45515 , -0.534079 , -3.07765 , 1.38742 , -0.542305 , -0.828009 , -45 , -253 , -478
50 , -20 , 52.5 , -20.8 , -0.141752 , 0.528156 , -1.27473 , 3.48304 , -0.545706 , -3.09372 , 1.25063 , -0.610661 , -0.74348 , 68 , -205 , -509
50 , -20 , 49.5 , -19.4 , -0.142594 , 0.532375 , -1.27598 , 3.50731 , -0.556141 , -3.10722 , 1.21155 , -0.494087 , -0.64545 , -16 , -238 , -633
50 , -20 , 51 , -20.6 , -0.144026 , 0.536145 , -1.27683 , 3.53251 , -0.566303 , -3.12094 , 1.17247 , -0.522721 , -0.567781 , -55 , -122 , -650
50 , -20 , 48 , -21 , -0.145068 , 0.539823 , -1.27752 , 3.55545 , -0.574745 , -3.1327 , 1.11385 , -0.378701 , -0.595767 , -29 , -272 , -527
50 , -20 , 49 , -20.2 , -0.145644 , 0.543378 , -1.27828 , 3.57722 , -0.581916 , -3.14353 , 1.01614 , -0.338177 , -0.475257 , -12 , -240 , -572
50 , -20 , 50.5 , -20.8 , -0.146277 , 0.546482 , -1.27893 , 3.59761 , -0.587993 , -3.15314 , 0.898893 , -0.269285 , -0.439786 , 56 , -267 , -539
50 , -20 , 49 , -21 , -0.146756 , 0.549228 , -1.27959 , 3.61701 , -0.592996 , -3.16143 , 0.918434 , -0.223924 , -0.408809 , 25 , -224 , -505
50 , -20 , 49 , -19.6 , -0.14706 , 0.55139 , -1.2802 , 3.63509 , -0.596631 , -3.16848 , 0.879352 , -0.165415 , -0.303904 , -6 , -205 , -537
50 , -20 , 50 , -20.2 , -0.147235 , 0.552962 , -1.28077 , 3.65207 , -0.599015 , -3.17415 , 0.781646 , -0.0824285 , -0.27876 , 83 , -278 , -523
50 , -20 , 49 , -19.2 , -0.147259 , 0.554194 , -1.28135 , 3.66782 , -0.600383 , -3.17872 , 0.703482 , -0.0582275 , -0.19852 , -26 , -227 , -541
50 , -20 , 50 , -20.4 , -0.147278 , 0.555214 , -1.28187 , 3.68214 , -0.600637 , -3.18185 , 0.664399 , -0.00463124 , -0.0958523 , 68 , -211 , -659
50 , -20 , 49 , -19.8 , -0.147439 , 0.556025 , -1.28228 , 3.69551 , -0.600383 , -3.18398 , 0.644858 , 0.0513969 , -0.12689 , -44 , 13 , -567
50 , -20 , 50 , -19.2 , -0.147567 , 0.556465 , -1.28254 , 3.7077 , -0.597959 , -3.18511 , 0.547152 , 0.147964 , -0.0247103 , -26 , -77 , -645
50 , -20 , 49.5 , -20.6 , -0.146912 , 0.55663 , -1.28281 , 3.71899 , -0.595654 , -3.18521 , 0.586235 , 0.0901059 , -0.00486263 , -88 , -19 , -491
50 , -20 , 50 , -19.4 , -0.146113 , 0.556501 , -1.28339 , 3.72824 , -0.593113 , -3.18521 , 0.449447 , 0.167495 , 0 , 25 , -66 , -37
50 , -20 , 50.5 , -19.8 , -0.145899 , 0.555605 , -1.2837 , 3.7368 , -0.590299 , -3.18341 , 0.390823 , 0.124677 , 0.183656 , 14 , -28 , -7
50 , -20 , 49 , -20.8 , -0.145701 , 0.554303 , -1.28399 , 3.74412 , -0.587251 , -3.17921 , 0.312658 , 0.186817 , 0.213798 , -35 , -45 , 60
50 , -20 , 50 , -20.8 , -0.145962 , 0.552897 , -1.28378 , 3.75018 , -0.58303 , -3.17386 , 0.273576 , 0.236004 , 0.254662 , -50 , -16 , 17
50 , -20 , 50.5 , -20 , -0.145696 , 0.551666 , -1.28328 , 3.75511 , -0.577637 , -3.16766 , 0.17587 , 0.290789 , 0.31501 , 46 , -117 , 31
50 , -20 , 52.5 , -20.6 , -0.144145 , 0.550685 , -1.28303 , 3.75882 , -0.572595 , -3.16031 , 0.17587 , 0.209967 , 0.393445 , -49 , -32 , 2
50 , -20 , 48.5 , -20.4 , -0.143333 , 0.549068 , -1.28295 , 3.76154 , -0.56855 , -3.15238 , 0.0781646 , 0.192776 , 0.334036 , -16 , -49 , 48
50 , -20 , 51.5 , -19.8 , -0.143776 , 0.546194 , -1.28209 , 3.76316 , -0.564251 , -3.14437 , 0.0586235 , 0.251385 , 0.358115 , 20 , -40 , 95
50 , -20 , 50.5 , -21 , -0.14276 , 0.54272 , -1.28105 , 3.76345 , -0.560206 , -3.13622 , -0.0195412 , 0.178024 , 0.383409 , 20 , 46 , 258
50 , -20 , 51.5 , -19.4 , -0.140326 , 0.539499 , -1.28058 , 3.76259 , -0.555751 , -3.12739 , -0.0977058 , 0.252143 , 0.447164 , 2 , -32 , 141
50 , -20 , 50 , -19.6 , -0.139197 , 0.536643 , -1.28008 , 3.76042 , -0.551471 , -3.1185 , -0.136788 , 0.176152 , 0.510656 , -16 , -39 , 98
50 , -20 , 49.5 , -20.8 , -0.139216 , 0.534506 , -1.27911 , 3.7571 , -0.548364 , -3.10869 , -0.234494 , 0.133416 , 0.549423 , -5 , -47 , 118
50 , -20 , 52 , -20.2 , -0.139153 , 0.532898 , -1.27773 , 3.75266 , -0.545159 , -3.09807 , -0.273576 , 0.179276 , 0.534639 , -33 , -53 , -36
50 , -20 , 50 , -20 , -0.138104 , 0.531272 , -1.27625 , 3.74688 , -0.542228 , -3.08911 , -0.351741 , 0.127887 , 0.422816 , -67 , -82 , 1
50 , -20 , 51.5 , -21 , -0.135734 , 0.529191 , -1.27528 , 3.73998 , -0.540508 , -3.08049 , -0.390823 , 0.0525204 , 0.468797 , 13 , -62 , 2
50 , -20 , 50 , -19.4 , -0.134346 , 0.52626 , -1.27454 , 3.73185 , -0.539824 , -3.07156 , -0.488529 , 0.037075 , 0.421141 , 49 , -160 , -17
50 , -20 , 49.5 , -21 , -0.134735 , 0.522711 , -1.27308 , 3.72259 , -0.539942 , -3.06296 , -0.468988 , 0 , 0.456035 , 2 , -174 , -88
50 , -20 , 50 , -20.2 , -0.13407 , 0.519903 , -1.2713 , 3.71216 , -0.540254 , -3.05446 , -0.586235 , -0.00794933 , 0.464708 , -43 , -110 , 5
50 , -20 , 51.5 , -19.2 , -0.131981 , 0.518478 , -1.26999 , 3.70041 , -0.540235 , -3.0467 , -0.68394 , 0.0565863 , 0.340534 , 61 , -158 , 36
50 , -20 , 50.5 , -20 , -0.130503 , 0.517715 , -1.26898 , 3.68847 , -0.539688 , -3.04025 , -0.50807 , 0 , 0.292531 , -44 , -79 , 99
50 , -20 , 51 , -20.4 , -0.129841 , 0.517169 , -1.26798 , 3.67725 , -0.539805 , -3.03484 , -0.605776 , -0.0360803 , 0.261244 , -2 , -239 , -73
50 , -20 , 49.5 , -20.8 , -0.128987 , 0.516609 , -1.26704 , 3.6658 , -0.541427 , -3.03076 , -0.50807 , -0.123417 , 0.1497 , -83 , -224 , 31
50 , -20 , 49 , -19.2 , -0.127828 , 0.51562 , -1.26639 , 3.65486 , -0.543283 , -3.0279 , -0.605776 , -0.0628063 , 0.11604 , -43 , -219 , 9
50 , -20 , 49.5 , -21 , -0.12722 , 0.513963 , -1.2659 , 3.64187 , -0.545296 , -3.02505 , -0.644858 , -0.141329 , 0.154191 , 19 , -162 , 8
50 , -20 , 52.5 , -19.4 , -0.127088 , 0.512521 , -1.26523 , 3.62909 , -0.546859 , -3.02241 , -0.644858 , -0.0661959 , 0.106433 , -118 , -238 , -52
50 , -20 , 49 , -19.8 , -0.126859 , 0.511912 , -1.26435 , 3.61545 , -0.548794 , -3.02079 , -0.644858 , -0.118814 , 0.0787729 , -13 , -222 , -86
50 , -20 , 50.5 , -20.2 , -0.125927 , 0.512288 , -1.26384 , 3.60161 , -0.550553 , -3.01928 , -0.723023 , -0.0520445 , 0.0907201 , 22 , -259 , -69
50 , -20 , 49.5 , -19.8 , -0.125301 , 0.513237 , -1.26359 , 3.5883 , -0.552389 , -3.0177 , -0.605776 , -0.105895 , 0.0463935 , -52 , -227 , 45
50 , -20 , 49 , -21 , -0.125973 , 0.513895 , -1.26321 , 3.57611 , -0.553933 , -3.01624 , -0.586235 , -0.0327682 , 0.121474 , -29 , -241 , -37
50 , -20 , 48 , -21 , -0.126212 , 0.514239 , -1.26253 , 3.56456 , -0.554441 , -3.01452 , -0.586235 , -0.0156279 , 0.0666324 , -20 , -211 , -50
50 , -20 , 52.5 , -20 , -0.125343 , 0.514249 , -1.26218 , 3.55276 , -0.554324 , -3.01401 , -0.605776 , 0.0215234 , 0.00982544 , -36 , -80 , -94
50 , -20 , 49 , -20 , -0.12408 , 0.513869 , -1.26218 , 3.54068 , -0.553816 , -3.01403 , -0.547152 , 0.0159082 , 0 , 0 , -48 , -241
50 , -20 , 49.5 , -20.8 , -0.123684 , 0.513035 , -1.26242 , 3.52991 , -0.553034 , -3.01444 , -0.50807 , 0.0666467 , -0.0203617 , 19 , -46 , -373
50 , -20 , 52.5 , -19.6 , -0.12388 , 0.512246 , -1.26242 , 3.52046 , -0.551022 , -3.01526 , -0.410364 , 0.143755 , -0.0492214 , -31 , -64 , -438
50 , -20 , 52 , -20.4 , -0.123203 , 0.512225 , -1.26257 , 3.51231 , -0.549107 , -3.01719 , -0.410364 , 0.0596492 , -0.140448 , 36 , -55 , -468
50 , -20 , 52 , -20 , -0.122064 , 0.512708 , -1.26322 , 3.5051 , -0.548423 , -3.02038 , -0.273576 , 0.0124148 , -0.161585 , -66 , -68 , -520
50 , -20 , 49 , -19.4 , -0.122035 , 0.512809 , -1.26404 , 3.4991 , -0.548442 , -3.02468 , -0.293117 , 0 , -0.260548 , -34 , -198 , -494
50 , -20 , 50 , -20.4 , -0.122705 , 0.512464 , -1.26454 , 3.49447 , -0.549849 , -3.02913 , -0.214953 , -0.0932594 , -0.20104 , 4 , -212 , -592
50 , -20 , 48.5 , -20.8 , -0.122577 , 0.512343 , -1.26515 , 3.49105 , -0.551119 , -3.03373 , -0.136788 , -0.0329781 , -0.286526 , -96 , -231 , -480
50 , -20 , 50.5 , -19.6 , -0.122743 , 0.512516 , -1.26585 , 3.48761 , -0.551432 , -3.03855 , -0.214953 , -0.00696535 , -0.160876 , 51 , -199 , -506
50 , -20 , 48.5 , -21 , -0.12311 , 0.513437 , -1.26646 , 3.48397 , -0.551647 , -3.04191 , -0.136788 , -0.0504416 , -0.141876 , -3 , -174 , -504
50 , -20 , 50.5 , -20.4 , -0.123701 , 0.515109 , -1.26711 , 3.48071 , -0.551842 , -3.04441 , -0.136788 , 0 , -0.0782899 , -33 , -169 , -498
50 , -20 , 50 , -19.2 , -0.124962 , 0.516716 , -1.26736 , 3.47815 , -0.551412 , -3.04635 , -0.0977058 , 0.0731505 , -0.12254 , -3 , -84 , -527
50 , -20 , 48.5 , -20.4 , -0.125348 , 0.518008 , -1.26751 , 3.47682 , -0.550592 , -3.04844 , -0.0195412 , 0.0131674 , -0.0915992 , -16 , -17 , -502
50 , -20 , 49 , -19.4 , -0.124754 , 0.51857 , -1.26804 , 3.47657 , -0.549321 , -3.04953 , 0 , 0.106317 , -0.0356414 , -23 , -102 , -518
50 , -20 , 51.5 , -19.4 , -0.124837 , 0.517976 , -1.2686 , 3.47715 , -0.548442 , -3.04955 , 0.0781646 , 0.0125698 , 0 , 12 , -37 , -469
50 , -20 , 50.5 , -19.4 , -0.125724 , 0.516808 , -1.26872 , 3.47905 , -0.548442 , -3.04955 , 0.117247 , 0 , 0 , 68 , -162 , -391
50 , -20 , 51.5 , -19.2 , -0.125942 , 0.515942 , -1.26853 , 3.48223 , -0.549361 , -3.04955 , 0.195412 , -0.135201 , 0 , 57 , -193 , -241
50 , -20 , 52.5 , -20.8 , -0.125386 , 0.515649 , -1.26853 , 3.48667 , -0.552096 , -3.04901 , 0.254035 , -0.178295 , 0.0981304 , -11 , -234 , -56
50 , -20 , 50 , -20.6 , -0.125932 , 0.515537 , -1.26853 , 3.4922 , -0.556044 , -3.04742 , 0.293117 , -0.220223 , 0.054492 , 45 , -206 , 38
50 , -20 , 50 , -19.6 , -0.127779 , 0.515571 , -1.26766 , 3.49884 , -0.559932 , -3.0467 , 0.390823 , -0.14482 , 0.00895239 , -35 , -211 , 46
50 , -20 , 49.5 , -20.8 , -0.127937 , 0.516297 , -1.26647 , 3.50633 , -0.56345 , -3.04617 , 0.410364 , -0.232264 , 0.063832 , 57 , -225 , -11
50 , -20 , 49.5 , -19.2 , -0.126151 , 0.517711 , -1.26616 , 3.51569 , -0.567241 , -3.04563 , 0.468988 , -0.155005 , 0.00929827 , 2 , -245 , 27
50 , -20 , 50 , -20.4 , -0.126136 , 0.518728 , -1.26605 , 3.52399 , -0.571032 , -3.04524 , 0.429905 , -0.248404 , 0.0365073 , -46 , -189 , 51
50 , -20 , 52 , -19.4 , -0.127564 , 0.519109 , -1.26536 , 3.53244 , -0.574666 , -3.04479 , 0.390823 , -0.151091 , 0.00983856 , 106 , -293 , 5
50 , -20 , 52 , -21 , -0.127685 , 0.519461 , -1.26444 , 3.54199 , -0.578516 , -3.04481 , 0.527611 , -0.241646 , 0 , 89 , -253 , -255
50 , -20 , 48 , -20.2 , -0.126685 , 0.519931 , -1.26404 , 3.55288 , -0.582209 , -3.04553 , 0.50807 , -0.191705 , -0.0692289 , 30 , -216 , -536
50 , -20 , 51.5 , -20.4 , -0.126435 , 0.520383 , -1.26375 , 3.56356 , -0.584691 , -3.04764 , 0.527611 , -0.118382 , -0.104126 , 66 , -161 , -513
50 , -20 , 52 , -20.8 , -0.126455 , 0.521012 , -1.2634 , 3.57443 , -0.585981 , -3.04973 , 0.625317 , -0.0284542 , -0.135264 , 38 , -260 , -530
50 , -20 , 50 , -19.2 , -0.125486 , 0.52216 , -1.26357 , 3.5866 , -0.586157 , -3.05307 , 0.605776 , -0.005292 , -0.171915 , 82 , -205 , -538
50 , -20 , 49 , -19.4 , -0.124776 , 0.523341 , -1.26423 , 3.59846 , -0.586293 , -3.05647 , 0.625317 , -0.0200397 , -0.16626 , -69 , -220 , -547
50 , -20 , 49.5 , -20.6 , -0.125053 , 0.524255 , -1.265 , 3.60937 , -0.58645 , -3.05889 , 0.547152 , 0 , -0.0380566 , 0 , -191 , -620
50 , -20 , 49 , -19.2 , -0.126368 , 0.524778 , -1.26541 , 3.61894 , -0.585922 , -3.06009 , 0.488529 , 0.0567283 , -0.0127404 , -56 , -82 , -586
50 , -20 , 48 , -19.8 , -0.127265 , 0.525106 , -1.26534 , 3.62727 , -0.583597 , -3.06032 , 0.371282 , 0.163386 , -0.00719554 , -12 , -82 , -438
50 , -20 , 52 , -20 , -0.126745 , 0.525452 , -1.26547 , 3.63438 , -0.58006 , -3.06028 , 0.371282 , 0.196328 , 0 , -9 , -79 , -87
50 , -20 , 49 , -19.6 , -0.125469 , 0.52575 , -1.26615 , 3.64128 , -0.57666 , -3.0595 , 0.351741 , 0.139845 , 0.0515043 , 57 , -54 , 69
50 , -20 , 51.5 , -20.2 , -0.125436 , 0.525474 , -1.26698 , 3.64871 , -0.573005 , -3.05811 , 0.371282 , 0.170317 , 0.099428 , 0 , -46 , 62
50 , -20 , 49 , -19.6 , -0.126554 , 0.524329 , -1.26721 , 3.65584 , -0.569683 , -3.05637 , 0.410364 , 0.161675 , 0.0681817 , 11 , -13 , 130
50 , -20 , 51.5 , -20.4 , -0.126612 , 0.522838 , -1.26721 , 3.66313 , -0.566107 , -3.05465 , 0.371282 , 0.20049 , 0.112737 , -3 , -21 , 100
50 , -20 , 52.5 , -20.2 , -0.125644 , 0.52143 , -1.2675 , 3.67012 , -0.562707 , -3.05276 , 0.371282 , 0.131679 , 0.0482565 , -48 , 1 , 53
50 , -20 , 51.5 , -21 , -0.125302 , 0.520068 , -1.26793 , 3.67778 , -0.560401 , -3.05213 , 0.429905 , 0.0959465 , 0.0101821 , -15 , 76 , 21
50 , -20 , 51 , -21 , -0.125674 , 0.518789 , -1.26801 , 3.68577 , -0.557998 , -3.05231 , 0.3322 , 0.156412 , -0.0130064 , 51 , 8 , -188
50 , -20 , 50.5 , -19.8 , -0.125208 , 0.518054 , -1.26814 , 3.69248 , -0.554285 , -3.05288 , 0.214953 , 0.193476 , -0.100313 , 114 , -48 , -479
50 , -20 , 50.5 , -19.8 , -0.123957 , 0.517965 , -1.26875 , 3.69775 , -0.550826 , -3.05479 , 0.234494 , 0.150239 , -0.134027 , 13 , -54 , -443
50 , -20 , 50 , -21 , -0.123327 , 0.517868 , -1.26963 , 3.70188 , -0.54854 , -3.05608 , 0.156329 , 0.079306 , -0.0647337 , -24 , -30 , -538
50 , -20 , 49.5 , -20.4 , -0.124176 , 0.51724 , -1.27037 , 3.70489 , -0.545999 , -3.05716 , 0.136788 , 0.175309 , -0.047238 , -19 , -65 , -595
50 , -20 , 49 , -20.4 , -0.125169 , 0.516379 , -1.2705 , 3.70649 , -0.542443 , -3.05827 , 0.0586235 , 0.223924 , -0.0646048 , -69 , -61 , -474
50 , -20 , 50.5 , -20.4 , -0.124157 , 0.515971 , -1.27095 , 3.70706 , -0.537909 , -3.0585 , 0 , 0.259166 , 0 , -51 , -63 , -447
50 , -20 , 52 , -20.2 , -0.122855 , 0.515765 , -1.27209 , 3.70635 , -0.533122 , -3.0585 , -0.0390823 , 0.16579 , 0 , -83 , -4 , -492
50 , -20 , 52.5 , -20.4 , -0.123759 , 0.515098 , -1.273 , 3.70561 , -0.529878 , -3.05893 , -0.0195412 , 0.132273 , -0.110568 , -35 , -34 , -541
50 , -20 , 49 , -19.4 , -0.125197 , 0.513994 , -1.27313 , 3.70623 , -0.527865 , -3.06089 , 0.0586235 , 0.0654421 , -0.133477 , -17 , 29 , -524
50 , -20 , 48 , -19.4 , -0.124355 , 0.512786 , -1.27345 , 3.70698 , -0.526947 , -3.06312 , 0 , 0.0174122 , -0.109249 , -38 , 62 , -533
50 , -20 , 52 , -19.6 , -0.122923 , 0.511641 , -1.27446 , 3.70631 , -0.525598 , -3.06442 , -0.0390823 , 0.0924364 , -0.0368782 , -32 , -39 , -584
50 , -20 , 50.5 , -20.8 , -0.123991 , 0.510738 , -1.27512 , 3.70559 , -0.524719 , -3.06534 , 0 , 0.031319 , -0.0950747 , 13 , 26 , -579
50 , -20 , 48 , -20 , -0.125644 , 0.510763 , -1.27495 , 3.70504 , -0.52341 , -3.06747 , -0.0586235 , 0.103721 , -0.119153 , -68 , 26 , -560
50 , -20 , 49.5 , -21 , -0.124721 , 0.511987 , -1.27502 , 3.70313 , -0.520967 , -3.0698 , -0.117247 , 0.176576 , -0.0796293 , -88 , 14 , -573
50 , -20 , 50 , -19.6 , -0.1227 , 0.513527 , -1.27627 , 3.69994 , -0.517313 , -3.07189 , -0.195412 , 0.244264 , -0.0998693 , 19 , -102 , -497
50 , -20 , 52 , -19.4 , -0.123146 , 0.514144 , -1.27755 , 3.6957 , -0.513776 , -3.07416 , -0.234494 , 0.132512 , -0.0803496 , -47 , -17 , -501
50 , -20 , 51.5 , -20.2 , -0.124668 , 0.513703 , -1.27823 , 3.69121 , -0.511607 , -3.07506 , -0.136788 , 0.0884481 , -0.0148944 , -6 , -28 , -525
50 , -20 , 50 , -19.4 , -0.125262 , 0.512599 , -1.27869 , 3.68826 , -0.510474 , -3.07574 , -0.136788 , 0.0418434 , -0.0538312 , 19 , -27 , -522
50 , -20 , 51 , -21 , -0.125493 , 0.511058 , -1.27894 , 3.68533 , -0.510415 , -3.0766 , -0.195412 , 0 , -0.0271351 , 2 , -110 , -576
50 , -20 , 52.5 , -20.8 , -0.125474 , 0.509846 , -1.27912 , 3.68097 , -0.511099 , -3.07738 , -0.234494 , -0.0615921 , -0.0742812 , -20 , -242 , -592
50 , -20 , 51.5 , -20.2 , -0.12548 , 0.509495 , -1.27923 , 3.67659 , -0.513776 , -3.07965 , -0.195412 , -0.153866 , -0.0846422 , 14 , -175 , -564
50 , -20 , 51 , -20.2 , -0.125454 , 0.510108 , -1.2794 , 3.67358 , -0.517704 , -3.08252 , -0.117247 , -0.269657 , -0.202149 , -63 , -75 , -498
50 , -20 , 49 , -20.6 , -0.125971 , 0.511179 , -1.27951 , 3.67063 , -0.522765 , -3.08582 , -0.156329 , -0.271782 , -0.173237 , -86 , -132 , -490
50 , -20 , 49.5 , -20.4 , -0.126979 , 0.512261 , -1.27944 , 3.66633 , -0.527553 , -3.08799 , -0.254035 , -0.198052 , -0.0476912 , -18 , -150 , -601
50 , -20 , 48 , -19.8 , -0.127857 , 0.513634 , -1.2791 , 3.66088 , -0.53107 , -3.08893 , -0.3322 , -0.157801 , -0.0239494 , -92 , -207 , -550
50 , -20 , 51.5 , -20.8 , -0.128275 , 0.515567 , -1.2787 , 3.65406 , -0.533474 , -3.08909 , -0.371282 , -0.109781 , -0.00591578 , 13 , -241 , -448
50 , -20 , 51.5 , -19.8 , -0.128314 , 0.5176 , -1.2785 , 3.64732 , -0.536092 , -3.08909 , -0.312658 , -0.165602 , 0 , 35 , -239 , -377
50 , -20 , 52 , -20.6 , -0.128597 , 0.51888 , -1.27832 , 3.64187 , -0.539864 , -3.08907 , -0.254035 , -0.209519 , 0 , -4 , -270 , -221
50 , -20 , 52.5 , -19.6 , -0.129393 , 0.518982 , -1.27788 , 3.63774 , -0.54471 , -3.08907 , -0.214953 , -0.292824 , 0 , 34 , -210 , -155
50 , -20 , 51 , -20.2 , -0.130057 , 0.518216 , -1.27716 , 3.6346 , -0.551002 , -3.08907 , -0.117247 , -0.362096 , 0 , -41 , -226 , -350
50 , -20 , 51 , -20.4 , -0.130126 , 0.517566 , -1.27633 , 3.63282 , -0.557724 , -3.08909 , -0.0390823 , -0.3502 , 0 , -61 , -153 , -546
50 , -20 , 52 , -19.8 , -0.130257 , 0.517768 , -1.27536 , 3.63219 , -0.563489 , -3.08959 , 0 , -0.222309 , -0.0225658 , -32 , -219 , -661
50 , -20 , 48.5 , -19.6 , -0.13015 , 0.519427 , -1.27441 , 3.63276 , -0.569058 , -3.09139 , 0.0390823 , -0.304379 , -0.0904673 , 12 , -204 , -591
50 , -20 , 51.5 , -20.6 , -0.129522 , 0.522295 , -1.27388 , 3.63346 , -0.574881 , -3.09243 , 0.0195412 , -0.231803 , -0.0166393 , -8 , -282 , -595
50 , -20 , 49.5 , -20.4 , -0.129809 , 0.525203 , -1.27364 , 3.63397 , -0.5792 , -3.09335 , 0.0586235 , -0.163433 , -0.0987923 , 13 , -255 , -538
50 , -20 , 51.5 , -19.2 , -0.131046 , 0.527355 , -1.27297 , 3.63456 , -0.582229 , -3.09438 , 0 , -0.164579 , -0.0162922 , 1 , -240 , -536
50 , -20 , 48.5 , -20.2 , -0.130605 , 0.528828 , -1.2725 , 3.63495 , -0.585609 , -3.09444 , 0.0390823 , -0.214894 , -0.00573926 , 8 , -193 , -476
50 , -20 , 51.5 , -20.4 , -0.12982 , 0.529357 , -1.2725 , 3.63559 , -0.588756 , -3.09442 , 0 , -0.113919 , 0 , 13 , -259 , -12
50 , -20 , 49 , -19.2 , -0.130592 , 0.528855 , -1.27204 , 3.63606 , -0.590827 , -3.09301 , 0.0586235 , -0.0834137 , 0.0626584 , 28 , -213 , -20
50 , -20 , 49 , -19.6 , -0.130727 , 0.528653 , -1.27142 , 3.63665 , -0.59155 , -3.09151 , -0.0195412 , -0.0161408 , 0.0987923 , -23 , -205 , 50
50 , -20 , 50.5 , -19.6 , -0.129871 , 0.529286 , -1.27111 , 3.63594 , -0.591589 , -3.08854 , -0.0781646 , 0 , 0.168168 , -26 , -114 , 24
50 , -20 , 49 , -19.6 , -0.129939 , 0.530261 , -1.27092 , 3.63395 , -0.591472 , -3.08471 , -0.117247 , 0.00581798 , 0.20584 , -71 , -84 , 96
50 , -20 , 51.5 , -19.4 , -0.131084 , 0.530971 , -1.27025 , 3.63073 , -0.590983 , -3.07933 , -0.156329 , 0.050791 , 0.310175 , -86 , -81 , -92
50 , -20 , 48.5 , -20.8 , -0.131685 , 0.530999 , -1.26928 , 3.6276 , -0.590631 , -3.07285 , -0.156329 , 0.0100342 , 0.328237 , 41 , -63 , 14
50 , -20 , 50.5 , -21 , -0.131242 , 0.530125 , -1.26823 , 3.62453 , -0.590084 , -3.06534 , -0.17587 , 0.0416418 , 0.440776 , -65 , -36 , -82
50 , -20 , 50 , -19.4 , -0.130825 , 0.528175 , -1.26721 , 3.62141 , -0.588228 , -3.05776 , -0.117247 , 0.117623 , 0.383913 , -77 , -52 , -3
50 , -20 , 50.5 , -20 , -0.130041 , 0.5259 , -1.26591 , 3.61853 , -0.586762 , -3.05008 , -0.17587 , 0.036493 , 0.384416 , -63 , -30 , 14
50 , -20 , 50 , -20.8 , -0.128408 , 0.524173 , -1.26508 , 3.61543 , -0.584965 , -3.04248 , -0.117247 , 0.123939 , 0.333275 , -53 , -90 , 112
50 , -20 , 52.5 , -19.8 , -0.127863 , 0.522577 , -1.26419 , 3.61253 , -0.582112 , -3.03566 , -0.195412 , 0.171213 , 0.322815 , 48 , -64 , -65
50 , -20 , 51.5 , -19.6 , -0.127231 , 0.521254 , -1.26313 , 3.60937 , -0.579356 , -3.03025 , -0.0977058 , 0.115719 , 0.214108 , -8 , -47 , 46
50 , -20 , 48 , -20 , -0.12508 , 0.520444 , -1.26273 , 3.60761 , -0.577793 , -3.02589 , -0.0781646 , 0.0718946 , 0.202358 , -41 , -54 , -16
50 , -20 , 50.5 , -19.8 , -0.124057 , 0.519074 , -1.2628 , 3.60593 , -0.576034 , -3.02192 , -0.0977058 , 0.116085 , 0.21907 , -30 , -137 , 22
50 , -20 , 52.5 , -19.6 , -0.124512 , 0.51711 , -1.26231 , 3.60405 , -0.574451 , -3.01786 , -0.0781646 , 0.0551801 , 0.196986 , 38 , -81 , -3
50 , -20 , 52.5 , -19.8 , -0.124351 , 0.515437 , -1.26169 , 3.60345 , -0.574041 , -3.01481 , 0 , 0 , 0.0874975 , -28 , -146 , 9
50 , -20 , 49.5 , -20 , -0.123324 , 0.514328 , -1.26126 , 3.60403 , -0.574451 , -3.01307 , 0.0586235 , -0.0402464 , 0.0567724 , 48 , -195 , -31
50 , -20 , 50.5 , -19.2 , -0.122542 , 0.513584 , -1.2611 , 3.6048 , -0.575018 , -3.01248 , 0 , -0.00933405 , 0.0220053 , 66 , -231 , -55
50 , -20 , 51 , -20.8 , -0.122236 , 0.513231 , -1.26095 , 3.60527 , -0.575917 , -3.01215 , 0.0781646 , -0.0658238 , 0.0633346 , 34 , -205 , -6
50 , -20 , 49.5 , -19.8 , -0.122185 , 0.513309 , -1.26095 , 3.6071 , -0.57666 , -3.01157 , 0.117247 , -0.0136946 , 0.0201578 , 68 , -175 , -53
50 , -20 , 48.5 , -20.4 , -0.122666 , 0.513584 , -1.26073 , 3.60904 , -0.576601 , -3.01125 , 0.0586235 , 0 , 0.0434559 , 45 , -65 , -19
50 , -20 , 48.5 , -20.4 , -0.12256 , 0.514107 , -1.26048 , 3.60962 , -0.575311 , -3.00981 , -0.0195412 , 0.117812 , 0.109658 , 48 , -63 , -28
50 , -20 , 51 , -20.6 , -0.122226 , 0.514676 , -1.26057 , 3.60896 , -0.572536 , -3.00736 , -0.0586235 , 0.182855 , 0.102847 , 19 , -44 , 9
50 , -20 , 51.5 , -19.8 , -0.122391 , 0.514938 , -1.26041 , 3.60822 , -0.568413 , -3.0057 , -0.0195412 , 0.2308 , 0.0583086 , 1 , -52 , -12
50 , -20 , 49 , -19.8 , -0.121473 , 0.514854 , -1.26049 , 3.60874 , -0.564583 , -3.00508 , 0.0586235 , 0.181384 , 0.0212026 , 46 , 15 , 2
50 , -20 , 49 , -19.4 , -0.119908 , 0.513992 , -1.26127 , 3.60953 , -0.560479 , -3.00473 , 0 , 0.229895 , 0.0357928 , 12 , -3 , 36
50 , -20 , 51.5 , -21 , -0.119705 , 0.512051 , -1.26207 , 3.60888 , -0.556278 , -3.00334 , -0.0195412 , 0.162122 , 0.149549 , 28 , 40 , -46
50 , -20 , 50.5 , -21 , -0.120652 , 0.509778 , -1.2624 , 3.60812 , -0.551979 , -3.00158 , 0.0195412 , 0.244264 , 0.0309088 , -28 , -18 , 68
50 , -20 , 51 , -19.2 , -0.121108 , 0.508085 , -1.26234 , 3.6088 , -0.546566 , -3.00111 , 0.0586235 , 0.293117 , 0.00701306 , 29 , -64 , 2
50 , -20 , 49 , -20.6 , -0.119472 , 0.50752 , -1.2627 , 3.61072 , -0.54131 , -3.00113 , 0.136788 , 0.224523 , 0 , 34 , -30 , -222
50 , -20 , 49.5 , -19.6 , -0.117665 , 0.507494 , -1.26401 , 3.61261 , -0.53574 , -3.00209 , 0.0586235 , 0.336722 , -0.127275 , 31 , -72 , -375
50 , -20 , 48.5 , -20.8 , -0.1186 , 0.506761 , -1.265 , 3.61312 , -0.530406 , -3.00432 , 0 , 0.243857 , -0.082475 , 16 , -39 , -449
50 , -20 , 51 , -20.8 , -0.119205 , 0.505541 , -1.26563 , 3.61238 , -0.525286 , -3.00631 , -0.0586235 , 0.256668 , -0.135201 , -33 , -18 , -462
50 , -20 , 52 , -20 , -0.11819 , 0.504075 , -1.26677 , 3.6116 , -0.520029 , -3.00957 , 0 , 0.249038 , -0.202708 , 0 , -3 , -512
50 , -20 , 52 , -19.4 , -0.117381 , 0.502461 , -1.26822 , 3.6121 , -0.51573 , -3.01383 , 0.0781646 , 0.191328 , -0.255328 , 31 , -15 , -498
50 , -20 , 51.5 , -21 , -0.117562 , 0.501077 , -1.26966 , 3.61392 , -0.512682 , -3.01948 , 0.136788 , 0.11664 , -0.345656 , -13 , -27 , -465
0 , 0 , 0 , 0 , -0.118082 , 0.500379 , -1.27085 , 3.6167 , -0.510591 , -3.02608 , 0.0977058 , 0.127775 , -0.268054 , 20 , 1 , -594
0 , 0 , 0 , 0 , -0.1182 , 0.500617 , -1.27218 , 3.6182 , -0.507777 , -3.03152 , 0.0586235 , 0.183888 , -0.266348 , 13 , -14 , -533
0 , 0 , 0 , 0 , -0.118308 , 0.501748 , -1.27367 , 3.61869 , -0.503673 , -3.03638 , 0 , 0.24406 , -0.298489 , -3 , -45 , -350
0 , 0 , 0 , 0 , -0.119136 , 0.503361 , -1.27523 , 3.61799 , -0.49826 , -3.04017 , -0.0390823 , 0.315688 , -0.149433 , -35 , -36 , -469
0 , 0 , 0 , 0 , -0.120371 , 0.504705 , -1.27658 , 3.61605 , -0.491831 , -3.04234 , -0.117247 , 0.348532 , -0.0927286 , -23 , -2 , -522
0 , 0 , 0 , 0 , -0.121098 , 0.505217 , -1.27789 , 3.61294 , -0.484367 , -3.04355 , -0.17587 , 0.405698 , -0.0464746 , 14 , 52 , -478
0 , 0 , 0 , 0 , -0.121234 , 0.504394 , -1.27922 , 3.60853 , -0.475319 , -3.04377 , -0.195412 , 0.496386 , -0.00453464 , -65 , -16 , -382
0 , 0 , 0 , 0 , -0.120892 , 0.502207 , -1.28073 , 3.6031 , -0.464884 , -3.04369 , -0.273576 , 0.53149 , 0.0109597 , -53 , -34 , 2
0 , 0 , 0 , 0 , -0.120478 , 0.499187 , -1.28241 , 3.59647 , -0.453453 , -3.04174 , -0.429905 , 0.605614 , 0.204548 , 18 , -14 , -8
0 , 0 , 0 , 0 , -0.120422 , 0.496098 , -1.28414 , 3.58846 , -0.4412 , -3.03791 , -0.410364 , 0.624649 , 0.237534 , -69 , 46 , 34
0 , 0 , 0 , 0 , -0.121389 , 0.493352 , -1.28554 , 3.5793 , -0.427326 , -3.03281 , -0.50807 , 0.732793 , 0.247878 , -37 , -45 , 88
0 , 0 , 0 , 0 , -0.122033 , 0.490902 , -1.28676 , 3.56894 , -0.411498 , -3.02614 , -0.50807 , 0.767319 , 0.36232 , -20 , -50 , -57
0 , 0 , 0 , 0 , -0.121687 , 0.488182 , -1.28823 , 3.5576 , -0.396451 , -3.01907 , -0.586235 , 0.86274 , 0.397445 , -45 , -17 , -19
0 , 0 , 0 , 0 , -0.121643 , 0.484579 , -1.2896 , 3.5441 , -0.377848 , -3.01014 , -0.703482 , 0.895014 , 0.476225 , -21 , -35 , 8
0 , 0 , 0 , 0 , -0.121553 , 0.480017 , -1.29086 , 3.53005 , -0.359577 , -3.00025 , -0.762105 , 0.9463 , 0.544321 , 56 , 16 , 16
0 , 0 , 0 , 0 , -0.121114 , 0.474591 , -1.2921 , 3.51508 , -0.339586 , -2.98935 , -0.820728 , 1.04312 , 0.596067 , -13 , -62 , -10
0 , 0 , 0 , 0 , -0.120347 , 0.468552 , -1.29327 , 3.49853 , -0.318755 , -2.97719 , -0.859811 , 1.05533 , 0.607808 , -12 , -1 , 113
0 , 0 , 0 , 0 , -0.118979 , 0.462199 , -1.29472 , 3.48094 , -0.296342 , -2.96389 , -0.898893 , 1.13611 , 0.725985 , 34 , -33 , -50
0 , 0 , 0 , 0 , -0.118051 , 0.455502 , -1.2961 , 3.46224 , -0.273205 , -2.94935 , -0.937975 , 1.24532 , 0.774414 , -65 , -11 , 70
0 , 0 , 0 , 0 , -0.117686 , 0.448783 , -1.29719 , 3.44221 , -0.248466 , -2.93323 , -1.05522 , 1.2106 , 0.848385 , 38 , -99 , -16
0 , 0 , 0 , 0 , -0.116825 , 0.441998 , -1.29818 , 3.42109 , -0.224743 , -2.91636 , -1.03568 , 1.16431 , 0.86274 , -52 , -15 , 19
0 , 0 , 0 , 0 , -0.115591 , 0.434765 , -1.29906 , 3.39864 , -0.202271 , -2.89807 , -1.0943 , 1.12574 , 0.97462 , -93 , 29 , -51
0 , 0 , 0 , 0 , -0.114296 , 0.426868 , -1.29964 , 3.37505 , -0.180619 , -2.8788 , -1.27018 , 1.0577 , 0.97462 , 1 , -54 , 19
0 , 0 , 0 , 0 , -0.11303 , 0.418588 , -1.29988 , 3.35043 , -0.160746 , -2.85795 , -1.25063 , 0.974214 , 1.12198 , -56 , 10 , -93
0 , 0 , 0 , 0 , -0.112078 , 0.410931 , -1.29904 , 3.32426 , -0.141439 , -2.83663 , -1.3288 , 0.940981 , 1.08462 , -16 , -34 , 38
0 , 0 , 0 , 0 , -0.111182 , 0.403584 , -1.29843 , 3.29716 , -0.123774 , -2.81348 , -1.46559 , 0.802504 , 1.20998 , 33 , 29 , -80
0 , 0 , 0 , 0 , -0.110379 , 0.395589 , -1.29725 , 3.26892 , -0.107027 , -2.78938 , -1.44605 , 0.839869 , 1.29126 , -18 , -89 , -38
0 , 0 , 0 , 0 , -0.109443 , 0.387789 , -1.29559 , 3.2391 , -0.0915699 , -2.7641 , -1.48513 , 0.69644 , 1.3392 , -73 , -2 , -34
0 , 0 , 0 , 0 , -0.107815 , 0.380487 , -1.29363 , 3.20831 , -0.0776761 , -2.73746 , -1.56329 , 0.682261 , 1.34457 , 81 , -24 , -2
0 , 0 , 0 , 0 , -0.105866 , 0.373029 , -1.29134 , 3.17645 , -0.0643295 , -2.70979 , -1.661 , 0.609383 , 1.42897 , 63 , 2 , -76
0 , 0 , 0 , 0 , -0.104251 , 0.365732 , -1.2887 , 3.14347 , -0.0524485 , -2.68089 , -1.70008 , 0.487107 , 1.46011 , 49 , 14 , -15
0 , 0 , 0 , 0 , -0.102991 , 0.358701 , -1.2856 , 3.10933 , -0.0421503 , -2.6507 , -1.71962 , 0.578425 , 1.51973 , -69 , -3 , 14
0 , 0 , 0 , 0 , -0.101499 , 0.351736 , -1.28203 , 3.07388 , -0.0326924 , -2.61934 , -1.83687 , 0.448874 , 1.54679 , -2 , 1 , -56
0 , 0 , 0 , 0 , -0.0995565 , 0.344994 , -1.27814 , 3.03722 , -0.0242701 , -2.58696 , -1.81733 , 0.38141 , 1.62842 , 4 , -5 , -72
0 , 0 , 0 , 0 , -0.0974996 , 0.338087 , -1.27394 , 2.99941 , -0.0171571 , -2.55323 , -1.93457 , 0.319996 , 1.71915 , -17 , -10 , -94
0 , 0 , 0 , 0 , -0.0956823 , 0.331007 , -1.26947 , 2.96045 , -0.0115488 , -2.51835 , -1.89549 , 0.268667 , 1.78051 , -88 , -10 , -90
0 , 0 , 0 , 0 , -0.0939883 , 0.324066 , -1.26457 , 2.92025 , -0.00699573 , -2.48229 , -1.93457 , 0.191829 , 1.84061 , -77 , 45 , -65
0 , 0 , 0 , 0 , -0.0921893 , 0.317239 , -1.25935 , 2.87882 , -0.00361511 , -2.44495 , -2.05182 , 0.122694 , 1.9158 , -33 , 33 , -110
0 , 0 , 0 , 0 , -0.0903491 , 0.310718 , -1.25374 , 2.83632 , -0.00140696 , -2.40645 , -2.07136 , 0.107605 , 1.96888 , -48 , 29 , -41
0 , 0 , 0 , 0 , -0.0885859 , 0.304224 , -1.24755 , 2.79261 , -0.000312659 , -2.36669 , -2.14953 , 0.0124291 , 1.99569 , -84 , 62 , 14
0 , 0 , 0 , 0 , -0.0866657 , 0.297638 , -1.24107 , 2.74538 , -0.000195412 , -2.32376 , -2.24723 , 0.00479226 , 2.06238 , -22 , 45 , -80
0 , 0 , 0 , 0 , -0.0842433 , 0.290863 , -1.23429 , 2.6992 , -0.000136788 , -2.2837 , -2.38402 , 0 , 2.20181 , 60 , 45 , -128
0 , 0 , 0 , 0 , -0.081743 , 0.284075 , -1.22743 , 2.65166 , -9.77058e-05 , -2.23822 , -2.44264 , 0.00224943 , 2.28107 , 65 , 61 , -112
0 , 0 , 0 , 0 , -0.0793736 , 0.277195 , -1.22028 , 2.60292 , -7.81646e-05 , -2.19353 , -2.46219 , 0 , 2.27222 , 49 , 29 , -133
0 , 0 , 0 , 0 , -0.0769211 , 0.270381 , -1.21296 , 2.55317 , -7.81646e-05 , -2.14771 , -2.44264 , 0 , 2.27002 , -98 , 29 , -86
0 , 0 , 0 , 0 , -0.0745882 , 0.263771 , -1.20544 , 2.50226 , -3.90823e-05 , -2.1006 , -2.54035 , 0 , 2.36265 , -31 , 30 , -112
0 , 0 , 0 , 0 , -0.0724692 , 0.256856 , -1.19778 , 2.44993 , -3.90823e-05 , -2.05252 , -2.69668 , 0 , 2.41995 , 67 , 13 , -47
0 , 0 , 0 , 0 , -0.07053 , 0.249662 , -1.1897 , 2.39633 , -3.90823e-05 , -2.00328 , -2.67714 , 0 , 2.46835 , -39 , 13 , -65
0 , 0 , 0 , 0 , -0.06831 , 0.242164 , -1.18141 , 2.34201 , -1.95412e-05 , -1.95267 , -2.73576 , 0 , 2.64218 , -19 , -3 , -153
0 , 0 , 0 , 0 , -0.0654996 , 0.234321 , -1.17332 , 2.28592 , -1.95412e-05 , -1.90065 , -2.85301 , 0 , 2.57684 , 75 , -3 , -80
0 , 0 , 0 , 0 , -0.0630159 , 0.226313 , -1.16496 , 2.22902 , -1.95412e-05 , -1.84795 , -2.81393 , 0 , 2.58537 , -74 , 45 , 75
0 , 0 , 0 , 0 , -0.0613145 , 0.218006 , -1.15617 , 2.17075 , -1.95412e-05 , -1.79382 , -3.00934 , 0 , 2.7866 , 102 , 29 , -118
0 , 0 , 0 , 0 , -0.0594353 , 0.209324 , -1.14715 , 2.11134 , -1.95412e-05 , -1.73821 , -2.97026 , 0 , 2.84234 , -30 , 29 , -45
0 , 0 , 0 , 0 , -0.0570144 , 0.200609 , -1.13771 , 2.05135 , 0 , -1.68181 , -3.06796 , 0 , 2.79824 , 99 , 13 , 23
0 , 0 , 0 , 0 , -0.0544659 , 0.191943 , -1.12819 , 1.99134 , 0 , -1.62393 , -2.95071 , 0 , 2.94589 , -13 , 13 , -68
0 , 0 , 0 , 0 , -0.051841 , 0.183068 , -1.11885 , 1.93137 , 0 , -1.56501 , -3.06796 , 0 , 2.90035 , 76 , 45 , 37
0 , 0 , 0 , 0 , -0.0497393 , 0.173778 , -1.10901 , 1.87134 , 0 , -1.50516 , -2.95071 , 0 , 3.06527 , -3 , 13 , -189
0 , 0 , 0 , 0 , -0.0478634 , 0.164499 , -1.09916 , 1.81137 , 0 , -1.44558 , -3.06796 , 0 , 2.83204 , 93 , 29 , 2
0 , 0 , 0 , 0 , -0.0456084 , 0.155132 , -1.0892 , 1.75134 , 0 , -1.38734 , -2.97026 , 0 , 2.88785 , 46 , 13 , -114
0 , 0 , 0 , 0 , -0.0429679 , 0.14558 , -1.07943 , 1.69138 , 0 , -1.33028 , -3.04842 , 0 , 2.81335 , 113 , 45 , -59
0 , 0 , 0 , 0 , -0.0403942 , 0.13628 , -1.07008 , 1.63135 , 0 , -1.27457 , -2.97026 , 0 , 2.7866 , 53 , -4 , -100
0 , 0 , 0 , 0 , -0.0380412 , 0.12699 , -1.06092 , 1.57136 , 0 , -1.2197 , -3.04842 , 0 , 2.5868 , 63 , 29 , -18
0 , 0 , 0 , 0 , -0.0355711 , 0.117891 , -1.05221 , 1.51135 , 0 , -1.16641 , -2.97026 , 0 , 2.56697 , -40 , 30 , 28
0 , 0 , 0 , 0 , -0.0335728 , 0.109321 , -1.04363 , 1.4487 , 0 , -1.11422 , -3.00934 , 0 , 2.62004 , 68 , 61 , -118
0 , 0 , 0 , 0 , -0.03197 , 0.101166 , -1.0352 , 1.39026 , 0 , -1.06296 , -2.85301 , 0 , 2.49993 , -21 , 13 , -58
0 , 0 , 0 , 0 , -0.0305242 , 0.0936609 , -1.02691 , 1.33308 , 0 , -1.01077 , -2.91163 , 0 , 2.41869 , 82 , 13 , 15
0 , 0 , 0 , 0 , -0.029094 , 0.0862596 , -1.01874 , 1.2768 , 0 , -0.962285 , -2.6576 , 0 , 2.37702 , -92 , -3 , -15
0 , 0 , 0 , 0 , -0.0275411 , 0.0787737 , -1.01104 , 1.22214 , 1.95412e-05 , -0.9148 , -2.67714 , 0 , 2.39891 , -3 , 13 , -96
0 , 0 , 0 , 0 , -0.026028 , 0.0713417 , -1.00359 , 1.16831 , 1.95412e-05 , -0.868546 , -2.69668 , 0 , 2.36026 , 76 , 45 , -130
0 , 0 , 0 , 0 , -0.0248982 , 0.0641959 , -0.996425 , 1.11584 , 1.95412e-05 , -0.823543 , -2.55989 , 0 , 2.25149 , -4 , -3 , -83
0 , 0 , 0 , 0 , -0.0242541 , 0.0571518 , -0.989219 , 1.06478 , 0 , -0.779634 , -2.54035 , 0 , 2.15229 , 21 , 45 , -86
0 , 0 , 0 , 0 , -0.0239837 , 0.0500353 , -0.981838 , 1.01466 , 1.95412e-05 , -0.737014 , -2.50127 , 0 , 2.12981 , 92 , -35 , -33
0 , 0 , 0 , 0 , -0.0236939 , 0.0431761 , -0.974445 , 0.965704 , 1.95412e-05 , -0.695489 , -2.4231 , 0 , 1.90566 , 36 , 61 , -11
0 , 0 , 0 , 0 , -0.0226849 , 0.0362133 , -0.967429 , 0.918004 , 1.95412e-05 , -0.655215 , -2.30586 , 0 , 1.89643 , -16 , 29 , -2
0 , 0 , 0 , 0 , -0.0211013 , 0.0293597 , -0.96078 , 0.871633 , 0 , -0.616191 , -2.26677 , 0 , 1.82271 , -66 , 29 , 12
0 , 0 , 0 , 0 , -0.0197256 , 0.0228844 , -0.954584 , 0.826493 , 0 , -0.57834 , -2.28632 , 0 , 1.79758 , 11 , 29 , -59
0 , 0 , 0 , 0 , -0.0189514 , 0.0166508 , -0.948703 , 0.782447 , 0 , -0.54172 , -2.18861 , 0 , 1.85151 , -14 , 29 , -131
0 , 0 , 0 , 0 , -0.0184842 , 0.0107075 , -0.943093 , 0.739516 , 1.95412e-05 , -0.506272 , -2.12999 , 0 , 1.71727 , 19 , 45 , -106
0 , 0 , 0 , 0 , -0.0178686 , 0.00536924 , -0.937744 , 0.697912 , 0 , -0.472075 , -2.11044 , 0 , 1.71914 , 80 , 45 , -85
0 , 0 , 0 , 0 , -0.0173948 , 0.000594407 , -0.932262 , 0.657384 , 0 , -0.43907 , -1.9932 , 0 , 1.64211 , 63 , 29 , -35
0 , 0 , 0 , 0 , -0.0171194 , -0.00409459 , -0.927027 , 0.618165 , 0 , -0.405733 , -1.9932 , 0 , 1.53715 , 95 , 29 , 2
0 , 0 , 0 , 0 , -0.0166189 , -0.00904416 , -0.921867 , 0.580099 , 0 , -0.376285 , -1.93457 , 0 , 1.42549 , 113 , 45 , -19
0 , 0 , 0 , 0 , -0.0159833 , -0.0139609 , -0.916776 , 0.541427 , 1.95412e-05 , -0.345664 , -1.79779 , 0 , 1.48366 , 3 , -4 , -118
0 , 0 , 0 , 0 , -0.015335 , -0.0189864 , -0.91204 , 0.505901 , 0 , -0.317446 , -1.81733 , 0 , 1.39124 , 52 , 13 , -64
0 , 0 , 0 , 0 , -0.0146407 , -0.0241463 , -0.907573 , 0.47143 , 0 , -0.29044 , -1.661 , 0 , 1.29626 , -39 , 13 , -27
0 , 0 , 0 , 0 , -0.0139302 , -0.0290509 , -0.903406 , 0.438113 , 0 , -0.265857 , -1.661 , 0 , 1.31922 , 2 , -3 , -61
0 , 0 , 0 , 0 , -0.0134367 , -0.0335016 , -0.899457 , 0.406065 , 0 , -0.240083 , -1.58283 , 0 , 1.22004 , 32 , -18 , 18
0 , 0 , 0 , 0 , -0.0130819 , -0.0374908 , -0.895714 , 0.375405 , 0 , -0.216614 , -1.54375 , 0 , 1.1855 , 80 , 29 , -20
0 , 0 , 0 , 0 , -0.0127344 , -0.0410613 , -0.892114 , 0.346191 , 0 , -0.194454 , -1.48513 , 0 , 1.03666 , 94 , 45 , 0
0 , 0 , 0 , 0 , -0.0127754 , -0.0440654 , -0.888402 , 0.317778 , 0 , -0.173447 , -1.38742 , 0 , 1.01206 , -73 , 29 , -32
0 , 0 , 0 , 0 , -0.0130279 , -0.0468585 , -0.884976 , 0.290811 , 0 , -0.15375 , -1.38742 , 0 , 0.934979 , 10 , 45 , 24
0 , 0 , 0 , 0 , -0.0130064 , -0.0498023 , -0.881749 , 0.265154 , 0 , -0.134951 , -1.3288 , 0 , 0.799766 , -14 , 61 , 64
0 , 0 , 0 , 0 , -0.0126398 , -0.0527266 , -0.878826 , 0.240376 , 0 , -0.117735 , -1.17247 , 0 , 0.843199 , 36 , 29 , 36
0 , 0 , 0 , 0 , -0.0121909 , -0.0555826 , -0.876081 , 0.217063 , 0 , -0.101399 , -1.15293 , 0 , 0.793545 , 70 , 13 , -68
0 , 0 , 0 , 0 , -0.0118995 , -0.0584231 , -0.873572 , 0.194923 , 0 , -0.0864696 , -1.03568 , 0 , 0.682461 , -49 , 13 , 73
0 , 0 , 0 , 0 , -0.0117842 , -0.0609819 , -0.871335 , 0.173682 , 0 , -0.0727517 , -1.01614 , 0 , 0.70102 , 31 , 29 , 8
0 , 0 , 0 , 0 , -0.0118185 , -0.0630106 , -0.869272 , 0.154199 , 0 , -0.0599718 , -0.918434 , 0 , 0.583315 , -51 , 29 , 8
0 , 0 , 0 , 0 , -0.0118395 , -0.064693 , -0.867329 , 0.135342 , 0 , -0.0486184 , -0.879352 , 0 , 0.531972 , 12 , 13 , -11
0 , 0 , 0 , 0 , -0.0118075 , -0.0660732 , -0.865577 , 0.118029 , 0 , -0.0385547 , -0.820728 , 0 , 0.476807 , -93 , 45 , -29
0 , 0 , 0 , 0 , -0.0116477 , -0.0672095 , -0.864006 , 0.101868 , 0 , -0.029429 , -0.762105 , 0 , 0.410383 , -105 , 13 , 16
0 , 0 , 0 , 0 , -0.0114603 , -0.0682939 , -0.862622 , 0.0867041 , 0 , -0.0216516 , -0.703482 , 0 , 0.375547 , 17 , 45 , -10
0 , 0 , 0 , 0 , -0.0114656 , -0.0692097 , -0.861401 , 0.0724977 , 0 , -0.0147927 , -0.68394 , 0 , 0.27823 , -17 , 109 , 10
0 , 0 , 0 , 0 , -0.0115549 , -0.06993 , -0.860388 , 0.0598741 , 0 , -0.00943838 , -0.586235 , 0 , 0.243554 , -76 , 61 , 0
0 , 0 , 0 , 0 , -0.0114783 , -0.070722 , -0.859605 , 0.0483839 , 0 , -0.00533474 , -0.527611 , 0 , 0.18581 , 47 , 45 , 1
0 , 0 , 0 , 0 , -0.0112876 , -0.0716356 , -0.858965 , 0.0383397 , 0 , -0.00238402 , -0.449447 , 0 , 0.123003 , -30 , -4 , 18
0 , 0 , 0 , 0 , -0.0111063 , -0.0721425 , -0.858648 , 0.0292922 , 0 , -0.00068394 , -0.449447 , 0 , 0.0574844 , -14 , 29 , 20
0 , 0 , 0 , 0 , -0.010951 , -0.07208 , -0.858537 , 0.0214366 , 0 , -0.000136788 , -0.351741 , 0 , 0.0377381 , 43 , 13 , -16
0 , 0 , 0 , 0 , -0.0108783 , -0.07173 , -0.858537 , 0.0148122 , 0 , -3.90823e-05 , -0.351741 , 0 , 0 , -4 , -3 , 82
0 , 0 , 0 , 0 , -0.0109135 , -0.0711488 , -0.858537 , 0.00936021 , 0 , -3.90823e-05 , -0.214953 , 0 , 0 , -75 , 29 , 9
0 , 0 , 0 , 0 , -0.0110667 , -0.0705456 , -0.858537 , 0.00521749 , 0 , -1.95412e-05 , -0.195412 , 0 , 0 , 39 , 29 , 45
0 , 0 , 0 , 0 , -0.0112854 , -0.070066 , -0.858537 , 0.00222769 , 0 , -1.95412e-05 , -0.117247 , 0 , 0 , 7 , -19 , -54
0 , 0 , 0 , 0 , -0.0115463 , -0.0696582 , -0.858537 , 0.000468988 , 0 , -1.95412e-05 , -0.0781646 , 0 , 0 , -81 , 30 , 28
0 , 0 , 0 , 0 , -0.0118196 , -0.0694554 , -0.858537 , -0.00017587 , 0 , 0 , 0.0195412 , 0 , 0 , 19 , 45 , 2
0 , 0 , 0 , 0 , -0.011966 , -0.0694537 , -0.858537 , -5.86235e-05 , 0 , 0 , 0 , 0 , 0 , 39 , 29 , -35
0 , 0 , 0 , 0 , -0.0119724 , -0.0694981 , -0.858537 , -1.95412e-05 , 0 , 0 , 0 , 0 , 0 , 48 , 13 , 15
0 , 0 , 0 , 0 , -0.0120438 , -0.0694712 , -0.858601 , 1.95412e-05 , 0 , 0 , 0 , 0 , 0 , -25 , 29 , 28
0 , 0 , 0 , 0 , -0.0122388 , -0.0692852 , -0.858601 , 1.95412e-05 , 0 , 0 , 0 , 0 , 0 , 2 , 13 , 20
0 , 0 , 0 , 0 , -0.0124816 , -0.0689024 , -0.858601 , 0 , 0 , 0 , 0 , 0 , 0 , 65 , 29 , 20
0 , 0 , 0 , 0 , -0.0126401 , -0.0684247 , -0.858601 , 0 , 0 , 0 , 0 , 0 , 0 , -25 , 13 , 63
0 , 0 , 0 , 0 , -0.0126879 , -0.0680031 , -0.858601 , 0 , 0 , -1.95412e-05 , 0 , 0 , 0 , -16 , 29 , -11
0 , 0 , 0 , 0 , -0.0127862 , -0.0677046 , -0.858601 , 0 , 0 , -1.95412e-05 , 0 , 0 , 0 , 30 , 30 , 20
0 , 0 , 0 , 0 , -0.0129753 , -0.0675421 , -0.858601 , 0 , 0 , 0 , 0 , 0 , 0 , 2 , -3 , 9
0 , 0 , 0 , 0 , -0.0131309 , -0.0674992 , -0.858601 , 0 , 0 , 0 , 0 , 0 , 0 , 56 , 13 , 52
0 , 0 , 0 , 0 , -0.0131482 , -0.0675433 , -0.858601 , 0 , 0 , 0 , 0 , 0 , 0 , -34 , 61 , 2
0 , 0 , 0 , 0 , -0.0131313 , -0.0675207 , -0.858601 , 0 , -1.95412e-05 , 0 , 0 , 0 , 0 , -61 , 13 , 20
0 , 0 , 0 , 0 , -0.0132605 , -0.0673898 , -0.858601 , 0 , 0 , 0 , 0 , 0 , 0 , 39 , 29 , 50
0 , 0 , 0 , 0 , -0.0135024 , -0.0671591 , -0.858601 , -1.95412e-05 , 0 , 0 , 0 , 0 , 0 , 2 , 45 , -18
0 , 0 , 0 , 0 , -0.0136883 , -0.0668365 , -0.858601 , 0 , 0 , 0 , 0 , 0 , 0 , 20 , 29 , 2
0 , 0 , 0 , 0 , -0.0137323 , -0.0666142 , -0.858601 , 1.95412e-05 , 0 , 0 , 0 , 0 , 0 , -16 , 29 , -54
0 , 0 , 0 , 0 , -0.0137157 , -0.0664693 , -0.858601 , 0 , 0 , 0 , 0 , 0 , 0 , 30 , 61 , 39
0 , 0 , 0 , 0 , -0.0137742 , -0.0663659 , -0.858601 , 0 , 0 , 0 , 0 , 0 , 0 , 2 , 45 , 39
0 , 0 , 0 , 0 , -0.0139122 , -0.0663354 , -0.858601 , 0 , 0 , 1.95412e-05 , 0 , 0 , 0 , 2 , 13 , 14
0 , 0 , 0 , 0 , -0.0140575 , -0.0663011 , -0.858601 , 0 , 0 , 1.95412e-05 , 0 , 0 , 0 , -43 , 29 , -61
0 , 0 , 0 , 0 , -0.0141294 , -0.0662448 , -0.858601 , 0 , 0 , 1.95412e-05 , 0 , 0 , 0 , 20 , -4 , 20
0 , 0 , 0 , 0 , -0.0141397 , -0.0661295 , -0.858601 , 0 , 0 , 1.95412e-05 , 0 , 0 , 0 , 57 , 29 , 20
0 , 0 , 0 , 0 , -0.0142112 , -0.0659749 , -0.858601 , 0 , 0 , 1.95412e-05 , 0 , 0.0029567 , 0 , 11 , 13 , 39
0 , 0 , 0 , 0 , -0.0143318 , -0.0658221 , -0.858601 , 0 , 0 , 1.95412e-05 , 0 , 0 , 0 , 85 , 29 , 20
0 , 0 , 0 , 0 , -0.0144153 , -0.0656484 , -0.858601 , 0 , 0 , 0 , 0 , 0 , 0 , -34 , 29 , 7
0 , 0 , 0 , 0 , -0.0144708 , -0.065479 , -0.858601 , 0 , 0 , 1.95412e-05 , 0 , 0 , 0 , -16 , 45 , -11
0 , 0 , 0 , 0 , -0.0144963 , -0.0653481 , -0.858601 , 0 , 0 , 1.95412e-05 , 0 , 0 , 0 , 20 , 45 , 14
0 , 0 , 0 , 0 , -0.0145808 , -0.0653006 , -0.858601 , -1.95412e-05 , 0 , 0 , 0 , 0 , 0 , -62 , 45 , 28
0 , 0 , 0 , 0 , -0.0147049 , -0.0653033 , -0.858601 , 0 , 0 , 0 , 0 , 0 , 0 , 57 , 45 , -4
0 , 0 , 0 , 0 , -0.014772 , -0.0652417 , -0.858601 , -1.95412e-05 , 0 , 0 , 0 , 0 , 0 , 30 , 13 , 1
0 , 0 , 0 , 0 , -0.0148143 , -0.0651373 , -0.858601 , 0 , 0 , 0 , 0 , 0 , 0 , 66 , 13 , 82
0 , 0 , 0 , 0 , -0.0148308 , -0.0650201 , -0.858601 , 0 , 0 , 0 , 0 , 0 , 0 , -7 , 61 , -18
0 , 0 , 0 , 0 , -0.0148572 , -0.0648512 , -0.858601 , 0 , 0 , 1.95412e-05 , 0 , 0 , 0 , 20 , 45 , 9
0 , 0 , 0 , 0 , -0.0149061 , -0.0646873 , -0.858601 , 0 , 0 , 0 , 0 , 0 , 0 , -34 , 45 , 20
0 , 0 , 0 , 0 , -0.0149473 , -0.0645799 , -0.858601 , -1.95412e-05 , 0 , 0 , -0.0195412 , 0 , 0 , 56 , 13 , 57
0 , 0 , 0 , 0 , -0.0149755 , -0.0645121 , -0.858601 , 0 , 0 , 0 , 0 , 0 , 0 , 39 , -3 , 63
0 , 0 , 0 , 0 , -0.0150075 , -0.0645171 , -0.858601 , 1.95412e-05 , 0 , 0 , 0 , 0 , 0 , -52 , -19 , 2
0 , 0 , 0 , 0 , -0.0150602 , -0.0645119 , -0.858601 , 1.95412e-05 , 0 , 0 , -0.0195412 , 0 , 0 , 66 , 29 , 20
0 , 0 , 0 , 0 , -0.0151008 , -0.064404 , -0.858601 , 0 , 0 , 1.95412e-05 , 0 , 0 , 0 , 20 , 13 , 20
0 , 0 , 0 , 0 , -0.0151507 , -0.0642876 , -0.858601 , 0 , 0 , 1.95412e-05 , 0 , 0 , 0 , 2 , 29 , 28
0 , 0 , 0 , 0 , -0.0152441 , -0.064215 , -0.858601 , -1.95412e-05 , 0 , 0 , 0 , 0 , 0 , 30 , 30 , 28
0 , 0 , 0 , 0 , -0.0153291 , -0.0641287 , -0.858601 , 1.95412e-05 , 0 , 0 , 0 , 0 , 0 , -16 , 13 , 77
0 , 0 , 0 , 0 , -0.01533 , -0.0640461 , -0.858601 , 0 , 0 , 0 , 0 , 0 , 0 , 20 , 29 , 20
0 , 0 , 0 , 0 , -0.0152977 , -0.0639733 , -0.858601 , -1.95412e-05 , 0 , 0 , 0 , 0 , 0 , -43 , 45 , 20
0 , 0 , 0 , 0 , -0.0153163 , -0.0639309 , -0.858601 , -1.95412e-05 , 0 , 0 , 0 , 0 , 0 , -7 , 13 , 20
0 , 0 , 0 , 0 , -0.0153461 , -0.0639308 , -0.858601 , 0 , 0 , 0 , 0 , 0 , 0 , -43 , 30 , 95
0 , 0 , 0 , 0 , -0.0153696 , -0.0639299 , -0.858601 , 0 , 0 , 0 , 0 , 0 , 0 , -52 , 13 , 39
0 , 0 , 0 , 0 , -0.0153711 , -0.0638918 , -0.858601 , 0 , 0 , 0 , 0 , 0 , 0 , -6 , -51 , 2
0 , 0 , 0 , 0 , -0.0153678 , -0.063809 , -0.858601 , 0 , 0 , 0 , 0 , 0 , 0 , -52 , 29 , 2
0 , 0 , 0 , 0 , -0.0153992 , -0.0637425 , -0.858601 , -1.95412e-05 , 0 , 0 , 0.0195412 , 0 , 0 , 2 , 29 , -4
0 , 0 , 0 , 0 , -0.015429 , -0.0636625 , -0.858601 , 0 , 0 , -1.95412e-05 , 0 , 0 , -0.00314872 , -52 , -4 , 45
0 , 0 , 0 , 0 , -0.0154731 , -0.0635853 , -0.858601 , 0 , 0 , 0 , 0 , 0 , 0 , 39 , -3 , 2
0 , 0 , 0 , 0 , -0.0155024 , -0.0635195 , -0.858601 , 0 , 0 , 0 , 0 , 0 , 0 , 39 , -18 , 28
0 , 0 , 0 , 0 , -0.015487 , -0.0634571 , -0.858601 , 1.95412e-05 , 0 , 0 , 0 , 0 , 0 , 56 , 29 , 28
0 , 0 , 0 , 0 , -0.0155152 , -0.0634397 , -0.858601 , 0 , 0 , 0 , 0 , 0 , 0 , 65 , 29 , -4
0 , 0 , 0 , 0 , -0.0155772 , -0.0634091 , -0.858601 , 0 , 0 , -1.95412e-05 , 0 , 0 , 0 , 20 , 29 , 8
0 , 0 , 0 , 0 , -0.0156152 , -0.0633619 , -0.858601 , 0 , 0 , 0 , 0 , 0 , 0 , 75 , 29 , 28
0 , 0 , 0 , 0 , -0.0156 , -0.0633189 , -0.858601 , 0 , 0 , 0 , 0 , 0 , 0 , 65 , 13 , 2
0 , 0 , 0 , 0 , -0.0155579 , -0.0632447 , -0.858601 , -1.95412e-05 , 0 , 0 , 0 , 0 , 0 , 30 , -19 , 57
0 , 0 , 0 , 0 , -0.0155597 , -0.0631334 , -0.858601 , -1.95412e-05 , 0 , 0 , 0.0195412 , 0 , 0 , 56 , 45 , 20
0 , 0 , 0 , 0 , -0.0156067 , -0.0630364 , -0.858601 , 0 , 0 , 1.95412e-05 , 0 , 0 , 0 , -16 , 29 , 82
0 , 0 , 0 , 0 , -0.0156288 , -0.0629523 , -0.858601 , 0 , 0 , 0 , 0 , 0 , 0 , 12 , -4 , -35
0 , 0 , 0 , 0 , -0.0155994 , -0.06291 , -0.858601 , 0 , 0 , 0 , 0 , 0 , 0 , 20 , 13 , 28
0 , 0 , 0 , 0 , -0.0155872 , -0.0629026 , -0.858601 , 0 , 0 , 0 , 0 , 0 , 0 , 38 , 13 , 68
0 , 0 , 0 , 0 , -0.0155769 , -0.0628523 , -0.858601 , 0 , 0 , 0 , 0 , 0 , 0 , 20 , 29 , 70
0 , 0 , 0 , 0 , -0.0155619 , -0.0627916 , -0.858601 , 0 , 0 , 0 , 0 , 0 , 0 , 39 , 45 , -18
0 , 0 , 0 , 0 , -0.0156121 , -0.0627467 , -0.858601 , 0 , 0 , 0 , 0.0195412 , 0 , 0 , -25 , 13 , -29
0 , 0 , 0 , 0 , -0.0156399 , -0.0627117 , -0.858601 , 0 , 0 , 0 , 0 , 0 , 0 , 11 , 61 , -35
0 , 0 , 0 , 0 , -0.0155943 , -0.062695 , -0.858601 , 0 , 0 , 0 , 0 , 0 , 0 , 20 , 29 , 63
0 , 0 , 0 , 0 , -0.0156006 , -0.0626523 , -0.858601 , 0 , 0 , 0 , 0 , 0 , 0 , 48 , 45 , 15
0 , 0 , 0 , 0 , -0.01566 , -0.0626336 , -0.858601 , 0 , 0 , 0 , 0 , 0 , 0 , -34 , 45 , 20
0 , 0 , 0 , 0 , -0.0156783 , -0.062629 , -0.858601 , 0 , 0 , 0 , 0 , 0 , 0 , -16 , 29 , 50
0 , 0 , 0 , 0 , -0.0156743 , -0.0625476 , -0.858601 , 0 , 0 , 0 , 0 , 0 , 0 , 30 , -3 , 20
0 , 0 , 0 , 0 , -0.0156726 , -0.0624963 , -0.858601 , 0 , 0 , 0 , 0 , 0 , 0 , 20 , 45 , 28
0 , 0 , 0 , 0 , -0.0156869 , -0.0625243 , -0.858601 , 0 , 0 , 0 , 0 , 0 , 0 , -16 , 45 , 39
0 , 0 , 0 , 0 , -0.0156821 , -0.0625144 , -0.858601 , 0 , 0 , 0 , 0 , 0 , 0 , -43 , -2 , -35
0 , 0 , 0 , 0 , -0.0156759 , -0.0624949 , -0.858601 , 0 , 0 , 0 , -0.0195412 , 0 , 0 , -33 , 61 , 58
0 , 0 , 0 , 0 , -0.0157217 , -0.0624413 , -0.858601 , 0 , 0 , -1.95412e-05 , 0 , 0 , 0 , -6 , 13 , 57
0 , 0 , 0 , 0 , -0.0157357 , -0.0623909 , -0.858601 , 0 , 0 , 0 , 0 , 0 , 0 , 48 , 45 , 20
0 , 0 , 0 , 0 , -0.0156835 , -0.0624458 , -0.858601 , 0 , 0 , 0 , 0 , 0 , 0 , 20 , 29 , 63
0 , 0 , 0 , 0 , -0.0156364 , -0.0625066 , -0.858601 , 0 , 0 , 0 , 0 , 0 , 0 , 2 , 29 , 9
0 , 0 , 0 , 0 , -0.0156451 , -0.0625475 , -0.858601 , 0 , 0 , 0 , 0 , 0 , 0 , 2 , 29 , 2
0 , 0 , 0 , 0 , -0.0156967 , -0.0626079 , -0.858601 , 0 , 0 , 0 , 0 , 0 , 0 , 30 , -2 , 20
0 , 0 , 0 , 0 , -0.0157254 , -0.0626195 , -0.858601 , 0 , 0 , 0 , 0 , 0 , 0 , 30 , 13 , -16
0 , 0 , 0 , 0 , -0.0156698 , -0.0625757 , -0.858601 , 0 , 0 , 0 , 0 , 0 , 0 , -34 , 61 , 20
0 , 0 , 0 , 0 , -0.0156645 , -0.0625392 , -0.858601 , 0 , 0 , 0 , 0 , 0 , 0 , -34 , 45 , 20
0 , 0 , 0 , 0 , -0.0157444 , -0.0625285 , -0.858601 , 0 , 0 , 0 , 0 , 0 , 0 , 20 , 45 , 2
0 , 0 , 0 , 0 , -0.0157725 , -0.0625373 , -0.858601 , 1.95412e-05 , 0 , 0 , 0 , 0 , 0 , -16 , 29 , -4
0 , 0 , 0 , 0 , -0.0157629 , -0.0625775 , -0.858601 , 0 , 0 , 0 , 0 , 0 , 0 , -16 , 29 , 77
0 , 0 , 0 , 0 , -0.0157421 , -0.0625973 , -0.858601 , 0 , 0 , 0 , 0 , 0 , 0 , 11 , 61 , 14
0 , 0 , 0 , 0 , -0.015736 , -0.06255 , -0.858601 , 0 , 0 , 0 , 0 , 0 , 0 , 11 , -4 , 58
0 , 0 , 0 , 0 , -0.0157876 , -0.0625463 , -0.858601 , -1.95412e-05 , 0 , 0 , 0 , 0 , 0 , 11 , 29 , 2
0 , 0 , 0 , 0 , -0.0158655 , -0.062592 , -0.858601 , 0 , 0 , 0 , 0 , 0 , 0 , -25 , 29 , 20
0 , 0 , 0 , 0 , -0.0158778 , -0.0625749 , -0.858601 , 0 , 0 , 0 , 0 , 0 , 0 , 56 , 45 , 52
0 , 0 , 0 , 0 , -0.0158644 , -0.0625738 , -0.858601 , 0 , 0 , 0 , 0 , 0 , 0 , 57 , 13 , 20
0 , 0 , 0 , 0 , -0.0158934 , -0.0626062 , -0.858601 , 1.95412e-05 , 0 , 0 , 0 , 0 , 0 , 2 , 13 , -43
0 , 0 , 0 , 0 , -0.0159266 , -0.0625929 , -0.858601 , 0 , 0 , 0 , 0 , 0 , 0 , 20 , 13 , 20
0 , 0 , 0 , 0 , -0.015953 , -0.0625628 , -0.858601 , 0 , 0 , 0 , -0.0195412 , 0 , 0 , -52 , 93 , 20
0 , 0 , 0 , 0 , -0.0159584 , -0.0625631 , -0.858601 , 0 , 0 , 0 , 0 , 0 , 0 , 48 , 29 , 2
0 , 0 , 0 , 0 , -0.0159523 , -0.0626054 , -0.858601 , 0 , 0 , 0 , 0 , 0 , 0 , 31 , 13 , -4
0 , 0 , 0 , 0 , -0.0159684 , -0.0626345 , -0.858601 , 0 , 0 , 0 , 0 , 0 , 0 , -16 , 61 , 28
0 , 0 , 0 , 0 , -0.0159781 , -0.0626488 , -0.858601 , 0 , 0 , 0 , 0 , 0 , 0 , 11 , 29 , -11
0 , 0 , 0 , 0 , -0.0159529 , -0.0626408 , -0.858601 , 0 , 0 , 0 , 0 , 0 , 0 , 39 , 29 , 20
0 , 0 , 0 , 0 , -0.0159294 , -0.0626005 , -0.858601 , 0 , 0 , 0 , 0 , 0 , 0 , 20 , 45 , 82
0 , 0 , 0 , 0 , -0.0159464 , -0.0625527 , -0.858601 , 0 , 0 , 0 , 0 , 0 , 0 , 20 , 61 , 39
0 , 0 , 0 , 0 , -0.0159623 , -0.0625585 , -0.858601 , 0 , 0 , 0 , 0 , 0 , 0 , 20 , 13 , 28
0 , 0 , 0 , 0 , -0.0159427 , -0.0625829 , -0.858601 , 0 , 0 , 0 , 0 , 0 , 0 , -79 , 29 , -54
0 , 0 , 0 , 0 , -0.0159434 , -0.0626385 , -0.858601 , 0 , 0 , 0 , 0 , 0 , 0 , 31 , 61 , 20
0 , 0 , 0 , 0 , -0.0159578 , -0.06272 , -0.858601 , -1.95412e-05 , 0 , 0 , 0 , 0 , 0 , 56 , 13 , 20
0 , 0 , 0 , 0 , -0.0159325 , -0.0627645 , -0.858601 , 0 , 0 , 0 , 0 , 0 , 0 , 20 , -3 , -23
0 , 0 , 0 , 0 , -0.0158413 , -0.0627389 , -0.858601 , 0 , 0 , 0 , 0.0195412 , 0 , 0 , -43 , 13 , 14
0 , 0 , 0 , 0 , -0.0157912 , -0.0626809 , -0.858601 , 0 , 0 , 0 , 0 , 0 , 0 , 2 , 29 , 28
0 , 0 , 0 , 0 , -0.015825 , -0.0627084 , -0.858601 , 0 , 0 , 0 , 0 , 0 , 0 , 11 , 93 , -35
0 , 0 , 0 , 0 , -0.0158749 , -0.0627722 , -0.858601 , 0 , 0 , 0 , 0 , 0 , 0 , 2 , 13 , 39
0 , 0 , 0 , 0 , -0.0158882 , -0.062812 , -0.858601 , -1.95412e-05 , 0 , 0 , 0 , 0 , 0 , 57 , 29 , -35
0 , 0 , 0 , 0 , -0.0158395 , -0.062843 , -0.858601 , 0 , 0 , 0 , 0 , 0 , 0 , 39 , 45 , -11
0 , 0 , 0 , 0 , -0.015787 , -0.0628506 , -0.858601 , 0 , 0 , 0 , 0 , 0 , 0 , -70 , 93 , 39
0 , 0 , 0 , 0 , -0.0158236 , -0.0628466 , -0.858601 , -1.95412e-05 , 0 , 0 , 0.0195412 , 0 , 0 , 11 , 13 , 20
0 , 0 , 0 , 0 , -0.0158951 , -0.0628361 , -0.858601 , 0 , 0 , 0 , 0 , 0 , 0 , -34 , -4 , -11
0 , 0 , 0 , 0 , -0.0158907 , -0.0628451 , -0.858601 , 0 , 0 , 0 , 0 , 0 , 0 , 39 , 13 , -4
0 , 0 , 0 , 0 , -0.0158536 , -0.0629003 , -0.858601 , 0 , 0 , 0 , 0 , 0 , 0 , 20 , 13 , 20
0 , 0 , 0 , 0 , -0.0158513 , -0.0629391 , -0.858601 , 0 , 0 , 0 , 0 , 0 , 0 , 30 , 45 , -29
0 , 0 , 0 , 0 , -0.0158934 , -0.0629585 , -0.858601 , 0 , 0 , 0 , 0 , 0 , 0 , 48 , -18 , -54
0 , 0 , 0 , 0 , -0.01594 , -0.0629718 , -0.858601 , 0 , 0 , 0 , 0 , 0 , 0 , 56 , 13 , 2
0 , 0 , 0 , 0 , -0.0159423 , -0.0629546 , -0.858601 , 0 , 0 , 0 , 0 , 0 , 0 , -16 , -4 , 70
0 , 0 , 0 , 0 , -0.015933 , -0.0629085 , -0.858601 , 0 , 0 , 0 , 0 , 0 , 0 , 20 , 45 , 45
0 , 0 , 0 , 0 , -0.0159421 , -0.0628711 , -0.858601 , 1.95412e-05 , 0 , 0 , 0 , 0 , 0 , 48 , -3 , 20
0 , 0 , 0 , 0 , -0.01597 , -0.0628436 , -0.858601 , 0 , 0 , 0 , 0 , 0 , 0 , 12 , 29 , -23
0 , 0 , 0 , 0 , -0.0160113 , -0.0628156 , -0.858601 , 0 , 0 , 0 , 0 , 0 , 0 , 20 , 45 , -11
0 , 0 , 0 , 0 , -0.0160347 , -0.0628217 , -0.858601 , 0 , 0 , 0 , 0 , 0 , 0 , 20 , 29 , 20
0 , 0 , 0 , 0 , -0.0160438 , -0.0628219 , -0.858601 , 0 , 0 , 0 , 0.0195412 , 0 , 0 , -43 , 29 , -35
0 , 0 , 0 , 0 , -0.0160672 , -0.062819 , -0.858601 , 0 , 0 , 0 , 0.0195412 , 0 , 0 , 20 , 29 , 14
0 , 0 , 0 , 0 , -0.0161014 , -0.0628512 , -0.858601 , 0 , 0 , 0 , 0 , 0 , 0 , 11 , 29 , 63
0 , 0 , 0 , 0 , -0.0161092 , -0.0628672 , -0.858601 , 0 , 0 , 0 , 0 , 0 , 0 , -34 , 29 , -29
0 , 0 , 0 , 0 , -0.0160728 , -0.0628526 , -0.858601 , -1.95412e-05 , 0 , 0 , 0 , 0 , 0 , 48 , -4 , 14
0 , 0 , 0 , 0 , -0.0160207 , -0.0628348 , -0.858601 , -1.95412e-05 , 0 , 0 , 0 , 0 , 0 , 20 , -4 , 20
0 , 0 , 0 , 0 , -0.0160099 , -0.0628644 , -0.858601 , 0 , 0 , 0 , 0 , 0 , 0 , 2 , 29 , 20
0 , 0 , 0 , 0 , -0.0160035 , -0.0628999 , -0.858601 , 0 , 0 , 0 , 0 , 0 , 0 , 11 , 45 , 82
-0.003450, , 1.000000, -1.810630, 0.805041
-0.003701, , 1.000000, -1.794080, 0.788084
-0.001757, , 1.000000, -1.741864, 0.741289
-0.002123, , 1.000000, -1.756807, 0.756133
