0 , 0 , 0 , 0 , -0.0159776 , -0.0217697 , -0.0496865 , 1.95412e-05 , 0 , 0 , 0 , 0 , 0 , -16 , -99 , 9
0 , 0 , 0 , 0 , -0.0159733 , -0.0217393 , -0.0496865 , 0 , 0 , 0 , 0 , 0 , 0 , 93 , -35 , -3
0 , 0 , 0 , 0 , -0.0159969 , -0.0217432 , -0.0496865 , 1.95412e-05 , 0 , 0 , 0 , 0 , 0 , -34 , -3 , -9
0 , 0 , 0 , 0 , -0.0160462 , -0.021696 , -0.0496865 , 0 , 0 , 0 , 0 , 0 , 0 , 66 , -2 , 9
0 , 0 , 0 , 0 , -0.0160866 , -0.0216266 , -0.0496865 , 0 , 0 , 0 , 0 , 0 , 0 , -16 , -67 , -16
0 , 0 , 0 , 0 , -0.0161249 , -0.0215997 , -0.0496865 , 0 , 0 , 0 , 0 , 0 , 0 , -61 , -19 , -23
0 , 0 , 0 , 0 , -0.0161458 , -0.0215805 , -0.0496865 , -1.95412e-05 , 0 , 0 , 0.0195412 , 0 , 0 , 20 , -35 , 9
0 , 0 , 0 , 0 , -0.0161644 , -0.021541 , -0.0496865 , -1.95412e-05 , 0 , 0 , 0 , 0 , 0 , 66 , -3 , -66
0 , 0 , 0 , 0 , -0.0162011 , -0.0215085 , -0.0496865 , 0 , 0 , 0 , 0 , 0 , 0 , 103 , -51 , 9
0 , 0 , 0 , 0 , -0.0162106 , -0.0214672 , -0.0496865 , 1.95412e-05 , 0 , 0 , -0.0195412 , 0 , 0 , 39 , -19 , -34
0 , 0 , 0 , 0 , -0.0161751 , -0.0214163 , -0.0496865 , 0 , 0 , 0 , 0 , 0 , 0 , 85 , -19 , 28
0 , 0 , 0 , 0 , -0.0161289 , -0.021384 , -0.0496865 , 1.95412e-05 , 0 , 0 , 0 , 0 , 0 , -16 , -18 , -59
0 , 0 , 0 , 0 , -0.0161289 , -0.0213708 , -0.0496865 , 0 , 0 , 0 , 0 , 0 , 0 , 66 , -35 , -9
0 , 0 , 0 , 0 , -0.0161495 , -0.0213394 , -0.0496865 , 0 , 0 , 0 , 0 , 0 , 0 , 112 , -18 , -40
0 , 0 , 0 , 0 , -0.0161705 , -0.021315 , -0.0496865 , 0 , 0 , 0 , 0 , 0 , 0 , 2 , -51 , 15
0 , 0 , 0 , 0 , -0.0161636 , -0.021279 , -0.0496865 , 0 , 0 , 0 , 0 , 0 , 0 , 20 , -35 , -34
0 , 0 , 0 , 0 , -0.0161635 , -0.0212004 , -0.0496865 , 0 , 0 , 0 , 0 , 0 , 0 , -6 , -3 , 9
0 , 0 , 0 , 0 , -0.0162049 , -0.0211452 , -0.0496865 , 0 , 0 , 0 , 0 , 0 , 0 , 85 , -51 , 34
0 , 0 , 0 , 0 , -0.0162063 , -0.021091 , -0.0496865 , 0 , 0 , 0 , 0.0195412 , 0 , 0 , 30 , -35 , -84
0 , 0 , 0 , 0 , -0.0162058 , -0.0210203 , -0.0496865 , 0 , 0 , 0 , 0 , 0 , 0 , 39 , -3 , 9
0 , 0 , 0 , 0 , -0.0162245 , -0.0209751 , -0.0496865 , 0 , 0 , 0 , 0 , 0 , 0 , 66 , -3 , 28
0 , 0 , 0 , 0 , -0.0162446 , -0.0209245 , -0.0496865 , 0 , 0 , 0 , 0 , 0 , 0 , 85 , -3 , 28
0 , 0 , 0 , 0 , -0.0162487 , -0.0208594 , -0.0496865 , 0 , 0 , 0 , 0 , 0 , 0 , 48 , -4 , -9
0 , 0 , 0 , 0 , -0.0162608 , -0.0208097 , -0.0496865 , 1.95412e-05 , 0 , 0 , -0.0195412 , 0 , 0 , 85 , -35 , -59
0 , 0 , 0 , 0 , -0.0162743 , -0.0207458 , -0.0496865 , 0 , 0 , 0 , 0 , 0 , 0 , 75 , -3 , -34
0 , 0 , 0 , 0 , -0.0162516 , -0.0206729 , -0.0496865 , 0 , 0 , 0 , -0.0195412 , 0 , 0 , 20 , 13 , 9
0 , 0 , 0 , 0 , -0.016228 , -0.020629 , -0.0496865 , 0 , 0 , 0 , 0 , 0 , 0 , 75 , -20 , 15
0 , 0 , 0 , 0 , -0.0162114 , -0.0205966 , -0.0496865 , 0 , 0 , 0 , 0 , 0 , 0 , 93 , -3 , -28
0 , 0 , 0 , 0 , -0.0161981 , -0.0205482 , -0.0496865 , 0 , 0 , 0 , 0 , 0 , 0 , 66 , -35 , 28
0 , 0 , 0 , 0 , -0.0162001 , -0.0204731 , -0.0496865 , 0 , 0 , 0 , 0 , 0 , 0 , 85 , 13 , 9
0 , 0 , 0 , 0 , -0.0162145 , -0.0203983 , -0.0496865 , 1.95412e-05 , 0 , 0 , 0 , 0 , 0 , 48 , 13 , -34
0 , 0 , 0 , 0 , -0.0162573 , -0.0203622 , -0.0496865 , 0 , 0 , 0 , 0 , 0 , 0 , 56 , -19 , 9
0 , 0 , 0 , 0 , -0.0162605 , -0.0203466 , -0.0496865 , 1.95412e-05 , 0 , 0 , 0 , 0 , 0 , -16 , -3 , -34
0 , 0 , 0 , 0 , -0.0161822 , -0.0203198 , -0.0496865 , -1.95412e-05 , 0 , 0 , 0 , 0 , 0 , 56 , -19 , -16
0 , 0 , 0 , 0 , -0.0161439 , -0.0202966 , -0.0496865 , 0 , 0 , 0 , 0 , 0 , 0 , 2 , -35 , -34
0 , 0 , 0 , 0 , -0.0161579 , -0.0202398 , -0.0496865 , 0 , 0 , 0 , 0 , 0 , 0 , 57 , -35 , 28
0 , 0 , 0 , 0 , -0.0161737 , -0.0201575 , -0.0496865 , 0 , 0 , 0 , 0 , 0 , 0 , 66 , -3 , 9
0 , 0 , 0 , 0 , -0.0161648 , -0.0200784 , -0.0496865 , 0 , 0 , 0 , 0 , 0 , 0 , -6 , -3 , -66
0 , 0 , 0 , 0 , -0.0161346 , -0.0200057 , -0.0496865 , 0 , 0 , 0 , 0 , 0 , 0 , 57 , -35 , -66
0 , 0 , 0 , 0 , -0.0160995 , -0.0199552 , -0.0496865 , 0 , 0 , 0 , 0 , 0 , 0 , 66 , 13 , 9
0 , 0 , 0 , 0 , -0.0160975 , -0.0199494 , -0.0496865 , 1.95412e-05 , 0 , 0 , 0 , 0 , 0 , 3 , -35 , 2
0 , 0 , 0 , 0 , -0.016105 , -0.0199607 , -0.0496865 , 0 , 0 , 0 , 0 , 0 , 0 , 30 , -19 , -40
0 , 0 , 0 , 0 , -0.0161166 , -0.0199227 , -0.0496865 , 0 , 0 , 0 , 0 , 0 , 0 , 30 , 13 , -9
0 , 0 , 0 , 0 , -0.0161527 , -0.0198537 , -0.0496865 , 0 , 0 , 1.95412e-05 , 0 , 0 , 0 , 57 , -19 , -3
0 , 0 , 0 , 0 , -0.0161469 , -0.0197946 , -0.0496865 , 0 , 0 , 0 , 0 , 0 , 0 , 66 , -19 , 15
0 , 0 , 0 , 0 , -0.0161301 , -0.0197746 , -0.0496865 , 0 , 0 , 0 , 0 , 0 , 0 , 57 , -35 , -9
0 , 0 , 0 , 0 , -0.0161173 , -0.0197359 , -0.0496865 , 0 , 0 , 0 , 0 , 0 , 0 , 66 , -3 , 9
0 , 0 , 0 , 0 , -0.0160804 , -0.0196614 , -0.0496865 , 0 , 0 , 0 , -0.0195412 , 0 , 0 , 85 , -2 , -29
0 , 0 , 0 , 0 , -0.0160811 , -0.0195887 , -0.0496865 , 0 , 0 , 0 , 0 , 0 , 0 , 76 , -35 , -40
0 , 0 , 0 , 0 , -0.0161219 , -0.0195284 , -0.0496865 , 0 , 0 , 0 , 0 , 0 , 0 , 2 , -35 , -16
-50 , 10 , -50.5 , 10.1 , -0.0161463 , -0.0194939 , -0.0496865 , 0 , 0 , 0 , 0 , 0 , 0 , 66 , -19 , 9
-50 , 10 , -50.5 , 10.4 , -0.0161404 , -0.0194537 , -0.0496865 , -0.00050807 , 0.000566694 , 0.000468988 , -0.0586235 , 0.017807 , 0.0208293 , 34 , 61 , 57
-50 , 10 , -52.5 , 9.9 , -0.0160203 , -0.0193329 , -0.0497469 , -0.0024231 , 0.00240356 , 0.00193457 , -0.117247 , 0.128448 , 0.133053 , -33 , 16 , 39
-50 , 10 , -52.5 , 10.2 , -0.0159947 , -0.019383 , -0.0497469 , -0.00551061 , 0.00549107 , 0.00498299 , -0.17587 , 0.183427 , 0.194503 , -64 , 16 , 2
-50 , 10 , -51 , 10 , -0.0161992 , -0.0199207 , -0.0497469 , -0.00969241 , 0.0100442 , 0.00902801 , -0.293117 , 0.254884 , 0.233373 , -3 , -24 , -7
-50 , 10 , -48.5 , 10.1 , -0.0165072 , -0.0210136 , -0.0498426 , -0.0152812 , 0.0152812 , 0.0143823 , -0.312658 , 0.301094 , 0.260316 , -35 , -7 , 11
-50 , 10 , -48 , 10.3 , -0.0168347 , -0.0226752 , -0.0499328 , -0.0219447 , 0.0223355 , 0.020909 , -0.390823 , 0.391868 , 0.354005 , 28 , -27 , 20
-50 , 10 , -51 , 10.2 , -0.0171095 , -0.0250818 , -0.0500347 , -0.0298003 , 0.0302302 , 0.0286083 , -0.468988 , 0.45339 , 0.438142 , 27 , -25 , -78
-50 , 10 , -52 , 9.7 , -0.0171965 , -0.028507 , -0.050209 , -0.0392973 , 0.0393168 , 0.0373822 , -0.488529 , 0.460875 , 0.480125 , -41 , 78 , -40
-50 , 10 , -51 , 10.4 , -0.0171075 , -0.0327594 , -0.0503637 , -0.0490483 , 0.0495955 , 0.0473091 , -0.527611 , 0.563685 , 0.59096 , -32 , -4 , -59
-50 , 10 , -49 , 10.1 , -0.0170479 , -0.0373773 , -0.0504677 , -0.0610857 , 0.0612224 , 0.058858 , -0.644858 , 0.590958 , 0.581001 , -3 , -27 , 32
-50 , 10 , -49.5 , 10.3 , -0.0170461 , -0.0420381 , -0.0506009 , -0.0733184 , 0.0739047 , 0.0713252 , -0.644858 , 0.644209 , 0.638251 , -93 , 41 , 24
-50 , 10 , -49.5 , 10.1 , -0.0170305 , -0.046667 , -0.0506009 , -0.0877398 , 0.0876812 , 0.0847891 , -0.762105 , 0.743008 , 0.74066 , -48 , -9 , 30
-50 , 10 , -50.5 , 9.7 , -0.0169332 , -0.0515421 , -0.0507027 , -0.102962 , 0.103001 , 0.0998944 , -0.820728 , 0.775439 , 0.781121 , -14 , -52 , -34
-50 , 10 , -52 , 9.7 , -0.0168759 , -0.0567994 , -0.0507027 , -0.119279 , 0.119084 , 0.115762 , -0.84027 , 0.86785 , 0.859577 , 20 , -20 , -18
-50 , 10 , -51.5 , 10.2 , -0.0169972 , -0.0622139 , -0.0507027 , -0.136769 , 0.136729 , 0.133134 , -0.918434 , 0.915276 , 0.92539 , -32 , -46 , 19
-50 , 10 , -52 , 9.8 , -0.0172353 , -0.0680378 , -0.0507027 , -0.155665 , 0.155411 , 0.151678 , -0.957517 , 0.895697 , 0.950136 , -16 , 32 , 28
-50 , 10 , -50 , 10.3 , -0.0174665 , -0.0746534 , -0.0507027 , -0.175421 , 0.175304 , 0.172275 , -0.996599 , 1.03301 , 1.06106 , 15 , -46 , -20
-50 , 10 , -51.5 , 9.9 , -0.0176198 , -0.0820526 , -0.0507027 , -0.196643 , 0.19633 , 0.192226 , -1.07476 , 1.09885 , 1.02668 , -16 , -3 , 73
-50 , 10 , -49.5 , 9.9 , -0.017726 , -0.0899625 , -0.0507027 , -0.21892 , 0.218744 , 0.215344 , -1.15293 , 1.18911 , 1.19275 , -67 , -82 , -127
-50 , 10 , -51.5 , 10.3 , -0.0178243 , -0.0982693 , -0.0507027 , -0.242525 , 0.242115 , 0.237386 , -1.23109 , 1.18671 , 1.19578 , -92 , 15 , 2
-50 , 10 , -52 , 10.5 , -0.0178844 , -0.106726 , -0.0507027 , -0.267225 , 0.267167 , 0.262066 , -1.3288 , 1.25196 , 1.30929 , 13 , -43 , -50
-50 , 10 , -51 , 10 , -0.0180049 , -0.115246 , -0.0507027 , -0.292981 , 0.292785 , 0.288838 , -1.38742 , 1.37131 , 1.30057 , -17 , 2 , 23
-50 , 10 , -51 , 10 , -0.0181731 , -0.123896 , -0.0508488 , -0.32028 , 0.31983 , 0.315824 , -1.4265 , 1.33843 , 1.33843 , -35 , 30 , -10
-50 , 10 , -50.5 , 10 , -0.0183527 , -0.132654 , -0.0508488 , -0.348653 , 0.349826 , 0.344198 , -1.48513 , 1.4281 , 1.40753 , 38 , -38 , 54
-50 , 10 , -49 , 9.6 , -0.0187298 , -0.141865 , -0.0508488 , -0.378024 , 0.379294 , 0.373275 , -1.50467 , 1.58442 , 1.47573 , -51 , -73 , 13
-50 , 10 , -52.5 , 10.3 , -0.0190353 , -0.151472 , -0.051173 , -0.410228 , 0.409895 , 0.403779 , -1.62192 , 1.60502 , 1.59195 , 10 , -46 , 55
-50 , 10 , -51.5 , 10.1 , -0.0188851 , -0.161235 , -0.0516379 , -0.442451 , 0.441943 , 0.435592 , -1.661 , 1.60832 , 1.56851 , -34 , 28 , 48
-50 , 10 , -50 , 10 , -0.018306 , -0.171307 , -0.0521309 , -0.475515 , 0.475319 , 0.468636 , -1.64146 , 1.59845 , 1.66662 , -6 , 44 , 11
-50 , 10 , -51 , 10.1 , -0.0177225 , -0.181692 , -0.0525828 , -0.509594 , 0.509712 , 0.502774 , -1.81733 , 1.73956 , 1.79139 , 74 , -16 , -2
-50 , 10 , -51 , 10.1 , -0.0173256 , -0.192108 , -0.053287 , -0.544925 , 0.545198 , 0.538066 , -1.85641 , 1.90027 , 1.8277 , 64 , -57 , -52
-50 , 10 , -48.5 , 10 , -0.0161664 , -0.202375 , -0.0553316 , -0.581506 , 0.581897 , 0.57453 , -1.87595 , 1.92998 , 1.8537 , -20 , -77 , -3
-50 , 10 , -52.5 , 10.1 , -0.0136078 , -0.212225 , -0.058093 , -0.619279 , 0.618458 , 0.612224 , -1.93457 , 1.8537 , 1.95574 , 11 , -11 , -39
-50 , 10 , -49 , 10.3 , -0.0104496 , -0.221291 , -0.0619408 , -0.658263 , 0.655235 , 0.651209 , -1.97366 , 1.88651 , 1.97551 , -68 , -47 , -1
-50 , 10 , -48.5 , 10.3 , -0.00778832 , -0.229825 , -0.0667561 , -0.69842 , 0.691835 , 0.693398 , -2.01274 , 1.81216 , 2.0215 , -63 , 2 , 1
-50 , 10 , -48 , 9.6 , -0.00641823 , -0.238698 , -0.071867 , -0.739809 , 0.727244 , 0.734787 , -2.16907 , 1.75388 , 2.17123 , 45 , 2 , -98
-50 , 10 , -51 , 9.7 , -0.00695209 , -0.248454 , -0.0766164 , -0.782369 , 0.761617 , 0.777386 , -2.24723 , 1.65253 , 2.15131 , 31 , 14 , 29
-50 , 10 , -48 , 9.8 , -0.0094483 , -0.259439 , -0.0800278 , -0.826278 , 0.794856 , 0.821315 , -2.18861 , 1.50123 , 2.25909 , -65 , 61 , -94
-50 , 10 , -50.5 , 10.4 , -0.0132054 , -0.271656 , -0.0817719 , -0.87134 , 0.826708 , 0.866318 , -2.26677 , 1.54373 , 2.25258 , 14 , -17 , 22
-50 , 10 , -51 , 9.9 , -0.0172432 , -0.284821 , -0.0815362 , -0.917555 , 0.857173 , 0.912435 , -2.36448 , 1.508 , 2.29109 , 8 , -28 , 65
-50 , 10 , -49 , 9.6 , -0.0206427 , -0.298545 , -0.0797056 , -0.964845 , 0.887989 , 0.959666 , -2.34494 , 1.42983 , 2.39522 , -60 , 6 , 32
-50 , 10 , -49.5 , 9.7 , -0.0227348 , -0.312325 , -0.0768566 , -1.01327 , 0.915054 , 1.00827 , -2.52081 , 1.28279 , 2.47879 , -61 , 46 , -10
-50 , 10 , -52.5 , 9.8 , -0.0232174 , -0.32608 , -0.0737883 , -1.06314 , 0.943408 , 1.05821 , -2.57943 , 1.32932 , 2.56558 , -41 , -33 , -3
-50 , 10 , -51 , 10.2 , -0.0220604 , -0.339681 , -0.0713859 , -1.11424 , 0.970218 , 1.10929 , -2.55989 , 1.35388 , 2.57684 , -62 , 2 , -16
-50 , 10 , -51.5 , 10 , -0.0194706 , -0.35335 , -0.0701412 , -1.16891 , 0.996599 , 1.16125 , -2.59897 , 1.20006 , 2.6259 , -161 , -3 , 0
-50 , 10 , -48.5 , 9.9 , -0.015957 , -0.3679 , -0.0704329 , -1.22232 , 1.02179 , 1.21472 , -2.7553 , 1.26616 , 2.71404 , 31 , -49 , -66
-50 , 10 , -48.5 , 10 , -0.0122331 , -0.383478 , -0.0721742 , -1.27717 , 1.04555 , 1.26848 , -2.69668 , 1.19945 , 2.5997 , -138 , -18 , -19
-50 , 10 , -52.5 , 9.7 , -0.00916441 , -0.399236 , -0.0750707 , -1.3328 , 1.06849 , 1.32085 , -2.77484 , 1.05866 , 2.59252 , -166 , 11 , -24
-50 , 10 , -48.5 , 9.7 , -0.00743285 , -0.414849 , -0.0783811 , -1.38998 , 1.09022 , 1.37279 , -2.97026 , 1.05013 , 2.65714 , 32 , 2 , -124
-50 , 10 , -48 , 9.8 , -0.00720242 , -0.430456 , -0.0814316 , -1.44818 , 1.11101 , 1.42394 , -2.87255 , 1.00813 , 2.52415 , -147 , -52 , -42
-50 , 10 , -48.5 , 9.8 , -0.00829357 , -0.44592 , -0.0836982 , -1.50762 , 1.13044 , 1.4737 , -3.04842 , 0.93164 , 2.40013 , -44 , 2 , 9
-50 , 10 , -50.5 , 10.3 , -0.010362 , -0.461168 , -0.0847837 , -1.56763 , 1.14882 , 1.52444 , -2.97026 , 0.868809 , 2.40505 , -132 , 11 , -16
-50 , 10 , -49.5 , 10.1 , -0.0127579 , -0.475805 , -0.0847073 , -1.62758 , 1.16571 , 1.57187 , -3.12658 , 0.825099 , 2.37582 , 51 , 18 , -93
-50 , 10 , -48 , 9.7 , -0.0148212 , -0.490025 , -0.083607 , -1.68767 , 1.18183 , 1.61807 , -2.97026 , 0.748938 , 2.32862 , -164 , -24 , -51
-50 , 10 , -50.5 , 10.4 , -0.0162474 , -0.504204 , -0.0819393 , -1.74768 , 1.19629 , 1.66305 , -3.0875 , 0.666546 , 2.33326 , -15 , 28 , -50
-50 , 10 , -51 , 10.3 , -0.016666 , -0.518453 , -0.0801812 , -1.80769 , 1.20981 , 1.70682 , -2.97026 , 0.660354 , 2.11254 , -179 , 15 , -14
-50 , 10 , -48.5 , 10.5 , -0.0158407 , -0.532686 , -0.078881 , -1.86757 , 1.2223 , 1.74929 , -3.10704 , 0.55938 , 2.06694 , 65 , 19 , -27
-50 , 10 , -48 , 9.8 , -0.0140835 , -0.547077 , -0.0784199 , -1.92766 , 1.2333 , 1.79065 , -2.97026 , 0.524825 , 2.01541 , -196 , 10 , -5
-50 , 10 , -49.5 , 10.5 , -0.0117119 , -0.561694 , -0.0789987 , -1.9873 , 1.24301 , 1.83073 , -3.06796 , 0.501052 , 1.98051 , -93 , 17 , -11
-50 , 10 , -52 , 9.6 , -0.00926001 , -0.575715 , -0.0804808 , -2.0469 , 1.25187 , 1.86968 , -2.93117 , 0.42054 , 1.86254 , -324 , -45 , -8
-50 , 10 , -49.5 , 9.7 , -0.00730235 , -0.589335 , -0.0825669 , -2.10681 , 1.25978 , 1.90739 , -3.02888 , 0.366969 , 1.84494 , -110 , 2 , -46
-50 , 10 , -50.5 , 10.3 , -0.00611882 , -0.60312 , -0.0847551 , -2.16637 , 1.26605 , 1.94392 , -2.93117 , 0.292676 , 1.86032 , -276 , -33 , 6
-50 , 10 , -51.5 , 10.3 , -0.00600444 , -0.616326 , -0.0867065 , -2.22488 , 1.27102 , 1.97921 , -2.89209 , 0.202219 , 1.76775 , -157 , 16 , -52
-50 , 10 , -48 , 10.5 , -0.00688122 , -0.629181 , -0.0880107 , -2.28307 , 1.27467 , 2.01333 , -2.85301 , 0.144285 , 1.70231 , -273 , 32 , -4
-50 , 10 , -52 , 9.6 , -0.00839017 , -0.64199 , -0.0884932 , -2.34355 , 1.27733 , 2.04631 , -2.89209 , 0.0968339 , 1.5743 , -178 , 55 , -32
-50 , 10 , -49.5 , 9.7 , -0.0102196 , -0.654789 , -0.0880859 , -2.40065 , 1.27879 , 2.07797 , -2.85301 , 0.0468229 , 1.55757 , -210 , 15 , -42
-50 , 10 , -50 , 10.4 , -0.0118906 , -0.667612 , -0.0870499 , -2.45636 , 1.27883 , 2.1088 , -2.83347 , -0.0458783 , 1.47944 , -163 , 76 , -12
-50 , 10 , -52.5 , 9.6 , -0.0129486 , -0.679996 , -0.0856524 , -2.51119 , 1.2783 , 2.1381 , -2.77484 , 0 , 1.46101 , -158 , 26 , -148
-50 , 10 , -50.5 , 9.7 , -0.0132639 , -0.692162 , -0.0842393 , -2.5653 , 1.27721 , 2.16625 , -2.59897 , -0.0736837 , 1.32368 , -430 , 52 , 17
-50 , 10 , -49.5 , 9.6 , -0.0127231 , -0.703984 , -0.083163 , -2.61855 , 1.27637 , 2.19328 , -2.69668 , -0.0287643 , 1.25935 , -144 , -69 , 78
-50 , 10 , -48.5 , 10.5 , -0.0116903 , -0.715116 , -0.0825352 , -2.67038 , 1.27424 , 2.21913 , -2.57943 , -0.129928 , 1.28454 , -228 , -19 , -65
-50 , 10 , -52.5 , 9.8 , -0.0106362 , -0.725234 , -0.082407 , -2.72126 , 1.271 , 2.24358 , -2.48173 , -0.204834 , 1.20006 , -369 , -2 , 19
-50 , 10 , -48 , 9.6 , -0.00997397 , -0.734771 , -0.082407 , -2.7707 , 1.26777 , 2.26726 , -2.48173 , -0.161585 , 1.1523 , -294 , -16 , -17
-50 , 10 , -51.5 , 9.9 , -0.0102259 , -0.744267 , -0.0822667 , -2.81868 , 1.26435 , 2.29077 , -2.48173 , -0.203412 , 1.12845 , -182 , -44 , -32
-50 , 10 , -52.5 , 10.3 , -0.0114494 , -0.753659 , -0.081742 , -2.86632 , 1.25968 , 2.31105 , -2.34494 , -0.254884 , 1.05866 , -220 , -16 , -18
-50 , 10 , -51 , 10 , -0.0132429 , -0.762756 , -0.0805893 , -2.91228 , 1.25421 , 2.33192 , -2.24723 , -0.263949 , 1.0727 , -229 , -75 , -23
-50 , 10 , -52.5 , 9.9 , -0.015232 , -0.77142 , -0.0787092 , -2.95691 , 1.24809 , 2.35371 , -2.18861 , -0.341231 , 0.963804 , -270 , 16 , 54
-50 , 10 , -49.5 , 10.4 , -0.0171701 , -0.779783 , -0.0763626 , -3.00029 , 1.24211 , 2.37308 , -2.22769 , -0.257119 , 0.970579 , -267 , -18 , -18
-50 , 10 , -48 , 9.9 , -0.0187081 , -0.787771 , -0.0738156 , -3.04295 , 1.23615 , 2.39045 , -2.12999 , -0.304853 , 0.88023 , -271 , -35 , -21
-50 , 10 , -51.5 , 9.7 , -0.019599 , -0.795316 , -0.0712591 , -3.08395 , 1.2291 , 2.40817 , -1.9932 , -0.372448 , 0.884543 , -223 , -48 , 31
-50 , 10 , -50.5 , 9.7 , -0.019887 , -0.802387 , -0.0689118 , -3.12401 , 1.22171 , 2.42422 , -1.89549 , -0.315857 , 0.781904 , -246 , -45 , -86
-50 , 10 , -49 , 9.8 , -0.0198997 , -0.809054 , -0.0668975 , -3.16256 , 1.21581 , 2.43872 , -1.81733 , -0.264664 , 0.713825 , -320 , -51 , 49
-50 , 10 , -48.5 , 9.9 , -0.0198505 , -0.815675 , -0.0652316 , -3.20008 , 1.21013 , 2.4522 , -1.83687 , -0.323171 , 0.65647 , -206 , -57 , 22
-50 , 10 , -49 , 10.3 , -0.0201022 , -0.822101 , -0.063654 , -3.23824 , 1.2025 , 2.46455 , -1.83687 , -0.397986 , 0.607808 , -158 , 12 , 29
-50 , 10 , -50 , 10.1 , -0.0211633 , -0.828192 , -0.061924 , -3.27328 , 1.19428 , 2.47538 , -1.7587 , -0.497228 , 0.47372 , -158 , 25 , 23
-50 , 10 , -52.5 , 10.2 , -0.0228927 , -0.833835 , -0.0598112 , -3.30525 , 1.18611 , 2.48521 , -1.68054 , -0.376515 , 0.453917 , -256 , -54 , 82
-50 , 10 , -50 , 10.5 , -0.0248408 , -0.839122 , -0.0573029 , -3.33818 , 1.17915 , 2.4939 , -1.62192 , -0.306607 , 0.412258 , -213 , -101 , -19
-50 , 10 , -48 , 10 , -0.0266141 , -0.84448 , -0.0545151 , -3.37108 , 1.17196 , 2.5015 , -1.60237 , -0.367775 , 0.319905 , -233 , -73 , -13
-50 , 10 , -48.5 , 10.3 , -0.0277964 , -0.849711 , -0.0518312 , -3.40153 , 1.16344 , 2.50752 , -1.48513 , -0.458354 , 0.313997 , -130 , -34 , -49
-50 , 10 , -52.5 , 9.6 , -0.02823 , -0.85419 , -0.0492805 , -3.43031 , 1.154 , 2.51258 , -1.36788 , -0.527664 , 0.206129 , -138 , 15 , 43
-50 , 10 , -50.5 , 10.1 , -0.0285937 , -0.858133 , -0.0468668 , -3.45792 , 1.14464 , 2.51637 , -1.30926 , -0.398528 , 0.157083 , -228 , -83 , 43
-50 , 10 , -51 , 10.2 , -0.0291454 , -0.862107 , -0.0447361 , -3.48433 , 1.13642 , 2.51901 , -1.30926 , -0.382159 , 0.0688067 , -311 , -29 , 83
-50 , 10 , -48.5 , 9.6 , -0.0297965 , -0.86605 , -0.0426298 , -3.50967 , 1.12932 , 2.5204 , -1.17247 , -0.314841 , 0.0364655 , -193 , -35 , 11
-50 , 10 , -50 , 9.7 , -0.0307127 , -0.869934 , -0.0406553 , -3.53361 , 1.1234 , 2.52061 , -1.17247 , -0.283478 , 0.00804117 , -296 , -3 , 30
-50 , 10 , -50.5 , 9.8 , -0.0315308 , -0.873668 , -0.0388098 , -3.55663 , 1.11873 , 2.51964 , -1.07476 , -0.2032 , -0.0932594 , -203 , -44 , 52
-50 , 10 , -50 , 9.9 , -0.0320129 , -0.877192 , -0.0371004 , -3.57824 , 1.11541 , 2.51768 , -1.01614 , -0.146047 , -0.163114 , -225 , -24 , 14
-50 , 10 , -50.5 , 10.3 , -0.0321098 , -0.880665 , -0.03571 , -3.59876 , 1.11326 , 2.51415 , -0.957517 , -0.0744327 , -0.186936 , -311 , -49 , -45
-50 , 10 , -50.5 , 10.2 , -0.0318549 , -0.883905 , -0.0347114 , -3.61801 , 1.11228 , 2.50959 , -0.957517 , -0.0206945 , -0.271154 , -161 , -56 , -39
-50 , 10 , -49 , 10.3 , -0.0313677 , -0.886908 , -0.0341117 , -3.63606 , 1.11224 , 2.50377 , -0.859811 , 0 , -0.286946 , -272 , -13 , -95
-50 , 10 , -50.5 , 10.3 , -0.0309524 , -0.889601 , -0.0337816 , -3.653 , 1.11347 , 2.49658 , -0.762105 , 0.112997 , -0.355939 , -281 , 12 , -75
-50 , 10 , -50 , 10.1 , -0.0307222 , -0.892136 , -0.033562 , -3.66866 , 1.11596 , 2.48825 , -0.781646 , 0.186817 , -0.45374 , -242 , -11 , -43
-50 , 10 , -49.5 , 10.4 , -0.030407 , -0.8948 , -0.033562 , -3.68314 , 1.11977 , 2.47876 , -0.703482 , 0.217284 , -0.520171 , -172 , -19 , 2
-50 , 10 , -51 , 9.9 , -0.0298427 , -0.897399 , -0.0337732 , -3.69625 , 1.12389 , 2.46842 , -0.664399 , 0.149093 , -0.522955 , -131 , 45 , -52
-50 , 10 , -50 , 10.3 , -0.0292242 , -0.899778 , -0.0343449 , -3.7084 , 1.1278 , 2.45832 , -0.586235 , 0.230256 , -0.501267 , -141 , 22 , 14
-50 , 10 , -48.5 , 9.9 , -0.028933 , -0.901613 , -0.0350187 , -3.7198 , 1.13313 , 2.44921 , -0.527611 , 0.281436 , -0.439123 , -203 , -30 , 13
-50 , 10 , -52.5 , 10.4 , -0.0288115 , -0.903129 , -0.0357411 , -3.72945 , 1.13819 , 2.44044 , -0.468988 , 0.217527 , -0.457996 , -195 , 20 , 34
-50 , 10 , -48.5 , 10.3 , -0.0285392 , -0.904658 , -0.036621 , -3.73744 , 1.14337 , 2.43168 , -0.390823 , 0.254994 , -0.386057 , -275 , -16 , -63
-50 , 10 , -50 , 9.8 , -0.0281924 , -0.906159 , -0.0375467 , -3.74524 , 1.14822 , 2.42304 , -0.293117 , 0.209743 , -0.418589 , -281 , 29 , -139
-50 , 10 , -52.5 , 10.4 , -0.0278993 , -0.907442 , -0.038481 , -3.75089 , 1.15336 , 2.41423 , -0.273576 , 0.301249 , -0.446484 , -240 , -3 , -15
-50 , 10 , -50.5 , 10.1 , -0.0277399 , -0.908409 , -0.0393506 , -3.75597 , 1.15975 , 2.40634 , -0.234494 , 0.319648 , -0.395832 , -173 , 31 , 66
-50 , 10 , -49 , 9.8 , -0.0273698 , -0.909266 , -0.0404008 , -3.75952 , 1.16655 , 2.39979 , -0.117247 , 0.305967 , -0.309522 , -277 , 33 , -13
-50 , 10 , -48 , 10.3 , -0.0265981 , -0.909968 , -0.0416335 , -3.76222 , 1.17225 , 2.39354 , -0.0977058 , 0.252251 , -0.34363 , -196 , 2 , -16
-50 , 10 , -48.5 , 10.1 , -0.0257636 , -0.910346 , -0.0429541 , -3.76343 , 1.17673 , 2.38641 , -0.0195412 , 0.176629 , -0.444115 , -202 , 2 , 45
-50 , 10 , -51 , 9.9 , -0.0252706 , -0.91029 , -0.0441118 , -3.76363 , 1.17999 , 2.379 , 0 , 0.145901 , -0.3502 , -109 , 34 , -31
-50 , 10 , -49 , 9.7 , -0.0253573 , -0.909887 , -0.0450301 , -3.76251 , 1.18335 , 2.37277 , 0.0977058 , 0.200903 , -0.239279 , -64 , -36 , -32
-50 , 10 , -48 , 10.4 , -0.0256555 , -0.909573 , -0.0458116 , -3.76001 , 1.1865 , 2.36759 , 0.17587 , 0.129468 , -0.210723 , 16 , -1 , 15
-50 , 10 , -52 , 10.1 , -0.0258156 , -0.909358 , -0.0463497 , -3.7564 , 1.18847 , 2.36335 , 0.17587 , 0.0868486 , -0.175465 , -28 , 17 , 20
-50 , 10 , -51 , 10 , -0.025988 , -0.908803 , -0.0466409 , -3.75171 , 1.1906 , 2.36057 , 0.293117 , 0.132812 , -0.108241 , -18 , 24 , 58
-50 , 10 , -52.5 , 9.8 , -0.0259406 , -0.907789 , -0.0470234 , -3.74582 , 1.19391 , 2.35887 , 0.312658 , 0.184002 , -0.0608502 , -103 , 29 , 17
-50 , 10 , -49.5 , 9.8 , -0.0251583 , -0.906621 , -0.0477047 , -3.73967 , 1.1985 , 2.35846 , 0.254035 , 0.286526 , 0 , -67 , -66 , 31
-50 , 10 , -51.5 , 9.8 , -0.0235781 , -0.905684 , -0.0488995 , -3.7339 , 1.20289 , 2.35907 , 0.312658 , 0.209968 , 0.121372 , -67 , 16 , -15
-50 , 10 , -49 , 10.4 , -0.0218621 , -0.904902 , -0.0503727 , -3.72679 , 1.20749 , 2.36096 , 0.371282 , 0.242848 , 0.126072 , 61 , 18 , 13
-50 , 10 , -49 , 10.2 , -0.0208498 , -0.903734 , -0.0518648 , -3.71823 , 1.21196 , 2.36393 , 0.449447 , 0.189842 , 0.184118 , -34 , -27 , 160
-50 , 10 , -49 , 9.7 , -0.0206761 , -0.901818 , -0.0532931 , -3.70866 , 1.21523 , 2.36856 , 0.527611 , 0.12839 , 0.300941 , -87 , 20 , -18
-50 , 10 , -51 , 9.6 , -0.0209549 , -0.899418 , -0.0544276 , -3.69773 , 1.2173 , 2.37325 , 0.547152 , 0.0839635 , 0.220969 , -39 , 20 , 37
-50 , 10 , -52 , 10.5 , -0.0213198 , -0.897071 , -0.0552331 , -3.68693 , 1.21943 , 2.3779 , 0.488529 , 0.135077 , 0.21042 , 3 , -31 , 30
-50 , 10 , -49 , 10.4 , -0.0214053 , -0.89523 , -0.0558601 , -3.67729 , 1.22144 , 2.38318 , 0.429905 , 0.0633346 , 0.305648 , 24 , -26 , -84
-50 , 10 , -52 , 10.1 , -0.0211391 , -0.893944 , -0.0564401 , -3.66789 , 1.2223 , 2.38916 , 0.547152 , 0.0208841 , 0.257685 , -80 , 2 , -13
-50 , 10 , -50.5 , 10 , -0.0209681 , -0.892685 , -0.0568759 , -3.65809 , 1.22335 , 2.39481 , 0.429905 , 0.063541 , 0.327138 , -69 , -46 , 46
-50 , 10 , -52 , 10.5 , -0.0209127 , -0.89108 , -0.0572504 , -3.64927 , 1.22402 , 2.4021 , 0.410364 , 0 , 0.377484 , -46 , -26 , 105
-50 , 10 , -52 , 10.5 , -0.0207478 , -0.889278 , -0.0576563 , -3.64163 , 1.22373 , 2.41042 , 0.351741 , -0.0199992 , 0.422055 , 33 , -55 , 32
-50 , 10 , -51.5 , 10.2 , -0.0204411 , -0.887667 , -0.0581127 , -3.63505 , 1.22232 , 2.4199 , 0.3322 , -0.126507 , 0.501055 , -79 , -65 , -29
-50 , 10 , -50 , 10.1 , -0.0202582 , -0.886616 , -0.0585275 , -3.62963 , 1.21952 , 2.43049 , 0.273576 , -0.159911 , 0.537334 , -84 , -52 , 15
-50 , 10 , -49.5 , 10.1 , -0.0208056 , -0.88582 , -0.0585275 , -3.62436 , 1.21562 , 2.4405 , 0.312658 , -0.235625 , 0.437978 , 24 , -78 , 57
-50 , 10 , -51.5 , 10.2 , -0.0222919 , -0.884722 , -0.0578416 , -3.61781 , 1.21001 , 2.4495 , 0.390823 , -0.298337 , 0.446484 , -82 , -6 , -4
-50 , 10 , -52.5 , 10.1 , -0.0241896 , -0.883254 , -0.0564573 , -3.61103 , 1.20483 , 2.45744 , 0.273576 , -0.204905 , 0.394239 , -44 , -92 , -18
-50 , 10 , -48.5 , 9.7 , -0.0254163 , -0.881751 , -0.0548807 , -3.60577 , 1.20078 , 2.46498 , 0.273576 , -0.168943 , 0.436022 , -78 , -35 , -36
-50 , 10 , -50.5 , 10.1 , -0.0251737 , -0.880849 , -0.0536952 , -3.60048 , 1.19684 , 2.47252 , 0.293117 , -0.230255 , 0.367427 , 19 , -3 , 18
-50 , 10 , -52.5 , 9.6 , -0.0239476 , -0.880283 , -0.053139 , -3.59473 , 1.19207 , 2.47901 , 0.293117 , -0.211866 , 0.287793 , -109 , -43 , 78
-50 , 10 , -51 , 10.2 , -0.0229339 , -0.879124 , -0.0528704 , -3.59071 , 1.18814 , 2.48442 , 0.195412 , -0.160654 , 0.244059 , -41 , -18 , 83
-50 , 10 , -49 , 10.3 , -0.0227187 , -0.877613 , -0.052675 , -3.58768 , 1.18533 , 2.48864 , 0.156329 , -0.12964 , 0.194503 , -50 , -72 , 29
-50 , 10 , -51.5 , 10.2 , -0.0229646 , -0.876786 , -0.0524598 , -3.58477 , 1.1822 , 2.49169 , 0.17587 , -0.172421 , 0.099496 , -106 , -61 , 32
-50 , 10 , -51.5 , 10.1 , -0.0235006 , -0.876568 , -0.0520428 , -3.58178 , 1.17945 , 2.49353 , 0.0977058 , -0.0845444 , 0.0726615 , -40 , -96 , -5
-50 , 10 , -48.5 , 9.9 , -0.0244121 , -0.876165 , -0.0513535 , -3.58014 , 1.1778 , 2.49408 , 0.0586235 , -0.0748501 , 0.0094402 , -96 , -44 , 17
-50 , 10 , -49 , 10.5 , -0.0250676 , -0.87574 , -0.0505986 , -3.57842 , 1.17599 , 2.49359 , 0.117247 , -0.116593 , -0.0402464 , -35 , -60 , -25
-50 , 10 , -49 , 9.6 , -0.0250128 , -0.87553 , -0.0500062 , -3.57525 , 1.173 , 2.49177 , 0.234494 , -0.186699 , -0.104984 , -94 , -45 , -54
-50 , 10 , -48 , 9.6 , -0.0247063 , -0.874901 , -0.0496059 , -3.57105 , 1.16887 , 2.48876 , 0.195412 , -0.247356 , -0.197119 , 24 , -44 , -17
-50 , 10 , -52 , 10.3 , -0.0247684 , -0.873465 , -0.0491159 , -3.56562 , 1.16348 , 2.48444 , 0.312658 , -0.303747 , -0.24406 , -61 , -3 , 2
-50 , 10 , -50.5 , 9.7 , -0.0253509 , -0.871579 , -0.0484271 , -3.55999 , 1.15836 , 2.47999 , 0.254035 , -0.218011 , -0.22617 , -50 , -3 , 18
-50 , 10 , -50 , 10.1 , -0.0261209 , -0.869808 , -0.0475757 , -3.55588 , 1.15451 , 2.47573 , 0.136788 , -0.15517 , -0.210875 , 70 , -19 , -25
-50 , 10 , -48 , 10 , -0.0264818 , -0.868925 , -0.0468725 , -3.55303 , 1.15197 , 2.47039 , 0.156329 , -0.0948588 , -0.331391 , -46 , -92 , -66
-50 , 10 , -48 , 9.9 , -0.0263076 , -0.868995 , -0.0463199 , -3.55008 , 1.14912 , 2.46377 , 0.195412 , -0.175624 , -0.332899 , -74 , -58 , -124
-50 , 10 , -51.5 , 10.3 , -0.0262874 , -0.86884 , -0.0457515 , -3.54588 , 1.14519 , 2.45552 , 0.234494 , -0.244876 , -0.399341 , -35 , -55 , -39
-50 , 10 , -52 , 10.3 , -0.026839 , -0.867593 , -0.0449989 , -3.54142 , 1.14118 , 2.44759 , 0.17587 , -0.185634 , -0.372212 , -77 , 2 , -14
-50 , 10 , -51.5 , 10 , -0.0274458 , -0.865857 , -0.0442478 , -3.53841 , 1.13837 , 2.44018 , 0.0977058 , -0.081534 , -0.318085 , -51 , -53 , -16
-50 , 10 , -49.5 , 9.7 , -0.0273923 , -0.86496 , -0.0437204 , -3.53668 , 1.13698 , 2.43438 , 0.0586235 , -0.0430289 , -0.251926 , -92 , -34 , -49
-50 , 10 , -49.5 , 9.6 , -0.0266248 , -0.865302 , -0.0436271 , -3.53601 , 1.13659 , 2.42918 , 0 , 0 , -0.288075 , -147 , -34 , -76
-50 , 10 , -51.5 , 9.7 , -0.0259788 , -0.865888 , -0.0436271 , -3.53636 , 1.13726 , 2.42234 , -0.0781646 , 0.0940072 , -0.364119 , -251 , -27 , -162
-50 , 10 , -51.5 , 10.4 , -0.025945 , -0.865931 , -0.0436271 , -3.53845 , 1.13939 , 2.41535 , -0.136788 , 0.137227 , -0.311659 , -211 , 17 , -32
-50 , 10 , -51 , 9.7 , -0.0259374 , -0.865994 , -0.0436271 , -3.5415 , 1.14275 , 2.40939 , -0.214953 , 0.207296 , -0.280494 , -191 , 1 , 30
-50 , 10 , -48 , 10.4 , -0.0251888 , -0.866815 , -0.044118 , -3.5457 , 1.14718 , 2.40466 , -0.254035 , 0.236193 , -0.197651 , -175 , 2 , 16
-50 , 10 , -49.5 , 9.6 , -0.0239384 , -0.868279 , -0.0451323 , -3.55002 , 1.1516 , 2.40034 , -0.136788 , 0.168943 , -0.231712 , -239 , 43 , -15
-50 , 10 , -48 , 9.8 , -0.02326 , -0.869488 , -0.0462873 , -3.55288 , 1.15564 , 2.39493 , -0.136788 , 0.264546 , -0.315688 , -156 , 41 , -23
-50 , 10 , -52.5 , 10.2 , -0.023625 , -0.869763 , -0.0470395 , -3.5546 , 1.16016 , 2.38824 , -0.0586235 , 0.192082 , -0.338275 , -257 , 61 , -74
-50 , 10 , -50.5 , 10 , -0.0242873 , -0.869544 , -0.0476422 , -3.55622 , 1.1644 , 2.38152 , -0.136788 , 0.226519 , -0.3502 , -229 , 70 , -12
-50 , 10 , -49.5 , 10.3 , -0.024081 , -0.869852 , -0.0484193 , -3.55923 , 1.17016 , 2.37556 , -0.136788 , 0.32017 , -0.258822 , -260 , -6 , -43
-50 , 10 , -48 , 10.1 , -0.0229333 , -0.8712 , -0.0494801 , -3.56243 , 1.17565 , 2.37077 , -0.0977058 , 0.239279 , -0.186817 , -203 , 2 , -66
-50 , 10 , -48 , 10.3 , -0.0219531 , -0.872735 , -0.0506398 , -3.56403 , 1.17988 , 2.36641 , -0.0586235 , 0.204049 , -0.276656 , -201 , -62 , 66
-50 , 10 , -49 , 10.4 , -0.0218285 , -0.873119 , -0.0516181 , -3.56454 , 1.18287 , 2.36174 , 0 , 0.0865672 , -0.211408 , -169 , 12 , 51
-50 , 10 , -50 , 9.8 , -0.0223092 , -0.87246 , -0.0523182 , -3.56401 , 1.1847 , 2.35844 , 0.0977058 , 0.080327 , -0.152824 , -46 , -29 , 14
-50 , 10 , -50.5 , 10.3 , -0.0227872 , -0.871902 , -0.0528631 , -3.56296 , 1.18525 , 2.35625 , 0 , 0 , -0.0762921 , -75 , 6 , -25
-50 , 10 , -49.5 , 10.4 , -0.0231166 , -0.871926 , -0.0530665 , -3.56325 , 1.18472 , 2.35524 , -0.0586235 , -0.0259781 , -0.0297244 , -210 , -102 , -35
-50 , 10 , -52.5 , 9.7 , -0.023655 , -0.872206 , -0.0530665 , -3.56417 , 1.183 , 2.35543 , -0.0195412 , -0.121372 , 0.0336412 , -240 , -29 , 29
-50 , 10 , -48.5 , 10.5 , -0.0245042 , -0.872229 , -0.0527839 , -3.56476 , 1.18122 , 2.35657 , -0.0390823 , -0.0463637 , 0.0991931 , -302 , -189 , 16
-50 , 10 , -52.5 , 10.3 , -0.0253558 , -0.872047 , -0.0521189 , -3.56546 , 1.17941 , 2.3592 , 0 , -0.134828 , 0.122081 , -225 , 2 , 65
-50 , 10 , -48 , 10.5 , -0.0257656 , -0.872116 , -0.0514408 , -3.56585 , 1.17777 , 2.36284 , -0.0586235 , -0.0232337 , 0.197384 , -215 , -90 , 135
-50 , 10 , -51 , 10.2 , -0.0255547 , -0.872299 , -0.0509986 , -3.56652 , 1.17591 , 2.36716 , 0 , -0.114454 , 0.18435 , -185 , -24 , 74
-50 , 10 , -49 , 10.4 , -0.0251687 , -0.872286 , -0.0506805 , -3.56695 , 1.17429 , 2.37085 , -0.0390823 , -0.0623912 , 0.214894 , -234 , -28 , 18
-50 , 10 , -52 , 9.7 , -0.0249773 , -0.872104 , -0.0504582 , -3.56757 , 1.17237 , 2.37574 , 0 , -0.12473 , 0.272665 , -249 , -37 , -14
-50 , 10 , -51 , 10.1 , -0.0248838 , -0.871883 , -0.0502782 , -3.56804 , 1.17071 , 2.38218 , -0.0586235 , -0.0628599 , 0.342626 , -239 , -27 , -3
-50 , 10 , -51.5 , 10.5 , -0.0249374 , -0.871891 , -0.0500628 , -3.56988 , 1.17012 , 2.38957 , -0.136788 , -0.0145998 , 0.393974 , -248 , -36 , 12
-50 , 10 , -49.5 , 10.3 , -0.0250446 , -0.872388 , -0.0498359 , -3.57289 , 1.17065 , 2.39795 , -0.17587 , 0.0436372 , 0.440776 , -291 , -16 , 16
-50 , 10 , -50 , 10.1 , -0.0250065 , -0.873347 , -0.0497255 , -3.57603 , 1.17122 , 2.40665 , -0.136788 , 0 , 0.404298 , -251 , -17 , 19
-50 , 10 , -50.5 , 10.3 , -0.0249753 , -0.87422 , -0.0497255 , -3.57904 , 1.17075 , 2.41445 , -0.195412 , -0.0393709 , 0.361204 , -216 , -35 , 16
-50 , 10 , -50 , 10.5 , -0.0250959 , -0.874596 , -0.0496259 , -3.58328 , 1.17034 , 2.42162 , -0.214953 , 0 , 0.335949 , -211 , -64 , 4
-50 , 10 , -48.5 , 10.5 , -0.025238 , -0.874956 , -0.0494231 , -3.58754 , 1.16977 , 2.42932 , -0.136788 , -0.0901333 , 0.351669 , -243 , -36 , -14
-50 , 10 , -52.5 , 10 , -0.0252732 , -0.875841 , -0.0492994 , -3.59034 , 1.16778 , 2.43549 , -0.136788 , -0.112737 , 0.269533 , -196 , -34 , 64
-50 , 10 , -52.5 , 9.6 , -0.0255664 , -0.876621 , -0.0489497 , -3.59331 , 1.16614 , 2.44149 , -0.195412 , -0.0579162 , 0.331391 , -187 , -33 , 19
-50 , 10 , -50.5 , 9.7 , -0.0263695 , -0.876805 , -0.0483302 , -3.59741 , 1.16567 , 2.44859 , -0.214953 , 0 , 0.45234 , -286 , -36 , 26
-50 , 10 , -48.5 , 10.3 , -0.0268046 , -0.877304 , -0.0477154 , -3.6031 , 1.16626 , 2.45611 , -0.273576 , 0.0251063 , 0.359653 , -263 , 31 , -29
-50 , 10 , -52 , 9.8 , -0.0261392 , -0.878769 , -0.0475249 , -3.60849 , 1.1668 , 2.46246 , -0.214953 , 0 , 0.290646 , -281 , 31 , -15
-50 , 10 , -52 , 10.2 , -0.0250817 , -0.880609 , -0.0477489 , -3.61369 , 1.16758 , 2.46752 , -0.254035 , 0.121222 , 0.261361 , -362 , -17 , 27
-50 , 10 , -52 , 9.6 , -0.0247536 , -0.881721 , -0.0478826 , -3.62057 , 1.16964 , 2.47231 , -0.351741 , 0.150393 , 0.26647 , -280 , -8 , 32
-50 , 10 , -50.5 , 10.4 , -0.025061 , -0.882356 , -0.0478029 , -3.62838 , 1.17288 , 2.47727 , -0.410364 , 0.201178 , 0.213331 , -177 , -45 , 57
-50 , 10 , -50 , 9.7 , -0.0248678 , -0.883795 , -0.0480237 , -3.63606 , 1.17591 , 2.48106 , -0.351741 , 0.125424 , 0.196063 , -162 , 39 , -42
-50 , 10 , -50.5 , 9.7 , -0.024119 , -0.885861 , -0.0486379 , -3.64267 , 1.17919 , 2.48378 , -0.293117 , 0.207003 , 0.105285 , -260 , -15 , 6
-50 , 10 , -48.5 , 9.6 , -0.0239278 , -0.887243 , -0.0492044 , -3.64806 , 1.18365 , 2.48524 , -0.195412 , 0.223071 , 0.0395081 , -258 , 1 , 34
-50 , 10 , -52.5 , 10.1 , -0.0242308 , -0.887895 , -0.049495 , -3.65197 , 1.18773 , 2.48562 , -0.214953 , 0.161764 , 0 , -191 , 59 , 34
-50 , 10 , -51 , 10.2 , -0.0240094 , -0.88859 , -0.0499481 , -3.65601 , 1.19207 , 2.4856 , -0.234494 , 0.257798 , 0 , -331 , -3 , 98
-50 , 10 , -50 , 9.8 , -0.0229256 , -0.889648 , -0.0508412 , -3.66039 , 1.19617 , 2.48589 , -0.136788 , 0.211942 , 0 , -341 , 6 , 17
-50 , 10 , -50.5 , 10.1 , -0.0218077 , -0.890913 , -0.0519441 , -3.6632 , 1.19936 , 2.48522 , -0.117247 , 0.118527 , -0.146265 , -300 , 12 , 19
-50 , 10 , -48.5 , 10.2 , -0.0216995 , -0.891575 , -0.0528793 , -3.665 , 1.20121 , 2.48317 , -0.0781646 , 0.0901894 , -0.112867 , -258 , -6 , 2
-50 , 10 , -48 , 9.6 , -0.02265 , -0.891271 , -0.0533264 , -3.66561 , 1.2019 , 2.47987 , 0 , 0 , -0.209818 , -226 , 15 , 2
-50 , 10 , -52.5 , 10.3 , -0.0238517 , -0.890737 , -0.0533264 , -3.6653 , 1.20139 , 2.47553 , 0.117247 , -0.0278435 , -0.247356 , -67 , -66 , -7
-50 , 10 , -49.5 , 9.6 , -0.0245877 , -0.890717 , -0.0531144 , -3.66414 , 1.20118 , 2.47086 , 0 , 0 , -0.207589 , -16 , -35 , -50
-50 , 10 , -51 , 9.8 , -0.0248374 , -0.890899 , -0.052787 , -3.66367 , 1.20034 , 2.46631 , 0.0586235 , -0.0516951 , -0.273175 , 15 , -3 , -19
-50 , 10 , -50 , 10.1 , -0.0248686 , -0.890859 , -0.052519 , -3.6618 , 1.20012 , 2.46054 , 0.136788 , 0 , -0.304062 , -116 , -35 , -87
-50 , 10 , -48 , 9.8 , -0.0246356 , -0.89042 , -0.052404 , -3.65883 , 1.19918 , 2.45365 , 0.156329 , -0.0713519 , -0.399885 , 13 , 15 , -33
-50 , 10 , -51.5 , 10.1 , -0.0242995 , -0.889546 , -0.052332 , -3.65429 , 1.19776 , 2.44554 , 0.214953 , -0.0819908 , -0.427906 , -44 , 15 , -11
-50 , 10 , -49 , 9.9 , -0.0238523 , -0.888286 , -0.0525329 , -3.65031 , 1.19594 , 2.43719 , 0.234494 , -0.0739818 , -0.397445 , -103 , -3 , -16
-50 , 10 , -52.5 , 9.6 , -0.023594 , -0.886839 , -0.0525974 , -3.64599 , 1.19414 , 2.42916 , 0.17587 , -0.0988257 , -0.449566 , 17 , -51 , -2
-50 , 10 , -51.5 , 9.6 , -0.023766 , -0.885826 , -0.0525974 , -3.64187 , 1.19254 , 2.42095 , 0.156329 , -0.0518597 , -0.437813 , 12 , -38 , -53
-50 , 10 , -48 , 10.2 , -0.0240253 , -0.885251 , -0.0525072 , -3.6388 , 1.19203 , 2.41355 , 0.117247 , -0.0172357 , -0.346679 , 50 , -57 , -64
-50 , 10 , -51.5 , 10.4 , -0.0243863 , -0.884843 , -0.0521932 , -3.63594 , 1.19142 , 2.40661 , 0.156329 , -0.0187564 , -0.391343 , 1 , -64 , 81
-50 , 10 , -50 , 10 , -0.0244966 , -0.884568 , -0.0520102 , -3.63292 , 1.19092 , 2.39942 , 0.136788 , 0 , -0.346064 , -71 , -64 , 21
-50 , 10 , -48 , 9.7 , -0.0242929 , -0.884097 , -0.0518974 , -3.62993 , 1.19029 , 2.39346 , 0.195412 , -0.11209 , -0.274196 , -51 , -9 , -49
-50 , 10 , -52.5 , 9.7 , -0.0240196 , -0.883465 , -0.0518974 , -3.62574 , 1.18843 , 2.38754 , 0.254035 , -0.111366 , -0.305331 , -84 , -47 , -69
-50 , 10 , -52 , 9.7 , -0.0237961 , -0.882605 , -0.0520049 , -3.62121 , 1.18685 , 2.38162 , 0.156329 , -0.0981304 , -0.275356 , -69 , -34 , -57
-50 , 10 , -50 , 10.5 , -0.0239634 , -0.881389 , -0.0519116 , -3.61826 , 1.18623 , 2.37663 , 0.136788 , -0.0225301 , -0.184699 , -65 , -46 , -50
-50 , 10 , -48.5 , 10.3 , -0.0241639 , -0.880731 , -0.0517789 , -3.61539 , 1.18562 , 2.37294 , 0.234494 , -0.0448049 , -0.146559 , -76 , -97 , -32
-50 , 10 , -52.5 , 10.3 , -0.0239203 , -0.880871 , -0.0517789 , -3.61111 , 1.18386 , 2.37046 , 0.195412 , -0.116872 , -0.0767513 , 17 , -17 , -60
-50 , 10 , -48.5 , 10 , -0.0239594 , -0.88045 , -0.0517789 , -3.60671 , 1.1821 , 2.36917 , 0.195412 , -0.0779976 , -0.0356199 , -44 , -51 , 28
-50 , 10 , -50 , 9.8 , -0.0246181 , -0.879008 , -0.0513679 , -3.60259 , 1.18013 , 2.36808 , 0.273576 , -0.130739 , -0.0900236 , -43 , -44 , 38
-50 , 10 , -52 , 10 , -0.0249556 , -0.877798 , -0.0509087 , -3.59712 , 1.17859 , 2.36681 , 0.293117 , -0.0333538 , -0.0285234 , -65 , -82 , -15
-50 , 10 , -52.5 , 9.9 , -0.0245608 , -0.877162 , -0.050736 , -3.59204 , 1.17792 , 2.36667 , 0.195412 , 0 , 0 , -16 , 20 , 82
-50 , 10 , -52.5 , 10.4 , -0.023984 , -0.876512 , -0.050736 , -3.58834 , 1.17872 , 2.36786 , 0.156329 , 0.124465 , 0.0976402 , -41 , -64 , -39
-50 , 10 , -49.5 , 10.2 , -0.0235286 , -0.875829 , -0.0509013 , -3.58578 , 1.1805 , 2.37017 , 0.117247 , 0.105248 , 0.143403 , -79 , -14 , 36
-50 , 10 , -48 , 10.1 , -0.0229654 , -0.875543 , -0.0512568 , -3.58324 , 1.18247 , 2.37372 , 0.136788 , 0.0562273 , 0.240259 , 27 , 8 , 16
-50 , 10 , -50 , 9.6 , -0.0221866 , -0.875516 , -0.0520039 , -3.5793 , 1.18304 , 2.37759 , 0.195412 , 0.0121977 , 0.15658 , -82 , -10 , 14
-50 , 10 , -50 , 10.4 , -0.0219075 , -0.874871 , -0.0527121 , -3.57558 , 1.18384 , 2.38121 , 0.195412 , 0.128448 , 0.168458 , -122 , -39 , 60
-50 , 10 , -50 , 10 , -0.0226565 , -0.873526 , -0.0528905 , -3.57306 , 1.18464 , 2.38556 , 0.0977058 , 0 , 0.247983 , -67 , -43 , -35
-50 , 10 , -48 , 9.9 , -0.0234479 , -0.87262 , -0.0529635 , -3.57183 , 1.1841 , 2.39084 , 0.0390823 , -0.0622194 , 0.286946 , -32 , -55 , 31
-50 , 10 , -52 , 9.6 , -0.0234566 , -0.872794 , -0.0531504 , -3.57054 , 1.1824 , 2.39659 , 0.117247 , -0.118863 , 0.258252 , -80 , -30 , 19
-50 , 10 , -51.5 , 10 , -0.0235451 , -0.873048 , -0.0533095 , -3.56913 , 1.18095 , 2.40204 , 0.0390823 , -0.0345489 , 0.300016 , -54 , -29 , 135
-50 , 10 , -52.5 , 10.4 , -0.0245509 , -0.872554 , -0.0528546 , -3.56892 , 1.18019 , 2.40917 , 0 , 0 , 0.38849 , -157 , -14 , 55
-50 , 10 , -49.5 , 10.4 , -0.0256067 , -0.872158 , -0.051994 , -3.57005 , 1.18122 , 2.4172 , -0.0977058 , 0.0307048 , 0.481308 , -185 , -15 , -19
-50 , 10 , -51.5 , 10.1 , -0.0252326 , -0.872664 , -0.0516255 , -3.57134 , 1.18154 , 2.425 , -0.0390823 , 0 , 0.419336 , -208 , 2 , -17
-50 , 10 , -50 , 10 , -0.023846 , -0.873648 , -0.051915 , -3.57232 , 1.18261 , 2.43299 , -0.0781646 , 0.0567056 , 0.432007 , -240 , -29 , 30
-50 , 10 , -52.5 , 9.9 , -0.0228487 , -0.873951 , -0.0524944 , -3.57468 , 1.18298 , 2.44112 , -0.156329 , 0 , 0.378703 , -195 , 19 , -9
-50 , 10 , -52 , 10.4 , -0.0227882 , -0.873641 , -0.0528027 , -3.5781 , 1.18396 , 2.4497 , -0.195412 , 0.0430731 , 0.441107 , -323 , 2 , 66
-50 , 10 , -52 , 10.3 , -0.0229428 , -0.873959 , -0.053163 , -3.58299 , 1.1857 , 2.45908 , -0.273576 , 0.145107 , 0.451643 , -195 , 2 , 37
-50 , 10 , -52.5 , 9.7 , -0.0229803 , -0.875482 , -0.0534111 , -3.58887 , 1.18888 , 2.4686 , -0.351741 , 0.21042 , 0.493877 , -205 , -2 , -26
-50 , 10 , -51 , 10.5 , -0.0231839 , -0.877691 , -0.0536595 , -3.59594 , 1.19324 , 2.47663 , -0.351741 , 0.246523 , 0.41024 , -180 , 14 , 14
-50 , 10 , -52 , 9.6 , -0.0233981 , -0.87959 , -0.0537378 , -3.60435 , 1.19764 , 2.48421 , -0.429905 , 0.178839 , 0.336722 , -301 , 100 , 65
-50 , 10 , -52.5 , 9.8 , -0.0232329 , -0.881054 , -0.0541048 , -3.61386 , 1.202 , 2.49044 , -0.488529 , 0.249673 , 0.23879 , -259 , 34 , 52
-50 , 10 , -52.5 , 9.9 , -0.0223792 , -0.882827 , -0.0548432 , -3.62477 , 1.20723 , 2.49541 , -0.527611 , 0.300786 , 0.19554 , -256 , 41 , 32
-50 , 10 , -52.5 , 10.5 , -0.0213607 , -0.885334 , -0.055824 , -3.63716 , 1.2144 , 2.49918 , -0.644858 , 0.360094 , 0.14815 , -254 , -34 , 11
-50 , 10 , -52.5 , 10.3 , -0.0206494 , -0.888236 , -0.0569226 , -3.65048 , 1.22101 , 2.50264 , -0.68394 , 0.307733 , 0.211637 , -299 , 19 , -15
-50 , 10 , -52.5 , 10.2 , -0.0203907 , -0.891079 , -0.0580159 , -3.66483 , 1.22734 , 2.50707 , -0.801187 , 0.31034 , 0.261711 , -256 , 1 , -14
-50 , 10 , -49.5 , 9.6 , -0.0204234 , -0.893917 , -0.0589961 , -3.67985 , 1.23348 , 2.5119 , -0.68394 , 0.283614 , 0.209219 , -248 , 29 , 30
-50 , 10 , -51 , 10.2 , -0.0206057 , -0.897028 , -0.0597424 , -3.69345 , 1.23881 , 2.51557 , -0.625317 , 0.239964 , 0.139778 , -233 , 45 , 32
0 , 0 , 0 , 0 , -0.020909 , -0.900055 , -0.0601868 , -3.70586 , 1.2429 , 2.51807 , -0.547152 , 0.187115 , 0.0830117 , -233 , 27 , 51
0 , 0 , 0 , 0 , -0.0211915 , -0.902331 , -0.0603467 , -3.71589 , 1.24567 , 2.51927 , -0.50807 , 0.124836 , 0.0538908 , -226 , 10 , 55
0 , 0 , 0 , 0 , -0.0213766 , -0.903985 , -0.0604996 , -3.72595 , 1.24753 , 2.51964 , -0.410364 , 0.0647766 , 0 , -277 , 1 , -34
0 , 0 , 0 , 0 , -0.0214378 , -0.905484 , -0.0604996 , -3.7348 , 1.24815 , 2.51862 , -0.429905 , 0 , -0.037997 , -238 , 32 , -61
0 , 0 , 0 , 0 , -0.0214489 , -0.906899 , -0.0604996 , -3.74244 , 1.24778 , 2.51661 , -0.390823 , -0.0250693 , -0.14525 , -181 , -49 , 1
0 , 0 , 0 , 0 , -0.0215986 , -0.908088 , -0.060415 , -3.74911 , 1.24614 , 2.51327 , -0.312658 , -0.138458 , -0.203977 , -198 , -37 , -33
0 , 0 , 0 , 0 , -0.0220891 , -0.908874 , -0.060139 , -3.7544 , 1.24309 , 2.50877 , -0.234494 , -0.179276 , -0.253781 , -166 , 10 , -57
0 , 0 , 0 , 0 , -0.0229833 , -0.909332 , -0.0595387 , -3.75841 , 1.23893 , 2.50307 , -0.156329 , -0.251171 , -0.281436 , -189 , -34 , -123
0 , 0 , 0 , 0 , -0.0240472 , -0.909606 , -0.0585866 , -3.76124 , 1.23356 , 2.49595 , -0.117247 , -0.281842 , -0.34999 , -191 , -48 , -68
0 , 0 , 0 , 0 , -0.0250192 , -0.909784 , -0.0573405 , -3.76294 , 1.22726 , 2.48767 , -0.0390823 , -0.402633 , -0.427596 , -197 , -74 , -62
0 , 0 , 0 , 0 , -0.0258881 , -0.909732 , -0.0558803 , -3.76345 , 1.21945 , 2.47819 , 0 , -0.411392 , -0.4821 , -180 , -45 , -10
0 , 0 , 0 , 0 , -0.0266964 , -0.909321 , -0.0542871 , -3.76292 , 1.20999 , 2.46731 , 0.0977058 , -0.496809 , -0.506245 , 23 , -77 , -116
0 , 0 , 0 , 0 , -0.0275579 , -0.908636 , -0.0525333 , -3.76081 , 1.19957 , 2.45544 , 0.156329 , -0.568607 , -0.594254 , -131 , 15 , -15
0 , 0 , 0 , 0 , -0.0286517 , -0.907765 , -0.050526 , -3.75763 , 1.18841 , 2.4422 , 0.234494 , -0.543312 , -0.68405 , -92 , -99 , -5
0 , 0 , 0 , 0 , -0.0299388 , -0.906515 , -0.0483446 , -3.75335 , 1.17575 , 2.42818 , 0.254035 , -0.670363 , -0.718424 , -38 , -29 , -130
0 , 0 , 0 , 0 , -0.0313583 , -0.904811 , -0.0459621 , -3.74786 , 1.16182 , 2.41275 , 0.351741 , -0.736009 , -0.830356 , -51 , -3 , -29
0 , 0 , 0 , 0 , -0.0329434 , -0.902794 , -0.0432482 , -3.74102 , 1.14703 , 2.396 , 0.429905 , -0.849 , -0.819335 , -132 , -18 , -29
0 , 0 , 0 , 0 , -0.0345268 , -0.900586 , -0.0403052 , -3.73316 , 1.13071 , 2.37835 , 0.449447 , -0.830356 , -0.938724 , -113 , -81 , 1
0 , 0 , 0 , 0 , -0.0361605 , -0.898193 , -0.0371402 , -3.72415 , 1.11318 , 2.35907 , 0.488529 , -0.915992 , -0.972196 , -8 , -48 , -36
0 , 0 , 0 , 0 , -0.0379724 , -0.895413 , -0.0338223 , -3.71325 , 1.0947 , 2.33902 , 0.527611 , -0.949363 , -1.04684 , -32 , -59 , -12
0 , 0 , 0 , 0 , -0.0397129 , -0.892331 , -0.0304926 , -3.70223 , 1.07476 , 2.3175 , 0.605776 , -1.02578 , -1.11451 , -69 , -2 , -49
0 , 0 , 0 , 0 , -0.0412896 , -0.889032 , -0.0270182 , -3.6888 , 1.05393 , 2.29503 , 0.644858 , -1.1124 , -1.17599 , -53 , -44 , 0
0 , 0 , 0 , 0 , -0.0427822 , -0.885448 , -0.0235965 , -3.67495 , 1.03154 , 2.27103 , 0.762105 , -1.09321 , -1.22643 , -35 , -98 , -16
0 , 0 , 0 , 0 , -0.0443916 , -0.88155 , -0.019892 , -3.65963 , 1.00832 , 2.24602 , 0.820728 , -1.20377 , -1.3392 , -101 , -85 , -11
0 , 0 , 0 , 0 , -0.0464033 , -0.877353 , -0.0160507 , -3.64335 , 0.9838 , 2.21993 , 0.820728 , -1.2614 , -1.36254 , -34 , -61 , 6
0 , 0 , 0 , 0 , -0.0485028 , -0.872874 , -0.0119678 , -3.62578 , 0.957732 , 2.19236 , 0.937975 , -1.31812 , -1.4281 , -101 , -67 , 76
0 , 0 , 0 , 0 , -0.050472 , -0.867977 , -0.007472 , -3.60691 , 0.930882 , 2.16371 , 0.937975 , -1.36017 , -1.52071 , 40 , -125 , 45
0 , 0 , 0 , 0 , -0.0527801 , -0.862747 , -0.00261948 , -3.58705 , 0.902801 , 2.13262 , 1.01614 , -1.42462 , -1.54883 , -39 , -73 , -53
0 , 0 , 0 , 0 , -0.0551639 , -0.85704 , 0.00222496 , -3.56583 , 0.873158 , 2.10304 , 1.05522 , -1.48414 , -1.60943 , -108 , -94 , -20
0 , 0 , 0 , 0 , -0.0571897 , -0.851086 , 0.00718099 , -3.54342 , 0.842595 , 2.07066 , 1.11385 , -1.56537 , -1.64441 , -17 , -21 , -35
0 , 0 , 0 , 0 , -0.0592099 , -0.845024 , 0.0124286 , -3.51989 , 0.810938 , 2.03722 , 1.19201 , -1.62391 , -1.6619 , 31 , -81 , 4
0 , 0 , 0 , 0 , -0.0614788 , -0.838657 , 0.017744 , -3.49497 , 0.77807 , 2.00264 , 1.23109 , -1.70789 , -1.79003 , -69 , -44 , 27
0 , 0 , 0 , 0 , -0.0639183 , -0.832221 , 0.0233669 , -3.46916 , 0.741997 , 1.9651 , 1.38742 , -1.69922 , -1.87896 , -67 , -117 , 39
0 , 0 , 0 , 0 , -0.0665693 , -0.825106 , 0.0291429 , -3.44186 , 0.706413 , 1.92803 , 1.34834 , -1.74604 , -1.86698 , 61 , -111 , 11
0 , 0 , 0 , 0 , -0.069262 , -0.817495 , 0.0351048 , -3.41345 , 0.669636 , 1.88977 , 1.40696 , -1.74865 , -2.00937 , -36 , -146 , 16
0 , 0 , 0 , 0 , -0.0718188 , -0.810266 , 0.0415745 , -3.38398 , 0.631785 , 1.85029 , 1.48513 , -1.88955 , -2.02498 , -19 , -129 , -77
0 , 0 , 0 , 0 , -0.0744575 , -0.802814 , 0.048518 , -3.35328 , 0.593563 , 1.80963 , 1.54375 , -1.9205 , -2.12596 , -12 , -23 , -10
0 , 0 , 0 , 0 , -0.07686 , -0.79516 , 0.0553166 , -3.32122 , 0.556415 , 1.76771 , 1.64146 , -1.76976 , -2.15924 , -36 , -36 , 44
0 , 0 , 0 , 0 , -0.07814 , -0.788052 , 0.0618421 , -3.28815 , 0.520557 , 1.72462 , 1.64146 , -1.79139 , -2.24611 , -71 , -3 , 36
0 , 0 , 0 , 0 , -0.0789832 , -0.779659 , 0.068361 , -3.25225 , 0.48593 , 1.68025 , 1.71962 , -1.74604 , -2.25042 , -52 , 14 , -35
0 , 0 , 0 , 0 , -0.0801595 , -0.769494 , 0.074295 , -3.21683 , 0.452534 , 1.63474 , 1.81733 , -1.67495 , -2.36026 , -64 , -31 , 92
0 , 0 , 0 , 0 , -0.0804198 , -0.759384 , 0.0791754 , -3.18025 , 0.420233 , 1.58793 , 1.91503 , -1.57696 , -2.27553 , -131 , -135 , 7
0 , 0 , 0 , 0 , -0.0797243 , -0.749581 , 0.0835774 , -3.14243 , 0.38881 , 1.54012 , 1.91503 , -1.56642 , -2.38307 , -69 , -54 , -64
0 , 0 , 0 , 0 , -0.0764687 , -0.739696 , 0.0853497 , -3.10337 , 0.358932 , 1.49122 , 1.97366 , -1.55499 , -2.43755 , -35 , -33 , -64
0 , 0 , 0 , 0 , -0.06926 , -0.728798 , 0.0850197 , -3.06315 , 0.330343 , 1.44085 , 2.03228 , -1.42203 , -2.57684 , -66 , -103 , 15
0 , 0 , 0 , 0 , -0.0615859 , -0.716003 , 0.0823064 , -3.02181 , 0.302888 , 1.38928 , 2.12999 , -1.30419 , -2.56277 , -76 , -131 , -33
0 , 0 , 0 , 0 , -0.0556012 , -0.701861 , 0.0776544 , -2.97903 , 0.27641 , 1.33667 , 2.18861 , -1.25869 , -2.61418 , -65 , -100 , -96
0 , 0 , 0 , 0 , -0.0520895 , -0.687681 , 0.072685 , -2.93532 , 0.251358 , 1.28297 , 2.26677 , -1.27372 , -2.75874 , -117 , -82 , -30
0 , 0 , 0 , 0 , -0.0510319 , -0.673412 , 0.0675893 , -2.8901 , 0.22744 , 1.22808 , 2.3254 , -1.15799 , -2.74261 , -82 , -128 , 32
0 , 0 , 0 , 0 , -0.0504334 , -0.65924 , 0.0628937 , -2.84381 , 0.204674 , 1.17214 , 2.30586 , -1.10298 , -2.57968 , -39 , -147 , -113
0 , 0 , 0 , 0 , -0.0490536 , -0.64562 , 0.0585439 , -2.7965 , 0.182084 , 1.11977 , 2.40356 , -1.01865 , -2.64815 , 12 , -158 , 48
0 , 0 , 0 , 0 , -0.0468757 , -0.631488 , 0.0539636 , -2.74803 , 0.161664 , 1.06833 , 2.44264 , -0.973403 , -2.48404 , 77 , -69 , -34
0 , 0 , 0 , 0 , -0.0442632 , -0.616286 , 0.0491718 , -2.69815 , 0.142787 , 1.01837 , 2.52081 , -0.934979 , -2.44902 , -67 , -206 , -98
0 , 0 , 0 , 0 , -0.0416348 , -0.600632 , 0.0442141 , -2.64679 , 0.124731 , 0.969769 , 2.54035 , -0.858943 , -2.4439 , -175 , -142 , -59
0 , 0 , 0 , 0 , -0.0396763 , -0.585245 , 0.0391875 , -2.59475 , 0.108082 , 0.921991 , 2.55989 , -0.717985 , -2.39156 , 75 , -213 , 7
0 , 0 , 0 , 0 , -0.0383443 , -0.569522 , 0.0341917 , -2.54141 , 0.0926251 , 0.875463 , 2.69668 , -0.770845 , -2.25149 , 66 , -155 , -31
0 , 0 , 0 , 0 , -0.0372273 , -0.553407 , 0.0294324 , -2.48366 , 0.0781646 , 0.830284 , 2.85301 , -0.73578 , -2.24181 , -145 , -106 , -111
0 , 0 , 0 , 0 , -0.0357423 , -0.537768 , 0.0244894 , -2.43065 , 0.0651698 , 0.786141 , 2.71622 , -0.619697 , -2.11636 , 91 , -165 , -136
0 , 0 , 0 , 0 , -0.0340022 , -0.522402 , 0.0196347 , -2.37089 , 0.0532497 , 0.743424 , 2.91163 , -0.579565 , -2.05606 , -62 , -144 , -185
0 , 0 , 0 , 0 , -0.0323009 , -0.50663 , 0.0146437 , -2.31246 , 0.0425216 , 0.701782 , 2.83347 , -0.499984 , -1.94518 , -8 , -166 , -153
0 , 0 , 0 , 0 , -0.0309146 , -0.490328 , 0.0096768 , -2.25325 , 0.0330636 , 0.661331 , 3.0875 , -0.445124 , -1.93555 , -65 , -161 , -116
0 , 0 , 0 , 0 , -0.029729 , -0.47386 , 0.0048759 , -2.19287 , 0.0249736 , 0.622073 , 2.89209 , -0.367313 , -1.86328 , 11 , -167 , -150
0 , 0 , 0 , 0 , -0.0285268 , -0.45786 , 0.000189159 , -2.13329 , 0.0180951 , 0.584046 , 3.0875 , -0.345453 , -1.79687 , -125 , -211 , -162
0 , 0 , 0 , 0 , -0.0274157 , -0.441944 , -0.00464923 , -2.07304 , 0.0121351 , 0.547211 , 2.93117 , -0.253999 , -1.83843 , 98 , -228 , -106
0 , 0 , 0 , 0 , -0.0263874 , -0.425744 , -0.00953386 , -2.01327 , 0.00736702 , 0.511568 , 3.0875 , -0.210194 , -1.72548 , -100 , -209 , -162
0 , 0 , 0 , 0 , -0.0255659 , -0.409633 , -0.0144102 , -1.95296 , 0.00379098 , 0.477058 , 2.95071 , -0.145467 , -1.67854 , 24 , -224 , -89
0 , 0 , 0 , 0 , -0.0251093 , -0.39363 , -0.019338 , -1.89324 , 0.00125063 , 0.443975 , 3.0875 , -0.0854067 , -1.63982 , -56 , -184 , -126
0 , 0 , 0 , 0 , -0.0246863 , -0.377616 , -0.0242811 , -1.83294 , 0.000195412 , 0.412025 , 2.95071 , -0.021657 , -1.59518 , 11 , -179 , -93
0 , 0 , 0 , 0 , -0.0234524 , -0.361441 , -0.029301 , -1.77328 , 3.90823e-05 , 0.380955 , 3.10704 , -0.00705958 , -1.41517 , -158 , -228 , -226
0 , 0 , 0 , 0 , -0.0221133 , -0.34533 , -0.0341707 , -1.713 , 1.95412e-05 , 0.349845 , 2.85301 , -0.00461455 , -1.47526 , 45 , -195 , -147
0 , 0 , 0 , 0 , -0.0211818 , -0.329218 , -0.0388913 , -1.65328 , 1.95412e-05 , 0.321472 , 3.04842 , 0 , -1.43419 , -46 , -211 , -49
0 , 0 , 0 , 0 , -0.0205379 , -0.313006 , -0.0434176 , -1.593 , 0 , 0.294427 , 2.85301 , 0 , -1.30855 , 54 , -195 , -143
0 , 0 , 0 , 0 , -0.0199585 , -0.296879 , -0.047737 , -1.53326 , 0 , 0.26832 , 3.04842 , 0 , -1.25397 , -46 , -211 , -100
0 , 0 , 0 , 0 , -0.0193937 , -0.280958 , -0.0518091 , -1.47315 , -1.95412e-05 , 0.243522 , 2.87255 , 0 , -1.24664 , 52 , -195 , -69
0 , 0 , 0 , 0 , -0.0190014 , -0.265086 , -0.0557163 , -1.41447 , -1.95412e-05 , 0.220073 , 2.97026 , 0 , -1.14722 , -172 , -179 , -143
0 , 0 , 0 , 0 , -0.0187185 , -0.249571 , -0.0593667 , -1.35364 , -3.90823e-05 , 0.197483 , 2.87255 , 0 , -1.04591 , -43 , -163 , -119
0 , 0 , 0 , 0 , -0.0184596 , -0.234644 , -0.0628166 , -1.29742 , -3.90823e-05 , 0.176554 , 2.79439 , 0 , -1.07025 , -32 , -179 , -122
0 , 0 , 0 , 0 , -0.0181902 , -0.219859 , -0.0661777 , -1.24192 , -3.90823e-05 , 0.156388 , 2.7553 , 0 , -0.937975 , -110 , -163 , -151
0 , 0 , 0 , 0 , -0.0180521 , -0.205259 , -0.0692127 , -1.18793 , -5.86235e-05 , 0.137785 , 2.61851 , -0.00306046 , -0.911001 , 2 , -195 , -112
0 , 0 , 0 , 0 , -0.0179253 , -0.19109 , -0.0720843 , -1.13511 , -5.86235e-05 , 0.119983 , 2.59897 , 0 , -0.8336 , -93 , -195 , -109
0 , 0 , 0 , 0 , -0.0178095 , -0.177188 , -0.0746458 , -1.08328 , -5.86235e-05 , 0.103842 , 2.61851 , 0 , -0.864648 , -113 , -195 , -105
0 , 0 , 0 , 0 , -0.0176872 , -0.16362 , -0.0770577 , -1.03281 , -5.86235e-05 , 0.0885214 , 2.48173 , 0 , -0.761094 , 2 , -179 , -65
0 , 0 , 0 , 0 , -0.0176175 , -0.150656 , -0.0794104 , -0.983663 , -5.86235e-05 , 0.07453 , 2.44264 , 0 , -0.617894 , 28 , -147 , -139
0 , 0 , 0 , 0 , -0.0177659 , -0.138161 , -0.0815464 , -0.935533 , -5.86235e-05 , 0.0618087 , 2.38402 , 0 , -0.54584 , -49 , -131 , -203
0 , 0 , 0 , 0 , -0.0178914 , -0.126094 , -0.083431 , -0.888654 , -7.81646e-05 , 0.0502012 , 2.40356 , 0 , -0.540058 , -42 , -147 , -101
0 , 0 , 0 , 0 , -0.0179003 , -0.11442 , -0.0851171 , -0.842869 , -7.81646e-05 , 0.0392386 , 2.20815 , 0 , -0.47934 , -29 , -195 , -94
0 , 0 , 0 , 0 , -0.0179898 , -0.103253 , -0.0866107 , -0.798393 , -9.77058e-05 , 0.0302302 , 2.16907 , 0 , -0.368353 , 39 , -179 , -207
0 , 0 , 0 , 0 , -0.0182515 , -0.0930507 , -0.0879011 , -0.755109 , -9.77058e-05 , 0.0224137 , 2.07136 , 0 , -0.315177 , 35 , -179 , -198
0 , 0 , 0 , 0 , -0.0185794 , -0.083895 , -0.0889493 , -0.713096 , -9.77058e-05 , 0.0156329 , 2.05182 , 0 , -0.295927 , -16 , -163 , -178
0 , 0 , 0 , 0 , -0.0187885 , -0.0758645 , -0.0897971 , -0.672216 , -9.77058e-05 , 0.0100442 , 1.93457 , 0 , -0.261594 , 46 , -179 , -115
0 , 0 , 0 , 0 , -0.018884 , -0.0689798 , -0.090475 , -0.632547 , -9.77058e-05 , 0.00566694 , 1.91503 , 0 , -0.204261 , 21 , -147 , -93
0 , 0 , 0 , 0 , -0.0190029 , -0.0629904 , -0.0910085 , -0.594071 , -9.77058e-05 , 0.00261852 , 1.85641 , 0 , -0.139646 , 109 , -195 , -124
0 , 0 , 0 , 0 , -0.0192944 , -0.0578513 , -0.0913626 , -0.554949 , -9.77058e-05 , 0.000664399 , 1.77825 , 0 , -0.0623912 , 31 , -131 , -93
0 , 0 , 0 , 0 , -0.0197156 , -0.0534483 , -0.091452 , -0.518857 , -9.77058e-05 , -5.86235e-05 , 1.77825 , 0 , -0.0229034 , -28 , -131 , -64
0 , 0 , 0 , 0 , -0.0199424 , -0.0494804 , -0.091452 , -0.485754 , -0.000117247 , -9.77058e-05 , 1.77825 , 0 , 0 , -42 , -67 , -76
0 , 0 , 0 , 0 , -0.0198942 , -0.0459459 , -0.0913301 , -0.450404 , -0.000117247 , -0.000117247 , 1.60237 , 0 , 0 , -12 , -35 , -82
0 , 0 , 0 , 0 , -0.0196776 , -0.042923 , -0.0912415 , -0.418064 , -0.000117247 , -0.000136788 , 1.60237 , 0 , 0 , -67 , -179 , -174
0 , 0 , 0 , 0 , -0.0194068 , -0.0407547 , -0.0912415 , -0.386934 , -0.000117247 , -0.000136788 , 1.54375 , 0 , 0 , -6 , -83 , -34
0 , 0 , 0 , 0 , -0.01921 , -0.0396769 , -0.0912415 , -0.357017 , -0.000117247 , -0.000136788 , 1.40696 , 0 , 0 , 37 , -67 , -101
0 , 0 , 0 , 0 , -0.0191352 , -0.039449 , -0.0912415 , -0.32835 , -0.000117247 , -0.000136788 , 1.40696 , 0 , 0 , -62 , -115 , -22
0 , 0 , 0 , 0 , -0.0191218 , -0.0398427 , -0.0912415 , -0.300953 , -0.000117247 , -0.000136788 , 1.34834 , 0 , 0 , -67 , -67 , -15
0 , 0 , 0 , 0 , -0.0190169 , -0.0404955 , -0.0912415 , -0.274788 , -0.000117247 , -0.000136788 , 1.25063 , 0 , 0 , 67 , -83 , -144
0 , 0 , 0 , 0 , -0.0188074 , -0.0409556 , -0.0912415 , -0.249482 , -0.000117247 , -0.000136788 , 1.25063 , 0 , 0 , -65 , -51 , -120
0 , 0 , 0 , 0 , -0.0185481 , -0.0409456 , -0.0912415 , -0.2257 , -0.000117247 , -0.000117247 , 1.21155 , 0 , 0 , -11 , -35 , -53
0 , 0 , 0 , 0 , -0.0183628 , -0.0404477 , -0.0912415 , -0.203052 , -0.000117247 , -0.000117247 , 1.0943 , 0 , 0 , 20 , -99 , -83
0 , 0 , 0 , 0 , -0.0183375 , -0.0395888 , -0.0912415 , -0.181537 , -0.000117247 , -0.000117247 , 1.01614 , 0 , 0 , -21 , -67 , -9
0 , 0 , 0 , 0 , -0.0183785 , -0.0385888 , -0.0912415 , -0.161254 , -0.000117247 , -0.000117247 , 1.01614 , 0 , 0 , 16 , -35 , -39
0 , 0 , 0 , 0 , -0.0183852 , -0.0377923 , -0.0912415 , -0.142162 , -0.000117247 , -9.77058e-05 , 0.918434 , 0 , 0 , 27 , -51 , -84
0 , 0 , 0 , 0 , -0.018339 , -0.037413 , -0.0912415 , -0.124301 , -0.000117247 , -9.77058e-05 , 0.898893 , 0 , 0 , -52 , -67 , -34
0 , 0 , 0 , 0 , -0.0182237 , -0.0374856 , -0.0912415 , -0.107633 , -0.000117247 , -7.81646e-05 , 0.820728 , 0 , 0 , 29 , -51 , -22
0 , 0 , 0 , 0 , -0.0180688 , -0.0378345 , -0.0912415 , -0.0914331 , -0.000117247 , -7.81646e-05 , 0.781646 , 0 , 0 , -81 , -51 , -9
0 , 0 , 0 , 0 , -0.0179867 , -0.0382284 , -0.0912415 , -0.0779888 , -0.000117247 , -7.81646e-05 , 0.68394 , 0 , 0 , 131 , -19 , -53
0 , 0 , 0 , 0 , -0.017952 , -0.038466 , -0.0912415 , -0.064095 , -0.000117247 , -5.86235e-05 , 0.586235 , 0 , 0 , -7 , -66 , -9
0 , 0 , 0 , 0 , -0.0178653 , -0.0384132 , -0.0912415 , -0.0523703 , -9.77058e-05 , -3.90823e-05 , 0.566693 , 0 , 0 , 36 , -147 , -9
0 , 0 , 0 , 0 , -0.0177774 , -0.0380818 , -0.0912415 , -0.0416617 , -9.77058e-05 , -3.90823e-05 , 0.449447 , 0 , 0 , 50 , -51 , -28
0 , 0 , 0 , 0 , -0.0177073 , -0.03753 , -0.0912415 , -0.032282 , -9.77058e-05 , -3.90823e-05 , 0.468988 , 0 , 0 , 38 , -115 , -9
0 , 0 , 0 , 0 , -0.0176403 , -0.0368912 , -0.0912415 , -0.0240356 , -9.77058e-05 , -3.90823e-05 , 0.351741 , 0 , 0 , 45 , -35 , 40
0 , 0 , 0 , 0 , -0.0176188 , -0.0363951 , -0.0912415 , -0.0170399 , -9.77058e-05 , -3.90823e-05 , 0.312658 , 0 , 0 , 46 , -67 , -16
0 , 0 , 0 , 0 , -0.0176156 , -0.0361698 , -0.0912415 , -0.0112166 , -9.77058e-05 , -1.95412e-05 , 0.273576 , 0 , 0 , -16 , -51 , -34
0 , 0 , 0 , 0 , -0.017586 , -0.0361975 , -0.0912415 , -0.00666353 , -9.77058e-05 , -1.95412e-05 , 0.17587 , 0 , 0 , 40 , -51 , -9
0 , 0 , 0 , 0 , -0.0175072 , -0.0363995 , -0.0912415 , -0.00314613 , -9.77058e-05 , -1.95412e-05 , 0.136788 , 0 , 0 , 52 , -51 , -66
0 , 0 , 0 , 0 , -0.01742 , -0.0365739 , -0.0912415 , -0.000977058 , -9.77058e-05 , -1.95412e-05 , 0.0586235 , 0 , 0 , 33 , -35 , 9
0 , 0 , 0 , 0 , -0.017357 , -0.0366096 , -0.0912415 , 0 , -9.77058e-05 , -1.95412e-05 , 0.0390823 , 0 , 0 , 2 , -35 , -28
0 , 0 , 0 , 0 , -0.017313 , -0.0364728 , -0.0912415 , 7.81646e-05 , -9.77058e-05 , -1.95412e-05 , 0 , 0 , 0 , 48 , -35 , -34
0 , 0 , 0 , 0 , -0.0173039 , -0.0361559 , -0.0912415 , 1.95412e-05 , -7.81646e-05 , -1.95412e-05 , 0 , 0 , 0 , -6 , -35 , -34
0 , 0 , 0 , 0 , -0.0173113 , -0.0357791 , -0.0912415 , 0 , -7.81646e-05 , -1.95412e-05 , -0.0195412 , 0 , 0 , 12 , -3 , -23
0 , 0 , 0 , 0 , -0.0172798 , -0.0354311 , -0.0912415 , -1.95412e-05 , -7.81646e-05 , 0 , 0.0195412 , 0 , 0 , 11 , -51 , -40
0 , 0 , 0 , 0 , -0.0172593 , -0.0351772 , -0.0912415 , 0 , -7.81646e-05 , 0 , 0 , 0 , 0 , 75 , -19 , -16
0 , 0 , 0 , 0 , -0.0172715 , -0.0350497 , -0.0912415 , 0 , -7.81646e-05 , 0 , 0 , 0 , 0 , 20 , -51 , -28
0 , 0 , 0 , 0 , -0.0172741 , -0.0350552 , -0.0912415 , 0 , -7.81646e-05 , 0 , 0 , 0 , 0 , -52 , -3 , -53
0 , 0 , 0 , 0 , -0.0172396 , -0.0351344 , -0.0912415 , 0 , -7.81646e-05 , 0 , 0 , 0 , 0 , 66 , 29 , -48
0 , 0 , 0 , 0 , -0.017182 , -0.0351592 , -0.0912415 , 0 , -5.86235e-05 , 0 , 0 , 0 , 0 , 57 , -35 , -9
0 , 0 , 0 , 0 , -0.0171094 , -0.035105 , -0.0912415 , 0 , -5.86235e-05 , 0 , 0 , 0 , 0 , 39 , -19 , -34
0 , 0 , 0 , 0 , -0.0170516 , -0.0349533 , -0.0912415 , -1.95412e-05 , -5.86235e-05 , 0 , 0 , 0 , 0 , 57 , -3 , -9
0 , 0 , 0 , 0 , -0.0170455 , -0.0346733 , -0.0912415 , 0 , -5.86235e-05 , 0 , 0 , 0 , 0 , 66 , 13 , -9
0 , 0 , 0 , 0 , -0.0170138 , -0.0343683 , -0.0912415 , 1.95412e-05 , -5.86235e-05 , 0 , 0 , 0 , 0 , -6 , 13 , 9
0 , 0 , 0 , 0 , -0.0169479 , -0.0340989 , -0.0912415 , 0 , -3.90823e-05 , 0 , 0.0195412 , 0 , 0 , 84 , 29 , -59
0 , 0 , 0 , 0 , -0.0169169 , -0.0338925 , -0.0912415 , 0 , -3.90823e-05 , 0 , 0 , 0 , 0 , 66 , 13 , -40
0 , 0 , 0 , 0 , -0.0169161 , -0.0338053 , -0.0912415 , 0 , -1.95412e-05 , 0 , 0 , 0.003658 , 0 , 66 , -35 , -53
0 , 0 , 0 , 0 , -0.016899 , -0.0338103 , -0.0912415 , 0 , -1.95412e-05 , 0 , 0 , 0 , 0 , 93 , -51 , -9
0 , 0 , 0 , 0 , -0.0168799 , -0.0338548 , -0.0912415 , 0 , -1.95412e-05 , 0 , 0 , 0 , 0 , 66 , -3 , 9
0 , 0 , 0 , 0 , -0.0168595 , -0.033885 , -0.0912415 , 0 , -1.95412e-05 , 0 , -0.0195412 , 0 , 0 , 12 , -19 , 15
0 , 0 , 0 , 0 , -0.0168879 , -0.0338494 , -0.0912415 , 0 , -1.95412e-05 , 0 , 0 , 0 , 0 , 85 , -3 , -84
0 , 0 , 0 , 0 , -0.0169027 , -0.0337404 , -0.0912415 , 0 , -1.95412e-05 , 0 , 0 , 0 , 0 , 102 , -4 , -9
0 , 0 , 0 , 0 , -0.0168443 , -0.0335638 , -0.0912415 , 0 , -1.95412e-05 , 0 , 0 , 0 , 0 , 66 , -19 , -9
0 , 0 , 0 , 0 , -0.0168173 , -0.0333428 , -0.0912415 , 1.95412e-05 , 0 , 0 , 0 , 0 , 0 , 2 , -35 , -84
0 , 0 , 0 , 0 , -0.0167959 , -0.0331699 , -0.0912415 , 0 , 0 , 0 , 0 , 0 , 0 , 57 , -19 , 15
0 , 0 , 0 , 0 , -0.0167828 , -0.0330586 , -0.0912415 , 0 , 0 , 0 , 0 , 0 , 0 , 75 , -3 , -16
0 , 0 , 0 , 0 , -0.0167783 , -0.0330044 , -0.0912415 , 0 , 0 , 0 , 0 , 0 , 0 , 56 , -20 , -9
0 , 0 , 0 , 0 , -0.0167763 , -0.0329929 , -0.0912415 , 0 , 0 , 0 , 0 , 0 , 0 , 66 , -19 , -84
0 , 0 , 0 , 0 , -0.0167918 , -0.0329833 , -0.0912415 , 0 , 0 , 0 , 0 , 0 , 0 , 75 , -3 , -23
0 , 0 , 0 , 0 , -0.0167758 , -0.0329462 , -0.0912415 , -1.95412e-05 , 0 , 0 , 0 , 0 , 0 , 4 , -67 , -16
0 , 0 , 0 , 0 , -0.0167276 , -0.032873 , -0.0912415 , 0 , 0 , 0 , 0 , 0 , 0 , 75 , -67 , -34
0 , 0 , 0 , 0 , -0.0166759 , -0.0327445 , -0.0912415 , 0 , 0 , 0 , 0 , 0 , 0 , 48 , 13 , -28
0 , 0 , 0 , 0 , -0.0166784 , -0.0325871 , -0.0912415 , 0 , 0 , 0 , 0 , 0 , 0 , -16 , -19 , 28
0 , 0 , 0 , 0 , -0.0167085 , -0.032416 , -0.0912415 , 0 , 0 , 0 , 0 , 0 , 0 , 49 , -51 , -9
0 , 0 , 0 , 0 , -0.0167028 , -0.0322369 , -0.0912415 , 1.95412e-05 , 0 , 0 , 0 , 0 , 0 , 75 , -67 , -16
0 , 0 , 0 , 0 , -0.0166735 , -0.0320921 , -0.0912415 , 0 , 0 , 0 , 0 , 0 , 0 , 30 , -4 , -28
0 , 0 , 0 , 0 , -0.0166252 , -0.0319942 , -0.0912415 , 0 , 0 , 0 , 0 , 0 , 0 , -6 , -3 , -48
0 , 0 , 0 , 0 , -0.0165871 , -0.0319507 , -0.0912415 , 0 , 0 , 0 , 0 , 0 , 0 , -25 , -116 , -34
0 , 0 , 0 , 0 , -0.0165937 , -0.0319035 , -0.0912415 , 0 , 0 , 0 , 0 , 0 , 0 , 66 , 45 , -9
0 , 0 , 0 , 0 , -0.016605 , -0.0318429 , -0.0912415 , 0 , 0 , 0 , 0 , 0 , 0 , 30 , 13 , -16
0 , 0 , 0 , 0 , -0.0165885 , -0.0317605 , -0.0912415 , 0 , 0 , 0 , 0 , 0 , 0 , 66 , -35 , -16
0 , 0 , 0 , 0 , -0.0165369 , -0.0316468 , -0.0912415 , 0 , 0 , 0 , 0 , 0 , 0 , 48 , -19 , -34
0 , 0 , 0 , 0 , -0.0164704 , -0.0315101 , -0.0912415 , 1.95412e-05 , 0 , 0 , -0.0195412 , 0 , 0 , 76 , 45 , -23
0 , 0 , 0 , 0 , -0.01642 , -0.031367 , -0.0912415 , -1.95412e-05 , 1.95412e-05 , 0 , 0 , 0 , 0 , 85 , -18 , -66
0 , 0 , 0 , 0 , -0.0164028 , -0.0312456 , -0.0912415 , 0 , 1.95412e-05 , 0 , 0.0195412 , 0 , 0 , 85 , -18 , -59
0 , 0 , 0 , 0 , -0.01641 , -0.0311421 , -0.0912415 , 0 , 1.95412e-05 , 0 , 0 , 0 , 0 , 48 , 13 , -34
0 , 0 , 0 , 0 , -0.0163964 , -0.03108 , -0.0912415 , 0 , 0 , 0 , 0 , 0 , 0 , -16 , 77 , -23
0 , 0 , 0 , 0 , -0.016347 , -0.0310468 , -0.0912415 , 1.95412e-05 , 0 , 0 , 0 , 0 , 0 , 56 , 13 , -59
0 , 0 , 0 , 0 , -0.0163098 , -0.0310272 , -0.0912415 , 0 , 1.95412e-05 , 0 , 0 , 0 , 0 , 66 , -3 , -9
0 , 0 , 0 , 0 , -0.0162938 , -0.0309842 , -0.0912415 , 0 , 1.95412e-05 , 0 , 0 , 0 , 0 , 39 , -18 , 15
0 , 0 , 0 , 0 , -0.0162699 , -0.0309106 , -0.0912415 , 0 , 1.95412e-05 , 0 , 0 , 0 , 0 , -24 , -19 , -40
0 , 0 , 0 , 0 , -0.0162125 , -0.0308134 , -0.0912415 , 0 , 1.95412e-05 , 0 , 0 , 0 , 0 , 66 , -3 , -9
0 , 0 , 0 , 0 , -0.0161346 , -0.0306709 , -0.0912415 , 0 , 0 , 0 , 0 , 0 , 0 , -16 , -67 , -3
0 , 0 , 0 , 0 , -0.0161084 , -0.0305423 , -0.0912415 , 0 , 1.95412e-05 , 0 , 0 , 0 , 0 , 20 , -35 , -3
0 , 0 , 0 , 0 , -0.0161143 , -0.030443 , -0.0912415 , 0 , 1.95412e-05 , 0 , 0 , 0 , 0 , 93 , -51 , -34
0 , 0 , 0 , 0 , -0.0160906 , -0.0303571 , -0.0912415 , 0 , 1.95412e-05 , 0 , 0 , 0 , 0 , 84 , -35 , -3
0 , 0 , 0 , 0 , -0.0160662 , -0.0303013 , -0.0912415 , 0 , 1.95412e-05 , 0 , 0 , 0 , 0 , 30 , -35 , -45
0 , 0 , 0 , 0 , -0.0160647 , -0.030223 , -0.0912415 , 0 , 1.95412e-05 , 0 , 0 , 0 , 0 , 20 , -51 , -28
0 , 0 , 0 , 0 , -0.0160707 , -0.0301248 , -0.0912415 , -1.95412e-05 , 1.95412e-05 , 0 , 0 , 0 , 0 , 56 , -35 , -66
0 , 0 , 0 , 0 , -0.01609 , -0.0300707 , -0.0912415 , 0 , 1.95412e-05 , 0 , 0 , 0 , 0 , 112 , -35 , 15
0 , 0 , 0 , 0 , -0.0160678 , -0.0300536 , -0.0912415 , 0 , 0 , 0 , 0 , 0 , 0 , 30 , -35 , -34
0 , 0 , 0 , 0 , -0.0160081 , -0.0300048 , -0.0912415 , 0 , 1.95412e-05 , 0 , 0 , 0 , 0 , 66 , 45 , -9
0 , 0 , 0 , 0 , -0.0160005 , -0.0299021 , -0.0912415 , 0 , 1.95412e-05 , 0 , 0 , 0 , 0 , 66 , -35 , -34
0 , 0 , 0 , 0 , -0.0160374 , -0.0297987 , -0.0912415 , 0 , 0 , 0 , 0 , 0 , 0 , -42 , -35 , -40
0 , 0 , 0 , 0 , -0.0160857 , -0.0297294 , -0.0912415 , 0 , 1.95412e-05 , 0 , 0 , 0 , 0 , 20 , -51 , -34
0 , 0 , 0 , 0 , -0.0161441 , -0.0296816 , -0.0912415 , 0 , 0 , 0 , 0 , 0 , 0 , 2 , -18 , -3
0 , 0 , 0 , 0 , -0.0161749 , -0.029631 , -0.0912415 , 0 , 0 , 0 , 0 , 0 , 0 , 66 , -35 , -28
0 , 0 , 0 , 0 , -0.0161586 , -0.0295813 , -0.0912415 , 0 , 0 , 0 , 0 , 0 , 0 , 66 , -35 , -9
0 , 0 , 0 , 0 , -0.0161247 , -0.0295029 , -0.0912415 , 0 , 0 , 0 , 0 , 0 , 0 , 12 , -19 , -23
0 , 0 , 0 , 0 , -0.0161167 , -0.0294164 , -0.0912415 , 0 , 0 , 0 , 0 , 0 , 0 , -52 , -35 , -3
0 , 0 , 0 , 0 , -0.0161669 , -0.0293509 , -0.0912415 , 0 , 0 , 0 , 0 , 0 , 0 , 66 , -51 , -16
0 , 0 , 0 , 0 , -0.0162046 , -0.0292977 , -0.0912415 , 1.95412e-05 , 0 , 0 , 0 , 0 , 0 , 93 , -51 , -66
0 , 0 , 0 , 0 , -0.0161931 , -0.0292502 , -0.0912415 , 0 , 0 , 0 , 0 , 0 , 0 , 30 , -35 , -40
0 , 0 , 0 , 0 , -0.0161744 , -0.0292111 , -0.0912415 , 0 , 1.95412e-05 , 0 , 0 , 0 , 0 , 66 , -19 , 9
0 , 0 , 0 , 0 , -0.0161602 , -0.0291884 , -0.0912415 , 0 , 0 , 0 , 0 , 0 , 0 , -6 , -51 , 9
0 , 0 , 0 , 0 , -0.0161039 , -0.0291438 , -0.0912415 , 0 , 0 , 0 , 0 , 0 , 0 , -16 , -35 , -21
0 , 0 , 0 , 0 , -0.0160735 , -0.0290796 , -0.0912415 , 0 , 0 , 0 , 0 , 0 , 0 , 75 , -19 , -66
0 , 0 , 0 , 0 , -0.0160969 , -0.0290158 , -0.0912415 , 0 , 0 , 0 , 0 , 0 , 0 , 75 , 13 , -16
0 , 0 , 0 , 0 , -0.0161543 , -0.0289686 , -0.0912415 , 0 , 0 , 0 , 0 , 0 , 0 , 2 , 61 , -9
0 , 0 , 0 , 0 , -0.0162069 , -0.0288891 , -0.0912415 , 0 , 0 , 0 , 0 , 0 , 0 , 30 , -19 , -40
0 , 0 , 0 , 0 , -0.0162053 , -0.0287938 , -0.0912415 , 0 , 0 , 0 , -0.0195412 , 0 , 0 , 66 , -35 , -66
0 , 0 , 0 , 0 , -0.0162142 , -0.028727 , -0.0912415 , 1.95412e-05 , 1.95412e-05 , 0 , -0.0195412 , 0 , 0 , 93 , -3 , -16
0 , 0 , 0 , 0 , -0.0162097 , -0.0286316 , -0.0912415 , 0 , 0 , 0 , 0 , 0 , 0 , 76 , -35 , -16
0 , 0 , 0 , 0 , -0.016204 , -0.0285234 , -0.0912415 , -1.95412e-05 , 0 , 0 , 0 , 0 , 0 , 56 , -35 , 20
0 , 0 , 0 , 0 , -0.0162125 , -0.0284588 , -0.0912415 , 0 , 0 , 0 , 0 , 0 , 0 , 48 , -51 , 9
0 , 0 , 0 , 0 , -0.0161806 , -0.0284249 , -0.0912415 , 0 , 0 , 0 , 0 , 0 , 0 , -34 , -35 , -16
0 , 0 , 0 , 0 , -0.0161353 , -0.0283875 , -0.0912415 , 0 , 0 , 0 , 0 , 0 , 0 , 20 , -35 , 9
0 , 0 , 0 , 0 , -0.0161335 , -0.0283428 , -0.0912415 , 0 , 0 , 0 , 0 , 0 , 0 , -33 , -35 , -34
0 , 0 , 0 , 0 , -0.0160978 , -0.0282787 , -0.0912415 , 0 , 0 , 0 , 0 , 0 , 0 , -6 , -19 , -9
0 , 0 , 0 , 0 , -0.0160683 , -0.0281935 , -0.0912415 , 0 , 0 , 0 , 0 , 0 , 0 , 39 , -3 , 28
0 , 0 , 0 , 0 , -0.0160917 , -0.0281217 , -0.0912415 , 0 , 0 , 0 , 0 , 0 , 0 , 103 , -35 , -9
0 , 0 , 0 , 0 , -0.016102 , -0.0280869 , -0.0912415 , 0 , 0 , 0 , 0 , 0 , 0 , 85 , -19 , 9
0 , 0 , 0 , 0 , -0.0160933 , -0.0280126 , -0.0912415 , 0 , 0 , 0 , 0 , 0 , 0 , 56 , -18 , 15
0 , 0 , 0 , 0 , -0.0160853 , -0.0279266 , -0.0912415 , 0 , 0 , 0 , 0 , 0 , 0 , 57 , -51 , -3
0 , 0 , 0 , 0 , -0.0160847 , -0.0278517 , -0.0912415 , 0 , 0 , 0 , 0 , 0 , 0 , 93 , -35 , 9
0 , 0 , 0 , 0 , -0.0160855 , -0.0277637 , -0.0912415 , 0 , 1.95412e-05 , 0 , 0 , 0 , 0 , 48 , -18 , 22
0 , 0 , 0 , 0 , -0.0161249 , -0.0277121 , -0.0912415 , 0 , 1.95412e-05 , 0 , 0 , 0 , 0 , 75 , -51 , -3
0 , 0 , 0 , 0 , -0.0161872 , -0.0276952 , -0.0912415 , 0 , 0 , 0 , 0 , 0 , 0 , 66 , -4 , -9
0 , 0 , 0 , 0 , -0.016222 , -0.0276963 , -0.0912415 , 0 , 0 , 0 , 0 , 0 , 0 , 20 , -35 , -53
0 , 0 , 0 , 0 , -0.0162413 , -0.027675 , -0.0912415 , 0 , 0 , 0 , 0 , 0 , 0 , 48 , -35 , 15
0 , 0 , 0 , 0 , -0.0162413 , -0.0276145 , -0.0912415 , 0 , 0 , 0 , 0.0195412 , 0 , 0 , 2 , -19 , 9
0 , 0 , 0 , 0 , -0.01625 , -0.0275145 , -0.0912415 , 0 , 0 , 0 , 0 , 0 , 0 , 85 , -67 , -59
0 , 0 , 0 , 0 , -0.0162749 , -0.0274158 , -0.0912415 , -1.95412e-05 , 0 , 0 , 0 , 0 , 0 , -34 , -35 , 28
0 , 0 , 0 , 0 , -0.0163138 , -0.0273781 , -0.0912415 , 0 , 0 , 0 , 0 , 0 , 0 , 85 , -19 , -9
0 , 0 , 0 , 0 , -0.0163242 , -0.0273595 , -0.0912415 , 0 , 0 , 0 , 0 , 0 , 0 , -16 , -67 , -16
0 , 0 , 0 , 0 , -0.0162996 , -0.0273257 , -0.0912415 , 0 , 0 , 0 , 0 , 0 , 0 , 56 , -19 , 9
0 , 0 , 0 , 0 , -0.0162763 , -0.0273105 , -0.0912415 , 0 , 0 , 0 , 0 , 0 , 0 , 85 , -67 , -9
0 , 0 , 0 , 0 , -0.0162707 , -0.0272832 , -0.0912415 , 0 , 0 , 0 , 0 , 0 , 0 , -34 , -35 , 9
0 , 0 , 0 , 0 , -0.0162786 , -0.0272086 , -0.0912415 , 1.95412e-05 , 0 , 0 , 0 , 0 , 0 , 39 , -19 , -9
0 , 0 , 0 , 0 , -0.0162729 , -0.0271413 , -0.0912415 , -1.95412e-05 , 0 , 0 , 0.0195412 , 0 , 0 , 12 , -4 , 15
0 , 0 , 0 , 0 , -0.0162768 , -0.0270687 , -0.0912415 , 0 , 0 , 0 , 0 , 0 , 0 , 2 , -19 , 2
0 , 0 , 0 , 0 , -0.0162638 , -0.0270142 , -0.0912415 , 1.95412e-05 , 0 , 0 , -0.0195412 , 0 , 0 , -52 , -19 , -48
0 , 0 , 0 , 0 , -0.0162385 , -0.0269896 , -0.0912415 , 0 , 0 , 0 , 0 , 0 , 0 , 48 , -35 , -16
0 , 0 , 0 , 0 , -0.0162252 , -0.0269427 , -0.0912415 , 0 , 0 , 0 , 0 , 0 , 0 , 57 , -35 , 9
0 , 0 , 0 , 0 , -0.0162434 , -0.0268776 , -0.0912415 , 0 , 0 , 0 , 0 , 0 , 0 , -6 , -35 , -21
0 , 0 , 0 , 0 , -0.0162943 , -0.0268197 , -0.0912415 , -1.95412e-05 , 0 , 0 , 0 , 0 , 0 , 75 , -18 , -3
0 , 0 , 0 , 0 , -0.0163301 , -0.0267846 , -0.0912415 , 0 , 0 , 0 , 0 , 0 , 0 , 66 , -3 , -34
0 , 0 , 0 , 0 , -0.0163078 , -0.0267228 , -0.0912415 , 0 , 0 , 0 , 0 , 0 , 0 , 56 , -19 , -21
0 , 0 , 0 , 0 , -0.0162535 , -0.0266561 , -0.0912415 , -1.95412e-05 , 0 , 0 , 0 , 0 , 0 , 38 , -19 , -53
0 , 0 , 0 , 0 , -0.0162083 , -0.0266116 , -0.0912415 , 0 , 0 , 0 , 0 , 0 , 0 , 57 , -35 , 2
0 , 0 , 0 , 0 , -0.0162088 , -0.0265668 , -0.0912415 , 0 , 1.95412e-05 , 0 , 0 , 0 , 0 , 66 , -19 , -45
0 , 0 , 0 , 0 , -0.0162378 , -0.0265438 , -0.0912415 , 0 , 0 , 0 , 0 , 0 , 0 , 93 , 13 , -16
0 , 0 , 0 , 0 , -0.0162667 , -0.026529 , -0.0912415 , 0 , 0 , 0 , 0 , 0 , 0 , 20 , -35 , -28
0 , 0 , 0 , 0 , -0.0163128 , -0.0265037 , -0.0912415 , 0 , 0 , 0 , 0 , 0 , 0 , 66 , -35 , -34
0 , 0 , 0 , 0 , -0.0163293 , -0.0264821 , -0.0912415 , 0 , 0 , 0 , 0 , 0 , 0 , 75 , -35 , -16
0 , 0 , 0 , 0 , -0.0163136 , -0.0264697 , -0.0912415 , 0 , 0 , 0 , 0 , 0 , 0 , 66 , -35 , -9
0 , 0 , 0 , 0 , -0.0162969 , -0.0264527 , -0.0912415 , -1.95412e-05 , 0 , 0 , 0 , 0 , 0 , 2 , -67 , -9
0 , 0 , 0 , 0 , -0.0163098 , -0.0264222 , -0.0912415 , 0 , 0 , 0 , 0 , 0 , 0 , 48 , -3 , -40
0 , 0 , 0 , 0 , -0.016352 , -0.0263598 , -0.0912415 , 0 , 0 , 0 , 0 , 0 , 0 , 48 , -51 , -84
0.002911, , 1.000000, -1.956325, 0.959098
0.002850, , 1.000000, -1.961776, 0.964492
0.003055, , 1.000000, -1.740920, 0.728851
0.001960, , 1.000000, -1.787225, 0.779060
