0 , 0 , 0 , 0 , -0.0165235 , -0.0327682 , -0.0645633 , 0 , 0 , 0 , 0 , 0 , 0 , 12 , -67 , 2
0 , 0 , 0 , 0 , -0.0165692 , -0.0327044 , -0.0645633 , 0 , 0 , 0 , 0 , 0 , 0 , 12 , -35 , -29
0 , 0 , 0 , 0 , -0.0166157 , -0.0326129 , -0.0645633 , 1.95412e-05 , 0 , 0 , -0.0195412 , 0 , 0 , 2 , -51 , 2
0 , 0 , 0 , 0 , -0.0166158 , -0.0325388 , -0.0645633 , 0 , 0 , 0 , 0 , 0 , 0 , 20 , -35 , 28
0 , 0 , 0 , 0 , -0.0166077 , -0.0325212 , -0.0645633 , 0 , 0 , 0 , 0 , 0 , 0 , 48 , -83 , 9
0 , 0 , 0 , 0 , -0.0166535 , -0.0325185 , -0.0645633 , 0 , 0 , 0 , 0 , 0 , 0 , 66 , -51 , -11
0 , 0 , 0 , 0 , -0.0167096 , -0.0325185 , -0.0645633 , 0 , 0 , 0 , 0 , 0 , 0 , 66 , -66 , -23
0 , 0 , 0 , 0 , -0.016731 , -0.032503 , -0.0645633 , 0 , 0 , 0 , 0 , 0 , 0 , 66 , -83 , 20
0 , 0 , 0 , 0 , -0.0167144 , -0.0324562 , -0.0646271 , -1.95412e-05 , 0 , 0 , 0 , 0 , 0 , 75 , -35 , -34
0 , 0 , 0 , 0 , -0.0166961 , -0.0324177 , -0.0646271 , 0 , 0 , 0 , 0 , 0 , 0 , 75 , -51 , 2
0 , 0 , 0 , 0 , -0.0166601 , -0.032434 , -0.0646271 , 0 , 0 , 0 , 0 , 0 , 0 , -16 , -18 , 20
0 , 0 , 0 , 0 , -0.0166041 , -0.0324531 , -0.0646271 , 0 , 0 , 0 , 0 , 0 , 0 , 2 , -67 , 20
0 , 0 , 0 , 0 , -0.0165802 , -0.0324032 , -0.0646271 , 0 , 0 , 0 , 0 , 0 , 0 , -5 , -83 , -23
0 , 0 , 0 , 0 , -0.0165749 , -0.0323395 , -0.0646271 , 0 , 0 , 0 , 0 , 0 , 0 , 76 , -4 , 28
0 , 0 , 0 , 0 , -0.0165967 , -0.0322714 , -0.0646271 , 0 , 0 , 0 , 0 , 0 , 0 , 66 , -35 , 28
0 , 0 , 0 , 0 , -0.0166565 , -0.0321939 , -0.0646271 , 0 , 0 , 0 , 0 , 0 , 0 , 75 , -51 , 9
0 , 0 , 0 , 0 , -0.0166944 , -0.0321299 , -0.0646271 , 0 , 0 , 0 , 0 , 0 , 0 , 56 , -51 , 9
0 , 0 , 0 , 0 , -0.0166933 , -0.0321089 , -0.0646271 , 0 , 0 , 0 , 0 , 0 , 0 , -6 , -51 , -4
0 , 0 , 0 , 0 , -0.0166853 , -0.0320893 , -0.0646271 , 0 , 0 , 0 , 0 , 0 , 0 , 57 , -66 , 28
0 , 0 , 0 , 0 , -0.0166696 , -0.032071 , -0.0646271 , 0 , 0 , 0 , 0 , 0 , 0 , 85 , -67 , 15
0 , 0 , 0 , 0 , -0.0166304 , -0.0320784 , -0.0646271 , 0 , 0 , 0 , 0.0195412 , 0 , 0 , 2 , -35 , -16
0 , 0 , 0 , 0 , -0.016611 , -0.032048 , -0.0646271 , 0 , 0 , 0 , 0 , 0 , 0 , -16 , -19 , 2
0 , 0 , 0 , 0 , -0.0166021 , -0.0319859 , -0.0646271 , 0 , 0 , 0 , 0 , 0 , 0 , 75 , -3 , -4
0 , 0 , 0 , 0 , -0.0165855 , -0.0319634 , -0.0646271 , 0 , 0 , 0 , 0 , 0 , 0 , 30 , -35 , -16
0 , 0 , 0 , 0 , -0.0165957 , -0.0319691 , -0.0646271 , 0 , 0 , 0 , -0.0195412 , 0 , 0 , 48 , -67 , 2
0 , 0 , 0 , 0 , -0.0166325 , -0.0319252 , -0.0646271 , 0 , 0 , 0 , 0 , 0 , 0 , 66 , -67 , -40
0 , 0 , 0 , 0 , -0.0166598 , -0.0318903 , -0.0646271 , 0 , 0 , 0 , 0 , 0 , 0 , 48 , -83 , -23
0 , 0 , 0 , 0 , -0.016655 , -0.0319055 , -0.0646271 , 0 , 0 , 0 , 0 , 0 , 0 , 66 , -35 , -4
0 , 0 , 0 , 0 , -0.0166431 , -0.0318662 , -0.0646271 , 0 , 0 , 0 , 0 , 0 , 0 , 30 , -67 , 9
0 , 0 , 0 , 0 , -0.0166479 , -0.0318004 , -0.0646271 , 0 , 0 , 0 , 0 , 0 , 0 , -25 , -51 , -29
0 , 0 , 0 , 0 , -0.0166652 , -0.0317743 , -0.0646271 , 0 , 0 , 0 , 0 , 0 , 0 , 12 , -4 , 28
0 , 0 , 0 , 0 , -0.0166983 , -0.0317652 , -0.0646271 , 0 , 0 , 0 , 0 , 0 , 0 , -16 , -67 , 20
0 , 0 , 0 , 0 , -0.0167423 , -0.0317389 , -0.0646271 , 0 , 0 , 0 , 0.0195412 , 0 , 0 , 30 , -19 , 52
0 , 0 , 0 , 0 , -0.0167693 , -0.0316933 , -0.0646271 , 0 , 0 , 0 , 0 , 0 , 0 , -25 , -35 , 28
0 , 0 , 0 , 0 , -0.016764 , -0.0316638 , -0.0646271 , 0 , 0 , 0 , 0.0195412 , 0 , 0 , 75 , -83 , -48
0 , 0 , 0 , 0 , -0.0167528 , -0.0316095 , -0.0646271 , 0 , 0 , 0 , 0 , 0 , 0 , 85 , -35 , 9
0 , 0 , 0 , 0 , -0.0167521 , -0.0315516 , -0.0646271 , 0 , 0 , 0 , 0 , 0 , 0 , 2 , -35 , 20
0 , 0 , 0 , 0 , -0.0167357 , -0.0314991 , -0.0646271 , 0 , 0 , 0 , 0 , 0 , 0 , 66 , -67 , 28
0 , 0 , 0 , 0 , -0.016739 , -0.0314648 , -0.0646271 , 0 , 0 , 0 , 0 , 0 , 0 , -34 , -35 , 20
0 , 0 , 0 , 0 , -0.0167624 , -0.0314428 , -0.0646271 , 0 , 0 , 0 , 0 , 0 , 0 , 39 , -67 , 9
0 , 0 , 0 , 0 , -0.0167825 , -0.031386 , -0.0646976 , 0 , 0 , 0 , 0 , 0 , 0 , 2 , -99 , 20
0 , 0 , 0 , 0 , -0.0167916 , -0.0313144 , -0.0646976 , 0 , 0 , 0 , 0 , 0 , 0 , 2 , -52 , 9
0 , 0 , 0 , 0 , -0.016762 , -0.0312659 , -0.0646976 , 0 , 0 , 0 , 0 , 0 , 0 , 66 , -67 , 2
0 , 0 , 0 , 0 , -0.016736 , -0.0312357 , -0.0646976 , 0 , 0 , 0 , 0 , 0 , 0 , 84 , -67 , 20
0 , 0 , 0 , 0 , -0.0167169 , -0.0311854 , -0.0646976 , 0 , 0 , 0 , 0 , 0 , 0 , 48 , -83 , 2
0 , 0 , 0 , 0 , -0.0166816 , -0.0311477 , -0.0646976 , 0 , 0 , 0 , 0 , 0 , 0 , 12 , -51 , 28
0 , 0 , 0 , 0 , -0.0166794 , -0.0311432 , -0.0646976 , 0 , 0 , 0 , 0 , 0 , 0 , 11 , -35 , 20
0 , 0 , 0 , 0 , -0.016671 , -0.0311372 , -0.0646976 , 0 , 0 , 0 , 0 , 0 , 0 , -16 , -51 , -4
0 , 0 , 0 , 0 , -0.0166411 , -0.0311198 , -0.0646976 , 0 , 0 , 0 , 0 , 0 , 0 , 11 , -83 , 28
0 , 0 , 0 , 0 , -0.0166731 , -0.0310911 , -0.0646976 , 0 , 0 , 0 , 0 , 0 , 0 , 30 , -51 , 2
-50 , -20 , -51 , -20.2 , -0.0166916 , -0.0310664 , -0.0646976 , 0 , 0 , 0 , 0 , 0 , 0 , 39 , -35 , -29
-50 , -20 , -48.5 , -19.4 , -0.0166821 , -0.0310517 , -0.0646976 , -0.000605776 , 0.00050807 , 0.000410364 , -0.0586235 , 0.017764 , 0.0494206 , -9 , 63 , 84
-50 , -20 , -50 , -20.8 , -0.0166335 , -0.0310243 , -0.0647973 , -0.00252081 , 0.00240356 , 0.00185641 , -0.117247 , 0.138002 , 0.122386 , -13 , -31 , 45
-50 , -20 , -50.5 , -20.6 , -0.0166512 , -0.0311087 , -0.064903 , -0.00566694 , 0.0054129 , 0.00484621 , -0.17587 , 0.175835 , 0.189719 , -46 , -17 , 2
-50 , -20 , -51 , -20.4 , -0.0167223 , -0.0315154 , -0.0649981 , -0.0100246 , 0.00961425 , 0.00908664 , -0.254035 , 0.269409 , 0.252252 , -39 , 1 , 35
-50 , -20 , -52.5 , -19.4 , -0.016784 , -0.0323315 , -0.0651248 , -0.0155548 , 0.0150271 , 0.0142064 , -0.3322 , 0.312158 , 0.26793 , -35 , 30 , 9
-50 , -20 , -50 , -19.8 , -0.016936 , -0.0337845 , -0.0652416 , -0.0222769 , 0.0217102 , 0.0206941 , -0.390823 , 0.383159 , 0.319822 , -2 , -17 , 20
-50 , -20 , -51 , -20.6 , -0.0170208 , -0.0362196 , -0.0653239 , -0.0301715 , 0.0297026 , 0.028706 , -0.449447 , 0.456212 , 0.414885 , 24 , -33 , 58
-50 , -20 , -51 , -21 , -0.0168728 , -0.0396808 , -0.0654335 , -0.0392777 , 0.0389064 , 0.0374213 , -0.50807 , 0.450949 , 0.460512 , 15 , 29 , 92
-50 , -20 , -51.5 , -20.4 , -0.0166073 , -0.0438425 , -0.0655198 , -0.0495759 , 0.0490092 , 0.0473482 , -0.566693 , 0.548908 , 0.595161 , -37 , -17 , 30
-50 , -20 , -48 , -21 , -0.0164555 , -0.0480973 , -0.0655912 , -0.0611443 , 0.0604603 , 0.058897 , -0.625317 , 0.583315 , 0.590958 , -50 , 1 , -49
-50 , -20 , -48 , -20.6 , -0.0164534 , -0.0524973 , -0.065678 , -0.0739633 , 0.0732207 , 0.0713643 , -0.664399 , 0.65574 , 0.631037 , 49 , 8 , 1
-50 , -20 , -51 , -20.4 , -0.0165272 , -0.0571855 , -0.065678 , -0.0877593 , 0.0870168 , 0.0847695 , -0.68394 , 0.729144 , 0.738795 , -81 , -17 , 13
-50 , -20 , -52 , -20.6 , -0.016555 , -0.0618339 , -0.065678 , -0.102962 , 0.102005 , 0.0999335 , -0.781646 , 0.79489 , 0.768326 , -10 , -18 , -3
-50 , -20 , -51.5 , -20.4 , -0.0165054 , -0.0666477 , -0.0657918 , -0.119279 , 0.118322 , 0.115781 , -0.898893 , 0.857068 , 0.856438 , 16 , -20 , 38
-50 , -20 , -51 , -20.2 , -0.0164535 , -0.0719641 , -0.0659211 , -0.137726 , 0.136554 , 0.133173 , -0.957517 , 0.90259 , 0.92393 , -30 , 2 , 11
-50 , -20 , -49.5 , -20.6 , -0.0164885 , -0.0780043 , -0.0659211 , -0.156544 , 0.155489 , 0.151698 , -0.957517 , 0.912423 , 0.959463 , 32 , -17 , 21
-50 , -20 , -51 , -21 , -0.0166655 , -0.0848659 , -0.0660992 , -0.176496 , 0.175245 , 0.171259 , -0.996599 , 0.992773 , 1.01865 , -97 , 20 , -9
-50 , -20 , -51.5 , -19.6 , -0.0170718 , -0.0922391 , -0.0661843 , -0.197678 , 0.196389 , 0.192226 , -1.11385 , 1.05723 , 1.0385 , -16 , -51 , 68
-50 , -20 , -51 , -20 , -0.0174543 , -0.100214 , -0.0663145 , -0.220092 , 0.218607 , 0.214249 , -1.15293 , 1.15856 , 1.11134 , -35 , -10 , -18
-50 , -20 , -48 , -20.6 , -0.0176239 , -0.108473 , -0.0663145 , -0.243737 , 0.242193 , 0.237406 , -1.13339 , 1.19884 , 1.21123 , -102 , 33 , 32
-50 , -20 , -50.5 , -20 , -0.0177827 , -0.116722 , -0.0665041 , -0.268515 , 0.26701 , 0.261148 , -1.21155 , 1.24004 , 1.14667 , 13 , 16 , 13
-50 , -20 , -48 , -19.4 , -0.0176299 , -0.125305 , -0.0669843 , -0.294348 , 0.292824 , 0.284304 , -1.38742 , 1.31738 , 1.20562 , 40 , 13 , 30
-50 , -20 , -49 , -20.8 , -0.0169638 , -0.133931 , -0.067663 , -0.321647 , 0.319947 , 0.307988 , -1.44605 , 1.37937 , 1.16316 , -22 , 17 , 13
-50 , -20 , -48 , -19.4 , -0.0161352 , -0.142472 , -0.0686042 , -0.35006 , 0.348262 , 0.330304 , -1.46559 , 1.45738 , 1.08111 , 50 , -33 , -40
-50 , -20 , -50.5 , -19.6 , -0.0153565 , -0.150882 , -0.0699609 , -0.379626 , 0.377691 , 0.351643 , -1.48513 , 1.49454 , 1.03529 , -9 , 1 , 46
-50 , -20 , -48 , -20.6 , -0.0145903 , -0.159145 , -0.0716714 , -0.410267 , 0.408449 , 0.372494 , -1.62192 , 1.54069 , 1.11983 , 11 , 17 , 29
-50 , -20 , -48.5 , -20.4 , -0.0140093 , -0.167402 , -0.0735718 , -0.442412 , 0.440438 , 0.393715 , -1.661 , 1.60943 , 0.974615 , -102 , 14 , 78
-50 , -20 , -50 , -21 , -0.0134031 , -0.175581 , -0.0759523 , -0.475515 , 0.47356 , 0.414663 , -1.70008 , 1.66543 , 0.961037 , 9 , -18 , -36
-50 , -20 , -50.5 , -19.8 , -0.0126551 , -0.183677 , -0.0784614 , -0.509575 , 0.507797 , 0.433462 , -1.77825 , 1.78322 , 0.868169 , 64 , -52 , 56
-50 , -20 , -50.5 , -19.4 , -0.0116198 , -0.191752 , -0.0816146 , -0.544983 , 0.543244 , 0.45142 , -1.81733 , 1.87896 , 0.863694 , -21 , -20 , 17
-50 , -20 , -48.5 , -19.2 , -0.0103665 , -0.199856 , -0.0852619 , -0.581506 , 0.579942 , 0.469281 , -1.87595 , 1.8926 , 0.877596 , -1 , 16 , 45
-50 , -20 , -48 , -20.6 , -0.00920245 , -0.208421 , -0.0890572 , -0.619318 , 0.617833 , 0.485754 , -1.91503 , 1.90181 , 0.832417 , -39 , 34 , 74
-50 , -20 , -48 , -20.8 , -0.00858227 , -0.217375 , -0.0929635 , -0.658283 , 0.656915 , 0.502989 , -1.95412 , 2.00079 , 0.77136 , -56 , -6 , -52
-50 , -20 , -48.5 , -20.4 , -0.00894344 , -0.226686 , -0.096566 , -0.69844 , 0.697189 , 0.517958 , -2.03228 , 2.06238 , 0.737163 , -33 , 0 , 27
-50 , -20 , -50 , -19.4 , -0.010123 , -0.236793 , -0.0993876 , -0.739867 , 0.740805 , 0.531852 , -2.14953 , 2.14149 , 0.639295 , 42 , -3 , 7
-50 , -20 , -50 , -21 , -0.0120573 , -0.247594 , -0.10118 , -0.782408 , 0.783581 , 0.544593 , -2.24723 , 2.19769 , 0.616758 , 46 , -31 , 52
-50 , -20 , -52 , -20.4 , -0.0144429 , -0.259151 , -0.101751 , -0.826298 , 0.825379 , 0.555829 , -2.18861 , 2.22584 , 0.588587 , -17 , 11 , -45
-50 , -20 , -49 , -19.6 , -0.0167461 , -0.271267 , -0.101213 , -0.87134 , 0.872923 , 0.566049 , -2.26677 , 2.37942 , 0.46582 , -34 , -99 , 93
-50 , -20 , -50.5 , -19.6 , -0.0184234 , -0.283697 , -0.0999262 , -0.917535 , 0.919392 , 0.575233 , -2.3254 , 2.35908 , 0.443779 , -36 , 0 , -86
-50 , -20 , -49.5 , -19.6 , -0.018925 , -0.296498 , -0.0984394 , -0.964864 , 0.966877 , 0.583108 , -2.34494 , 2.38914 , 0.358549 , -113 , 2 , -3
-50 , -20 , -51.5 , -19.8 , -0.0179442 , -0.309773 , -0.0973925 , -1.01329 , 1.01567 , 0.589752 , -2.50127 , 2.40505 , 0.276916 , -61 , 56 , 50
-50 , -20 , -52.5 , -19.2 , -0.015509 , -0.32345 , -0.0975101 , -1.06574 , 1.06548 , 0.596103 , -2.57943 , 2.55161 , 0.344639 , 53 , -19 , 31
-50 , -20 , -48.5 , -20.2 , -0.0121788 , -0.33726 , -0.0986696 , -1.11682 , 1.1168 , 0.603196 , -2.55989 , 2.65113 , 0.383159 , -63 , -108 , 18
-50 , -20 , -48 , -20.4 , -0.0090364 , -0.351059 , -0.100998 , -1.16895 , 1.16923 , 0.610857 , -2.61851 , 2.60983 , 0.368236 , -147 , 13 , 29
-50 , -20 , -52.5 , -20.6 , -0.00666895 , -0.365277 , -0.104011 , -1.22234 , 1.22255 , 0.617383 , -2.7553 , 2.67992 , 0.254772 , 31 , -4 , 29
-50 , -20 , -52.5 , -19.6 , -0.00565927 , -0.380506 , -0.107068 , -1.27721 , 1.27742 , 0.622601 , -2.71622 , 2.85793 , 0.215525 , -104 , -99 , 77
-50 , -20 , -52 , -21 , -0.00589271 , -0.396033 , -0.11009 , -1.33284 , 1.33349 , 0.627506 , -2.7553 , 2.79658 , 0.304853 , -176 , 37 , -20
-50 , -20 , -52.5 , -20.8 , -0.00654884 , -0.41109 , -0.112437 , -1.39002 , 1.39045 , 0.632567 , -2.97026 , 2.91839 , 0.212403 , 32 , -20 , 43
-50 , -20 , -52.5 , -19.8 , -0.00708865 , -0.425838 , -0.114346 , -1.44816 , 1.44902 , 0.636534 , -2.87255 , 2.96264 , 0.157632 , -211 , 0 , 36
-50 , -20 , -51 , -19.8 , -0.00688517 , -0.440396 , -0.11615 , -1.50766 , 1.50842 , 0.640227 , -3.04842 , 2.99863 , 0.238888 , -45 , -51 , 20
-50 , -20 , -51 , -19.2 , -0.00584748 , -0.454395 , -0.118158 , -1.56765 , 1.56851 , 0.644135 , -2.91163 , 2.96638 , 0.158354 , -194 , -15 , 66
-50 , -20 , -50 , -20 , -0.00407661 , -0.467475 , -0.12048 , -1.6276 , 1.62747 , 0.647027 , -3.04842 , 2.96451 , 0.0849117 , 99 , -46 , 67
-50 , -20 , -52.5 , -20.4 , -0.00216339 , -0.480312 , -0.123182 , -1.68769 , 1.68556 , 0.648669 , -2.89209 , 2.89677 , 0.0743194 , -167 , -15 , 19
-50 , -20 , -51 , -20 , -0.000448272 , -0.49367 , -0.126352 , -1.74764 , 1.74346 , 0.648981 , -3.10704 , 2.90035 , 0 , -58 , -52 , 19
-50 , -20 , -48.5 , -21 , 0.00104942 , -0.507336 , -0.129707 , -1.80769 , 1.80093 , 0.648395 , -2.87255 , 2.87016 , -0.0613213 , -213 , -53 , -55
-50 , -20 , -52 , -19.2 , 0.00236876 , -0.521157 , -0.133347 , -1.86761 , 1.85711 , 0.646246 , -3.10704 , 2.72349 , -0.153223 , -46 , 18 , 51
-50 , -20 , -50 , -21 , 0.00392133 , -0.534942 , -0.136923 , -1.9277 , 1.91202 , 0.64392 , -2.97026 , 2.6876 , -0.094068 , -228 , -118 , -30
-50 , -20 , -48 , -20.2 , 0.00562371 , -0.548292 , -0.140842 , -1.98765 , 1.96602 , 0.64181 , -3.06796 , 2.6318 , -0.154679 , -94 , -16 , -25
-50 , -20 , -50.5 , -19.2 , 0.00742049 , -0.561377 , -0.144893 , -2.04723 , 2.0185 , 0.638449 , -2.91163 , 2.55022 , -0.185165 , -339 , 16 , -31
-50 , -20 , -48.5 , -20.4 , 0.00917956 , -0.574332 , -0.148963 , -2.1065 , 2.06982 , 0.634189 , -3.02888 , 2.63327 , -0.273429 , -160 , -38 , -30
-50 , -20 , -48 , -19.6 , 0.0108515 , -0.587634 , -0.15336 , -2.16602 , 2.12018 , 0.628522 , -2.93117 , 2.46316 , -0.327138 , -233 , 2 , -68
-50 , -20 , -52 , -20.8 , 0.0126616 , -0.600582 , -0.15784 , -2.22439 , 2.1693 , 0.622171 , -2.93117 , 2.37582 , -0.388233 , -239 , 33 , -98
-50 , -20 , -50 , -21 , 0.0147246 , -0.612887 , -0.162466 , -2.28256 , 2.2172 , 0.613612 , -2.85301 , 2.32286 , -0.466004 , -291 , 14 , -27
-50 , -20 , -52 , -19.8 , 0.0169507 , -0.625013 , -0.1672 , -2.34082 , 2.26382 , 0.604173 , -2.93117 , 2.37942 , -0.508442 , -177 , -12 , 45
-50 , -20 , -50 , -20 , 0.0192884 , -0.636677 , -0.172252 , -2.39809 , 2.30951 , 0.594676 , -2.87255 , 2.28885 , -0.427596 , -127 , -58 , -42
-50 , -20 , -52.5 , -19.4 , 0.0214891 , -0.648068 , -0.177346 , -2.45386 , 2.35395 , 0.586117 , -2.73576 , 2.17626 , -0.438469 , -256 , -38 , -67
-50 , -20 , -51.5 , -20.2 , 0.0233872 , -0.659157 , -0.182424 , -2.5092 , 2.39723 , 0.577109 , -2.79439 , 2.11636 , -0.376756 , -220 , -38 , -75
-50 , -20 , -51.5 , -20.4 , 0.0248751 , -0.670444 , -0.187252 , -2.56349 , 2.44132 , 0.569644 , -2.67714 , 2.02585 , -0.319996 , -347 , 15 , -84
-50 , -20 , -49 , -20 , 0.0258667 , -0.681774 , -0.191628 , -2.61666 , 2.48202 , 0.56345 , -2.6576 , 1.95818 , -0.277572 , -170 , 32 , -113
-50 , -20 , -49 , -20.2 , 0.0267489 , -0.692499 , -0.195686 , -2.66856 , 2.52157 , 0.557568 , -2.61851 , 1.92207 , -0.303904 , -190 , 33 , -89
-50 , -20 , -50.5 , -19.2 , 0.027928 , -0.702315 , -0.199436 , -2.71946 , 2.55796 , 0.550807 , -2.50127 , 1.864 , -0.345045 , -359 , -9 , -139
-50 , -20 , -50.5 , -19.6 , 0.029526 , -0.711217 , -0.203115 , -2.76892 , 2.59696 , 0.543459 , -2.46219 , 1.81145 , -0.31299 , -275 , -73 , -124
-50 , -20 , -52.5 , -20.6 , 0.0315417 , -0.719889 , -0.206877 , -2.81678 , 2.63106 , 0.537421 , -2.48173 , 1.86773 , -0.285966 , -236 , -58 , -73
-50 , -20 , -51.5 , -20.4 , 0.0337387 , -0.728487 , -0.210422 , -2.86444 , 2.66782 , 0.532418 , -2.34494 , 1.69371 , -0.197518 , -213 , 6 , -96
-50 , -20 , -52 , -19.4 , 0.0354741 , -0.737141 , -0.213806 , -2.91286 , 2.70147 , 0.528627 , -2.26677 , 1.64096 , -0.17232 , -162 , -17 , -64
-50 , -20 , -49 , -19.2 , 0.0364431 , -0.746073 , -0.217062 , -2.95746 , 2.7341 , 0.526107 , -2.20815 , 1.61663 , -0.0763326 , -256 , -29 , -83
-50 , -20 , -49.5 , -19.6 , 0.0372337 , -0.754656 , -0.220016 , -3.00078 , 2.76548 , 0.524778 , -2.16907 , 1.52368 , -0.0615658 , -188 , 8 , -46
-50 , -20 , -52 , -20.6 , 0.0380275 , -0.762652 , -0.222443 , -3.04355 , 2.79583 , 0.524543 , -2.07136 , 1.42074 , 0 , -246 , 29 , 66
-50 , -20 , -50 , -20.4 , 0.0384602 , -0.770197 , -0.22439 , -3.08457 , 2.82464 , 0.525403 , -1.93457 , 1.43376 , 0.133416 , -305 , -50 , -47
-50 , -20 , -49.5 , -20.8 , 0.0387357 , -0.777098 , -0.225967 , -3.12459 , 2.85244 , 0.526791 , -1.85641 , 1.33386 , 0.0270396 , -311 , -23 , 86
-50 , -20 , -48 , -20 , 0.0395232 , -0.783956 , -0.227393 , -3.16311 , 2.879 , 0.527123 , -1.9932 , 1.34998 , 0 , -223 , -33 , -47
-50 , -20 , -52.5 , -20.6 , 0.0406389 , -0.790851 , -0.228452 , -3.20069 , 2.90432 , 0.526536 , -1.83687 , 1.221 , -0.094068 , -159 , -33 , 19
-50 , -20 , -52.5 , -20.6 , 0.0423227 , -0.797275 , -0.22996 , -3.23703 , 2.92856 , 0.525286 , -1.79779 , 1.19092 , -0.026584 , -215 , 8 , -111
-50 , -20 , -50.5 , -19.4 , 0.0447227 , -0.803425 , -0.231853 , -3.27213 , 2.95154 , 0.524954 , -1.70008 , 1.11557 , 0 , -243 , -15 , 50
-50 , -20 , -49.5 , -20.6 , 0.0468321 , -0.809443 , -0.234067 , -3.30574 , 2.97328 , 0.525716 , -1.70008 , 1.04081 , 0.117388 , -288 , 13 , -61
-50 , -20 , -52 , -19.2 , 0.0477358 , -0.815571 , -0.236032 , -3.33865 , 2.99386 , 0.527162 , -1.68054 , 1.05343 , 0.0467108 , -212 , -48 , 67
-50 , -20 , -52.5 , -20.2 , 0.0473957 , -0.821687 , -0.237545 , -3.37015 , 3.01317 , 0.528393 , -1.50467 , 0.950131 , 0.0976402 , -333 , 2 , 56
-50 , -20 , -49 , -19.4 , 0.0467752 , -0.827274 , -0.238332 , -3.40065 , 3.03136 , 0.530718 , -1.48513 , 0.88689 , 0.127111 , -190 , -2 , 15
-50 , -20 , -49.5 , -19.6 , 0.0468676 , -0.831709 , -0.239019 , -3.42941 , 3.04832 , 0.534216 , -1.38742 , 0.839869 , 0.200627 , -200 , -8 , 16
-50 , -20 , -51.5 , -19.8 , 0.0475373 , -0.835646 , -0.239599 , -3.45703 , 3.06413 , 0.539277 , -1.36788 , 0.731648 , 0.259395 , -262 , 0 , 15
-50 , -20 , -49.5 , -19.6 , 0.047637 , -0.840163 , -0.239599 , -3.48354 , 3.07867 , 0.544866 , -1.34834 , 0.741829 , 0.307895 , -280 , -67 , -3
-50 , -20 , -49.5 , -20.8 , 0.0474919 , -0.845057 , -0.239511 , -3.50897 , 3.09206 , 0.551178 , -1.19201 , 0.605137 , 0.284578 , -164 , 34 , -30
-50 , -20 , -51 , -19.4 , 0.0477805 , -0.84982 , -0.239186 , -3.53296 , 3.10425 , 0.556122 , -1.21155 , 0.54865 , 0.21095 , -282 , 18 , 75
-50 , -20 , -51 , -19.2 , 0.0486283 , -0.853879 , -0.239186 , -3.55606 , 3.11531 , 0.560519 , -1.11385 , 0.482494 , 0.268421 , -242 , 63 , 67
-50 , -20 , -52.5 , -19.4 , 0.0497416 , -0.857426 , -0.239341 , -3.57777 , 3.12498 , 0.566596 , -1.05522 , 0.466931 , 0.307573 , -290 , 3 , 57
-50 , -20 , -52.5 , -19.4 , 0.0502458 , -0.861164 , -0.239341 , -3.59831 , 3.13354 , 0.573767 , -0.996599 , 0.411247 , 0.391605 , -248 , 2 , 26
-50 , -20 , -50.5 , -19.2 , 0.0498084 , -0.865213 , -0.239005 , -3.61756 , 3.14089 , 0.582072 , -0.957517 , 0.348945 , 0.430421 , -287 , 19 , -17
-50 , -20 , -52.5 , -20 , 0.0487373 , -0.869266 , -0.238132 , -3.63573 , 3.14708 , 0.590573 , -0.84027 , 0.274068 , 0.373398 , -222 , -1 , -11
-50 , -20 , -52.5 , -20.4 , 0.0475669 , -0.872771 , -0.236872 , -3.65271 , 3.15238 , 0.598878 , -0.762105 , 0.200147 , 0.446484 , -365 , 15 , 39
-50 , -20 , -52 , -19.6 , 0.0467824 , -0.875689 , -0.235497 , -3.66844 , 3.15601 , 0.607417 , -0.781646 , 0.150857 , 0.444115 , -227 , 5 , -43
-50 , -20 , -50 , -20.4 , 0.0465077 , -0.878416 , -0.234091 , -3.68294 , 3.15846 , 0.615898 , -0.723023 , 0.101425 , 0.472387 , -206 , -21 , -98
-50 , -20 , -50.5 , -19.8 , 0.0465252 , -0.881064 , -0.232853 , -3.69615 , 3.15982 , 0.62391 , -0.68394 , 0.027673 , 0.436511 , -211 , 64 , -35
-50 , -20 , -50 , -20.6 , 0.0467345 , -0.883648 , -0.231825 , -3.70838 , 3.15982 , 0.630593 , -0.586235 , 0 , 0.294737 , -186 , -35 , 15
-50 , -20 , -50 , -20.6 , 0.0470602 , -0.885991 , -0.231035 , -3.71929 , 3.15916 , 0.636143 , -0.50807 , 0 , 0.246006 , -152 , -11 , 30
-50 , -20 , -48.5 , -20 , 0.0473763 , -0.887885 , -0.230487 , -3.72904 , 3.1567 , 0.640422 , -0.468988 , -0.137485 , 0.22047 , -213 , -56 , 56
-50 , -20 , -48 , -20 , 0.047606 , -0.889411 , -0.230074 , -3.73799 , 3.15334 , 0.643529 , -0.371282 , -0.204121 , 0.131442 , -310 , -62 , 49
-50 , -20 , -52 , -19.8 , 0.0477343 , -0.890712 , -0.229781 , -3.74536 , 3.14863 , 0.645542 , -0.293117 , -0.305331 , 0.0670737 , -324 , -53 , 51
-50 , -20 , -49.5 , -20 , 0.0478242 , -0.891752 , -0.229595 , -3.75128 , 3.14255 , 0.646304 , -0.312658 , -0.31637 , 0 , -208 , 18 , 63
-50 , -20 , -51 , -19.4 , 0.0480347 , -0.892491 , -0.229595 , -3.75612 , 3.13548 , 0.646187 , -0.214953 , -0.37846 , -0.0589169 , -198 , -13 , 47
-50 , -20 , -50.5 , -20.2 , 0.048549 , -0.892931 , -0.2298 , -3.7598 , 3.12723 , 0.644565 , -0.136788 , -0.459072 , -0.0931413 , -246 , -38 , -78
-50 , -20 , -50 , -20.4 , 0.0491797 , -0.893034 , -0.230135 , -3.76236 , 3.11779 , 0.641673 , -0.0977058 , -0.452691 , -0.188742 , -215 , -119 , 11
-50 , -20 , -51 , -21 , 0.0498279 , -0.892836 , -0.230663 , -3.76347 , 3.1071 , 0.637608 , -0.0390823 , -0.564227 , -0.209968 , -281 , 1 , -82
-50 , -20 , -51 , -20.6 , 0.0506018 , -0.892383 , -0.231469 , -3.76378 , 3.09698 , 0.632508 , 0 , -0.487713 , -0.286946 , -131 , 2 , -96
-50 , -20 , -50.5 , -20.4 , 0.051448 , -0.891766 , -0.232523 , -3.76267 , 3.08803 , 0.626099 , 0.117247 , -0.417988 , -0.307251 , -68 , -15 , -147
-50 , -20 , -50 , -19.8 , 0.0522349 , -0.891072 , -0.233739 , -3.76009 , 3.08029 , 0.618439 , 0.156329 , -0.37507 , -0.395036 , 2 , -51 , -46
-50 , -20 , -48 , -19.2 , 0.0529248 , -0.890154 , -0.235183 , -3.75651 , 3.07238 , 0.609508 , 0.195412 , -0.395036 , -0.475068 , 72 , -71 , -73
-50 , -20 , -49 , -20.2 , 0.0536672 , -0.888689 , -0.236797 , -3.75178 , 3.06327 , 0.599347 , 0.254035 , -0.497861 , -0.547882 , 27 , -15 , -28
-50 , -20 , -49.5 , -20.8 , 0.0545457 , -0.88674 , -0.238657 , -3.7459 , 3.05305 , 0.588306 , 0.293117 , -0.478362 , -0.602808 , -70 , -9 , -131
-50 , -20 , -50.5 , -19.2 , 0.0553455 , -0.884618 , -0.240666 , -3.73867 , 3.04369 , 0.575819 , 0.312658 , -0.45374 , -0.599111 , -83 , -36 , -153
-50 , -20 , -50.5 , -20.4 , 0.0561292 , -0.882314 , -0.242886 , -3.73056 , 3.03437 , 0.562355 , 0.449447 , -0.455501 , -0.575019 , -65 , 16 , -71
-50 , -20 , -51 , -20.6 , 0.057026 , -0.879754 , -0.245191 , -3.72112 , 3.02618 , 0.55151 , 0.468988 , -0.353043 , -0.516505 , 19 , -27 , -107
-50 , -20 , -49.5 , -20 , 0.0577267 , -0.877171 , -0.247524 , -3.71036 , 3.01913 , 0.540821 , 0.625317 , -0.305092 , -0.471817 , -94 , -7 , -66
-50 , -20 , -48 , -20.8 , 0.0577129 , -0.874655 , -0.24952 , -3.69826 , 3.01332 , 0.5315 , 0.644858 , -0.236099 , -0.428846 , -82 , -8 , -80
-50 , -20 , -48 , -20.8 , 0.0568415 , -0.872082 , -0.250983 , -3.68531 , 3.00875 , 0.522531 , 0.742564 , -0.200352 , -0.442271 , -82 , -1 , -182
-50 , -20 , -48.5 , -20.2 , 0.0558188 , -0.8691 , -0.25194 , -3.67094 , 3.00523 , 0.512682 , 0.762105 , -0.133416 , -0.559113 , -30 , -76 , -49
-50 , -20 , -49.5 , -20.2 , 0.055389 , -0.865418 , -0.252758 , -3.65529 , 3.00178 , 0.502462 , 0.781646 , -0.187415 , -0.443946 , 21 , -18 , -161
-50 , -20 , -48.5 , -19.4 , 0.0557 , -0.861355 , -0.253705 , -3.63991 , 2.99845 , 0.493356 , 0.762105 , -0.140989 , -0.456746 , -27 , -58 , -47
-50 , -20 , -50 , -19.2 , 0.0564868 , -0.857637 , -0.254796 , -3.62348 , 2.99494 , 0.485324 , 0.762105 , -0.191705 , -0.392126 , -68 , -36 , -62
-50 , -20 , -48.5 , -19.4 , 0.057127 , -0.85467 , -0.255893 , -3.60876 , 2.99089 , 0.478465 , 0.762105 , -0.202428 , -0.321575 , -128 , -49 , -44
-50 , -20 , -52 , -20.2 , 0.0572412 , -0.851988 , -0.257032 , -3.59338 , 2.98587 , 0.473091 , 0.820728 , -0.273175 , -0.23879 , -53 , 1 , -98
-50 , -20 , -51.5 , -20.8 , 0.0568807 , -0.849031 , -0.257887 , -3.57771 , 2.98096 , 0.468812 , 0.723023 , -0.216162 , -0.193029 , -20 , 31 , -112
-50 , -20 , -50.5 , -19.4 , 0.0557903 , -0.845615 , -0.25821 , -3.56294 , 2.97756 , 0.465705 , 0.664399 , -0.13938 , -0.125801 , -5 , 2 , -128
-50 , -20 , -51 , -19.2 , 0.0540967 , -0.842525 , -0.257889 , -3.55002 , 2.97534 , 0.46379 , 0.644858 , -0.0736658 , -0.0605735 , -85 , -15 , -133
-50 , -20 , -52.5 , -19.4 , 0.0523394 , -0.840344 , -0.256983 , -3.53814 , 2.97428 , 0.463086 , 0.566693 , -0.0340074 , -0.0417003 , -105 , -14 , -132
-50 , -20 , -49 , -20 , 0.0514422 , -0.838539 , -0.256092 , -3.52763 , 2.97426 , 0.463301 , 0.468988 , 0 , 0.0579508 , -34 , -13 , -55
-50 , -20 , -52.5 , -19.2 , 0.0517289 , -0.836784 , -0.255473 , -3.51829 , 2.97547 , 0.464865 , 0.429905 , 0.1082 , 0.139447 , 2 , 19 , -52
-50 , -20 , -48.5 , -20 , 0.0523929 , -0.835236 , -0.255233 , -3.51024 , 2.97799 , 0.467718 , 0.390823 , 0.161943 , 0.18274 , -35 , 10 , -20
-50 , -20 , -50 , -19.8 , 0.0524937 , -0.834279 , -0.255005 , -3.50217 , 2.98036 , 0.471978 , 0.410364 , 0.0889037 , 0.216962 , -106 , 65 , 35
-50 , -20 , -49 , -20.2 , 0.0515025 , -0.833699 , -0.25431 , -3.49492 , 2.98304 , 0.477254 , 0.3322 , 0.187175 , 0.289356 , -50 , -29 , 17
-50 , -20 , -48.5 , -19.8 , 0.049917 , -0.83296 , -0.253135 , -3.48878 , 2.98665 , 0.483663 , 0.234494 , 0.199943 , 0.345248 , -35 , 18 , 50
-50 , -20 , -49 , -20.4 , 0.0481902 , -0.831997 , -0.25129 , -3.48401 , 2.99027 , 0.490483 , 0.17587 , 0.167114 , 0.339845 , 38 , 17 , 16
-50 , -20 , -48 , -20.4 , 0.0468196 , -0.831174 , -0.249084 , -3.48051 , 2.99402 , 0.496678 , 0.17587 , 0.203553 , 0.255996 , -46 , -3 , 1
-50 , -20 , -52.5 , -20.4 , 0.0463385 , -0.83078 , -0.246797 , -3.47702 , 2.99765 , 0.501113 , 0.234494 , 0.142013 , 0.243959 , 14 , 43 , -69
-50 , -20 , -52 , -19.2 , 0.0472222 , -0.83044 , -0.245252 , -3.47326 , 3.00133 , 0.505979 , 0.156329 , 0.232264 , 0.255996 , -74 , -6 , -33
-50 , -20 , -52 , -20.4 , 0.0491241 , -0.829896 , -0.244618 , -3.47078 , 3.00625 , 0.511783 , 0.0781646 , 0.282113 , 0.305331 , -15 , 37 , 41
-50 , -20 , -51.5 , -20.2 , 0.0504829 , -0.829782 , -0.244411 , -3.46961 , 3.01266 , 0.518622 , 0.0195412 , 0.31501 , 0.390301 , -26 , 51 , 56
-50 , -20 , -50 , -20 , 0.0498876 , -0.830672 , -0.243662 , -3.46947 , 3.02009 , 0.526751 , -0.0195412 , 0.37846 , 0.424192 , -135 , 50 , 63
-50 , -20 , -51 , -19.2 , 0.047685 , -0.83189 , -0.242262 , -3.47074 , 3.02732 , 0.53533 , -0.0781646 , 0.327321 , 0.407955 , -224 , -1 , -24
-50 , -20 , -50.5 , -20.2 , 0.0453553 , -0.832631 , -0.240101 , -3.47354 , 3.03339 , 0.543635 , -0.17587 , 0.283614 , 0.449566 , -88 , 0 , -50
-50 , -20 , -49.5 , -21 , 0.0437493 , -0.83299 , -0.237648 , -3.47719 , 3.03965 , 0.551979 , -0.214953 , 0.367313 , 0.381165 , -144 , -2 , -12
-50 , -20 , -48.5 , -20.2 , 0.0433074 , -0.833684 , -0.235313 , -3.48188 , 3.04695 , 0.55919 , -0.312658 , 0.421144 , 0.319822 , -161 , -15 , 45
-50 , -20 , -48 , -20 , 0.0441312 , -0.835195 , -0.233559 , -3.48685 , 3.05413 , 0.565326 , -0.254035 , 0.3299 , 0.29385 , -153 , 39 , 68
-50 , -20 , -52.5 , -20.4 , 0.0459334 , -0.837029 , -0.232742 , -3.49021 , 3.06018 , 0.570289 , -0.136788 , 0.25757 , 0.265025 , -261 , 3 , 16
-50 , -20 , -51.5 , -20 , 0.0478087 , -0.838318 , -0.232655 , -3.49365 , 3.0664 , 0.57494 , -0.234494 , 0.357459 , 0.272539 , -278 , 0 , -13
-50 , -20 , -49.5 , -19.2 , 0.0486595 , -0.838939 , -0.232746 , -3.49857 , 3.07291 , 0.580763 , -0.234494 , 0.292094 , 0.285689 , -230 , 7 , 26
-50 , -20 , -52.5 , -20.4 , 0.0476296 , -0.839984 , -0.232113 , -3.50471 , 3.07818 , 0.586801 , -0.273576 , 0.254884 , 0.303747 , -293 , -15 , -30
-50 , -20 , -51 , -19.2 , 0.0452187 , -0.842024 , -0.230902 , -3.51186 , 3.08358 , 0.592859 , -0.449447 , 0.305011 , 0.299555 , -210 , -30 , 60
-50 , -20 , -50 , -20.2 , 0.0432886 , -0.844209 , -0.22944 , -3.52038 , 3.08877 , 0.599445 , -0.390823 , 0.23328 , 0.372212 , -256 , 22 , 29
-50 , -20 , -52 , -19.6 , 0.0427017 , -0.846027 , -0.228029 , -3.53001 , 3.0928 , 0.606968 , -0.468988 , 0.158269 , 0.331954 , -289 , 47 , 47
-50 , -20 , -52 , -20.4 , 0.0429569 , -0.847976 , -0.226707 , -3.54099 , 3.09561 , 0.61412 , -0.547152 , 0.139049 , 0.374829 , -257 , 63 , 24
-50 , -20 , -52 , -20.2 , 0.043568 , -0.85048 , -0.225685 , -3.55303 , 3.09872 , 0.621311 , -0.644858 , 0.187415 , 0.318085 , -222 , 2 , -63
-50 , -20 , -49.5 , -20 , 0.0443024 , -0.853577 , -0.224993 , -3.56616 , 3.10296 , 0.62733 , -0.703482 , 0.242646 , 0.303277 , -239 , 1 , -48
-50 , -20 , -48 , -19.4 , 0.0449102 , -0.856818 , -0.22462 , -3.57957 , 3.107 , 0.632098 , -0.605776 , 0.166923 , 0.193603 , -197 , 33 , 41
-50 , -20 , -51.5 , -20.6 , 0.045398 , -0.859566 , -0.224533 , -3.59159 , 3.10996 , 0.635732 , -0.625317 , 0.124097 , 0.144037 , -199 , 35 , 27
-50 , -20 , -52 , -19.2 , 0.0457317 , -0.86171 , -0.224533 , -3.60349 , 3.11275 , 0.638136 , -0.644858 , 0.170515 , 0.0795648 , -253 , 7 , 32
-50 , -20 , -52 , -21 , 0.0457064 , -0.863453 , -0.224533 , -3.61658 , 3.11562 , 0.640325 , -0.762105 , 0.0992944 , 0.152665 , -199 , 28 , -32
-50 , -20 , -51.5 , -20.8 , 0.0455295 , -0.865664 , -0.224423 , -3.6319 , 3.11867 , 0.64267 , -0.801187 , 0.170119 , 0.0944008 , -169 , -15 , 25
-50 , -20 , -49.5 , -21 , 0.0455493 , -0.868757 , -0.224298 , -3.64626 , 3.12274 , 0.643783 , -0.644858 , 0.211637 , 0.0133224 , -286 , 46 , 83
-50 , -20 , -51.5 , -19.6 , 0.0461313 , -0.871877 , -0.224487 , -3.65953 , 3.1267 , 0.644096 , -0.644858 , 0.161318 , 0 , -263 , 14 , 65
-50 , -20 , -50.5 , -19.2 , 0.0475653 , -0.874198 , -0.225253 , -3.67143 , 3.12946 , 0.643002 , -0.605776 , 0.103173 , -0.0803055 , -93 , 18 , -52
-50 , -20 , -49 , -20 , 0.0492125 , -0.875805 , -0.226447 , -3.68212 , 3.13108 , 0.640696 , -0.50807 , 0.0519527 , -0.160173 , -206 , 9 , 8
-50 , -20 , -52 , -19.2 , 0.0499723 , -0.877171 , -0.227563 , -3.69154 , 3.13145 , 0.637198 , -0.449447 , 0 , -0.186342 , -232 , 19 , -47
-50 , -20 , -51 , -19.6 , 0.0498921 , -0.878401 , -0.228527 , -3.70037 , 3.13083 , 0.633368 , -0.390823 , -0.0600762 , -0.151168 , -243 , -18 , -80
-50 , -20 , -51 , -20.2 , 0.04977 , -0.879458 , -0.22943 , -3.70788 , 3.12891 , 0.629792 , -0.351741 , -0.126397 , -0.214737 , -241 , -32 , -75
-50 , -20 , -51 , -20.4 , 0.0500273 , -0.880339 , -0.2304 , -3.71417 , 3.12569 , 0.625024 , -0.293117 , -0.189474 , -0.326592 , -119 , -49 , -35
-50 , -20 , -49.5 , -20 , 0.0505266 , -0.880988 , -0.231418 , -3.71935 , 3.12125 , 0.619064 , -0.214953 , -0.248614 , -0.34363 , -197 , -35 , -131
-50 , -20 , -48.5 , -20.6 , 0.051309 , -0.881305 , -0.232755 , -3.72314 , 3.11566 , 0.611404 , -0.156329 , -0.359653 , -0.389265 , -238 , 31 , -84
-50 , -20 , -48.5 , -19.8 , 0.0523861 , -0.881392 , -0.234307 , -3.72585 , 3.109 , 0.603333 , -0.0781646 , -0.355078 , -0.439786 , -264 , -49 , -24
-50 , -20 , -48 , -20.8 , 0.0535529 , -0.881245 , -0.236237 , -3.72742 , 3.10093 , 0.593875 , -0.0586235 , -0.404298 , -0.520171 , -241 , -64 , -49
-50 , -20 , -49 , -21 , 0.054712 , -0.880841 , -0.23836 , -3.72777 , 3.09167 , 0.582541 , 0 , -0.501911 , -0.529567 , -178 , -17 , -97
-50 , -20 , -48 , -19.4 , 0.0557148 , -0.880187 , -0.240662 , -3.72697 , 3.08248 , 0.570504 , 0.0977058 , -0.444452 , -0.687261 , -101 , 16 , -28
-50 , -20 , -48 , -20.8 , 0.056623 , -0.879237 , -0.243046 , -3.72466 , 3.07273 , 0.558115 , 0.0977058 , -0.446484 , -0.610341 , 15 , -48 , -43
-50 , -20 , -48.5 , -20.4 , 0.0576391 , -0.877949 , -0.245671 , -3.7214 , 3.06312 , 0.546234 , 0.195412 , -0.556727 , -0.603118 , -58 , -30 , -162
-50 , -20 , -51.5 , -20.8 , 0.0587724 , -0.876333 , -0.248341 , -3.71692 , 3.05145 , 0.53363 , 0.273576 , -0.54865 , -0.600957 , -54 , -26 , -33
-50 , -20 , -52 , -19.6 , 0.0595245 , -0.874611 , -0.250855 , -3.71122 , 3.04176 , 0.521925 , 0.234494 , -0.484688 , -0.533909 , 48 , 19 , -9
-50 , -20 , -48.5 , -19.8 , 0.0598795 , -0.872855 , -0.253275 , -3.70551 , 3.03255 , 0.511666 , 0.293117 , -0.36165 , -0.503853 , -100 , -57 , -104
-50 , -20 , -52 , -21 , 0.0598725 , -0.870996 , -0.25528 , -3.69986 , 3.02394 , 0.502677 , 0.273576 , -0.488529 , -0.387717 , 29 , -13 , -151
-50 , -20 , -49.5 , -20.2 , 0.0594853 , -0.869351 , -0.25686 , -3.69424 , 3.01502 , 0.494723 , 0.273576 , -0.414739 , -0.318689 , -68 , -30 , -148
-50 , -20 , -50 , -19.4 , 0.0591322 , -0.867938 , -0.258049 , -3.6883 , 3.00731 , 0.487825 , 0.273576 , -0.383786 , -0.345553 , -13 , 58 , -35
-50 , -20 , -49 , -19.6 , 0.0590462 , -0.866414 , -0.25911 , -3.68159 , 3.00092 , 0.482295 , 0.390823 , -0.268913 , -0.248088 , -16 , -52 , -63
-50 , -20 , -51.5 , -20.6 , 0.0592265 , -0.864714 , -0.260078 , -3.67335 , 2.99437 , 0.477918 , 0.410364 , -0.336143 , -0.164072 , 0 , 15 , -63
-50 , -20 , -52.5 , -19.4 , 0.0593729 , -0.862849 , -0.260923 , -3.66526 , 2.98831 , 0.474928 , 0.390823 , -0.317055 , -0.135702 , -66 , -15 , -101
-50 , -20 , -50 , -19.2 , 0.0590572 , -0.861073 , -0.261436 , -3.65848 , 2.98311 , 0.473033 , 0.254035 , -0.201454 , -0.0770542 , -6 , -47 , -75
-50 , -20 , -50 , -20.6 , 0.0581216 , -0.859759 , -0.261436 , -3.65166 , 2.97917 , 0.472329 , 0.351741 , -0.194633 , -0.0137566 , 22 , -5 , -95
-50 , -20 , -52 , -20.6 , 0.0570713 , -0.858872 , -0.261057 , -3.64362 , 2.97637 , 0.472544 , 0.410364 , -0.104052 , 0.0473143 , -5 , -46 , 5
-50 , -20 , -51 , -20.8 , 0.0564707 , -0.857717 , -0.260615 , -3.63555 , 2.97479 , 0.474088 , 0.351741 , -0.0578363 , 0.104089 , -2 , -14 , 29
-50 , -20 , -48 , -20.8 , 0.0563757 , -0.855963 , -0.260311 , -3.62871 , 2.97438 , 0.477097 , 0.273576 , 0 , 0.153303 , 4 , -29 , 65
-50 , -20 , -51 , -19.4 , 0.056017 , -0.854694 , -0.259831 , -3.62219 , 2.975 , 0.480302 , 0.371282 , 0.066481 , 0.144321 , -3 , -15 , 55
-50 , -20 , -50 , -20.2 , 0.0547703 , -0.854447 , -0.258674 , -3.61545 , 2.977 , 0.483351 , 0.351741 , 0.158871 , 0.18274 , -68 , -16 , 51
-50 , -20 , -49 , -20.2 , 0.0537087 , -0.853868 , -0.257343 , -3.60859 , 2.98034 , 0.487552 , 0.351741 , 0.181834 , 0.27216 , -59 , 18 , 19
-50 , -20 , -52.5 , -19.8 , 0.0538425 , -0.852558 , -0.256523 , -3.60081 , 2.98477 , 0.492593 , 0.449447 , 0.244264 , 0.269905 , 0 , 1 , -19
-50 , -20 , -52 , -20.8 , 0.0539854 , -0.851245 , -0.255568 , -3.59256 , 2.99058 , 0.497713 , 0.390823 , 0.351882 , 0.293117 , -17 , -29 , -5
-50 , -20 , -50 , -19.8 , 0.0530834 , -0.85021 , -0.254308 , -3.58578 , 2.99695 , 0.503986 , 0.312658 , 0.393974 , 0.377484 , -18 , 15 , -35
-50 , -20 , -50.5 , -19.2 , 0.0517547 , -0.849601 , -0.252666 , -3.58019 , 3.00436 , 0.511275 , 0.234494 , 0.321048 , 0.423274 , -115 , 35 , -14
-50 , -20 , -50.5 , -21 , 0.0505276 , -0.849224 , -0.250706 , -3.57601 , 3.01008 , 0.519736 , 0.17587 , 0.249779 , 0.453039 , -47 , 72 , -25
-50 , -20 , -49.5 , -20 , 0.0495693 , -0.848995 , -0.248641 , -3.57269 , 3.01606 , 0.528686 , 0.136788 , 0.328975 , 0.428534 , -64 , -34 , 35
-50 , -20 , -51 , -19.6 , 0.0489074 , -0.849068 , -0.246493 , -3.56962 , 3.02184 , 0.536581 , 0.195412 , 0.257797 , 0.385172 , -77 , 19 , -18
-50 , -20 , -50.5 , -19.8 , 0.0486762 , -0.849285 , -0.244543 , -3.56652 , 3.02763 , 0.544026 , 0.117247 , 0.357459 , 0.443109 , -16 , -18 , -3
-50 , -20 , -49 , -19.2 , 0.0489246 , -0.849141 , -0.242954 , -3.5646 , 3.0331 , 0.552233 , 0.0977058 , 0.232724 , 0.412549 , -62 , 32 , 19
-50 , -20 , -48 , -19.2 , 0.0491376 , -0.84899 , -0.241563 , -3.56267 , 3.03742 , 0.559717 , 0.156329 , 0.226958 , 0.329344 , -16 , 43 , 66
-50 , -20 , -52.5 , -20.8 , 0.0486745 , -0.849488 , -0.23985 , -3.55932 , 3.04082 , 0.566127 , 0.17587 , 0.161318 , 0.285133 , -30 , 29 , 97
-50 , -20 , -48 , -21 , 0.0477717 , -0.849925 , -0.238327 , -3.55616 , 3.04436 , 0.572321 , 0.0977058 , 0.211484 , 0.308868 , 19 , -29 , -25
-50 , -20 , -51 , -20.6 , 0.0471149 , -0.849443 , -0.23689 , -3.55309 , 3.04766 , 0.578242 , 0.195412 , 0.119493 , 0.283342 , -32 , 47 , -27
-50 , -20 , -49 , -19.4 , 0.046666 , -0.848642 , -0.235332 , -3.54977 , 3.05116 , 0.583245 , 0.136788 , 0.220886 , 0.190273 , -44 , -17 , -81
-50 , -20 , -50 , -20 , 0.0460622 , -0.848163 , -0.233723 , -3.54682 , 3.05452 , 0.586645 , 0.156329 , 0.135702 , 0.171462 , -24 , 2 , -62
-50 , -20 , -52 , -20 , 0.0459038 , -0.84793 , -0.232665 , -3.54365 , 3.05661 , 0.58897 , 0.136788 , 0.0783733 , 0.0870299 , -52 , 20 , -19
-50 , -20 , -52.5 , -20.8 , 0.0465968 , -0.847587 , -0.231988 , -3.54168 , 3.05889 , 0.590749 , 0.0390823 , 0.141466 , 0.119933 , -87 , 45 , 0
-50 , -20 , -50 , -20 , 0.0474665 , -0.847015 , -0.23176 , -3.54109 , 3.06235 , 0.592937 , 0 , 0.180713 , 0.0726615 , -135 , 19 , 21
-50 , -20 , -48.5 , -21 , 0.0477763 , -0.846976 , -0.231512 , -3.54144 , 3.0656 , 0.593836 , -0.0586235 , 0.126616 , 0.0154311 , -188 , -30 , 26
-50 , -20 , -51 , -20.8 , 0.0474997 , -0.847535 , -0.231326 , -3.54232 , 3.06767 , 0.593758 , 0 , 0.0606856 , -0.0406817 , -216 , 31 , -6
-50 , -20 , -48 , -21 , 0.0473481 , -0.847919 , -0.231245 , -3.54271 , 3.06984 , 0.592429 , -0.0586235 , 0.152347 , -0.0884743 , -256 , -44 , -93
-50 , -20 , -49.5 , -20.4 , 0.0476259 , -0.847726 , -0.231403 , -3.5433 , 3.07175 , 0.58983 , 0 , 0.0738327 , -0.161764 , -185 , 24 , -80
-50 , -20 , -49.5 , -20.8 , 0.0482186 , -0.847293 , -0.231774 , -3.54369 , 3.07253 , 0.586 , -0.0586235 , 0.0174635 , -0.198589 , -234 , 10 , -117
-50 , -20 , -52.5 , -20.2 , 0.0490307 , -0.847071 , -0.232479 , -3.54545 , 3.07226 , 0.580939 , -0.117247 , -0.0396524 , -0.267563 , -232 , 31 , -112
-50 , -20 , -48 , -19.4 , 0.0501452 , -0.847221 , -0.233591 , -3.54826 , 3.0721 , 0.575546 , -0.195412 , 0 , -0.224265 , -181 , -10 , -131
-50 , -20 , -51.5 , -19.4 , 0.0512604 , -0.847748 , -0.235083 , -3.55155 , 3.07189 , 0.57027 , -0.117247 , 0 , -0.297883 , -208 , -39 , -84
-50 , -20 , -52.5 , -20.8 , 0.0520038 , -0.848342 , -0.236722 , -3.5543 , 3.07029 , 0.564896 , -0.156329 , -0.113216 , -0.257346 , -239 , -1 , -46
-50 , -20 , -49 , -20.4 , 0.052373 , -0.848622 , -0.238332 , -3.55848 , 3.0689 , 0.560616 , -0.234494 , -0.0451221 , -0.167543 , -222 , -51 , -118
-50 , -20 , -51.5 , -20.2 , 0.0520943 , -0.849008 , -0.239549 , -3.56272 , 3.06728 , 0.556825 , -0.136788 , -0.116177 , -0.218497 , -238 , 3 , -54
-50 , -20 , -52.5 , -19.8 , 0.0513279 , -0.849699 , -0.240287 , -3.56669 , 3.06583 , 0.552761 , -0.312658 , -0.0297029 , -0.161718 , -158 , -29 , -95
-50 , -20 , -52.5 , -21 , 0.0509874 , -0.850128 , -0.240941 , -3.57212 , 3.06564 , 0.549654 , -0.312658 , 0 , -0.106743 , -299 , -18 , -127
-50 , -20 , -51.5 , -21 , 0.0512708 , -0.850668 , -0.24161 , -3.57857 , 3.06636 , 0.547954 , -0.3322 , 0.0774824 , -0.0590004 , -252 , -4 , -85
-50 , -20 , -51.5 , -19.8 , 0.0515931 , -0.852138 , -0.242228 , -3.58649 , 3.06845 , 0.546371 , -0.390823 , 0.132932 , -0.0871075 , -233 , 31 , -100
-50 , -20 , -50.5 , -19.2 , 0.0520018 , -0.854257 , -0.242887 , -3.59549 , 3.07148 , 0.544612 , -0.449447 , 0.116919 , -0.0730229 , -180 , 56 , -114
-50 , -20 , -50 , -19.4 , 0.0528503 , -0.856134 , -0.243893 , -3.60458 , 3.07369 , 0.544124 , -0.390823 , 0.066376 , -0.00887725 , -277 , 46 , -67
-50 , -20 , -52.5 , -20 , 0.0536456 , -0.857675 , -0.244923 , -3.61238 , 3.07476 , 0.544456 , -0.351741 , 0.0240269 , 0.0218621 , -297 , 77 , 29
-50 , -20 , -48.5 , -20 , 0.0535834 , -0.858982 , -0.245668 , -3.61996 , 3.07591 , 0.546312 , -0.410364 , 0.0794563 , 0.147815 , -225 , 54 , -57
-50 , -20 , -49.5 , -20.4 , 0.0525104 , -0.860371 , -0.2459 , -3.62785 , 3.07699 , 0.548305 , -0.3322 , 0.0184081 , 0.0765318 , -214 , 44 , 6
-50 , -20 , -50 , -19.6 , 0.0509707 , -0.861911 , -0.245242 , -3.63458 , 3.07691 , 0.54938 , -0.312658 , -0.0184797 , 0.0465259 , -183 , -9 , -37
-50 , -20 , -49 , -20.6 , 0.0503639 , -0.862642 , -0.244651 , -3.63956 , 3.07578 , 0.550162 , -0.234494 , -0.068437 , 0.0420354 , -264 , -35 , -18
-50 , -20 , -51 , -19.4 , 0.0512404 , -0.862697 , -0.244585 , -3.6437 , 3.07326 , 0.551002 , -0.17587 , -0.164302 , 0.0204512 , -269 , -20 , -2
-50 , -20 , -52 , -20.2 , 0.0523911 , -0.863205 , -0.244804 , -3.64806 , 3.06954 , 0.551745 , -0.17587 , -0.212712 , 0.0647909 , -293 , -33 , 30
-50 , -20 , -48.5 , -19.4 , 0.0530967 , -0.864532 , -0.245181 , -3.65312 , 3.06593 , 0.553621 , -0.214953 , -0.171714 , 0.130389 , -322 , -47 , 17
-50 , -20 , -49.5 , -19.2 , 0.0532286 , -0.866352 , -0.245401 , -3.65812 , 3.06202 , 0.555692 , -0.156329 , -0.228998 , 0.0782684 , -372 , -45 , 0
-50 , -20 , -51 , -20 , 0.0528992 , -0.867766 , -0.245336 , -3.66195 , 3.05704 , 0.557724 , -0.17587 , -0.276004 , 0.127442 , -228 , -59 , 35
-50 , -20 , -50 , -20.6 , 0.0525232 , -0.868144 , -0.245268 , -3.66446 , 3.05215 , 0.560773 , -0.0781646 , -0.239866 , 0.183772 , -257 , -9 , 58
-50 , -20 , -50.5 , -19.8 , 0.0518614 , -0.868198 , -0.244889 , -3.66578 , 3.04836 , 0.564075 , -0.0390823 , -0.159563 , 0.138132 , -268 , -49 , 82
-50 , -20 , -52 , -19.6 , 0.050683 , -0.868494 , -0.243908 , -3.66604 , 3.04465 , 0.567514 , 0 , -0.180602 , 0.183888 , -167 , -10 , -8
-50 , -20 , -51.5 , -19.8 , 0.049789 , -0.868663 , -0.242787 , -3.66602 , 3.04158 , 0.57154 , 0 , -0.0992265 , 0.244264 , -258 , -3 , 44
-50 , -20 , -50.5 , -19.8 , 0.0496937 , -0.868667 , -0.241797 , -3.6675 , 3.03988 , 0.577422 , -0.0977058 , -0.0960086 , 0.270902 , -289 , 33 , 30
0 , 0 , 0 , 0 , 0.0497084 , -0.869356 , -0.240744 , -3.6693 , 3.03865 , 0.582971 , -0.0195412 , -0.0427713 , 0.25555 , -285 , -14 , 11
0 , 0 , 0 , 0 , 0.0494174 , -0.870582 , -0.239616 , -3.66965 , 3.03711 , 0.58727 , 0 , -0.0999707 , 0.213331 , -183 , -16 , -20
0 , 0 , 0 , 0 , 0.0496131 , -0.871023 , -0.238905 , -3.66899 , 3.03423 , 0.590846 , 0.117247 , -0.164302 , 0.151246 , -39 , -52 , -1
0 , 0 , 0 , 0 , 0.0503588 , -0.870364 , -0.238475 , -3.66668 , 3.03013 , 0.59323 , 0.136788 , -0.224783 , 0.083651 , -31 , -40 , 1
0 , 0 , 0 , 0 , 0.0507508 , -0.869332 , -0.23818 , -3.66342 , 3.02481 , 0.59454 , 0.17587 , -0.333275 , 0.0363844 , -40 , -35 , 10
0 , 0 , 0 , 0 , 0.05056 , -0.868554 , -0.237805 , -3.65896 , 3.01803 , 0.594618 , 0.234494 , -0.343027 , 0 , 29 , -46 , -46
0 , 0 , 0 , 0 , 0.0503579 , -0.867732 , -0.237534 , -3.65332 , 3.00981 , 0.593563 , 0.351741 , -0.445127 , -0.0930817 , -81 , -2 , -73
0 , 0 , 0 , 0 , 0.0505082 , -0.866338 , -0.237383 , -3.64658 , 3.00054 , 0.591218 , 0.351741 , -0.517416 , -0.143124 , 46 , 57 , -98
0 , 0 , 0 , 0 , 0.051002 , -0.864404 , -0.237553 , -3.63843 , 2.99101 , 0.587661 , 0.449447 , -0.498075 , -0.226519 , -47 , -72 , -87
0 , 0 , 0 , 0 , 0.0514826 , -0.862276 , -0.237863 , -3.62928 , 2.97909 , 0.582952 , 0.488529 , -0.606239 , -0.241943 , 0 , -45 , -132
0 , 0 , 0 , 0 , 0.0518146 , -0.860244 , -0.238494 , -3.61869 , 2.96623 , 0.576835 , 0.547152 , -0.677724 , -0.363668 , -87 , -13 , -63
0 , 0 , 0 , 0 , 0.0522065 , -0.858072 , -0.239192 , -3.6072 , 2.95241 , 0.569468 , 0.586235 , -0.7004 , -0.37459 , 19 , -22 , -91
0 , 0 , 0 , 0 , 0.0528311 , -0.855119 , -0.240371 , -3.5943 , 2.9375 , 0.561007 , 0.664399 , -0.784781 , -0.466004 , -32 , -31 , -56
0 , 0 , 0 , 0 , 0.05338 , -0.851559 , -0.24169 , -3.57951 , 2.92101 , 0.551471 , 0.762105 , -0.871723 , -0.488934 , -52 , 33 , -89
0 , 0 , 0 , 0 , 0.0536166 , -0.847985 , -0.243211 , -3.56435 , 2.9038 , 0.540821 , 0.820728 , -0.91456 , -0.547114 , -125 , -46 , -98
0 , 0 , 0 , 0 , 0.0537559 , -0.84446 , -0.244692 , -3.54785 , 2.885 , 0.528627 , 0.918434 , -0.986924 , -0.610341 , -100 , -4 , -83
0 , 0 , 0 , 0 , 0.0539901 , -0.840513 , -0.246391 , -3.53007 , 2.86524 , 0.5153 , 0.918434 , -0.99615 , -0.659428 , -84 , -47 , -149
0 , 0 , 0 , 0 , 0.0547382 , -0.835907 , -0.248524 , -3.51114 , 2.84406 , 0.501074 , 0.918434 , -1.10402 , -0.697065 , 54 , -3 , -95
0 , 0 , 0 , 0 , 0.0555803 , -0.830992 , -0.250816 , -3.49101 , 2.82202 , 0.485422 , 0.957517 , -1.15287 , -0.844716 , 1 , -6 , 9
0 , 0 , 0 , 0 , 0.0562431 , -0.826049 , -0.253313 , -3.46981 , 2.79824 , 0.468597 , 1.13339 , -1.19275 , -0.847769 , -74 , -20 , -86
0 , 0 , 0 , 0 , 0.0569462 , -0.82098 , -0.256048 , -3.44724 , 2.77379 , 0.450639 , 1.15293 , -1.27442 , -0.92685 , -16 , -3 , -132
0 , 0 , 0 , 0 , 0.0578238 , -0.815414 , -0.25903 , -3.42359 , 2.7479 , 0.431371 , 1.19201 , -1.31295 , -0.994457 , 33 , -47 , -112
0 , 0 , 0 , 0 , 0.0587876 , -0.809405 , -0.262078 , -3.39873 , 2.72075 , 0.411029 , 1.21155 , -1.41006 , -1.05154 , 29 , 14 , -102
0 , 0 , 0 , 0 , 0.059725 , -0.803272 , -0.265222 , -3.37261 , 2.69256 , 0.389377 , 1.30926 , -1.45018 , -1.09885 , -46 , 33 , -100
0 , 0 , 0 , 0 , 0.0607814 , -0.797001 , -0.268483 , -3.34529 , 2.66319 , 0.366494 , 1.46559 , -1.49454 , -1.19761 , -63 , -71 , 2
0 , 0 , 0 , 0 , 0.0618873 , -0.790721 , -0.272004 , -3.31682 , 2.63221 , 0.341345 , 1.46559 , -1.49932 , -1.19578 , -20 , -49 , -147
0 , 0 , 0 , 0 , 0.0632914 , -0.78426 , -0.275913 , -3.287 , 2.59884 , 0.315941 , 1.52421 , -1.61053 , -1.29483 , -63 , -22 , -83
0 , 0 , 0 , 0 , 0.064786 , -0.776837 , -0.280281 , -3.2561 , 2.56577 , 0.289815 , 1.52421 , -1.70169 , -1.31812 , -98 , -3 , -47
0 , 0 , 0 , 0 , 0.0662807 , -0.768508 , -0.284668 , -3.22419 , 2.53158 , 0.264138 , 1.64146 , -1.77512 , -1.30855 , -66 , 52 , -21
0 , 0 , 0 , 0 , 0.0668959 , -0.759933 , -0.288528 , -3.19099 , 2.49617 , 0.239418 , 1.68054 , -1.83055 , -1.22964 , -69 , 10 , -21
0 , 0 , 0 , 0 , 0.066319 , -0.751641 , -0.292041 , -3.15672 , 2.45941 , 0.216262 , 1.7587 , -1.85517 , -1.14499 , -33 , -14 , -147
0 , 0 , 0 , 0 , 0.0656337 , -0.743735 , -0.294993 , -3.12111 , 2.42146 , 0.193985 , 1.77825 , -1.87595 , -1.03165 , -17 , -56 , -80
0 , 0 , 0 , 0 , 0.0648594 , -0.7357 , -0.297561 , -3.08262 , 2.38236 , 0.173193 , 1.89549 , -1.94762 , -1.04266 , -77 , -61 , -44
0 , 0 , 0 , 0 , 0.0642117 , -0.727271 , -0.299798 , -3.04473 , 2.34201 , 0.153339 , 1.9932 , -1.99569 , -0.930523 , -162 , -64 , -64
0 , 0 , 0 , 0 , 0.0637935 , -0.718339 , -0.301894 , -3.00553 , 2.30046 , 0.134912 , 2.03228 , -2.05336 , -0.892968 , -124 , -47 , -110
0 , 0 , 0 , 0 , 0.0632858 , -0.709249 , -0.303776 , -2.96521 , 2.25782 , 0.117345 , 2.11044 , -2.11828 , -0.840174 , -143 , -6 , -73
0 , 0 , 0 , 0 , 0.0623546 , -0.700265 , -0.305334 , -2.92349 , 2.21397 , 0.101321 , 2.11044 , -2.23967 , -0.720628 , -16 , -26 , -164
0 , 0 , 0 , 0 , 0.0607486 , -0.691148 , -0.306366 , -2.88076 , 2.16881 , 0.0863915 , 2.12999 , -2.35908 , -0.693969 , 39 , 30 , -62
0 , 0 , 0 , 0 , 0.0588694 , -0.681624 , -0.307189 , -2.83687 , 2.12237 , 0.0726736 , 2.16907 , -2.39278 , -0.683253 , 13 , 111 , -64
0 , 0 , 0 , 0 , 0.0573995 , -0.671746 , -0.307535 , -2.79185 , 2.0747 , 0.0602063 , 2.26677 , -2.43755 , -0.600957 , -22 , 63 , -119
0 , 0 , 0 , 0 , 0.0559046 , -0.66164 , -0.307262 , -2.74547 , 2.02587 , 0.0485989 , 2.3254 , -2.40137 , -0.537582 , 77 , -8 , -71
0 , 0 , 0 , 0 , 0.0540576 , -0.651235 , -0.307067 , -2.69793 , 1.97629 , 0.0382811 , 2.46219 , -2.53506 , -0.487107 , -53 , -33 , -64
0 , 0 , 0 , 0 , 0.0525663 , -0.640551 , -0.306704 , -2.64912 , 1.92514 , 0.0295462 , 2.54035 , -2.62737 , -0.406824 , -98 , 42 , -131
0 , 0 , 0 , 0 , 0.0511147 , -0.629579 , -0.305906 , -2.59909 , 1.87261 , 0.021847 , 2.50127 , -2.58394 , -0.386315 , 14 , -16 , -106
0 , 0 , 0 , 0 , 0.0491191 , -0.617909 , -0.304832 , -2.54793 , 1.81664 , 0.0148317 , 2.54035 , -2.66924 , -0.273302 , 77 , -45 , -179
0 , 0 , 0 , 0 , 0.0470219 , -0.605847 , -0.303334 , -2.49564 , 1.76457 , 0.00957517 , 2.6576 , -2.86316 , -0.212095 , -54 , 44 , -157
0 , 0 , 0 , 0 , 0.0444255 , -0.593746 , -0.301123 , -2.4419 , 1.70567 , 0.00515887 , 2.7553 , -2.8083 , -0.171865 , -98 , 20 , -111
0 , 0 , 0 , 0 , 0.0414775 , -0.581454 , -0.298624 , -2.38738 , 1.64869 , 0.00230586 , 2.79439 , -2.95146 , -0.114543 , 61 , 29 , -131
0 , 0 , 0 , 0 , 0.0388206 , -0.56859 , -0.295582 , -2.33134 , 1.59008 , 0.000468988 , 2.89209 , -2.86316 , -0.0537227 , -154 , -15 , -37
0 , 0 , 0 , 0 , 0.0360179 , -0.555403 , -0.291876 , -2.27408 , 1.5308 , -3.90823e-05 , 2.83347 , -2.98337 , -0.00849558 , -19 , 62 , -46
0 , 0 , 0 , 0 , 0.0319571 , -0.541808 , -0.286683 , -2.21298 , 1.47071 , -5.86235e-05 , 3.00934 , -2.87194 , -0.00382856 , -139 , 33 , -39
0 , 0 , 0 , 0 , 0.0265653 , -0.52694 , -0.280111 , -2.15318 , 1.41218 , -7.81646e-05 , 2.97026 , -2.83719 , 0 , 13 , -51 , -58
0 , 0 , 0 , 0 , 0.0208927 , -0.510621 , -0.272404 , -2.09346 , 1.35446 , -9.77058e-05 , 3.06796 , -2.93117 , 0 , -64 , 61 , -76
0 , 0 , 0 , 0 , 0.0162501 , -0.493482 , -0.264484 , -2.03308 , 1.29814 , -9.77058e-05 , 2.97026 , -2.78826 , 0 , -6 , 16 , -120
0 , 0 , 0 , 0 , 0.0132084 , -0.476603 , -0.256333 , -1.97342 , 1.24293 , -9.77058e-05 , 3.0875 , -2.76362 , 0 , -109 , 61 , -58
0 , 0 , 0 , 0 , 0.0112671 , -0.459753 , -0.248401 , -1.91316 , 1.18877 , -9.77058e-05 , 3.02888 , -2.63033 , 0 , -47 , 2 , -39
0 , 0 , 0 , 0 , 0.00969206 , -0.442909 , -0.240732 , -1.85346 , 1.13618 , -9.77058e-05 , 3.0875 , -2.60548 , 0 , -97 , -1 , -70
0 , 0 , 0 , 0 , 0.00743683 , -0.425961 , -0.233146 , -1.79316 , 1.08457 , -9.77058e-05 , 3.00934 , -2.5726 , 0 , 61 , 65 , -89
0 , 0 , 0 , 0 , 0.0039836 , -0.408355 , -0.225264 , -1.73346 , 1.034 , -9.77058e-05 , 3.06796 , -2.46446 , 0 , -93 , 7 , -70
0 , 0 , 0 , 0 , 0.000469197 , -0.39088 , -0.217623 , -1.67311 , 0.984952 , -9.77058e-05 , 2.9898 , -2.38549 , 0 , 31 , -34 , -95
0 , 0 , 0 , 0 , -0.00238275 , -0.37379 , -0.209638 , -1.61345 , 0.937018 , -9.77058e-05 , 3.04842 , -2.38064 , 0 , -63 , -14 , -53
0 , 0 , 0 , 0 , -0.00454273 , -0.356503 , -0.20183 , -1.55317 , 0.887931 , -9.77058e-05 , 2.89209 , -2.35553 , 0 , -7 , 46 , -46
0 , 0 , 0 , 0 , -0.00650735 , -0.338807 , -0.194566 , -1.49347 , 0.844588 , -9.77058e-05 , 3.02888 , -2.26345 , 0 , -51 , 45 , -28
0 , 0 , 0 , 0 , -0.00814364 , -0.321116 , -0.187443 , -1.43387 , 0.797826 , -7.81646e-05 , 2.87255 , -2.18132 , 0 , -3 , -20 , -101
0 , 0 , 0 , 0 , -0.00929461 , -0.303901 , -0.180295 , -1.37591 , 0.754679 , -7.81646e-05 , 2.91163 , -2.20907 , 0 , -71 , 51 , -47
0 , 0 , 0 , 0 , -0.0100404 , -0.287017 , -0.173527 , -1.31872 , 0.712607 , -7.81646e-05 , 2.77484 , -2.0651 , 0 , -67 , 0 , -28
0 , 0 , 0 , 0 , -0.0111083 , -0.270279 , -0.166937 , -1.2631 , 0.671962 , -7.81646e-05 , 2.73576 , -1.94601 , 0 , -57 , -106 , -28
0 , 0 , 0 , 0 , -0.0123824 , -0.254064 , -0.160358 , -1.20579 , 0.632371 , -7.81646e-05 , 2.71622 , -1.94196 , 0 , -78 , -52 , 15
0 , 0 , 0 , 0 , -0.0130865 , -0.238715 , -0.153892 , -1.15248 , 0.594071 , -5.86235e-05 , 2.59897 , -1.92207 , 0 , 20 , -18 , -9
0 , 0 , 0 , 0 , -0.0135545 , -0.223472 , -0.147642 , -1.10056 , 0.556903 , -5.86235e-05 , 2.57943 , -1.75979 , 0 , -57 , -46 , -9
0 , 0 , 0 , 0 , -0.0135904 , -0.208546 , -0.141698 , -1.04958 , 0.521124 , -5.86235e-05 , 2.54035 , -1.80588 , 0 , -69 , 45 , 9
0 , 0 , 0 , 0 , -0.0130996 , -0.193742 , -0.136125 , -0.999726 , 0.486458 , -5.86235e-05 , 2.44264 , -1.73827 , 0 , -13 , -19 , 34
0 , 0 , 0 , 0 , -0.0126442 , -0.17894 , -0.130251 , -0.951322 , 0.453101 , -5.86235e-05 , 2.36448 , -1.68943 , 0 , -45 , -32 , -23
0 , 0 , 0 , 0 , -0.0131797 , -0.165243 , -0.124744 , -0.904091 , 0.420682 , -3.90823e-05 , 2.3254 , -1.5478 , 0 , 44 , -48 , -34
0 , 0 , 0 , 0 , -0.0141598 , -0.152853 , -0.119427 , -0.858033 , 0.389358 , -3.90823e-05 , 2.26677 , -1.43376 , 0 , -44 , -109 , -28
0 , 0 , 0 , 0 , -0.0146408 , -0.141509 , -0.114521 , -0.81301 , 0.359381 , -3.90823e-05 , 2.20815 , -1.49597 , 0 , -10 , -34 , -34
0 , 0 , 0 , 0 , -0.0144846 , -0.130933 , -0.109563 , -0.769335 , 0.330851 , -3.90823e-05 , 2.20815 , -1.41645 , 0 , -37 , -72 , 2
0 , 0 , 0 , 0 , -0.0142414 , -0.120963 , -0.104793 , -0.726794 , 0.303298 , -1.95412e-05 , 2.11044 , -1.28523 , 0 , -100 , -144 , -71
0 , 0 , 0 , 0 , -0.0142665 , -0.111784 , -0.100377 , -0.685465 , 0.276664 , -1.95412e-05 , 1.97366 , -1.22546 , 0 , -77 , -52 , 28
0 , 0 , 0 , 0 , -0.0143062 , -0.103171 , -0.096329 , -0.645366 , 0.250596 , -1.95412e-05 , 2.03228 , -1.26821 , 0 , -149 , -65 , -66
0 , 0 , 0 , 0 , -0.0135889 , -0.094772 , -0.0928015 , -0.60646 , 0.227733 , -1.95412e-05 , 1.89549 , -1.14109 , 0 , 2 , -139 , -40
0 , 0 , 0 , 0 , -0.0125578 , -0.086635 , -0.089195 , -0.568824 , 0.203951 , -1.95412e-05 , 1.85641 , -1.11876 , 0 , -21 , -164 , -9
0 , 0 , 0 , 0 , -0.0121784 , -0.079153 , -0.0856502 , -0.53234 , 0.182573 , -1.95412e-05 , 1.7587 , -1.0385 , 0 , 1 , -110 , 9
0 , 0 , 0 , 0 , -0.0124985 , -0.0725288 , -0.0822037 , -0.497029 , 0.162113 , -1.95412e-05 , 1.70008 , -0.972192 , 0 , 14 , -52 , -23
0 , 0 , 0 , 0 , -0.0128109 , -0.0667053 , -0.0789319 , -0.462969 , 0.143217 , -1.95412e-05 , 1.68054 , -0.901546 , 0 , -3 , -161 , -23
0 , 0 , 0 , 0 , -0.0128678 , -0.0618706 , -0.0758541 , -0.428479 , 0.125161 , -1.95412e-05 , 1.64146 , -0.893302 , 0 , -46 , -117 , -34
0 , 0 , 0 , 0 , -0.0126455 , -0.057948 , -0.0730712 , -0.396803 , 0.108551 , -1.95412e-05 , 1.50467 , -0.75472 , 0 , 74 , -146 , -9
0 , 0 , 0 , 0 , -0.0123071 , -0.0546539 , -0.0705892 , -0.366436 , 0.0931136 , -1.95412e-05 , 1.50467 , -0.771103 , 0 , -3 , -90 , -9
0 , 0 , 0 , 0 , -0.0121632 , -0.0518761 , -0.0683143 , -0.337437 , 0.078575 , 0 , 1.4265 , -0.757649 , 0 , -28 , -40 , -3
0 , 0 , 0 , 0 , -0.0120841 , -0.0496278 , -0.0664647 , -0.30963 , 0.0655606 , 0 , 1.3288 , -0.644209 , 0 , 35 , -91 , -28
0 , 0 , 0 , 0 , -0.0121742 , -0.0478839 , -0.0644898 , -0.282975 , 0.0537577 , 0 , 1.34834 , -0.544571 , 0 , 13 , -145 , -59
0 , 0 , 0 , 0 , -0.0123349 , -0.0461305 , -0.062667 , -0.257494 , 0.0428538 , 0 , 1.21155 , -0.529329 , 0 , -28 , 42 , 9
0 , 0 , 0 , 0 , -0.0125334 , -0.0440888 , -0.0608945 , -0.233419 , 0.0333763 , 0 , 1.25063 , -0.52389 , 0 , 32 , -38 , -29
0 , 0 , 0 , 0 , -0.0126361 , -0.0420057 , -0.0593961 , -0.210146 , 0.0250908 , 0 , 1.0943 , -0.334318 , 0 , 10 , -220 , -9
0 , 0 , 0 , 0 , -0.0123972 , -0.0400733 , -0.0580928 , -0.188455 , 0.0182514 , 0 , 1.0943 , -0.362656 , 0 , 6 , -155 , -3
0 , 0 , 0 , 0 , -0.0120051 , -0.038326 , -0.0569932 , -0.167722 , 0.0120374 , 0 , 1.01614 , -0.254331 , 0 , -13 , -174 , -66
0 , 0 , 0 , 0 , -0.0117329 , -0.0367927 , -0.0561346 , -0.148317 , 0.00724977 , 1.95412e-05 , 0.937975 , -0.209967 , 0 , 34 , -128 , -28
0 , 0 , 0 , 0 , -0.0116471 , -0.035673 , -0.0555034 , -0.130007 , 0.00353695 , 1.95412e-05 , 0.84027 , -0.162752 , 0 , 2 , -94 , -34
0 , 0 , 0 , 0 , -0.0115727 , -0.0350405 , -0.055069 , -0.113143 , 0.00115293 , 1.95412e-05 , 0.84027 , -0.0778319 , 0 , -17 , -101 , -9
0 , 0 , 0 , 0 , -0.0114883 , -0.0348158 , -0.0547906 , -0.0971 , 0.00017587 , 1.95412e-05 , 0.781646 , -0.0223643 , 0 , -92 , -115 , -9
0 , 0 , 0 , 0 , -0.0113426 , -0.0349143 , -0.0547906 , -0.0826005 , 0 , 1.95412e-05 , 0.703482 , -0.00648589 , 0 , 20 , -131 , -121
0 , 0 , 0 , 0 , -0.01117 , -0.0351232 , -0.0548558 , -0.0690584 , -1.95412e-05 , 1.95412e-05 , 0.625317 , 0 , 0 , 8 , -67 , -53
0 , 0 , 0 , 0 , -0.0111929 , -0.0352924 , -0.0549392 , -0.0567671 , -3.90823e-05 , 0 , 0.605776 , 0 , 0 , -75 , -35 , -28
0 , 0 , 0 , 0 , -0.01153 , -0.0353696 , -0.0549392 , -0.0453159 , -3.90823e-05 , 1.95412e-05 , 0.50807 , 0 , 0 , 63 , -131 , -9
0 , 0 , 0 , 0 , -0.0119643 , -0.0353094 , -0.0549392 , -0.0355063 , -3.90823e-05 , 0 , 0.488529 , 0 , 0 , -17 , -163 , -77
0 , 0 , 0 , 0 , -0.0122073 , -0.0351397 , -0.0549392 , -0.0267714 , -5.86235e-05 , 0 , 0.371282 , -0.00299367 , 0 , 30 , -163 , -16
0 , 0 , 0 , 0 , -0.0122744 , -0.0349423 , -0.0549392 , -0.0193653 , -5.86235e-05 , 0 , 0.3322 , 0 , 0 , -28 , -179 , -9
0 , 0 , 0 , 0 , -0.0122983 , -0.0347857 , -0.0549392 , -0.0131707 , -5.86235e-05 , 0 , 0.312658 , 0 , 0 , -38 , -51 , -9
0 , 0 , 0 , 0 , -0.0123727 , -0.0347269 , -0.055004 , -0.0080705 , -5.86235e-05 , 0 , 0.273576 , 0 , 0 , -73 , -115 , -9
0 , 0 , 0 , 0 , -0.0125856 , -0.0347548 , -0.055004 , -0.0043186 , -5.86235e-05 , 0 , 0.17587 , 0 , 0 , 17 , -147 , -9
0 , 0 , 0 , 0 , -0.012831 , -0.0348444 , -0.055004 , -0.00164146 , -5.86235e-05 , 0 , 0.0977058 , 0 , 0 , 79 , -163 , 9
0 , 0 , 0 , 0 , -0.0129653 , -0.0349606 , -0.055004 , -0.000156329 , -7.81646e-05 , 0 , 0.0390823 , 0 , 0 , 12 , -147 , -3
0 , 0 , 0 , 0 , -0.0129861 , -0.0350494 , -0.055004 , 0.00017587 , -7.81646e-05 , 0 , -0.0195412 , 0 , 0 , 66 , -131 , -28
0 , 0 , 0 , 0 , -0.013011 , -0.0351193 , -0.055004 , 5.86235e-05 , -7.81646e-05 , 0 , 0 , 0 , 0 , 11 , -114 , -28
0 , 0 , 0 , 0 , -0.0131184 , -0.035116 , -0.055004 , -3.90823e-05 , -7.81646e-05 , 0 , 0 , 0 , 0 , 48 , -51 , -9
0 , 0 , 0 , 0 , -0.0132812 , -0.0349989 , -0.055004 , -1.95412e-05 , -7.81646e-05 , 0 , 0 , 0 , 0 , -52 , -35 , -16
0 , 0 , 0 , 0 , -0.0134643 , -0.0348255 , -0.055004 , 0 , -7.81646e-05 , 0 , 0 , 0 , 0 , -7 , -83 , -28
0 , 0 , 0 , 0 , -0.0135781 , -0.0346824 , -0.055004 , 0 , -7.81646e-05 , 0 , 0 , 0 , 0 , 66 , -67 , -16
0 , 0 , 0 , 0 , -0.0136461 , -0.0346445 , -0.055004 , 0 , -7.81646e-05 , 0 , 0 , 0 , 0 , 75 , -51 , -59
0 , 0 , 0 , 0 , -0.0137329 , -0.0346527 , -0.055004 , 0 , -7.81646e-05 , 0 , 0 , 0 , 0 , -34 , -67 , -84
0 , 0 , 0 , 0 , -0.0138443 , -0.0346664 , -0.055004 , 0 , -7.81646e-05 , 0 , 0 , 0 , 0 , -34 , -67 , -84
0 , 0 , 0 , 0 , -0.0139886 , -0.0347067 , -0.055004 , 0 , -7.81646e-05 , 0 , 0 , 0 , 0 , 66 , -67 , -3
0 , 0 , 0 , 0 , -0.0140762 , -0.0347093 , -0.055004 , 0 , -7.81646e-05 , 0 , 0 , 0 , 0 , 48 , -35 , -16
0 , 0 , 0 , 0 , -0.014128 , -0.0346676 , -0.055004 , 0 , -7.81646e-05 , 0 , 0 , 0 , 0 , 39 , -51 , 15
0 , 0 , 0 , 0 , -0.014216 , -0.0346113 , -0.055004 , 0 , -7.81646e-05 , 0 , 0 , 0 , 0 , -16 , -3 , -59
0 , 0 , 0 , 0 , -0.0142994 , -0.0345325 , -0.055004 , 0 , -7.81646e-05 , 0 , 0 , 0 , 0 , 39 , -83 , -16
0 , 0 , 0 , 0 , -0.0143671 , -0.0344513 , -0.055004 , 0 , -7.81646e-05 , 0 , 0 , 0 , 0 , 31 , -83 , -9
0 , 0 , 0 , 0 , -0.014496 , -0.0344089 , -0.055004 , 0 , -7.81646e-05 , 0 , -0.0195412 , 0 , 0 , 40 , -131 , -16
0 , 0 , 0 , 0 , -0.0146418 , -0.0343862 , -0.055004 , 0 , -7.81646e-05 , 0 , 0 , 0 , 0 , 75 , -19 , -28
0 , 0 , 0 , 0 , -0.0147109 , -0.0343814 , -0.055004 , 0 , -7.81646e-05 , 0 , 0 , 0 , 0 , 66 , -51 , -59
0 , 0 , 0 , 0 , -0.0147714 , -0.0344286 , -0.055004 , 0 , -7.81646e-05 , 0 , 0 , 0 , 0 , 39 , -35 , 15
0 , 0 , 0 , 0 , -0.0148549 , -0.0344656 , -0.055004 , 0 , -7.81646e-05 , 0 , 0 , 0 , 0 , 30 , -51 , 9
0 , 0 , 0 , 0 , -0.0149279 , -0.034465 , -0.055004 , 0 , -7.81646e-05 , 0 , 0 , 0 , 0 , -25 , -19 , 9
0 , 0 , 0 , 0 , -0.0149895 , -0.0344327 , -0.055004 , 0 , -7.81646e-05 , 0 , 0 , 0 , 0 , -34 , -3 , -28
0 , 0 , 0 , 0 , -0.0150396 , -0.0343704 , -0.055004 , 0 , -7.81646e-05 , 0 , 0 , 0 , 0 , -6 , -35 , -34
0 , 0 , 0 , 0 , -0.0150564 , -0.0342919 , -0.055004 , 0 , -7.81646e-05 , 0 , 0 , 0 , 0 , 48 , -35 , -66
0 , 0 , 0 , 0 , -0.0150625 , -0.0342408 , -0.055004 , 0 , -7.81646e-05 , 0 , 0 , 0 , 0 , -52 , 13 , 9
0 , 0 , 0 , 0 , -0.0151111 , -0.0342102 , -0.055004 , 0 , -7.81646e-05 , 0 , 0 , 0 , 0 , 20 , -35 , -16
0 , 0 , 0 , 0 , -0.0152161 , -0.0341632 , -0.055004 , -1.95412e-05 , -7.81646e-05 , 0 , 0 , 0 , 0 , -6 , -35 , 9
0 , 0 , 0 , 0 , -0.0153076 , -0.0341256 , -0.055004 , 0 , -7.81646e-05 , 0 , 0 , 0 , 0 , 39 , -51 , -3
0 , 0 , 0 , 0 , -0.0153248 , -0.0340861 , -0.055004 , 0 , -5.86235e-05 , 0 , 0 , 0 , 0 , 57 , -35 , 15
0 , 0 , 0 , 0 , -0.0153266 , -0.0340939 , -0.055004 , 0 , -5.86235e-05 , 0 , 0.0195412 , 0 , 0 , -25 , -19 , 15
0 , 0 , 0 , 0 , -0.0153794 , -0.0341378 , -0.055004 , 0 , -5.86235e-05 , 0 , 0 , 0 , 0 , 20 , -3 , -34
0 , 0 , 0 , 0 , -0.0154202 , -0.0341456 , -0.055004 , 0 , -5.86235e-05 , 0 , 0 , 0 , 0 , 66 , 13 , -28
0 , 0 , 0 , 0 , -0.0154642 , -0.0341146 , -0.055004 , 0 , -5.86235e-05 , 0 , 0 , 0 , 0 , -25 , -35 , -9
0 , 0 , 0 , 0 , -0.015537 , -0.0340495 , -0.055004 , 0 , -5.86235e-05 , 0 , 0 , 0 , 0 , -6 , -51 , -28
0 , 0 , 0 , 0 , -0.0155979 , -0.0339783 , -0.055004 , 0 , -5.86235e-05 , 0 , 0 , 0 , 0 , -16 , -51 , 9
0 , 0 , 0 , 0 , -0.0156223 , -0.0339207 , -0.055004 , 0 , -5.86235e-05 , 0 , 0 , 0 , 0 , 93 , 29 , -40
0 , 0 , 0 , 0 , -0.0156367 , -0.0338632 , -0.055004 , 0 , -5.86235e-05 , 0 , 0 , 0 , 0 , 48 , -3 , -77
0 , 0 , 0 , 0 , -0.0156967 , -0.0337691 , -0.055004 , 0 , -3.90823e-05 , 0 , 0 , 0 , 0 , 85 , -51 , -40
0 , 0 , 0 , 0 , -0.015782 , -0.0337095 , -0.055004 , 0 , -3.90823e-05 , 0 , 0 , 0 , 0 , 20 , -35 , -23
0 , 0 , 0 , 0 , -0.0158348 , -0.0336935 , -0.055004 , 0 , -3.90823e-05 , 0 , 0 , 0 , 0 , -25 , -19 , -28
0 , 0 , 0 , 0 , -0.015845 , -0.0336257 , -0.055004 , 0 , -3.90823e-05 , 0 , 0.0195412 , 0 , 0 , -34 , 13 , -9
0 , 0 , 0 , 0 , -0.0158453 , -0.0335476 , -0.055004 , 0 , -3.90823e-05 , 0 , 0 , 0 , 0 , 2 , 13 , -9
0 , 0 , 0 , 0 , -0.0158607 , -0.0334573 , -0.055004 , 0 , -1.95412e-05 , 0 , 0 , 0 , 0 , -6 , -3 , -66
0 , 0 , 0 , 0 , -0.0159237 , -0.0333277 , -0.055004 , 0 , -1.95412e-05 , 0 , 0 , 0 , 0 , -43 , -35 , -16
0 , 0 , 0 , 0 , -0.0159797 , -0.0331911 , -0.055004 , 0 , -1.95412e-05 , 0 , 0 , 0 , 0 , -6 , -3 , -102
0 , 0 , 0 , 0 , -0.0160075 , -0.0331088 , -0.055004 , 0 , -1.95412e-05 , 0 , 0 , 0 , 0 , 75 , 29 , -28
0 , 0 , 0 , 0 , -0.0160482 , -0.0330657 , -0.055004 , 0 , -1.95412e-05 , 0 , 0 , 0 , 0 , 39 , 13 , -34
0 , 0 , 0 , 0 , -0.0160927 , -0.0330471 , -0.055004 , 0 , -1.95412e-05 , 0 , 0 , 0 , 0 , 66 , -3 , -21
0 , 0 , 0 , 0 , -0.0161254 , -0.0330486 , -0.055004 , 0 , -1.95412e-05 , 0 , 0 , 0 , 0 , -42 , -3 , -40
0 , 0 , 0 , 0 , -0.0161377 , -0.0330035 , -0.055004 , 0 , -1.95412e-05 , 0 , 0 , 0 , 0 , 38 , -35 , -121
0 , 0 , 0 , 0 , -0.0161213 , -0.0329196 , -0.055004 , 1.95412e-05 , -1.95412e-05 , 0 , -0.0195412 , 0 , 0 , 66 , -51 , -16
0 , 0 , 0 , 0 , -0.0161113 , -0.0328092 , -0.055004 , 0 , -1.95412e-05 , 0 , 0 , 0 , 0 , 75 , -35 , -53
0 , 0 , 0 , 0 , -0.0161423 , -0.0327065 , -0.055004 , 0 , -1.95412e-05 , 0 , 0 , 0 , 0 , 75 , 13 , -40
0 , 0 , 0 , 0 , -0.0161547 , -0.032637 , -0.055004 , 1.95412e-05 , -1.95412e-05 , 0 , -0.0195412 , 0 , 0 , 48 , -51 , -9
0 , 0 , 0 , 0 , -0.0161541 , -0.0325871 , -0.055004 , -1.95412e-05 , 0 , 0 , 0 , 0 , 0 , -43 , -3 , 9
0 , 0 , 0 , 0 , -0.0161576 , -0.0325544 , -0.055004 , 0 , 0 , 0 , 0.0195412 , 0 , 0 , 31 , -19 , -40
0 , 0 , 0 , 0 , -0.0161554 , -0.0325392 , -0.055004 , 0 , 0 , 0 , -0.0195412 , 0 , 0 , 48 , -51 , -102
0 , 0 , 0 , 0 , -0.0161676 , -0.0325354 , -0.055004 , 0 , 0 , 0 , 0 , 0 , 0 , 20 , -18 , 9
0 , 0 , 0 , 0 , -0.0161812 , -0.0324859 , -0.055004 , 0 , 0 , 0 , 0 , 0 , 0 , -16 , -67 , -9
0 , 0 , 0 , 0 , -0.0161794 , -0.0324155 , -0.055004 , 0 , 0 , 0 , 0 , 0 , 0 , 11 , -3 , -48
0 , 0 , 0 , 0 , -0.0161541 , -0.0323591 , -0.055004 , 0 , 0 , 0 , 0 , 0 , 0 , 66 , 13 , -28
0 , 0 , 0 , 0 , -0.0161727 , -0.0323277 , -0.055004 , 0 , 0 , 0 , 0 , 0 , 0 , 49 , 29 , 15
0 , 0 , 0 , 0 , -0.0162244 , -0.0322825 , -0.055004 , 0 , 0 , 0 , -0.0195412 , 0 , 0 , 30 , -3 , -66
0 , 0 , 0 , 0 , -0.016234 , -0.0321792 , -0.055004 , 0 , 0 , 0 , 0 , 0 , 0 , 48 , -3 , -3
0 , 0 , 0 , 0 , -0.0162376 , -0.0320893 , -0.055004 , 0 , 0 , 0 , 0 , 0 , 0 , 20 , -35 , -28
0 , 0 , 0 , 0 , -0.0162258 , -0.0320454 , -0.055004 , 0 , 0 , 0 , 0 , 0 , 0 , 75 , -4 , -59
0 , 0 , 0 , 0 , -0.0162076 , -0.0320141 , -0.055004 , 0 , 0 , 0 , 0 , 0 , 0 , 39 , -18 , 9
0 , 0 , 0 , 0 , -0.0162078 , -0.0319861 , -0.055004 , 0 , 0 , 0 , 0 , 0 , 0 , 75 , -35 , -9
0 , 0 , 0 , 0 , -0.0162015 , -0.0319855 , -0.055004 , 0 , 0 , 0 , 0 , 0 , 0 , -16 , -51 , -53
0 , 0 , 0 , 0 , -0.0161913 , -0.031925 , -0.055004 , 0 , 0 , 0 , 0 , 0 , 0 , -16 , -35 , -34
0 , 0 , 0 , 0 , -0.0161884 , -0.0318262 , -0.055004 , 0 , 0 , 0 , 0 , 0 , 0 , 93 , 45 , -16
0 , 0 , 0 , 0 , -0.016205 , -0.0317871 , -0.055004 , 0 , 0 , 0 , 0 , 0 , 0 , -6 , -35 , -66
0 , 0 , 0 , 0 , -0.0162167 , -0.0317683 , -0.055004 , 0 , 0 , 0 , 0 , 0 , 0 , -34 , -67 , -9
0 , 0 , 0 , 0 , -0.0162112 , -0.0317227 , -0.055004 , 0 , 0 , 0 , 0 , 0 , 0 , 2 , -19 , -9
0 , 0 , 0 , 0 , -0.0161972 , -0.0316591 , -0.055004 , 1.95412e-05 , 0 , 0 , 0 , 0 , 0 , 48 , -35 , -9
0 , 0 , 0 , 0 , -0.0162095 , -0.0316078 , -0.055004 , 0 , 0 , 0 , 0 , 0 , 0 , 48 , -35 , -34
0 , 0 , 0 , 0 , -0.0162134 , -0.0315759 , -0.055004 , 0 , 0 , 0 , 0 , 0 , 0 , -16 , -51 , 28
0 , 0 , 0 , 0 , -0.0161807 , -0.0314995 , -0.055004 , 0 , 0 , 0 , 0 , 0 , 0 , 85 , -51 , -9
0 , 0 , 0 , 0 , -0.0161684 , -0.0314133 , -0.055004 , 0 , 0 , 0 , 0 , 0 , 0 , 12 , 13 , -9
0 , 0 , 0 , 0 , -0.0161814 , -0.0313345 , -0.055004 , 0 , 0 , 0 , 0 , 0 , 0 , 66 , -35 , -16
0 , 0 , 0 , 0 , -0.0161836 , -0.0312593 , -0.055004 , 0 , 0 , 0 , 0 , 0 , 0 , 20 , -3 , -53
0 , 0 , 0 , 0 , -0.0161501 , -0.0312351 , -0.055004 , 0 , 0 , 0 , 0 , 0 , 0 , 39 , -35 , 40
0 , 0 , 0 , 0 , -0.0161077 , -0.0312071 , -0.055004 , 0 , 0 , 0 , 0 , 0 , 0 , -25 , -19 , -9
0 , 0 , 0 , 0 , -0.0160895 , -0.0311875 , -0.055004 , 0 , 0 , 0 , 0 , 0 , 0 , 2 , -3 , -59
0 , 0 , 0 , 0 , -0.0160907 , -0.0311872 , -0.055004 , 0 , 0 , 0 , 0.0195412 , 0 , 0 , 2 , 13 , -66
0 , 0 , 0 , 0 , -0.0160867 , -0.0311136 , -0.055004 , 0 , 0 , 0 , -0.0195412 , 0 , 0 , 57 , 29 , -21
0 , 0 , 0 , 0 , -0.0160793 , -0.0310215 , -0.055004 , 0 , 0 , 0 , 0 , 0 , 0 , -34 , -35 , -66
0 , 0 , 0 , 0 , -0.01607 , -0.0309967 , -0.055004 , 1.95412e-05 , 1.95412e-05 , 0 , -0.0195412 , 0 , 0 , 85 , 29 , -28
0 , 0 , 0 , 0 , -0.0160564 , -0.0309811 , -0.055004 , 0 , 0 , 0 , 0 , 0 , 0 , 12 , -35 , -9
0 , 0 , 0 , 0 , -0.0160401 , -0.0309514 , -0.055004 , 0 , 0 , 0 , 0 , 0 , 0 , 102 , -51 , -40
0 , 0 , 0 , 0 , -0.0160477 , -0.0309198 , -0.055004 , 0 , 0 , 0 , 0 , 0 , 0 , 2 , -3 , -28
0 , 0 , 0 , 0 , -0.0160942 , -0.0308718 , -0.055004 , 0 , 0 , 0 , 0 , 0 , 0 , 66 , -19 , 9
0 , 0 , 0 , 0 , -0.0161031 , -0.0308103 , -0.055004 , 0 , 0 , 0 , 0 , 0 , 0 , 85 , -3 , -34
0 , 0 , 0 , 0 , -0.0161083 , -0.0307617 , -0.055004 , 1.95412e-05 , 0 , 0 , 0 , 0 , 0 , -25 , -3 , -40
0 , 0 , 0 , 0 , -0.0161316 , -0.0306968 , -0.055004 , 0 , 1.95412e-05 , 0 , 0 , 0 , 0 , 48 , -51 , 34
0 , 0 , 0 , 0 , -0.0161318 , -0.0306461 , -0.055004 , 0 , 0 , 0 , 0 , 0 , 0 , 56 , -19 , 9
0 , 0 , 0 , 0 , -0.0161306 , -0.0306271 , -0.055004 , 0 , 0 , 0 , 0 , 0 , 0 , 2 , -3 , -3
0 , 0 , 0 , 0 , -0.0161295 , -0.0305989 , -0.055004 , -1.95412e-05 , 1.95412e-05 , 0 , 0.0195412 , 0 , 0 , -61 , -4 , -40
0 , 0 , 0 , 0 , -0.0161488 , -0.0305742 , -0.055004 , 0 , 1.95412e-05 , 0 , 0 , 0 , 0 , 93 , -3 , -16
0 , 0 , 0 , 0 , -0.0161664 , -0.0305181 , -0.055004 , 0 , 0 , 0 , 0 , 0 , 0 , -6 , 13 , -23
0 , 0 , 0 , 0 , -0.0161568 , -0.0304405 , -0.055004 , 0 , 0 , 0 , 0 , 0 , 0 , 2 , -51 , -16
0 , 0 , 0 , 0 , -0.0161544 , -0.030402 , -0.055004 , 0 , 1.95412e-05 , 0 , 0 , 0 , 0 , -61 , 13 , -23
0 , 0 , 0 , 0 , -0.0161246 , -0.030332 , -0.055004 , 0 , 0 , 0 , 0 , 0 , 0 , 57 , -35 , -53
0 , 0 , 0 , 0 , -0.0160868 , -0.0302255 , -0.055004 , 0 , 0 , 0 , 0 , 0 , 0 , 93 , -19 , -40
0 , 0 , 0 , 0 , -0.0160387 , -0.0301686 , -0.055004 , 0 , 1.95412e-05 , 0 , 0 , 0 , 0 , 20 , -35 , -40
0 , 0 , 0 , 0 , -0.0159955 , -0.0301268 , -0.055004 , 0 , 0 , 0 , 0 , 0 , 0 , 66 , -3 , -34
0 , 0 , 0 , 0 , -0.0160211 , -0.0300639 , -0.055004 , 0 , 0 , 0 , 0 , 0 , 0 , -16 , -2 , -40
0 , 0 , 0 , 0 , -0.0160464 , -0.0300154 , -0.055004 , 0 , 1.95412e-05 , 0 , 0 , 0 , 0 , 56 , -19 , -16
0 , 0 , 0 , 0 , -0.0160445 , -0.0299867 , -0.055004 , 0 , 0 , 0 , 0 , 0 , 0 , 48 , -35 , -28
0 , 0 , 0 , 0 , -0.0160521 , -0.0299527 , -0.055004 , 0 , 0 , 0 , 0 , 0 , 0 , 12 , -51 , -34
0 , 0 , 0 , 0 , -0.0160401 , -0.0299028 , -0.055004 , 0 , 0 , 0 , 0 , 0 , 0 , 85 , -19 , -53
0 , 0 , 0 , 0 , -0.0160454 , -0.0298244 , -0.055004 , 0 , 0 , 0 , 0 , 0 , 0 , 66 , -20 , -59
0 , 0 , 0 , 0 , -0.0160997 , -0.0297331 , -0.055004 , 0 , 0 , 0 , 0 , 0 , 0 , 39 , -51 , -45
0 , 0 , 0 , 0 , -0.0161054 , -0.0297056 , -0.055004 , 0 , 0 , 0 , 0 , 0 , 0 , -25 , -19 , -28
0 , 0 , 0 , 0 , -0.0160713 , -0.0296855 , -0.055004 , 0 , 0 , 0 , 0.0195412 , 0 , 0 , -61 , -3 , 9
0 , 0 , 0 , 0 , -0.0160472 , -0.0296309 , -0.055004 , 0 , 0 , 0 , 0 , 0 , 0 , 66 , -51 , -66
0 , 0 , 0 , 0 , -0.0160303 , -0.029603 , -0.055004 , 0 , 0 , 0 , -0.0195412 , 0 , 0 , 48 , 29 , -40
0 , 0 , 0 , 0 , -0.0160352 , -0.029535 , -0.055004 , -1.95412e-05 , 0 , 0 , 0 , 0 , 0 , 75 , -19 , -53
0 , 0 , 0 , 0 , -0.0160553 , -0.0294511 , -0.055004 , -1.95412e-05 , 0 , 0 , 0.0195412 , 0 , 0 , 2 , -35 , -9
0 , 0 , 0 , 0 , -0.0160786 , -0.0293858 , -0.055004 , 0 , 0 , 0 , 0 , 0 , 0 , 48 , -19 , -66
0 , 0 , 0 , 0 , -0.0160875 , -0.0293604 , -0.055004 , 0 , 0 , 0 , 0 , 0 , 0 , -34 , -18 , -9
0 , 0 , 0 , 0 , -0.0160867 , -0.0293649 , -0.055004 , 0 , 0 , 0 , 0 , 0 , 0 , 85 , 13 , 9
0 , 0 , 0 , 0 , -0.0161021 , -0.0293342 , -0.055004 , 0 , 0 , 0 , 0 , 0 , 0 , 48 , -19 , 9
0 , 0 , 0 , 0 , -0.0161304 , -0.0292927 , -0.055004 , 0 , 0 , 0 , 0 , 0 , 0 , 66 , -35 , -34
0 , 0 , 0 , 0 , -0.0161742 , -0.0292563 , -0.055004 , 0 , 0 , 0 , 0 , 0 , 0 , -16 , -35 , 9
0 , 0 , 0 , 0 , -0.016169 , -0.0292271 , -0.055004 , 1.95412e-05 , 0 , 0 , -0.0195412 , 0 , 0 , 66 , 13 , -59
0 , 0 , 0 , 0 , -0.0161084 , -0.0291975 , -0.055004 , 0 , 0 , 0 , 0 , 0 , 0 , -16 , -19 , -84
0 , 0 , 0 , 0 , -0.0160747 , -0.0291512 , -0.055004 , 0 , 0 , 0 , 0 , 0 , 0 , 3 , -19 , -71
0 , 0 , 0 , 0 , -0.0160735 , -0.0291075 , -0.055004 , 0 , 0 , 0 , 0 , 0 , 0 , 66 , -4 , -9
0 , 0 , 0 , 0 , -0.016058 , -0.0290834 , -0.055004 , 0 , 0 , 0 , 0 , 0 , 0 , 75 , -18 , -59
0 , 0 , 0 , 0 , -0.0160217 , -0.0290622 , -0.055004 , 0 , 0 , 0 , 0 , 0 , 0 , -6 , -51 , -16
0 , 0 , 0 , 0 , -0.0160093 , -0.0290195 , -0.055004 , -1.95412e-05 , 0 , 0 , 0.0195412 , 0 , 0 , 85 , -52 , -9
0 , 0 , 0 , 0 , -0.0160066 , -0.0289738 , -0.055004 , 0 , 0 , 0 , -0.0195412 , 0 , 0 , 20 , -51 , -53
0 , 0 , 0 , 0 , -0.0159685 , -0.0289583 , -0.055004 , 0 , 0 , 0 , 0 , 0 , 0 , 48 , -19 , -66
0 , 0 , 0 , 0 , -0.0159496 , -0.0289361 , -0.055004 , 0 , 0 , 0 , 0 , 0 , 0 , 30 , -67 , -9
0 , 0 , 0 , 0 , -0.0159646 , -0.0288997 , -0.055004 , 0 , 0 , 0 , 0 , 0 , 0 , 75 , -35 , -53
0 , 0 , 0 , 0 , -0.0159681 , -0.0288359 , -0.055004 , 0 , 0 , 0 , 0 , 0 , 0 , -52 , -3 , -59
0 , 0 , 0 , 0 , -0.0159865 , -0.0288106 , -0.055004 , 0 , 0 , 0 , 0 , 0 , 0 , 66 , -35 , -28
0 , 0 , 0 , 0 , -0.0160146 , -0.0287988 , -0.055004 , 0 , 0 , 0 , 0 , 0 , 0 , 48 , -35 , -16
0.002297, , 1.000000, -1.842092, 0.844387
0.002269, , 1.000000, -1.845293, 0.847562
0.006372, , 1.000000, -1.914982, 0.924369
0.006397, , 1.000000, -1.913194, 0.922617
