-20.147 , -10.748 , -94.466 , 100.59 , -6.1229 , -0.00497417 , 0.0167741 , 0 , -0.000801187 , -0.0230976 , -0.02087
-20.147 , -10.748 , -94.466 , 100.59 , -6.1229 , -0.00513311 , 0.0167215 , 0 , -0.00103568 , -0.0228827 , -0.0209481
-20.147 , -10.748 , -94.466 , 100.59 , -6.1229 , -0.00520963 , 0.0167439 , 0 , -0.00263806 , -0.021378 , -0.0221988
-20.147 , -10.748 , -94.466 , 100.59 , -6.1229 , -0.00494868 , 0.016525 , -0.000385892 , -0.00537382 , -0.01874 , -0.0246805
-20.147 , -10.748 , -94.466 , 100.59 , -6.1229 , -0.00407884 , 0.015939 , -0.00133025 , -0.00941884 , -0.0145777 , -0.0285496
-20.147 , -10.748 , -94.466 , 100.59 , -6.1229 , -0.00271679 , 0.0152376 , -0.00285995 , -0.0145972 , -0.00971195 , -0.0334349
-20.147 , -10.748 , -94.466 , 100.59 , -6.1229 , -0.00146835 , 0.0142957 , -0.00480773 , -0.0212217 , -0.00316567 , -0.0397272
-20.147 , -10.748 , -94.466 , 100.59 , -6.1229 , -0.000846521 , 0.0131334 , -0.0071703 , -0.028491 , 0.00412318 , -0.0470356
-20.147 , -10.748 , -94.466 , 100.59 , -6.1229 , -0.000648076 , 0.0117195 , -0.00985158 , -0.037734 , 0.0134052 , -0.0553796
-20.147 , -10.748 , -94.466 , 100.59 , -6.1229 , -0.000453057 , 0.0100304 , -0.0128678 , -0.0477195 , 0.0231954 , -0.0650916
-20.147 , -10.748 , -94.466 , 100.59 , -6.1229 , -3.92379e-05 , 0.00830403 , -0.0163269 , -0.0584671 , 0.0343924 , -0.0746863
-20.147 , -10.748 , -94.466 , 100.59 , -6.1229 , 0.000544254 , 0.00626121 , -0.01985 , -0.0713057 , 0.0468792 , -0.0829718
-20.147 , -10.748 , -94.466 , 100.59 , -6.1229 , 0.00102438 , 0.00381488 , -0.0234915 , -0.0850822 , 0.0602649 , -0.0898307
-20.147 , -10.748 , -94.466 , 100.59 , -6.1229 , 0.00117483 , 0.000937695 , -0.0270415 , -0.0998944 , 0.074999 , -0.0953999
-20.147 , -10.748 , -94.466 , 100.59 , -6.1229 , 0.000966963 , -0.0025125 , -0.0303867 , -0.115781 , 0.0911595 , -0.0999921
-20.147 , -10.748 , -94.466 , 100.59 , -6.1229 , 0.000720147 , -0.00661556 , -0.0337323 , -0.132294 , 0.108199 , -0.103373
-20.147 , -10.748 , -94.466 , 100.59 , -6.1229 , 0.000733275 , -0.0113486 , -0.037085 , -0.151464 , 0.126607 , -0.105737
-20.147 , -10.748 , -94.466 , 100.59 , -6.1229 , 0.0010425 , -0.0164482 , -0.0405104 , -0.17122 , 0.146031 , -0.106714
-20.147 , -10.748 , -94.466 , 100.59 , -6.1229 , 0.00152309 , -0.0220335 , -0.0439132 , -0.191914 , 0.166921 , -0.10689
-20.147 , -10.748 , -94.466 , 100.59 , -6.1229 , 0.00200667 , -0.0281348 , -0.0474388 , -0.214152 , 0.188768 , -0.10691
-20.147 , -10.748 , -94.466 , 100.59 , -6.1229 , 0.00236891 , -0.034693 , -0.0510573 , -0.237191 , 0.211963 , -0.10691
-20.147 , -10.748 , -94.466 , 100.59 , -6.1229 , 0.00298761 , -0.041602 , -0.0549571 , -0.261754 , 0.236214 , -0.106929
-20.147 , -10.748 , -94.466 , 100.59 , -6.1229 , 0.00394922 , -0.0487709 , -0.0592183 , -0.287372 , 0.261871 , -0.106929
-20.147 , -10.748 , -94.466 , 100.59 , -6.1229 , 0.00464443 , -0.0562499 , -0.0634714 , -0.314026 , 0.288682 , -0.106929
-20.147 , -10.748 , -94.466 , 100.59 , -6.1229 , 0.00503515 , -0.0639934 , -0.0679331 , -0.342263 , 0.316489 , -0.106929
-20.147 , -10.748 , -94.466 , 100.59 , -6.1229 , 0.00551317 , -0.0718488 , -0.0724777 , -0.371438 , 0.345624 , -0.106929
-20.147 , -10.748 , -94.466 , 100.59 , -6.1229 , 0.00624271 , -0.0800975 , -0.0771786 , -0.401825 , 0.376206 , -0.106929
-20.147 , -10.748 , -94.466 , 100.59 , -6.1229 , 0.00723421 , -0.0890833 , -0.0822881 , -0.433423 , 0.407687 , -0.106929
-20.147 , -10.748 , -94.466 , 100.59 , -6.1229 , 0.00821221 , -0.0985705 , -0.0876783 , -0.466232 , 0.440243 , -0.106929
-20.147 , -10.748 , -94.466 , 100.59 , -6.1229 , 0.00897308 , -0.10818 , -0.0931229 , -0.500039 , 0.474186 , -0.106929
-20.147 , -10.748 , -94.466 , 100.59 , -6.1229 , 0.00986564 , -0.118003 , -0.0986821 , -0.535095 , 0.511158 , -0.106929
-20.147 , -10.748 , -94.466 , 100.59 , -6.1229 , 0.0110493 , -0.128275 , -0.104451 , -0.571305 , 0.545843 , -0.106929
-20.147 , -10.748 , -94.466 , 100.59 , -6.1229 , 0.0122239 , -0.138839 , -0.110324 , -0.608648 , 0.58344 , -0.106929
-20.147 , -10.748 , -94.466 , 100.59 , -6.1229 , 0.0133881 , -0.149581 , -0.11653 , -0.647379 , 0.62221 , -0.106929
-20.147 , -10.748 , -94.466 , 100.59 , -6.1229 , 0.0144757 , -0.160757 , -0.122913 , -0.687106 , 0.662152 , -0.106929
-20.147 , -10.748 , -94.466 , 100.59 , -6.1229 , 0.0154712 , -0.172489 , -0.129349 , -0.730331 , 0.705319 , -0.106929
-20.147 , -10.748 , -94.466 , 100.59 , -6.1229 , 0.016959 , -0.184504 , -0.135937 , -0.770391 , 0.747703 , -0.106929
-20.147 , -10.748 , -94.466 , 100.59 , -6.1229 , 0.0189325 , -0.196718 , -0.142745 , -0.81387 , 0.791241 , -0.106929
-20.147 , -10.748 , -94.466 , 100.59 , -6.1229 , 0.0207486 , -0.209187 , -0.149501 , -0.860163 , 0.835971 , -0.106929
-20.147 , -10.748 , -94.466 , 100.59 , -6.1229 , 0.022643 , -0.221482 , -0.156447 , -0.903212 , 0.881795 , -0.106929
-20.147 , -10.748 , -94.466 , 100.59 , -6.1229 , 0.0249212 , -0.233486 , -0.163406 , -0.945167 , 0.927072 , -0.106929
-20.147 , -10.748 , -94.466 , 100.59 , -6.1229 , 0.0271872 , -0.245531 , -0.170779 , -0.985734 , 0.971078 , -0.106929
-20.147 , -10.748 , -94.466 , 100.59 , -6.1229 , 0.0286253 , -0.256927 , -0.177459 , -1.02525 , 1.01393 , -0.106929
-20.147 , -10.748 , -94.466 , 100.59 , -6.1229 , 0.0294456 , -0.267784 , -0.183976 , -1.06347 , 1.05561 , -0.106929
-20.147 , -10.748 , -94.466 , 100.59 , -6.1229 , 0.0300595 , -0.278364 , -0.189658 , -1.10044 , 1.09589 , -0.106929
-20.147 , -10.748 , -94.466 , 100.59 , -6.1229 , 0.0305858 , -0.288308 , -0.194618 , -1.1364 , 1.13513 , -0.106929
-20.147 , -10.748 , -94.466 , 100.59 , -6.1229 , 0.0312698 , -0.29757 , -0.198893 , -1.17093 , 1.17296 , -0.10691
-20.147 , -10.748 , -94.466 , 100.59 , -6.1229 , 0.0315092 , -0.30606 , -0.202352 , -1.2043 , 1.20966 , -0.10691
-20.147 , -10.748 , -94.466 , 100.59 , -6.1229 , 0.0313237 , -0.313865 , -0.204995 , -1.23653 , 1.24514 , -0.10691
-20.147 , -10.748 , -94.466 , 100.59 , -6.1229 , 0.0312211 , -0.320856 , -0.207049 , -1.26756 , 1.27948 , -0.10691
-20.147 , -10.748 , -94.466 , 100.59 , -6.1229 , 0.0314597 , -0.326839 , -0.208846 , -1.29742 , 1.31264 , -0.10691
-20.147 , -10.748 , -94.466 , 100.59 , -6.1229 , 0.0322735 , -0.331874 , -0.210498 , -1.32573 , 1.34478 , -0.10691
-20.147 , -10.748 , -94.466 , 100.59 , -6.1229 , 0.0331627 , -0.336688 , -0.211913 , -1.35289 , 1.37576 , -0.10691
-20.147 , -10.748 , -94.466 , 100.59 , -6.1229 , 0.0337812 , -0.341818 , -0.21323 , -1.3791 , 1.40505 , -0.10691
-20.147 , -10.748 , -94.466 , 100.59 , -6.1229 , 0.034931 , -0.347059 , -0.214669 , -1.40376 , 1.4334 , -0.10691
-20.147 , -10.748 , -94.466 , 100.59 , -6.1229 , 0.0369224 , -0.352395 , -0.216536 , -1.42744 , 1.46197 , -0.10691
-20.147 , -10.748 , -94.466 , 100.59 , -6.1229 , 0.0388589 , -0.357558 , -0.218617 , -1.45001 , 1.488 , -0.10691
-20.147 , -10.748 , -94.466 , 100.59 , -6.1229 , 0.0397859 , -0.362374 , -0.220742 , -1.47112 , 1.51249 , -0.10691
-20.147 , -10.748 , -94.466 , 100.59 , -6.1229 , 0.03963 , -0.366931 , -0.222347 , -1.49124 , 1.53619 , -0.10691
-20.147 , -10.748 , -94.466 , 100.59 , -6.1229 , 0.039191 , -0.370957 , -0.223511 , -1.51002 , 1.55718 , -0.10691
-20.147 , -10.748 , -94.466 , 100.59 , -6.1229 , 0.0391955 , -0.374484 , -0.224376 , -1.52783 , 1.57947 , -0.10691
-20.147 , -10.748 , -94.466 , 100.59 , -6.1229 , 0.0396227 , -0.377795 , -0.225158 , -1.54428 , 1.59925 , -0.10691
-20.147 , -10.748 , -94.466 , 100.59 , -6.1229 , 0.0403372 , -0.380825 , -0.22599 , -1.55938 , 1.61814 , -0.10691
-20.147 , -10.748 , -94.466 , 100.59 , -6.1229 , 0.0412397 , -0.383689 , -0.226971 , -1.57361 , 1.63556 , -0.10689
-20.147 , -10.748 , -94.466 , 100.59 , -6.1229 , 0.0420759 , -0.386493 , -0.228015 , -1.58623 , 1.65201 , -0.10689
-20.147 , -10.748 , -94.466 , 100.59 , -6.1229 , 0.0426185 , -0.389011 , -0.229059 , -1.59804 , 1.66706 , -0.10689
-20.147 , -10.748 , -94.466 , 100.59 , -6.1229 , 0.04284 , -0.391352 , -0.230024 , -1.60847 , 1.68097 , -0.10689
-20.147 , -10.748 , -94.466 , 100.59 , -6.1229 , 0.04287 , -0.393427 , -0.230806 , -1.61777 , 1.69387 , -0.10689
-20.147 , -10.748 , -94.466 , 100.59 , -6.1229 , 0.0428967 , -0.395062 , -0.231381 , -1.62602 , 1.70526 , -0.10689
-20.147 , -10.748 , -94.466 , 100.59 , -6.1229 , 0.0429468 , -0.396377 , -0.231663 , -1.63298 , 1.71565 , -0.10689
-20.147 , -10.748 , -94.466 , 100.59 , -6.1229 , 0.0431196 , -0.397469 , -0.231933 , -1.63847 , 1.72486 , -0.10689
-20.147 , -10.748 , -94.466 , 100.59 , -6.1229 , 0.0434443 , -0.398296 , -0.232259 , -1.64298 , 1.73295 , -0.10689
-20.147 , -10.748 , -94.466 , 100.59 , -6.1229 , 0.0437527 , -0.398937 , -0.232621 , -1.64605 , 1.73973 , -0.106871
-20.147 , -10.748 , -94.466 , 100.59 , -6.1229 , 0.0439638 , -0.399409 , -0.232962 , -1.64808 , 1.74512 , -0.106871
-20.147 , -10.748 , -94.466 , 100.59 , -6.1229 , 0.0440221 , -0.39966 , -0.23327 , -1.64886 , 1.7495 , -0.106871
-20.147 , -10.748 , -94.466 , 100.59 , -6.1229 , 0.0438586 , -0.399696 , -0.2334 , -1.6489 , 1.75261 , -0.106871
-20.147 , -10.748 , -94.466 , 100.59 , -6.1229 , 0.0435574 , -0.399436 , -0.2334 , -1.64875 , 1.75466 , -0.106871
-20.147 , -10.748 , -94.466 , 100.59 , -6.1229 , 0.0433047 , -0.39908 , -0.233226 , -1.64867 , 1.75548 , -0.106871
-20.147 , -10.748 , -94.466 , 100.59 , -6.1229 , 0.0433038 , -0.398774 , -0.233057 , -1.64867 , 1.75558 , -0.106871
-20.147 , -10.748 , -94.466 , 100.59 , -6.1229 , 0.0436759 , -0.398448 , -0.233057 , -1.64869 , 1.75554 , -0.106871
-20.147 , -10.748 , -94.466 , 100.59 , -6.1229 , 0.0441064 , -0.39824 , -0.233171 , -1.64869 , 1.75558 , -0.106851
-20.147 , -10.748 , -94.466 , 100.59 , -6.1229 , 0.0442612 , -0.398128 , -0.233334 , -1.64871 , 1.75562 , -0.106851
-20.147 , -10.748 , -94.466 , 100.59 , -6.1229 , 0.0442152 , -0.398026 , -0.23347 , -1.64873 , 1.75564 , -0.106851
-20.147 , -10.748 , -94.466 , 100.59 , -6.1229 , 0.0440371 , -0.397896 , -0.23347 , -1.64873 , 1.75562 , -0.106851
-20.147 , -10.748 , -94.466 , 100.59 , -6.1229 , 0.0438518 , -0.397664 , -0.233404 , -1.64875 , 1.75562 , -0.106851
-20.147 , -10.748 , -94.466 , 100.59 , -6.1229 , 0.043798 , -0.397389 , -0.233319 , -1.64875 , 1.75562 , -0.106851
-20.147 , -10.748 , -94.466 , 100.59 , -6.1229 , 0.0438952 , -0.397148 , -0.233319 , -1.64873 , 1.75562 , -0.106851
-20.147 , -10.748 , -94.466 , 100.59 , -6.1229 , 0.0440897 , -0.397004 , -0.233319 , -1.64873 , 1.75562 , -0.106851
-20.147 , -10.748 , -94.466 , 100.59 , -6.1229 , 0.0442909 , -0.396939 , -0.23344 , -1.64873 , 1.75562 , -0.106851
-20.147 , -10.748 , -94.466 , 100.59 , -6.1229 , 0.0443934 , -0.396866 , -0.233546 , -1.64873 , 1.75562 , -0.106851
-20.147 , -10.748 , -94.466 , 100.59 , -6.1229 , 0.0443443 , -0.396754 , -0.233609 , -1.64873 , 1.7556 , -0.106851
-20.147 , -10.748 , -94.466 , 100.59 , -6.1229 , 0.0442188 , -0.396626 , -0.233609 , -1.64873 , 1.75562 , -0.106851
-20.147 , -10.748 , -94.466 , 100.59 , -6.1229 , 0.0441368 , -0.396453 , -0.233609 , -1.64873 , 1.75562 , -0.106851
-20.147 , -10.748 , -94.466 , 100.59 , -6.1229 , 0.0441539 , -0.396266 , -0.233609 , -1.64873 , 1.75562 , -0.106851
-20.147 , -10.748 , -94.466 , 100.59 , -6.1229 , 0.0442458 , -0.396134 , -0.233609 , -1.64873 , 1.75562 , -0.106851
-20.147 , -10.748 , -94.466 , 100.59 , -6.1229 , 0.0444232 , -0.39601 , -0.233675 , -1.64873 , 1.75562 , -0.106851
-20.147 , -10.748 , -94.466 , 100.59 , -6.1229 , 0.0445646 , -0.395906 , -0.233779 , -1.64873 , 1.75562 , -0.106851
-20.147 , -10.748 , -94.466 , 100.59 , -6.1229 , 0.0445744 , -0.395819 , -0.233857 , -1.64873 , 1.75562 , -0.106851
-20.147 , -10.748 , -94.466 , 100.59 , -6.1229 , 0.0445028 , -0.395667 , -0.233857 , -1.64873 , 1.75562 , -0.106851
-20.147 , -10.748 , -94.466 , 100.59 , -6.1229 , 0.04438 , -0.395567 , -0.233857 , -1.64873 , 1.75562 , -0.106851
-20.147 , -10.748 , -94.466 , 100.59 , -6.1229 , 0.0443348 , -0.395489 , -0.233857 , -1.64873 , 1.75562 , -0.106851
-20.147 , -10.748 , -94.466 , 100.59 , -6.1229 , 0.0444348 , -0.395342 , -0.233857 , -1.64873 , 1.75564 , -0.106851
-20.147 , -10.748 , -94.466 , 100.59 , -6.1229 , 0.0445186 , -0.395271 , -0.233857 , -1.64871 , 1.75562 , -0.106851
-20.147 , -10.748 , -94.466 , 100.59 , -6.1229 , 0.0445906 , -0.395192 , -0.233857 , -1.64871 , 1.75564 , -0.106851
-20.147 , -10.748 , -94.466 , 100.59 , -6.1229 , 0.0447371 , -0.39507 , -0.233926 , -1.64873 , 1.75562 , -0.106851
-20.147 , -10.748 , -94.466 , 100.59 , -6.1229 , 0.0447926 , -0.395032 , -0.233926 , -1.64873 , 1.75562 , -0.106851
-20.147 , -10.748 , -94.466 , 100.59 , -6.1229 , 0.0447483 , -0.394966 , -0.233926 , -1.64873 , 1.75562 , -0.106851
-20.147 , -10.748 , -94.466 , 100.59 , -6.1229 , 0.0447119 , -0.394854 , -0.233926 , -1.64873 , 1.75562 , -0.106851
-20.147 , -10.748 , -94.466 , 100.59 , -6.1229 , 0.0446745 , -0.394786 , -0.233926 , -1.64873 , 1.75562 , -0.106851
-20.147 , -10.748 , -94.466 , 100.59 , -6.1229 , 0.0446801 , -0.394656 , -0.233926 , -1.64875 , 1.75564 , -0.106851
-20.147 , -10.748 , -94.466 , 100.59 , -6.1229 , 0.0447238 , -0.394525 , -0.233926 , -1.64875 , 1.75562 , -0.106851
-20.147 , -10.748 , -94.466 , 100.59 , -6.1229 , 0.0447273 , -0.394479 , -0.233926 , -1.64875 , 1.75562 , -0.106851
-20.147 , -10.748 , -94.466 , 100.59 , -6.1229 , 0.044778 , -0.394389 , -0.233926 , -1.64873 , 1.75562 , -0.106851
-20.147 , -10.748 , -94.466 , 100.59 , -6.1229 , 0.0448707 , -0.394276 , -0.233987 , -1.64873 , 1.75562 , -0.106851
-20.147 , -10.748 , -94.466 , 100.59 , -6.1229 , 0.0448802 , -0.394221 , -0.233987 , -1.64873 , 1.75562 , -0.106851
-20.147 , -10.748 , -94.466 , 100.59 , -6.1229 , 0.0448682 , -0.39414 , -0.233987 , -1.64873 , 1.75562 , -0.106851
-20.147 , -10.748 , -94.466 , 100.59 , -6.1229 , 0.0448856 , -0.394087 , -0.233987 , -1.64873 , 1.75562 , -0.106851
-20.147 , -10.748 , -94.466 , 100.59 , -6.1229 , 0.0448852 , -0.394061 , -0.233987 , -1.64871 , 1.75562 , -0.106851
-20.147 , -10.748 , -94.466 , 100.59 , -6.1229 , 0.0448578 , -0.393966 , -0.233987 , -1.64871 , 1.75562 , -0.106851
-20.147 , -10.748 , -94.466 , 100.59 , -6.1229 , 0.0448346 , -0.393935 , -0.233987 , -1.64871 , 1.75562 , -0.106851
-20.147 , -10.748 , -94.466 , 100.59 , -6.1229 , 0.0448485 , -0.393901 , -0.233987 , -1.64871 , 1.7556 , -0.106851
-20.147 , -10.748 , -94.466 , 100.59 , -6.1229 , 0.0448829 , -0.393841 , -0.233987 , -1.64873 , 1.75562 , -0.106851
-20.147 , -10.748 , -94.466 , 100.59 , -6.1229 , 0.0448543 , -0.3938 , -0.233987 , -1.64873 , 1.75562 , -0.106851
-20.147 , -10.748 , -94.466 , 100.59 , -6.1229 , 0.0448508 , -0.393702 , -0.233987 , -1.64875 , 1.75562 , -0.106851
-20.147 , -10.748 , -94.466 , 100.59 , -6.1229 , 0.0448976 , -0.393651 , -0.233987 , -1.64875 , 1.7556 , -0.106851
-20.147 , -10.748 , -94.466 , 100.59 , -6.1229 , 0.0449414 , -0.393659 , -0.233987 , -1.64875 , 1.75562 , -0.106851
-20.147 , -10.748 , -94.466 , 100.59 , -6.1229 , 0.0450085 , -0.393615 , -0.234051 , -1.64873 , 1.75562 , -0.106851
-20.147 , -10.748 , -94.466 , 100.59 , -6.1229 , 0.04501 , -0.393624 , -0.234051 , -1.64873 , 1.7556 , -0.106851
-20.147 , -10.748 , -94.466 , 100.59 , -6.1229 , 0.0449543 , -0.393658 , -0.234051 , -1.64873 , 1.75562 , -0.106851
-20.147 , -10.748 , -94.466 , 100.59 , -6.1229 , 0.0449469 , -0.393616 , -0.234051 , -1.64873 , 1.75562 , -0.106851
-20.147 , -10.748 , -94.466 , 100.59 , -6.1229 , 0.0448917 , -0.39361 , -0.234051 , -1.64873 , 1.75562 , -0.106851
-20.147 , -10.748 , -94.466 , 100.59 , -6.1229 , 0.0447908 , -0.393526 , -0.234051 , -1.64873 , 1.75562 , -0.106851
-20.147 , -10.748 , -94.466 , 100.59 , -6.1229 , 0.0448129 , -0.393364 , -0.234051 , -1.64873 , 1.75562 , -0.106851
-20.147 , -10.748 , -94.466 , 100.59 , -6.1229 , 0.0449015 , -0.393283 , -0.234051 , -1.64873 , 1.75562 , -0.106851
-20.147 , -10.748 , -94.466 , 100.59 , -6.1229 , 0.0450352 , -0.393202 , -0.234051 , -1.64873 , 1.75562 , -0.106851
-20.147 , -10.748 , -94.466 , 100.59 , -6.1229 , 0.0451305 , -0.393131 , -0.234051 , -1.64873 , 1.75562 , -0.106851
-20.147 , -10.748 , -94.466 , 100.59 , -6.1229 , 0.0450962 , -0.39312 , -0.234051 , -1.64873 , 1.75562 , -0.106851
-20.147 , -10.748 , -94.466 , 100.59 , -6.1229 , 0.0450192 , -0.392978 , -0.234051 , -1.64873 , 1.75562 , -0.106851
-20.147 , -10.748 , -94.466 , 100.59 , -6.1229 , 0.0449052 , -0.392798 , -0.234051 , -1.64873 , 1.75562 , -0.106851
-20.147 , -10.748 , -94.466 , 100.59 , -6.1229 , 0.0449248 , -0.392843 , -0.234051 , -1.64873 , 1.75562 , -0.106851
-20.147 , -10.748 , -94.466 , 100.59 , -6.1229 , 0.0450714 , -0.392986 , -0.234051 , -1.64873 , 1.75562 , -0.106851
-20.147 , -10.748 , -94.466 , 100.59 , -6.1229 , 0.0450441 , -0.393172 , -0.233959 , -1.64873 , 1.75562 , -0.106851
-20.147 , -10.748 , -94.466 , 100.59 , -6.1229 , 0.0450477 , -0.393093 , -0.233959 , -1.64873 , 1.75562 , -0.106851
-20.147 , -10.748 , -94.466 , 100.59 , -6.1229 , 0.0452035 , -0.392773 , -0.233959 , -1.64873 , 1.75564 , -0.106851
-20.147 , -10.748 , -94.466 , 100.59 , -6.1229 , 0.045163 , -0.3926 , -0.233892 , -1.64873 , 1.7556 , -0.106851
-20.147 , -10.748 , -94.466 , 100.59 , -6.1229 , 0.0451901 , -0.392432 , -0.233892 , -1.64873 , 1.75562 , -0.106851
-20.147 , -10.748 , -94.466 , 100.59 , -6.1229 , 0.0454247 , -0.392334 , -0.234035 , -1.64873 , 1.75562 , -0.106851
-20.147 , -10.748 , -94.466 , 100.59 , -6.1229 , 0.0454093 , -0.392424 , -0.234141 , -1.64873 , 1.75562 , -0.106851
-20.147 , -10.748 , -94.466 , 100.59 , -6.1229 , 0.0451456 , -0.392494 , -0.234141 , -1.64873 , 1.75562 , -0.106851
-20.147 , -10.748 , -94.466 , 100.59 , -6.1229 , 0.04493 , -0.392552 , -0.234061 , -1.64871 , 1.75562 , -0.106851
-20.147 , -10.748 , -94.466 , 100.59 , -6.1229 , 0.0449268 , -0.392568 , -0.23394 , -1.64873 , 1.75562 , -0.106851
-20.147 , -10.748 , -94.466 , 100.59 , -6.1229 , 0.0451659 , -0.392421 , -0.23394 , -1.64873 , 1.75564 , -0.106851
-20.147 , -10.748 , -94.466 , 100.59 , -6.1229 , 0.0453392 , -0.392324 , -0.23394 , -1.64873 , 1.75562 , -0.106851
-20.147 , -10.748 , -94.466 , 100.59 , -6.1229 , 0.0454051 , -0.392275 , -0.23408 , -1.64873 , 1.75562 , -0.106851
-20.147 , -10.748 , -94.466 , 100.59 , -6.1229 , 0.0453819 , -0.3923 , -0.234141 , -1.64873 , 1.75564 , -0.106851
-20.147 , -10.748 , -94.466 , 100.59 , -6.1229 , 0.0451659 , -0.392356 , -0.234141 , -1.64873 , 1.75562 , -0.106851
-20.147 , -10.748 , -94.466 , 100.59 , -6.1229 , 0.0450288 , -0.392243 , -0.234141 , -1.64873 , 1.75562 , -0.106851
-20.147 , -10.748 , -94.466 , 100.59 , -6.1229 , 0.0449987 , -0.392179 , -0.234058 , -1.64875 , 1.75562 , -0.106851
-20.147 , -10.748 , -94.466 , 100.59 , -6.1229 , 0.0450278 , -0.392166 , -0.234058 , -1.64875 , 1.75562 , -0.106851
-20.147 , -10.748 , -94.466 , 100.59 , -6.1229 , 0.0451725 , -0.392071 , -0.234058 , -1.64875 , 1.75562 , -0.106851
-20.147 , -10.748 , -94.466 , 100.59 , -6.1229 , 0.045244 , -0.392092 , -0.234058 , -1.64873 , 1.75562 , -0.106851
-20.147 , -10.748 , -94.466 , 100.59 , -6.1229 , 0.0452173 , -0.392159 , -0.234058 , -1.64873 , 1.75562 , -0.106851
-20.147 , -10.748 , -94.466 , 100.59 , -6.1229 , 0.0452371 , -0.392145 , -0.234058 , -1.64873 , 1.75562 , -0.106851
-20.147 , -10.748 , -94.466 , 100.59 , -6.1229 , 0.0452157 , -0.392155 , -0.234058 , -1.64873 , 1.75562 , -0.106851
-20.147 , -10.748 , -94.466 , 100.59 , -6.1229 , 0.0451622 , -0.392122 , -0.234058 , -1.64873 , 1.75562 , -0.106851
-20.147 , -10.748 , -94.466 , 100.59 , -6.1229 , 0.0451362 , -0.392104 , -0.234058 , -1.64873 , 1.75562 , -0.106851
-20.147 , -10.748 , -94.466 , 100.59 , -6.1229 , 0.0451215 , -0.392176 , -0.234058 , -1.64871 , 1.75562 , -0.106851
-20.147 , -10.748 , -94.466 , 100.59 , -6.1229 , 0.0451228 , -0.392115 , -0.234058 , -1.64871 , 1.75562 , -0.106851
-20.147 , -10.748 , -94.466 , 100.59 , -6.1229 , 0.0451119 , -0.392019 , -0.234058 , -1.64871 , 1.75562 , -0.106851
-20.147 , -10.748 , -94.466 , 100.59 , -6.1229 , 0.0450596 , -0.391981 , -0.234058 , -1.64873 , 1.75562 , -0.106851
-20.147 , -10.748 , -94.466 , 100.59 , -6.1229 , 0.0450986 , -0.391916 , -0.234058 , -1.64873 , 1.75562 , -0.106851
-20.147 , -10.748 , -94.466 , 100.59 , -6.1229 , 0.0451821 , -0.391926 , -0.234058 , -1.64873 , 1.75562 , -0.106851
-20.147 , -10.748 , -94.466 , 100.59 , -6.1229 , 0.0451864 , -0.391961 , -0.234058 , -1.64873 , 1.75562 , -0.106851
-20.147 , -10.748 , -94.466 , 100.59 , -6.1229 , 0.0452004 , -0.391927 , -0.234058 , -1.64873 , 1.75562 , -0.106851
-20.147 , -10.748 , -94.466 , 100.59 , -6.1229 , 0.0452171 , -0.391898 , -0.234058 , -1.64873 , 1.75562 , -0.106851
-20.147 , -10.748 , -94.466 , 100.59 , -6.1229 , 0.0451873 , -0.391889 , -0.234058 , -1.64873 , 1.75562 , -0.106851
-20.147 , -10.748 , -94.466 , 100.59 , -6.1229 , 0.0451766 , -0.391861 , -0.234058 , -1.64873 , 1.75562 , -0.106851
-20.147 , -10.748 , -94.466 , 100.59 , -6.1229 , 0.0451986 , -0.39188 , -0.234058 , -1.64875 , 1.75562 , -0.106851
-20.147 , -10.748 , -94.466 , 100.59 , -6.1229 , 0.0451931 , -0.391899 , -0.234058 , -1.64875 , 1.75564 , -0.106851
-20.147 , -10.748 , -94.466 , 100.59 , -6.1229 , 0.0451617 , -0.391897 , -0.234058 , -1.64875 , 1.75562 , -0.106851
-20.147 , -10.748 , -94.466 , 100.59 , -6.1229 , 0.0451012 , -0.391871 , -0.234058 , -1.64873 , 1.75562 , -0.106851
-20.147 , -10.748 , -94.466 , 100.59 , -6.1229 , 0.0450678 , -0.391809 , -0.234058 , -1.64873 , 1.75562 , -0.106851
-20.147 , -10.748 , -94.466 , 100.59 , -6.1229 , 0.045096 , -0.391783 , -0.233996 , -1.64873 , 1.75562 , -0.106851
-20.147 , -10.748 , -94.466 , 100.59 , -6.1229 , 0.0452043 , -0.391743 , -0.233996 , -1.64873 , 1.75562 , -0.106851
-20.147 , -10.748 , -94.466 , 100.59 , -6.1229 , 0.0452825 , -0.391699 , -0.233996 , -1.64871 , 1.75562 , -0.106851
-20.147 , -10.748 , -94.466 , 100.59 , -6.1229 , 0.0452185 , -0.391736 , -0.233996 , -1.64871 , 1.7556 , -0.106851
-20.147 , -10.748 , -94.466 , 100.59 , -6.1229 , 0.0451746 , -0.39172 , -0.233996 , -1.64871 , 1.75562 , -0.106851
-20.147 , -10.748 , -94.466 , 100.59 , -6.1229 , 0.0451646 , -0.391722 , -0.233996 , -1.64871 , 1.75562 , -0.106851
-20.147 , -10.748 , -94.466 , 100.59 , -6.1229 , 0.0450829 , -0.391815 , -0.233996 , -1.64873 , 1.75562 , -0.106851
-20.147 , -10.748 , -94.466 , 100.59 , -6.1229 , 0.0450958 , -0.391794 , -0.233996 , -1.64873 , 1.75562 , -0.106851
-20.147 , -10.748 , -94.466 , 100.59 , -6.1229 , 0.045211 , -0.391783 , -0.233996 , -1.64873 , 1.7556 , -0.106851
-20.147 , -10.748 , -94.466 , 100.59 , -6.1229 , 0.0452388 , -0.391772 , -0.233996 , -1.64873 , 1.75564 , -0.106851
-20.147 , -10.748 , -94.466 , 100.59 , -6.1229 , 0.0452818 , -0.391677 , -0.233996 , -1.64875 , 1.75564 , -0.106851
-20.147 , -10.748 , -94.466 , 100.59 , -6.1229 , 0.0453234 , -0.391678 , -0.233996 , -1.64875 , 1.75562 , -0.106851
-20.147 , -10.748 , -94.466 , 100.59 , -6.1229 , 0.0452852 , -0.391691 , -0.233996 , -1.64875 , 1.75562 , -0.106851
-20.147 , -10.748 , -94.466 , 100.59 , -6.1229 , 0.0452469 , -0.391619 , -0.233996 , -1.64873 , 1.75562 , -0.106851
-20.147 , -10.748 , -94.466 , 100.59 , -6.1229 , 0.0451689 , -0.391615 , -0.233916 , -1.64873 , 1.75562 , -0.106851
-20.147 , -10.748 , -94.466 , 100.59 , -6.1229 , 0.045133 , -0.391575 , -0.233916 , -1.64873 , 1.75562 , -0.106851
-20.147 , -10.748 , -94.466 , 100.59 , -6.1229 , 0.0452162 , -0.391542 , -0.233916 , -1.64873 , 1.7556 , -0.106851
-20.147 , -10.748 , -94.466 , 100.59 , -6.1229 , 0.0452471 , -0.391655 , -0.233916 , -1.64873 , 1.7556 , -0.106851
-20.147 , -10.748 , -94.466 , 100.59 , -6.1229 , 0.0452748 , -0.391693 , -0.233916 , -1.64873 , 1.75562 , -0.106851
-20.147 , -10.748 , -94.466 , 100.59 , -6.1229 , 0.0452343 , -0.391682 , -0.233978 , -1.64871 , 1.75562 , -0.106851
-20.147 , -10.748 , -94.466 , 100.59 , -6.1229 , 0.0449974 , -0.391748 , -0.233978 , -1.64871 , 1.75564 , -0.106851
-20.147 , -10.748 , -94.466 , 100.59 , -6.1229 , 0.0448406 , -0.391737 , -0.233916 , -1.64871 , 1.7556 , -0.106851
-20.147 , -10.748 , -94.466 , 100.59 , -6.1229 , 0.044893 , -0.391669 , -0.233916 , -1.64873 , 1.75562 , -0.106851
-20.147 , -10.748 , -94.466 , 100.59 , -6.1229 , 0.0450372 , -0.39161 , -0.233916 , -1.64873 , 1.75562 , -0.106851
-20.147 , -10.748 , -94.466 , 100.59 , -6.1229 , 0.0450834 , -0.39146 , -0.233986 , -1.64873 , 1.75562 , -0.106851
-20.147 , -10.748 , -94.466 , 100.59 , -6.1229 , 0.0449697 , -0.391454 , -0.233986 , -1.64873 , 1.75562 , -0.106851
-20.147 , -10.748 , -94.466 , 100.59 , -6.1229 , 0.04483 , -0.391491 , -0.234077 , -1.64873 , 1.75564 , -0.106851
-20.147 , -10.748 , -94.466 , 100.59 , -6.1229 , 0.0447748 , -0.39139 , -0.234146 , -1.64873 , 1.75562 , -0.106851
-20.147 , -10.748 , -94.466 , 100.59 , -6.1229 , 0.0446804 , -0.391407 , -0.234146 , -1.64873 , 1.75562 , -0.106851
-20.147 , -10.748 , -94.466 , 100.59 , -6.1229 , 0.0446712 , -0.391441 , -0.234082 , -1.64873 , 1.75562 , -0.106851
-20.147 , -10.748 , -94.466 , 100.59 , -6.1229 , 0.0448987 , -0.391423 , -0.234082 , -1.64873 , 1.7556 , -0.106832
-20.147 , -10.748 , -94.466 , 100.59 , -6.1229 , 0.0450803 , -0.391465 , -0.234082 , -1.64875 , 1.75562 , -0.106832
-20.147 , -10.748 , -94.466 , 100.59 , -6.1229 , 0.0451424 , -0.391445 , -0.234082 , -1.64875 , 1.75562 , -0.106832
-20.147 , -10.748 , -94.466 , 100.59 , -6.1229 , 0.0451237 , -0.391445 , -0.234082 , -1.64875 , 1.75562 , -0.106832
-20.147 , -10.748 , -94.466 , 100.59 , -6.1229 , 0.0450077 , -0.39148 , -0.234082 , -1.64875 , 1.75562 , -0.106832
-20.147 , -10.748 , -94.466 , 100.59 , -6.1229 , 0.044913 , -0.391421 , -0.234082 , -1.64873 , 1.75564 , -0.106832
-20.147 , -10.748 , -94.466 , 100.59 , -6.1229 , 0.0448423 , -0.39137 , -0.234014 , -1.64873 , 1.75564 , -0.106832
-20.147 , -10.748 , -94.466 , 100.59 , -6.1229 , 0.0447968 , -0.391342 , -0.234014 , -1.64873 , 1.75562 , -0.106832
-20.147 , -10.748 , -94.466 , 100.59 , -6.1229 , 0.044885 , -0.391321 , -0.234014 , -1.64871 , 1.75564 , -0.106832
-20.147 , -10.748 , -94.466 , 100.59 , -6.1229 , 0.044982 , -0.391311 , -0.234014 , -1.64871 , 1.75564 , -0.106851
-20.147 , -10.748 , -94.466 , 100.59 , -6.1229 , 0.0449792 , -0.391294 , -0.234014 , -1.64871 , 1.75562 , -0.106851
-20.147 , -10.748 , -94.466 , 100.59 , -6.1229 , 0.0449251 , -0.391265 , -0.234014 , -1.64871 , 1.75562 , -0.106832
-20.147 , -10.748 , -94.466 , 100.59 , -6.1229 , 0.0448624 , -0.391276 , -0.234014 , -1.64873 , 1.75562 , -0.106832
-20.147 , -10.748 , -94.466 , 100.59 , -6.1229 , 0.0448189 , -0.391275 , -0.234014 , -1.64873 , 1.75562 , -0.106851
-20.147 , -10.748 , -94.466 , 100.59 , -6.1229 , 0.0448375 , -0.391254 , -0.234014 , -1.64873 , 1.75562 , -0.106851
-20.147 , -10.748 , -94.466 , 100.59 , -6.1229 , 0.0448894 , -0.391273 , -0.234014 , -1.64873 , 1.75562 , -0.106851
-20.147 , -10.748 , -94.466 , 100.59 , -6.1229 , 0.0449698 , -0.391251 , -0.234014 , -1.64873 , 1.75562 , -0.106851
-20.147 , -10.748 , -94.466 , 100.59 , -6.1229 , 0.0450413 , -0.391241 , -0.234014 , -1.64873 , 1.75562 , -0.106851
-20.147 , -10.748 , -94.466 , 100.59 , -6.1229 , 0.0450417 , -0.391241 , -0.234014 , -1.64873 , 1.7556 , -0.106851
-20.147 , -10.748 , -94.466 , 100.59 , -6.1229 , 0.0450322 , -0.391193 , -0.234014 , -1.64873 , 1.75562 , -0.106851
-20.147 , -10.748 , -94.466 , 100.59 , -6.1229 , 0.0449963 , -0.391185 , -0.234014 , -1.64875 , 1.75564 , -0.106851
-20.147 , -10.748 , -94.466 , 100.59 , -6.1229 , 0.0449743 , -0.391185 , -0.234014 , -1.64875 , 1.75562 , -0.106851
-20.147 , -10.748 , -94.466 , 100.59 , -6.1229 , 0.044986 , -0.391172 , -0.234014 , -1.64873 , 1.75562 , -0.106851
-20.147 , -10.748 , -94.466 , 100.59 , -6.1229 , 0.0449764 , -0.39118 , -0.234014 , -1.64873 , 1.75564 , -0.106832
-20.147 , -10.748 , -94.466 , 100.59 , -6.1229 , 0.0449618 , -0.391154 , -0.234014 , -1.64873 , 1.75562 , -0.106851
-20.147 , -10.748 , -94.466 , 100.59 , -6.1229 , 0.0449476 , -0.391179 , -0.234014 , -1.64873 , 1.75562 , -0.106851
-20.147 , -10.748 , -94.466 , 100.59 , -6.1229 , 0.0449451 , -0.391144 , -0.234014 , -1.64873 , 1.75562 , -0.106851
-20.147 , -10.748 , -94.466 , 100.59 , -6.1229 , 0.0449721 , -0.391077 , -0.234014 , -1.64873 , 1.75562 , -0.106851
-20.147 , -10.748 , -94.466 , 100.59 , -6.1229 , 0.0449552 , -0.391126 , -0.234014 , -1.64873 , 1.75562 , -0.106832
-20.147 , -10.748 , -94.466 , 100.59 , -6.1229 , 0.044985 , -0.391142 , -0.234014 , -1.64873 , 1.75562 , -0.106851
-20.147 , -10.748 , -94.466 , 100.59 , -6.1229 , 0.0450578 , -0.391137 , -0.234014 , -1.64873 , 1.75562 , -0.106851
-20.147 , -10.748 , -94.466 , 100.59 , -6.1229 , 0.045037 , -0.391109 , -0.234014 , -1.64873 , 1.75562 , -0.106851
-20.147 , -10.748 , -94.466 , 100.59 , -6.1229 , 0.0449987 , -0.391051 , -0.234014 , -1.64873 , 1.75562 , -0.106851
-20.147 , -10.748 , -94.466 , 100.59 , -6.1229 , 0.0449939 , -0.391041 , -0.234014 , -1.64873 , 1.75562 , -0.106851
-20.147 , -10.748 , -94.466 , 100.59 , -6.1229 , 0.0450209 , -0.391045 , -0.234014 , -1.64873 , 1.75562 , -0.106851
-20.147 , -10.748 , -94.466 , 100.59 , -6.1229 , 0.0450545 , -0.39102 , -0.234014 , -1.64873 , 1.75562 , -0.106851
-20.147 , -10.748 , -94.466 , 100.59 , -6.1229 , 0.0450518 , -0.391029 , -0.234014 , -1.64871 , 1.75562 , -0.106851
-20.147 , -10.748 , -94.466 , 100.59 , -6.1229 , 0.0450241 , -0.391068 , -0.234014 , -1.64871 , 1.75562 , -0.106851
-20.147 , -10.748 , -94.466 , 100.59 , -6.1229 , 0.0450328 , -0.391052 , -0.234014 , -1.64873 , 1.75562 , -0.106851
-20.147 , -10.748 , -94.466 , 100.59 , -6.1229 , 0.0450193 , -0.391049 , -0.234014 , -1.64873 , 1.75562 , -0.106851
-20.147 , -10.748 , -94.466 , 100.59 , -6.1229 , 0.04498 , -0.391046 , -0.234014 , -1.64873 , 1.75562 , -0.106851
-20.147 , -10.748 , -94.466 , 100.59 , -6.1229 , 0.0450101 , -0.391005 , -0.234014 , -1.64873 , 1.75562 , -0.106851
-20.147 , -10.748 , -94.466 , 100.59 , -6.1229 , 0.0450454 , -0.391044 , -0.234014 , -1.64873 , 1.75562 , -0.106851
-20.147 , -10.748 , -94.466 , 100.59 , -6.1229 , 0.0450588 , -0.391051 , -0.234014 , -1.64873 , 1.75562 , -0.106851
-20.147 , -10.748 , -94.466 , 100.59 , -6.1229 , 0.0450647 , -0.391052 , -0.234014 , -1.64873 , 1.75562 , -0.106851
-20.147 , -10.748 , -94.466 , 100.59 , -6.1229 , 0.0450191 , -0.391094 , -0.234014 , -1.64875 , 1.75564 , -0.106851
-20.147 , -10.748 , -94.466 , 100.59 , -6.1229 , 0.0450142 , -0.391039 , -0.234014 , -1.64875 , 1.75564 , -0.106832
-20.147 , -10.748 , -94.466 , 100.59 , -6.1229 , 0.0450314 , -0.391036 , -0.234014 , -1.64875 , 1.75562 , -0.106851
-20.147 , -10.748 , -94.466 , 100.59 , -6.1229 , 0.0450223 , -0.391045 , -0.234014 , -1.64873 , 1.75564 , -0.106851
-20.147 , -10.748 , -94.466 , 100.59 , -6.1229 , 0.0450945 , -0.391039 , -0.234014 , -1.64873 , 1.75564 , -0.106851
-20.147 , -10.748 , -94.466 , 100.59 , -6.1229 , 0.0451554 , -0.391058 , -0.234014 , -1.64873 , 1.75562 , -0.106851
-20.147 , -10.748 , -94.466 , 100.59 , -6.1229 , 0.0451732 , -0.39103 , -0.234014 , -1.64873 , 1.75562 , -0.106851
-20.147 , -10.748 , -94.466 , 100.59 , -6.1229 , 0.0451255 , -0.391044 , -0.234014 , -1.64873 , 1.75564 , -0.106851
-20.147 , -10.748 , -94.466 , 100.59 , -6.1229 , 0.0450341 , -0.391089 , -0.234014 , -1.64873 , 1.75562 , -0.106851
-20.147 , -10.748 , -94.466 , 100.59 , -6.1229 , 0.0450588 , -0.391056 , -0.234014 , -1.64873 , 1.75562 , -0.106851
-20.147 , -10.748 , -94.466 , 100.59 , -6.1229 , 0.0450945 , -0.391009 , -0.234014 , -1.64873 , 1.75562 , -0.106851
-20.147 , -10.748 , -94.466 , 100.59 , -6.1229 , 0.0450727 , -0.391007 , -0.233953 , -1.64873 , 1.75562 , -0.106851
-20.147 , -10.748 , -94.466 , 100.59 , -6.1229 , 0.0451366 , -0.390932 , -0.233953 , -1.64873 , 1.75562 , -0.106851
-20.147 , -10.748 , -94.466 , 100.59 , -6.1229 , 0.0451922 , -0.39091 , -0.233953 , -1.64873 , 1.75562 , -0.106851
-20.147 , -10.748 , -94.466 , 100.59 , -6.1229 , 0.0451315 , -0.390992 , -0.233953 , -1.64873 , 1.7556 , -0.106851
-20.147 , -10.748 , -94.466 , 100.59 , -6.1229 , 0.0451379 , -0.390961 , -0.233953 , -1.64873 , 1.75562 , -0.106851
-20.147 , -10.748 , -94.466 , 100.59 , -6.1229 , 0.0451404 , -0.39096 , -0.233953 , -1.64871 , 1.75562 , -0.106851
-20.147 , -10.748 , -94.466 , 100.59 , -6.1229 , 0.0450613 , -0.390991 , -0.233953 , -1.64873 , 1.75562 , -0.106851
-20.147 , -10.748 , -94.466 , 100.59 , -6.1229 , 0.0451292 , -0.390888 , -0.233953 , -1.64873 , 1.75562 , -0.106851
-20.147 , -10.748 , -94.466 , 100.59 , -6.1229 , 0.0452328 , -0.390911 , -0.233953 , -1.64873 , 1.75562 , -0.106851
-20.147 , -10.748 , -94.466 , 100.59 , -6.1229 , 0.0452323 , -0.390944 , -0.233953 , -1.64873 , 1.75562 , -0.106851
-20.147 , -10.748 , -94.466 , 100.59 , -6.1229 , 0.0452575 , -0.390922 , -0.233953 , -1.64873 , 1.75562 , -0.106851
-20.147 , -10.748 , -94.466 , 100.59 , -6.1229 , 0.0452 , -0.390971 , -0.233953 , -1.64873 , 1.75564 , -0.106851
-20.147 , -10.748 , -94.466 , 100.59 , -6.1229 , 0.0451356 , -0.390924 , -0.233953 , -1.64873 , 1.75562 , -0.106832
-20.147 , -10.748 , -94.466 , 100.59 , -6.1229 , 0.045134 , -0.390848 , -0.233953 , -1.64873 , 1.75562 , -0.106851
-20.147 , -10.748 , -94.466 , 100.59 , -6.1229 , 0.0451074 , -0.390847 , -0.233888 , -1.64873 , 1.75562 , -0.106851
-20.147 , -10.748 , -94.466 , 100.59 , -6.1229 , 0.0451452 , -0.390871 , -0.233888 , -1.64873 , 1.75562 , -0.106851
-20.147 , -10.748 , -94.466 , 100.59 , -6.1229 , 0.0452118 , -0.390847 , -0.233888 , -1.64873 , 1.75562 , -0.106851
-20.147 , -10.748 , -94.466 , 100.59 , -6.1229 , 0.0451809 , -0.390894 , -0.233888 , -1.64875 , 1.75564 , -0.106851
-20.147 , -10.748 , -94.466 , 100.59 , -6.1229 , 0.0450937 , -0.390951 , -0.233888 , -1.64875 , 1.75562 , -0.106851
-20.147 , -10.748 , -94.466 , 100.59 , -6.1229 , 0.0451353 , -0.390889 , -0.233888 , -1.64875 , 1.75562 , -0.106851
-20.147 , -10.748 , -94.466 , 100.59 , -6.1229 , 0.0451655 , -0.390857 , -0.233888 , -1.64873 , 1.75562 , -0.106851
-20.147 , -10.748 , -94.466 , 100.59 , -6.1229 , 0.0451045 , -0.39087 , -0.233888 , -1.64873 , 1.75564 , -0.106851
-20.147 , -10.748 , -94.466 , 100.59 , -6.1229 , 0.0451043 , -0.390873 , -0.233888 , -1.64873 , 1.75562 , -0.106851
-20.147 , -10.748 , -94.466 , 100.59 , -6.1229 , 0.0451328 , -0.390944 , -0.233888 , -1.64873 , 1.75564 , -0.106851
-20.147 , -10.748 , -94.466 , 100.59 , -6.1229 , 0.0451604 , -0.390961 , -0.233888 , -1.64873 , 1.75562 , -0.106851
-20.147 , -10.748 , -94.466 , 100.59 , -6.1229 , 0.0451973 , -0.390895 , -0.233888 , -1.64873 , 1.75562 , -0.106851
-20.147 , -10.748 , -94.466 , 100.59 , -6.1229 , 0.0451357 , -0.390866 , -0.233888 , -1.64873 , 1.75562 , -0.106851
-20.147 , -10.748 , -94.466 , 100.59 , -6.1229 , 0.0450897 , -0.390791 , -0.233888 , -1.64871 , 1.75562 , -0.106851
-20.147 , -10.748 , -94.466 , 100.59 , -6.1229 , 0.0451266 , -0.390754 , -0.233888 , -1.64871 , 1.75562 , -0.106851
-20.147 , -10.748 , -94.466 , 100.59 , -6.1229 , 0.045053 , -0.39079 , -0.233888 , -1.64873 , 1.75562 , -0.106851
-20.147 , -10.748 , -94.466 , 100.59 , -6.1229 , 0.0449764 , -0.390784 , -0.233888 , -1.64873 , 1.75562 , -0.106851
-20.147 , -10.748 , -94.466 , 100.59 , -6.1229 , 0.0450012 , -0.390763 , -0.233888 , -1.64873 , 1.75562 , -0.106851
-20.147 , -10.748 , -94.466 , 100.59 , -6.1229 , 0.0450644 , -0.390778 , -0.233888 , -1.64873 , 1.75562 , -0.106851
