90 , 0 , -0.0135824 , 0.0637953 , -0.0020909 , -12.1689 , 0 , 0 , 16.4055 , 0
90 , 0 , -0.0137786 , 0.0637605 , -0.0020909 , -12.1687 , -0.000136788 , -0.000117247 , 18.1328 , 0
90 , 0 , -0.0139118 , 0.0637137 , -0.0020909 , -12.1672 , -0.00173916 , -0.00138742 , 19.8602 , 0
90 , 0 , -0.0139637 , 0.0638339 , -0.0020909 , -12.1644 , -0.00451401 , -0.00383007 , 21.5859 , 0
90 , 0 , -0.0141051 , 0.0643621 , -0.00203998 , -12.1604 , -0.00846132 , -0.00748426 , 23.307 , 0
90 , 0 , -0.0141558 , 0.0653991 , -0.00203998 , -12.1556 , -0.0134639 , -0.0123305 , 25.022 , 0
90 , 0 , -0.0140128 , 0.0669688 , -0.00203998 , -12.1488 , -0.0202642 , -0.018525 , 26.7299 , 0
90 , 0 , -0.013837 , 0.0691907 , -0.00203998 , -12.1414 , -0.0279634 , -0.025853 , 28.429 , 0
90 , 0 , -0.0136708 , 0.0720465 , -0.00203998 , -12.1326 , -0.0365615 , -0.0342947 , 30.1186 , 0
90 , 0 , -0.0134702 , 0.0752514 , -0.00203998 , -12.1228 , -0.0463907 , -0.0439676 , 31.8012 , 0
90 , 0 , -0.0132683 , 0.0788079 , -0.00203998 , -12.1115 , -0.0576269 , -0.0547739 , 33.4762 , 0
90 , 0 , -0.0131449 , 0.0825863 , -0.00203998 , -12.0992 , -0.0702309 , -0.0669871 , 35.1448 , 0
90 , 0 , -0.0131635 , 0.0866792 , -0.00200872 , -12.0857 , -0.0835384 , -0.0801774 , 36.8056 , 0
90 , 0 , -0.0133013 , 0.0912992 , -0.00200872 , -12.0709 , -0.0982725 , -0.0945987 , 38.456 , 0
90 , 0 , -0.0132906 , 0.0963213 , -0.00200872 , -12.0549 , -0.114413 , -0.110408 , 40.0967 , 0
90 , 0 , -0.0130579 , 0.101827 , -0.00204123 , -12.0378 , -0.131414 , -0.127213 , 41.7264 , 0
90 , 0 , -0.0128653 , 0.108106 , -0.00200287 , -12.0195 , -0.150193 , -0.145328 , 43.3413 , 0
90 , 0 , -0.0127786 , 0.114875 , -0.00200287 , -12 , -0.169402 , -0.165572 , 44.9438 , 0
90 , 0 , -0.0125857 , 0.121822 , -0.00206613 , -11.9792 , -0.190389 , -0.185035 , 46.5365 , 0
90 , 0 , -0.0122965 , 0.128988 , -0.00206613 , -11.9572 , -0.212041 , -0.20784 , 48.1189 , 0
90 , 0 , -0.0123351 , 0.136455 , -0.00200718 , -11.9341 , -0.23551 , -0.229628 , 49.6898 , 0
90 , 0 , -0.0125251 , 0.144503 , -0.00200718 , -11.9097 , -0.259722 , -0.253586 , 51.2458 , 0
90 , 0 , -0.0124597 , 0.153101 , -0.00191745 , -11.8841 , -0.285203 , -0.27893 , 52.7866 , 0
90 , 0 , -0.0122856 , 0.162364 , -0.00191745 , -11.8574 , -0.312248 , -0.305428 , 54.3104 , 0
90 , 0 , -0.0117799 , 0.172301 , -0.00197371 , -11.8295 , -0.339977 , -0.334388 , 55.8161 , 0
90 , 0 , -0.0110574 , 0.182476 , -0.00201069 , -11.8004 , -0.369093 , -0.363407 , 57.3079 , 0
90 , 0 , -0.0105634 , 0.192969 , -0.00213436 , -11.7699 , -0.399675 , -0.39352 , 58.7846 , 0
90 , 0 , -0.0103307 , 0.20387 , -0.00217487 , -11.7383 , -0.431449 , -0.424747 , 60.2448 , 0
90 , 0 , -0.0103575 , 0.214415 , -0.0026299 , -11.7058 , -0.464024 , -0.457283 , 61.6964 , 0
90 , 0 , -0.0110552 , 0.225072 , -0.0027506 , -11.6704 , -0.499589 , -0.491128 , 63.1347 , 0
90 , 0 , -0.0116609 , 0.236076 , -0.00285432 , -11.6354 , -0.534666 , -0.526107 , 64.557 , 0
90 , 0 , -0.0121238 , 0.247541 , -0.00296369 , -11.601 , -0.569332 , -0.56216 , 65.9616 , 0
90 , 0 , -0.0123587 , 0.260346 , -0.00296369 , -11.5617 , -0.608766 , -0.599601 , 67.3386 , 0
90 , 0 , -0.0113947 , 0.273678 , -0.00312204 , -11.525 , -0.645718 , -0.638077 , 68.6951 , 0
90 , 0 , -0.00997809 , 0.287516 , -0.0032284 , -11.4833 , -0.687653 , -0.677765 , 70.0308 , 0
90 , 0 , -0.00906446 , 0.302056 , -0.0032284 , -11.4422 , -0.728866 , -0.718665 , 71.3431 , 0
90 , 0 , -0.00897245 , 0.316817 , -0.00319122 , -11.4001 , -0.771211 , -0.760894 , 72.6363 , 0
90 , 0 , -0.00895699 , 0.330859 , -0.00344806 , -11.3567 , -0.814886 , -0.804236 , 73.9204 , 0
90 , 0 , -0.00888399 , 0.344833 , -0.00351517 , -11.312 , -0.859537 , -0.848751 , 75.1891 , 0
90 , 0 , -0.00900483 , 0.359712 , -0.00346257 , -11.2662 , -0.905674 , -0.89434 , 76.432 , 0
90 , 0 , -0.00872639 , 0.374959 , -0.00339551 , -11.2192 , -0.953003 , -0.941239 , 77.6538 , 0
90 , 0 , -0.00776525 , 0.390834 , -0.00339551 , -11.1709 , -1.00168 , -0.989447 , 78.8513 , 0
90 , 0 , -0.00648223 , 0.407552 , -0.00336045 , -11.1216 , -1.05106 , -1.03891 , 80.0214 , 0
90 , 0 , -0.00553944 , 0.425114 , -0.0032681 , -11.071 , -1.10189 , -1.0895 , 81.1632 , 0
90 , 0 , -0.00527136 , 0.443062 , -0.00331818 , -11.0191 , -1.15402 , -1.14097 , 82.2807 , 0
90 , 0 , -0.00575499 , 0.461033 , -0.0032057 , -10.9661 , -1.20735 , -1.19393 , 83.3774 , 0
90 , 0 , -0.00541292 , 0.479036 , -0.00308605 , -10.912 , -1.26146 , -1.24823 , 84.4531 , 0
90 , 0 , -0.00418222 , 0.497279 , -0.0030075 , -10.8564 , -1.31727 , -1.30338 , 85.5055 , 0
90 , 0 , -0.00333452 , 0.515643 , -0.00285095 , -10.7999 , -1.37398 , -1.36004 , 86.5358 , 0
90 , 0 , -0.00251108 , 0.534466 , -0.00285095 , -10.7422 , -1.4318 , -1.41769 , 87.54 , 0
90 , 0 , -0.00271119 , 0.553941 , -0.00299042 , -10.683 , -1.49132 , -1.47659 , 88.5155 , 0
90 , 0 , -0.00360392 , 0.573946 , -0.00295138 , -10.6232 , -1.55108 , -1.53955 , 89.463 , 0
90 , 0 , -0.00368344 , 0.594933 , -0.00279522 , -10.5631 , -1.61134 , -1.59954 , 90.3768 , 0
90 , 0 , -0.00261926 , 0.616512 , -0.00267636 , -10.5033 , -1.67124 , -1.65955 , 91.2602 , 0
90 , 0 , -0.00098617 , 0.637877 , -0.00267636 , -10.4431 , -1.73127 , -1.71958 , 92.1211 , 0
90 , 0 , 0.000157022 , 0.65917 , -0.00287869 , -10.3833 , -1.79118 , -1.77952 , 92.9584 , 0
90 , 0 , 0.000455228 , 0.679992 , -0.00305978 , -10.3231 , -1.85149 , -1.83957 , 93.7763 , 0
90 , 0 , 0.000133921 , 0.700144 , -0.00318969 , -10.2633 , -1.91064 , -1.89921 , 94.5777 , 0
90 , 0 , 2.60286e-05 , 0.720033 , -0.00327052 , -10.2031 , -1.96992 , -1.95802 , 95.3589 , 0
90 , 0 , 0.00033772 , 0.739862 , -0.00331654 , -10.1433 , -2.02788 , -2.01659 , 96.118 , 0
90 , 0 , 0.00134977 , 0.760283 , -0.00336579 , -10.0832 , -2.0859 , -2.07424 , 96.8478 , 0
90 , 0 , 0.00227555 , 0.781223 , -0.0036364 , -10.0203 , -2.14533 , -2.13171 , 97.5487 , 0
90 , 0 , 0.00177555 , 0.802598 , -0.00382821 , -9.96028 , -2.20188 , -2.18785 , 98.2207 , 0
90 , 0 , 0.000704742 , 0.823533 , -0.00392849 , -9.90029 , -2.25743 , -2.24375 , 98.8731 , 0
90 , 0 , 0.00090283 , 0.842696 , -0.00392849 , -9.8403 , -2.31209 , -2.29876 , 99.5208 , 0
90 , 0 , 0.00203554 , 0.86077 , -0.00415449 , -9.78031 , -2.36667 , -2.35311 , 100.158 , 0
90 , 0 , 0.00219152 , 0.879009 , -0.00440266 , -9.7203 , -2.42002 , -2.40728 , 100.773 , 0
90 , 0 , 0.0010279 , 0.89788 , -0.00449483 , -9.66033 , -2.47297 , -2.46017 , 101.361 , 0
90 , 0 , 0.000745775 , 0.917111 , -0.0043428 , -9.60032 , -2.52532 , -2.51247 , 101.923 , 0
90 , 0 , 0.00201284 , 0.936519 , -0.00437974 , -9.54032 , -2.57636 , -2.56409 , 102.46 , 0
90 , 0 , 0.00308156 , 0.954991 , -0.00443794 , -9.48035 , -2.62688 , -2.61496 , 102.986 , 0
90 , 0 , 0.00362748 , 0.972465 , -0.0046447 , -9.42032 , -2.67728 , -2.66491 , 103.501 , 0
90 , 0 , 0.00295825 , 0.989481 , -0.00475131 , -9.36033 , -2.72654 , -2.7169 , 104.002 , 0
90 , 0 , 0.00220437 , 1.00594 , -0.00449388 , -9.30036 , -2.77475 , -2.7631 , 104.489 , 0
90 , 0 , 0.00333622 , 1.02286 , -0.00441657 , -9.24035 , -2.82217 , -2.81313 , 104.952 , 0
90 , 0 , 0.00478084 , 1.03943 , -0.00451306 , -9.18038 , -2.8686 , -2.8578 , 105.399 , 0
90 , 0 , 0.00500958 , 1.0555 , -0.00461551 , -9.12037 , -2.91536 , -2.90636 , 105.833 , 0
90 , 0 , 0.00503203 , 1.07186 , -0.00456245 , -9.06041 , -2.96052 , -2.94941 , 106.246 , 0
90 , 0 , 0.00527686 , 1.08833 , -0.00431515 , -9.00036 , -3.00508 , -2.99652 , 106.638 , 0
90 , 0 , 0.00589429 , 1.10446 , -0.00415838 , -8.94045 , -3.04873 , -3.04045 , 107.015 , 0
90 , 0 , 0.00739179 , 1.11987 , -0.00428198 , -8.88042 , -3.09143 , -3.08346 , 107.382 , 0
90 , 0 , 0.00752465 , 1.13515 , -0.00451304 , -8.82047 , -3.13344 , -3.12557 , 107.733 , 0
90 , 0 , 0.00598152 , 1.15027 , -0.00435516 , -8.76044 , -3.17448 , -3.1668 , 108.067 , 0
90 , 0 , 0.00605976 , 1.16513 , -0.00397122 , -8.7005 , -3.21481 , -3.20729 , 108.387 , 0
90 , 0 , 0.00793629 , 1.17926 , -0.00397122 , -8.64049 , -3.25417 , -3.24696 , 108.698 , 0
90 , 0 , 0.00874042 , 1.19272 , -0.00426712 , -8.57743 , -3.29481 , -3.28575 , 109 , 0
90 , 0 , 0.00743637 , 1.20617 , -0.00432982 , -8.51752 , -3.33265 , -3.32366 , 109.287 , 0
90 , 0 , 0.00657548 , 1.21962 , -0.00407431 , -8.45749 , -3.36944 , -3.36081 , 109.559 , 0
90 , 0 , 0.00724804 , 1.2331 , -0.00397858 , -8.39748 , -3.40575 , -3.39694 , 109.814 , 0
90 , 0 , 0.00785587 , 1.24627 , -0.00410028 , -8.33747 , -3.44085 , -3.43217 , 110.058 , 0
90 , 0 , 0.00824955 , 1.25899 , -0.00416475 , -8.27752 , -3.47502 , -3.46646 , 110.291 , 0
90 , 0 , 0.00841444 , 1.27128 , -0.00431222 , -8.21753 , -3.50815 , -3.49994 , 110.515 , 0
90 , 0 , 0.00815938 , 1.28369 , -0.00434522 , -8.15751 , -3.54031 , -3.53245 , 110.723 , 0
90 , 0 , 0.00818184 , 1.29577 , -0.00409853 , -8.09754 , -3.57177 , -3.56423 , 110.92 , 0
90 , 0 , 0.00857849 , 1.30682 , -0.0038834 , -8.03755 , -3.6023 , -3.59501 , 111.115 , 0
90 , 0 , 0.010087 , 1.31763 , -0.00394277 , -7.97756 , -3.63241 , -3.62612 , 111.3 , 0
90 , 0 , 0.0115892 , 1.32814 , -0.00353515 , -7.91761 , -3.66051 , -3.65361 , 111.476 , 0
90 , 0 , 0.0122778 , 1.33813 , -0.00336724 , -7.85754 , -3.68802 , -3.68286 , 111.645 , 0
90 , 0 , 0.0131706 , 1.34739 , -0.00341557 , -7.79761 , -3.71526 , -3.70991 , 111.811 , 0
90 , 0 , 0.0131513 , 1.35604 , -0.00341557 , -7.73759 , -3.74108 , -3.73605 , 111.973 , 0
90 , 0 , 0.0131133 , 1.36504 , -0.00317415 , -7.6776 , -3.76615 , -3.76124 , 112.121 , 0
90 , 0 , 0.0135262 , 1.37416 , -0.00302467 , -7.61763 , -3.79009 , -3.78543 , 112.257 , 0
90 , 0 , 0.0140806 , 1.38314 , -0.00308423 , -7.55764 , -3.81299 , -3.80863 , 112.385 , 0
90 , 0 , 0.0147336 , 1.39185 , -0.00317415 , -7.49767 , -3.83542 , -3.83081 , 112.505 , 0
90 , 0 , 0.0141912 , 1.40012 , -0.00328016 , -7.43467 , -3.85721 , -3.85205 , 112.62 , 0
90 , 0 , 0.0135361 , 1.40839 , -0.00321128 , -7.37462 , -3.87751 , -3.87247 , 112.726 , 0
90 , 0 , 0.0136804 , 1.41621 , -0.00304806 , -7.31468 , -3.89686 , -3.89188 , 112.827 , 0
90 , 0 , 0.0143369 , 1.42336 , -0.00307834 , -7.25462 , -3.91503 , -3.91017 , 112.926 , 0
90 , 0 , 0.0147735 , 1.42971 , -0.0031573 , -7.1947 , -3.93205 , -3.9281 , 113.026 , 0
90 , 0 , 0.0147689 , 1.43518 , -0.00322222 , -7.13465 , -3.94851 , -3.9446 , 113.128 , 0
90 , 0 , 0.0145845 , 1.44066 , -0.00322222 , -7.07476 , -3.96369 , -3.96017 , 113.224 , 0
90 , 0 , 0.0145012 , 1.44644 , -0.0031457 , -7.01465 , -3.97833 , -3.97489 , 113.31 , 0
90 , 0 , 0.014945 , 1.45223 , -0.0031457 , -6.95476 , -3.99181 , -3.98931 , 113.39 , 0
90 , 0 , 0.0150974 , 1.45743 , -0.00327664 , -6.89469 , -4.00402 , -4.00131 , 113.469 , 0
90 , 0 , 0.0145136 , 1.46197 , -0.00327664 , -6.83477 , -4.01594 , -4.01315 , 113.549 , 0
90 , 0 , 0.014228 , 1.46583 , -0.00313633 , -6.77472 , -4.02683 , -4.02425 , 113.632 , 0
90 , 0 , 0.014807 , 1.46872 , -0.00309171 , -6.71479 , -4.03662 , -4.03464 , 113.721 , 0
90 , 0 , 0.0153213 , 1.47122 , -0.00315714 , -6.65476 , -4.04564 , -4.04387 , 113.81 , 0
90 , 0 , 0.0152161 , 1.47408 , -0.00330064 , -6.59481 , -4.05424 , -4.05245 , 113.893 , 0
90 , 0 , 0.0147628 , 1.47721 , -0.00330064 , -6.53476 , -4.06186 , -4.06026 , 113.97 , 0
90 , 0 , 0.0144596 , 1.48022 , -0.00321939 , -6.47485 , -4.06866 , -4.06732 , 114.045 , 0
90 , 0 , 0.0145532 , 1.48265 , -0.00316874 , -6.41171 , -4.07502 , -4.07369 , 114.122 , 0
90 , 0 , 0.0149615 , 1.48424 , -0.00321992 , -6.35486 , -4.0801 , -4.07924 , 114.206 , 0
90 , 0 , 0.0151476 , 1.48534 , -0.00334028 , -6.29176 , -4.08524 , -4.08439 , 114.293 , 0
90 , 0 , 0.0148522 , 1.48646 , -0.00340888 , -6.23195 , -4.08979 , -4.08893 , 114.379 , 0
90 , 0 , 0.014421 , 1.48774 , -0.00340888 , -6.17174 , -4.09399 , -4.09315 , 114.461 , 0
90 , 0 , 0.0144981 , 1.48887 , -0.00335811 , -6.11197 , -4.09774 , -4.09704 , 114.544 , 0
90 , 0 , 0.014911 , 1.4898 , -0.00335811 , -6.0518 , -4.1014 , -4.10071 , 114.628 , 0
90 , 0 , 0.0149354 , 1.49061 , -0.00348403 , -5.99196 , -4.1048 , -4.10413 , 114.712 , 0
90 , 0 , 0.0147725 , 1.49101 , -0.00352268 , -5.93182 , -4.10816 , -4.10767 , 114.799 , 0
90 , 0 , 0.0144713 , 1.49126 , -0.00352268 , -5.87196 , -4.11132 , -4.11087 , 114.888 , 0
90 , 0 , 0.0144435 , 1.49153 , -0.00352268 , -5.81183 , -4.1147 , -4.11396 , 114.976 , 0
90 , 0 , 0.0148652 , 1.49203 , -0.0035591 , -5.75198 , -4.11771 , -4.11705 , 115.062 , 0
90 , 0 , 0.0150131 , 1.49284 , -0.00363923 , -5.69183 , -4.12078 , -4.12014 , 115.143 , 0
90 , 0 , 0.0147201 , 1.49349 , -0.00372395 , -5.63202 , -4.12383 , -4.12334 , 115.226 , 0
90 , 0 , 0.0143412 , 1.49376 , -0.00372395 , -5.57183 , -4.12688 , -4.12625 , 115.311 , 0
90 , 0 , 0.0143222 , 1.49384 , -0.00372395 , -5.51203 , -4.12975 , -4.12946 , 115.399 , 0
90 , 0 , 0.0145814 , 1.49408 , -0.00372395 , -5.45189 , -4.13303 , -4.13251 , 115.484 , 0
90 , 0 , 0.0147987 , 1.49475 , -0.00380641 , -5.39205 , -4.13596 , -4.13557 , 115.565 , 0
90 , 0 , 0.0147632 , 1.49567 , -0.00380641 , -5.33194 , -4.13915 , -4.13854 , 115.642 , 0
90 , 0 , 0.0144874 , 1.4965 , -0.00387199 , -5.27207 , -4.14202 , -4.14151 , 115.719 , 0
90 , 0 , 0.0143769 , 1.49686 , -0.00387199 , -5.21194 , -4.14495 , -4.14439 , 115.8 , 0
90 , 0 , 0.0145356 , 1.49708 , -0.00387199 , -5.15208 , -4.14788 , -4.14742 , 115.883 , 0
90 , 0 , 0.0146303 , 1.49749 , -0.00395241 , -5.08889 , -4.15089 , -4.15009 , 115.962 , 0
90 , 0 , 0.0145939 , 1.49805 , -0.00399777 , -5.03208 , -4.15353 , -4.15308 , 116.04 , 0
90 , 0 , 0.0145338 , 1.49874 , -0.00403266 , -4.96891 , -4.15638 , -4.15592 , 116.116 , 0
90 , 0 , 0.0145397 , 1.49951 , -0.00403266 , -4.90909 , -4.15937 , -4.15875 , 116.19 , 0
90 , 0 , 0.0143895 , 1.50015 , -0.0041174 , -4.84892 , -4.16201 , -4.16166 , 116.265 , 0
90 , 0 , 0.0142447 , 1.50048 , -0.0041174 , -4.78915 , -4.16477 , -4.16446 , 116.343 , 0
90 , 0 , 0.0141781 , 1.50076 , -0.0041174 , -4.7289 , -4.16758 , -4.16713 , 116.42 , 0
90 , 0 , 0.0140805 , 1.50112 , -0.00419081 , -4.66916 , -4.17034 , -4.16985 , 116.496 , 0
90 , 0 , 0.0140832 , 1.50165 , -0.00419081 , -4.60898 , -4.17309 , -4.17255 , 116.57 , 0
90 , 0 , 0.0139551 , 1.5024 , -0.00426359 , -4.5492 , -4.17595 , -4.17528 , 116.641 , 0
90 , 0 , 0.0139684 , 1.50291 , -0.00426359 , -4.48903 , -4.17849 , -4.17813 , 116.714 , 0
90 , 0 , 0.0139878 , 1.50298 , -0.004344 , -4.4292 , -4.18114 , -4.18067 , 116.791 , 0
90 , 0 , 0.0137527 , 1.50321 , -0.0044217 , -4.36903 , -4.18364 , -4.18331 , 116.867 , 0
90 , 0 , 0.0136284 , 1.50405 , -0.0044217 , -4.30922 , -4.18669 , -4.18587 , 116.935 , 0
90 , 0 , 0.0134619 , 1.50527 , -0.00446531 , -4.24905 , -4.18931 , -4.18857 , 116.998 , 0
90 , 0 , 0.0136113 , 1.50624 , -0.00446531 , -4.18925 , -4.19179 , -4.19111 , 117.063 , 0
90 , 0 , 0.0139109 , 1.50671 , -0.00450409 , -4.12909 , -4.1942 , -4.19343 , 117.131 , 0
90 , 0 , 0.0136765 , 1.50712 , -0.00463252 , -4.06929 , -4.19642 , -4.19599 , 117.2 , 0
90 , 0 , 0.0134199 , 1.50766 , -0.00468429 , -4.00904 , -4.19889 , -4.19836 , 117.268 , 0
90 , 0 , 0.0132672 , 1.50834 , -0.00468429 , -3.94632 , -4.20137 , -4.20086 , 117.332 , 0
90 , 0 , 0.0132729 , 1.50909 , -0.00468429 , -3.88611 , -4.20381 , -4.20319 , 117.396 , 0
90 , 0 , 0.0135131 , 1.50977 , -0.00474258 , -3.82631 , -4.20608 , -4.20557 , 117.459 , 0
90 , 0 , 0.0135746 , 1.51043 , -0.00484312 , -3.76611 , -4.20831 , -4.2079 , 117.522 , 0
90 , 0 , 0.0131845 , 1.5109 , -0.00488466 , -3.70635 , -4.21077 , -4.21022 , 117.586 , 0
90 , 0 , 0.0128018 , 1.51132 , -0.00488466 , -3.64615 , -4.21317 , -4.21239 , 117.65 , 0
90 , 0 , 0.012676 , 1.51187 , -0.00488466 , -3.58637 , -4.21534 , -4.21491 , 117.712 , 0
90 , 0 , 0.0128224 , 1.51258 , -0.00491681 , -3.52614 , -4.21765 , -4.2171 , 117.772 , 0
90 , 0 , 0.0130857 , 1.51355 , -0.00502083 , -3.46641 , -4.21989 , -4.21954 , 117.828 , 0
90 , 0 , 0.0129592 , 1.51441 , -0.00506373 , -3.40616 , -4.22185 , -4.22167 , 117.884 , 0
90 , 0 , 0.0126766 , 1.51496 , -0.00506373 , -3.34646 , -4.22398 , -4.22376 , 117.943 , 0
90 , 0 , 0.0126875 , 1.51528 , -0.00506373 , -3.28616 , -4.22617 , -4.2256 , 118.004 , 0
90 , 0 , 0.0128859 , 1.51582 , -0.00506373 , -3.22648 , -4.22826 , -4.22779 , 118.061 , 0
90 , 0 , 0.0128681 , 1.51667 , -0.0051127 , -3.16623 , -4.23035 , -4.22996 , 118.115 , 0
90 , 0 , 0.0126914 , 1.51739 , -0.00517898 , -3.10652 , -4.23244 , -4.23203 , 118.169 , 0
90 , 0 , 0.0125189 , 1.51801 , -0.00517898 , -3.04621 , -4.23433 , -4.23396 , 118.224 , 0
90 , 0 , 0.0123335 , 1.51863 , -0.00517898 , -2.98651 , -4.23611 , -4.23594 , 118.277 , 0
90 , 0 , 0.0121743 , 1.51927 , -0.00517898 , -2.92625 , -4.23816 , -4.23756 , 118.33 , 0
90 , 0 , 0.012141 , 1.5198 , -0.00522221 , -2.8635 , -4.24 , -4.23971 , 118.384 , 0
90 , 0 , 0.0120406 , 1.52025 , -0.00522221 , -2.80328 , -4.2419 , -4.2417 , 118.437 , 0
90 , 0 , 0.0120515 , 1.52074 , -0.00522221 , -2.74354 , -4.24377 , -4.24352 , 118.49 , 0
90 , 0 , 0.0122016 , 1.52126 , -0.00525558 , -2.68327 , -4.24582 , -4.24543 , 118.541 , 0
90 , 0 , 0.0121908 , 1.52182 , -0.00532627 , -2.62356 , -4.24772 , -4.24737 , 118.592 , 0
90 , 0 , 0.0121396 , 1.52244 , -0.00536843 , -2.56329 , -4.24963 , -4.24932 , 118.641 , 0
90 , 0 , 0.0120976 , 1.52298 , -0.00536843 , -2.50361 , -4.25157 , -4.25104 , 118.691 , 0
90 , 0 , 0.012053 , 1.5235 , -0.00536843 , -2.4463 , -4.25337 , -4.25298 , 118.74 , 0
90 , 0 , 0.0120436 , 1.5241 , -0.00540857 , -2.38357 , -4.25522 , -4.25477 , 118.788 , 0
90 , 0 , 0.0120262 , 1.52465 , -0.00540857 , -2.32333 , -4.25692 , -4.25657 , 118.835 , 0
90 , 0 , 0.0121078 , 1.52521 , -0.0054703 , -2.26355 , -4.25862 , -4.25827 , 118.882 , 0
90 , 0 , 0.0121117 , 1.5258 , -0.00550717 , -2.20338 , -4.26036 , -4.26003 , 118.928 , 0
90 , 0 , 0.0119078 , 1.52627 , -0.00550717 , -2.14361 , -4.26177 , -4.26167 , 118.974 , 0
90 , 0 , 0.0118679 , 1.52669 , -0.00550717 , -2.08342 , -4.26367 , -4.26327 , 119.021 , 0
90 , 0 , 0.01205 , 1.52724 , -0.00554547 , -2.02366 , -4.2655 , -4.26468 , 119.065 , 0
90 , 0 , 0.012031 , 1.52801 , -0.00561011 , -1.9634 , -4.26693 , -4.26648 , 119.107 , 0
90 , 0 , 0.0120009 , 1.52864 , -0.00557851 , -1.90364 , -4.26859 , -4.26816 , 119.149 , 0
90 , 0 , 0.0122168 , 1.52893 , -0.00557851 , -1.84342 , -4.27007 , -4.26959 , 119.194 , 0
90 , 0 , 0.0122198 , 1.52906 , -0.00563873 , -1.78073 , -4.27168 , -4.27113 , 119.241 , 0
90 , 0 , 0.01197 , 1.52948 , -0.00560853 , -1.72345 , -4.27338 , -4.27285 , 119.284 , 0
90 , 0 , 0.011713 , 1.53026 , -0.00560853 , -1.66368 , -4.27486 , -4.27455 , 119.323 , 0
90 , 0 , 0.0117189 , 1.53099 , -0.00560853 , -1.60046 , -4.27631 , -4.27596 , 119.361 , 0
90 , 0 , 0.0119654 , 1.53164 , -0.00566485 , -1.5407 , -4.27777 , -4.27734 , 119.4 , 0
90 , 0 , 0.0118653 , 1.53211 , -0.00566485 , -1.4805 , -4.27912 , -4.27869 , 119.44 , 0
90 , 0 , 0.0114642 , 1.53237 , -0.00566485 , -1.42076 , -4.28053 , -4.28018 , 119.481 , 0
90 , 0 , 0.0114069 , 1.53259 , -0.00563233 , -1.36051 , -4.28194 , -4.28158 , 119.523 , 0
90 , 0 , 0.0114883 , 1.53299 , -0.00566494 , -1.30078 , -4.28334 , -4.28315 , 119.562 , 0
90 , 0 , 0.0113215 , 1.53364 , -0.00569874 , -1.24055 , -4.28483 , -4.28467 , 119.598 , 0
90 , 0 , 0.0110021 , 1.53427 , -0.00573131 , -1.18077 , -4.28608 , -4.28606 , 119.634 , 0
90 , 0 , 0.0108651 , 1.53465 , -0.00573131 , -1.12057 , -4.28721 , -4.28729 , 119.672 , 0
90 , 0 , 0.0109344 , 1.53496 , -0.00573131 , -1.06077 , -4.28872 , -4.28878 , 119.71 , 0
90 , 0 , 0.0108213 , 1.53534 , -0.00578729 , -1.00055 , -4.29001 , -4.28989 , 119.747 , 0
90 , 0 , 0.0106502 , 1.53572 , -0.00587103 , -0.940829 , -4.29167 , -4.29116 , 119.783 , 0
90 , 0 , 0.0105064 , 1.53629 , -0.0058169 , -0.880583 , -4.2929 , -4.29253 , 119.817 , 0
90 , 0 , 0.0103354 , 1.53692 , -0.0058169 , -0.820826 , -4.29403 , -4.29407 , 119.85 , 0
90 , 0 , 0.0105645 , 1.53724 , -0.00585063 , -0.76062 , -4.29524 , -4.29507 , 119.885 , 0
90 , 0 , 0.0107164 , 1.53761 , -0.00590598 , -0.697776 , -4.29675 , -4.29638 , 119.92 , 0
90 , 0 , 0.0102552 , 1.53816 , -0.00594464 , -0.637647 , -4.29794 , -4.29759 , 119.952 , 0
90 , 0 , 0.00995269 , 1.53849 , -0.00594464 , -0.577773 , -4.29917 , -4.29882 , 119.986 , 0
90 , 0 , 0.010115 , 1.53891 , -0.00594464 , -0.517645 , -4.30044 , -4.29989 , 120.018 , 0
90 , 0 , 0.0102328 , 1.53937 , -0.00594464 , -0.45781 , -4.30146 , -4.30128 , 120.05 , 0
90 , 0 , 0.0101952 , 1.53977 , -0.00598082 , -0.397702 , -4.30283 , -4.30244 , 120.081 , 0
90 , 0 , 0.00992918 , 1.54024 , -0.00598082 , -0.337847 , -4.30376 , -4.30378 , 120.112 , 0
90 , 0 , 0.00967803 , 1.54068 , -0.00601894 , -0.277699 , -4.30509 , -4.3049 , 120.142 , 0
90 , 0 , 0.00955326 , 1.54107 , -0.00595474 , -0.217806 , -4.30611 , -4.30591 , 120.172 , 0
90 , 0 , 0.00946557 , 1.54159 , -0.00595474 , -0.157717 , -4.3073 , -4.30699 , 120.201 , 0
90 , 0 , 0.00973097 , 1.54197 , -0.00595474 , -0.0978621 , -4.30816 , -4.30795 , 120.23 , 0
90 , 0 , 0.00986692 , 1.54221 , -0.00600788 , -0.0376949 , -4.3092 , -4.30902 , 120.26 , 0
90 , 0 , 0.00953217 , 1.54246 , -0.0060689 , 0.0221597 , -4.31025 , -4.31006 , 120.29 , 0
90 , 0 , 0.00915292 , 1.54259 , -0.0060689 , 0.0823074 , -4.31123 , -4.31115 , 120.321 , 0
90 , 0 , 0.00902569 , 1.5428 , -0.0060689 , 0.142103 , -4.3124 , -4.31221 , 120.351 , 0
90 , 0 , 0.00909004 , 1.5433 , -0.0060689 , 0.202271 , -4.31328 , -4.31334 , 120.378 , 0
90 , 0 , 0.00925654 , 1.54405 , -0.00611188 , 0.262047 , -4.3143 , -4.31418 , 120.401 , 0
90 , 0 , 0.00918567 , 1.54474 , -0.00616539 , 0.322253 , -4.31508 , -4.3152 , 120.425 , 0
90 , 0 , 0.0088845 , 1.54509 , -0.00620354 , 0.382069 , -4.31596 , -4.31586 , 120.451 , 0
90 , 0 , 0.00866909 , 1.54516 , -0.00620354 , 0.445108 , -4.31695 , -4.31674 , 120.479 , 0
90 , 0 , 0.00865668 , 1.54514 , -0.00620354 , 0.505139 , -4.31787 , -4.3175 , 120.509 , 0
90 , 0 , 0.0087745 , 1.54531 , -0.00620354 , 0.565091 , -4.31885 , -4.3186 , 120.536 , 0
90 , 0 , 0.0087574 , 1.54572 , -0.00629012 , 0.625102 , -4.31994 , -4.32002 , 120.561 , 0
90 , 0 , 0.00868101 , 1.54618 , -0.00629012 , 0.685113 , -4.32096 , -4.32086 , 120.585 , 0
90 , 0 , 0.0084048 , 1.54657 , -0.00629012 , 0.745065 , -4.32174 , -4.32166 , 120.609 , 0
90 , 0 , 0.00830036 , 1.54673 , -0.00629012 , 0.805076 , -4.32264 , -4.32245 , 120.635 , 0
90 , 0 , 0.00855066 , 1.54679 , -0.00629012 , 0.865067 , -4.32346 , -4.32334 , 120.662 , 0
90 , 0 , 0.0085913 , 1.5471 , -0.00637214 , 0.925098 , -4.32463 , -4.32446 , 120.686 , 0
90 , 0 , 0.0083931 , 1.54752 , -0.00641006 , 0.98505 , -4.32547 , -4.32553 , 120.709 , 0
90 , 0 , 0.00824637 , 1.54797 , -0.00641006 , 1.04508 , -4.32628 , -4.32628 , 120.73 , 0
90 , 0 , 0.00825445 , 1.54837 , -0.00641006 , 1.10501 , -4.32727 , -4.32698 , 120.752 , 0
90 , 0 , 0.00826405 , 1.54861 , -0.00641006 , 1.16506 , -4.32782 , -4.32794 , 120.775 , 0
90 , 0 , 0.00848292 , 1.54865 , -0.00644745 , 1.22504 , -4.32884 , -4.32872 , 120.8 , 0
90 , 0 , 0.00855712 , 1.54872 , -0.00648351 , 1.28497 , -4.32966 , -4.32962 , 120.825 , 0
90 , 0 , 0.00837851 , 1.54897 , -0.00648351 , 1.34502 , -4.33067 , -4.33046 , 120.847 , 0
90 , 0 , 0.00827155 , 1.54927 , -0.00648351 , 1.40499 , -4.33134 , -4.33118 , 120.869 , 0
90 , 0 , 0.00823779 , 1.54961 , -0.00648351 , 1.46498 , -4.33235 , -4.3321 , 120.89 , 0
90 , 0 , 0.00824281 , 1.54992 , -0.00648351 , 1.52499 , -4.33292 , -4.33276 , 120.911 , 0
90 , 0 , 0.00810193 , 1.55024 , -0.00648351 , 1.58799 , -4.33382 , -4.33347 , 120.931 , 0
90 , 0 , 0.00797833 , 1.5506 , -0.00648351 , 1.64791 , -4.33456 , -4.33431 , 120.951 , 0
90 , 0 , 0.00808465 , 1.55084 , -0.00648351 , 1.70798 , -4.33523 , -4.33497 , 120.972 , 0
90 , 0 , 0.00818861 , 1.55103 , -0.00652704 , 1.76795 , -4.33593 , -4.33567 , 120.992 , 0
90 , 0 , 0.00805984 , 1.55125 , -0.00657087 , 1.82796 , -4.33661 , -4.3365 , 121.013 , 0
90 , 0 , 0.00800924 , 1.55137 , -0.00657087 , 1.88791 , -4.33739 , -4.33728 , 121.034 , 0
90 , 0 , 0.00805343 , 1.55149 , -0.00657087 , 1.94796 , -4.33808 , -4.33792 , 121.055 , 0
90 , 0 , 0.00804435 , 1.5518 , -0.00657087 , 2.00787 , -4.33884 , -4.33882 , 121.073 , 0
90 , 0 , 0.00801163 , 1.55212 , -0.00657087 , 2.06792 , -4.3395 , -4.33956 , 121.092 , 0
90 , 0 , 0.0079495 , 1.55239 , -0.00657087 , 2.12788 , -4.34029 , -4.34013 , 121.11 , 0
90 , 0 , 0.00783327 , 1.5527 , -0.00657087 , 2.18791 , -4.34083 , -4.34076 , 121.128 , 0
90 , 0 , 0.00774367 , 1.55286 , -0.00657087 , 2.24788 , -4.34148 , -4.34152 , 121.147 , 0
90 , 0 , 0.00775436 , 1.55294 , -0.00657087 , 2.30789 , -4.3423 , -4.3421 , 121.167 , 0
90 , 0 , 0.0077018 , 1.5531 , -0.00657087 , 2.36786 , -4.34283 , -4.34277 , 121.185 , 0
90 , 0 , 0.00764319 , 1.5535 , -0.00657087 , 2.43092 , -4.34357 , -4.34347 , 121.201 , 0
90 , 0 , 0.00772056 , 1.55397 , -0.00657087 , 2.49081 , -4.34425 , -4.34398 , 121.216 , 0
90 , 0 , 0.00775164 , 1.55436 , -0.00657087 , 2.5509 , -4.34478 , -4.34443 , 121.231 , 0
90 , 0 , 0.00770153 , 1.55455 , -0.00662751 , 2.61078 , -4.34527 , -4.34509 , 121.248 , 0
90 , 0 , 0.00763719 , 1.55445 , -0.00662751 , 2.67089 , -4.34588 , -4.34566 , 121.267 , 0
90 , 0 , 0.00745744 , 1.5544 , -0.00662751 , 2.73076 , -4.3465 , -4.34621 , 121.287 , 0
90 , 0 , 0.00732597 , 1.55458 , -0.00662751 , 2.79087 , -4.34718 , -4.34713 , 121.304 , 0
90 , 0 , 0.00741546 , 1.55493 , -0.00662751 , 2.85072 , -4.34783 , -4.34771 , 121.318 , 0
90 , 0 , 0.00746914 , 1.55538 , -0.00662751 , 2.91085 , -4.34828 , -4.34836 , 121.332 , 0
90 , 0 , 0.00737985 , 1.55571 , -0.00666952 , 2.97071 , -4.34879 , -4.34877 , 121.346 , 0
90 , 0 , 0.00723731 , 1.55579 , -0.00666952 , 3.03083 , -4.34924 , -4.34928 , 121.362 , 0
90 , 0 , 0.00709062 , 1.55572 , -0.00666952 , 3.09071 , -4.34984 , -4.3498 , 121.38 , 0
90 , 0 , 0.0070809 , 1.55569 , -0.00666952 , 3.15078 , -4.35053 , -4.35045 , 121.398 , 0
90 , 0 , 0.00719152 , 1.55581 , -0.00666952 , 3.21069 , -4.35103 , -4.35113 , 121.414 , 0
90 , 0 , 0.00722829 , 1.55621 , -0.00671114 , 3.27078 , -4.35168 , -4.3517 , 121.427 , 0
90 , 0 , 0.00703823 , 1.55665 , -0.00675028 , 3.33065 , -4.35219 , -4.35219 , 121.438 , 0
90 , 0 , 0.00682424 , 1.55681 , -0.00675028 , 3.39076 , -4.35256 , -4.35258 , 121.453 , 0
90 , 0 , 0.00689127 , 1.55671 , -0.00675028 , 3.45064 , -4.35303 , -4.35311 , 121.47 , 0
90 , 0 , 0.00707768 , 1.55661 , -0.00675028 , 3.51073 , -4.35361 , -4.35357 , 121.487 , 0
90 , 0 , 0.00705891 , 1.5568 , -0.00675028 , 3.57064 , -4.35426 , -4.35432 , 121.501 , 0
90 , 0 , 0.00687527 , 1.55716 , -0.00675028 , 3.63069 , -4.3549 , -4.35482 , 121.514 , 0
90 , 0 , 0.00679151 , 1.55743 , -0.00675028 , 3.69351 , -4.35529 , -4.35524 , 121.526 , 0
90 , 0 , 0.0068724 , 1.55759 , -0.00675028 , 3.75376 , -4.35572 , -4.35582 , 121.54 , 0
90 , 0 , 0.00692889 , 1.55768 , -0.00678766 , 3.8135 , -4.35613 , -4.35627 , 121.554 , 0
90 , 0 , 0.00684311 , 1.55779 , -0.00678766 , 3.87372 , -4.35664 , -4.3567 , 121.568 , 0
90 , 0 , 0.00667799 , 1.55796 , -0.00678766 , 3.9335 , -4.35715 , -4.35731 , 121.581 , 0
90 , 0 , 0.00661916 , 1.55815 , -0.00675566 , 3.99368 , -4.3576 , -4.35768 , 121.593 , 0
90 , 0 , 0.0066891 , 1.55836 , -0.00675566 , 4.0535 , -4.35801 , -4.35815 , 121.606 , 0
90 , 0 , 0.00674255 , 1.55851 , -0.00680236 , 4.11367 , -4.35856 , -4.35854 , 121.618 , 0
90 , 0 , 0.00665624 , 1.55861 , -0.00680236 , 4.17346 , -4.35899 , -4.35895 , 121.631 , 0
90 , 0 , 0.00648699 , 1.55875 , -0.00680236 , 4.23365 , -4.3595 , -4.3595 , 121.644 , 0
90 , 0 , 0.00643463 , 1.55894 , -0.00680236 , 4.29345 , -4.36002 , -4.35993 , 121.655 , 0
90 , 0 , 0.00648353 , 1.55912 , -0.00680236 , 4.35361 , -4.36041 , -4.36034 , 121.667 , 0
90 , 0 , 0.00653186 , 1.55926 , -0.00680236 , 4.41341 , -4.36077 , -4.36077 , 121.679 , 0
90 , 0 , 0.00652907 , 1.55938 , -0.00684179 , 4.47362 , -4.36118 , -4.36116 , 121.691 , 0
90 , 0 , 0.00644816 , 1.55946 , -0.00684179 , 4.53341 , -4.36157 , -4.36168 , 121.703 , 0
90 , 0 , 0.0064293 , 1.5595 , -0.00684179 , 4.59358 , -4.36202 , -4.36213 , 121.716 , 0
90 , 0 , 0.00655686 , 1.55956 , -0.00684179 , 4.65642 , -4.36249 , -4.36264 , 121.728 , 0
90 , 0 , 0.00662256 , 1.55973 , -0.00688438 , 4.71663 , -4.36293 , -4.36288 , 121.739 , 0
90 , 0 , 0.00651637 , 1.55997 , -0.00691728 , 4.77643 , -4.36331 , -4.36329 , 121.749 , 0
90 , 0 , 0.00638648 , 1.56012 , -0.00691728 , 4.83663 , -4.36368 , -4.36368 , 121.76 , 0
90 , 0 , 0.00638236 , 1.56024 , -0.00691728 , 4.89639 , -4.36413 , -4.36413 , 121.771 , 0
90 , 0 , 0.00649225 , 1.56028 , -0.00691728 , 4.95659 , -4.36458 , -4.36462 , 121.782 , 0
90 , 0 , 0.00651761 , 1.56029 , -0.00696094 , 5.01334 , -4.36506 , -4.36491 , 121.794 , 0
90 , 0 , 0.00633601 , 1.56045 , -0.00696094 , 5.07656 , -4.3654 , -4.36522 , 121.805 , 0
90 , 0 , 0.00616165 , 1.56053 , -0.00696094 , 5.13633 , -4.36571 , -4.36571 , 121.816 , 0
90 , 0 , 0.00612272 , 1.56051 , -0.00696094 , 5.19654 , -4.36604 , -4.36618 , 121.828 , 0
90 , 0 , 0.00610297 , 1.5606 , -0.00696094 , 5.25634 , -4.36649 , -4.36655 , 121.838 , 0
90 , 0 , 0.00605258 , 1.56087 , -0.00696094 , 5.31654 , -4.36684 , -4.36686 , 121.847 , 0
90 , 0 , 0.00606399 , 1.56123 , -0.00696094 , 5.37632 , -4.36716 , -4.36725 , 121.855 , 0
90 , 0 , 0.00614981 , 1.56148 , -0.00696094 , 5.43645 , -4.36749 , -4.36749 , 121.863 , 0
90 , 0 , 0.00614719 , 1.56153 , -0.00700914 , 5.49634 , -4.36764 , -4.36774 , 121.873 , 0
90 , 0 , 0.00605928 , 1.5614 , -0.00704415 , 5.55645 , -4.36809 , -4.36807 , 121.885 , 0
90 , 0 , 0.00593221 , 1.56127 , -0.00704415 , 5.61628 , -4.36854 , -4.36852 , 121.897 , 0
90 , 0 , 0.00588379 , 1.56144 , -0.00700504 , 5.67645 , -4.36905 , -4.36888 , 121.906 , 0
90 , 0 , 0.00606193 , 1.56183 , -0.00700504 , 5.73627 , -4.36938 , -4.36923 , 121.913 , 0
90 , 0 , 0.00629113 , 1.56218 , -0.00706085 , 5.79942 , -4.36964 , -4.3695 , 121.919 , 0
90 , 0 , 0.00629438 , 1.56226 , -0.00713449 , 5.85916 , -4.36993 , -4.36975 , 121.928 , 0
90 , 0 , 0.00603312 , 1.56207 , -0.0071662 , 5.91943 , -4.37024 , -4.37001 , 121.94 , 0
90 , 0 , 0.0058531 , 1.56191 , -0.0071662 , 5.97916 , -4.37058 , -4.37046 , 121.952 , 0
90 , 0 , 0.00600543 , 1.56198 , -0.0071662 , 6.03941 , -4.37089 , -4.37093 , 121.961 , 0
90 , 0 , 0.00623698 , 1.56231 , -0.0071662 , 6.09915 , -4.37128 , -4.3713 , 121.968 , 0
90 , 0 , 0.00622757 , 1.56266 , -0.00721247 , 6.15937 , -4.37157 , -4.37151 , 121.974 , 0
90 , 0 , 0.00600461 , 1.56268 , -0.00726192 , 6.21915 , -4.37179 , -4.37175 , 121.983 , 0
90 , 0 , 0.0057961 , 1.56249 , -0.00726192 , 6.27934 , -4.3721 , -4.3721 , 121.994 , 0
90 , 0 , 0.00565335 , 1.56245 , -0.00726192 , 6.33913 , -4.37247 , -4.37255 , 122.004 , 0
90 , 0 , 0.00561674 , 1.56269 , -0.00726192 , 6.39934 , -4.37276 , -4.37292 , 122.011 , 0
90 , 0 , 0.00587142 , 1.56286 , -0.00726192 , 6.45908 , -4.37314 , -4.37327 , 122.018 , 0
90 , 0 , 0.00612441 , 1.56282 , -0.00732388 , 6.51932 , -4.37341 , -4.37356 , 122.028 , 0
90 , 0 , 0.00596537 , 1.56281 , -0.00741508 , 6.57906 , -4.37374 , -4.3738 , 122.037 , 0
90 , 0 , 0.00553266 , 1.56289 , -0.00741508 , 6.63932 , -4.37415 , -4.37411 , 122.046 , 0
90 , 0 , 0.00526155 , 1.56304 , -0.00734925 , 6.69906 , -4.37442 , -4.37439 , 122.053 , 0
90 , 0 , 0.00547482 , 1.56313 , -0.00730606 , 6.75923 , -4.37468 , -4.37466 , 122.061 , 0
90 , 0 , 0.00592017 , 1.56314 , -0.00736146 , 6.81906 , -4.37493 , -4.37491 , 122.07 , 0
90 , 0 , 0.00598311 , 1.56319 , -0.00747081 , 6.88228 , -4.37519 , -4.37521 , 122.078 , 0
90 , 0 , 0.00555783 , 1.56328 , -0.00750536 , 6.94204 , -4.37544 , -4.3755 , 122.085 , 0
90 , 0 , 0.0052286 , 1.5632 , -0.00743591 , 7.00224 , -4.37568 , -4.37581 , 122.095 , 0
90 , 0 , 0.00541286 , 1.56304 , -0.00737319 , 7.06202 , -4.37603 , -4.37612 , 122.105 , 0
90 , 0 , 0.00580952 , 1.56303 , -0.00737319 , 7.12228 , -4.3765 , -4.37644 , 122.114 , 0
90 , 0 , 0.00585846 , 1.56334 , -0.00746872 , 7.18202 , -4.37689 , -4.37679 , 122.12 , 0
90 , 0 , 0.0054109 , 1.56388 , -0.00750819 , 7.24221 , -4.37708 , -4.37702 , 122.123 , 0
90 , 0 , 0.00507563 , 1.56415 , -0.00743064 , 7.30161 , -4.3772 , -4.37718 , 122.128 , 0
90 , 0 , 0.00541045 , 1.56381 , -0.00735411 , 7.36039 , -4.37734 , -4.37734 , 122.139 , 0
90 , 0 , 0.00598387 , 1.56331 , -0.00741633 , 7.41751 , -4.37763 , -4.37763 , 122.152 , 0
90 , 0 , 0.00599918 , 1.56335 , -0.00756057 , 7.47373 , -4.37824 , -4.37812 , 122.161 , 0
90 , 0 , 0.00535607 , 1.56399 , -0.00756057 , 7.52862 , -4.37857 , -4.37849 , 122.162 , 0
90 , 0 , 0.00493622 , 1.56448 , -0.00745145 , 7.5824 , -4.37865 , -4.37853 , 122.165 , 0
90 , 0 , 0.00532376 , 1.56437 , -0.00740388 , 7.63508 , -4.3787 , -4.37863 , 122.173 , 0
90 , 0 , 0.00589439 , 1.56397 , -0.00750879 , 7.68646 , -4.37898 , -4.37884 , 122.185 , 0
90 , 0 , 0.00575922 , 1.56398 , -0.0076374 , 7.7365 , -4.37933 , -4.37919 , 122.192 , 0
90 , 0 , 0.005125 , 1.5643 , -0.0076374 , 7.78557 , -4.3797 , -4.3796 , 122.197 , 0
90 , 0 , 0.00477478 , 1.56446 , -0.00755619 , 7.83596 , -4.37986 , -4.37976 , 122.202 , 0
90 , 0 , 0.0050397 , 1.56454 , -0.00749717 , 7.88017 , -4.38003 , -4.37994 , 122.209 , 0
90 , 0 , 0.00560404 , 1.56449 , -0.00753189 , 7.92781 , -4.38023 , -4.38015 , 122.217 , 0
90 , 0 , 0.00578423 , 1.56447 , -0.00764124 , 7.97201 , -4.38048 , -4.38044 , 122.224 , 0
90 , 0 , 0.00538414 , 1.56463 , -0.00771445 , 8.01506 , -4.38078 , -4.38076 , 122.229 , 0
90 , 0 , 0.00497982 , 1.56448 , -0.00765314 , 8.05684 , -4.38099 , -4.38091 , 122.238 , 0
90 , 0 , 0.00510323 , 1.5642 , -0.00761149 , 8.09762 , -4.38128 , -4.38117 , 122.248 , 0
90 , 0 , 0.00543016 , 1.56442 , -0.00761149 , 8.13702 , -4.38162 , -4.38169 , 122.254 , 0
90 , 0 , 0.00556223 , 1.56478 , -0.0076479 , 8.17536 , -4.38189 , -4.38191 , 122.257 , 0
90 , 0 , 0.00552913 , 1.56497 , -0.00770314 , 8.21243 , -4.38199 , -4.3821 , 122.262 , 0
90 , 0 , 0.00535739 , 1.56502 , -0.00776934 , 8.24842 , -4.38214 , -4.38224 , 122.268 , 0
90 , 0 , 0.00504815 , 1.56502 , -0.00776934 , 8.28326 , -4.3823 , -4.3824 , 122.275 , 0
90 , 0 , 0.00492381 , 1.56497 , -0.00770167 , 8.31677 , -4.38257 , -4.38257 , 122.282 , 0
90 , 0 , 0.00528486 , 1.56479 , -0.00766223 , 8.34914 , -4.38291 , -4.38281 , 122.29 , 0
90 , 0 , 0.0057589 , 1.56462 , -0.00773054 , 8.38013 , -4.3832 , -4.38312 , 122.299 , 0
90 , 0 , 0.00580825 , 1.56473 , -0.00783242 , 8.41003 , -4.38347 , -4.38347 , 122.305 , 0
90 , 0 , 0.00544404 , 1.56508 , -0.00783242 , 8.43883 , -4.38373 , -4.38367 , 122.308 , 0
90 , 0 , 0.00518472 , 1.56521 , -0.00778363 , 8.46625 , -4.3838 , -4.3838 , 122.313 , 0
90 , 0 , 0.00537697 , 1.56497 , -0.00778363 , 8.49243 , -4.384 , -4.38396 , 122.322 , 0
90 , 0 , 0.00560677 , 1.56481 , -0.00782985 , 8.51764 , -4.38439 , -4.38425 , 122.331 , 0
90 , 0 , 0.00544906 , 1.56504 , -0.00790107 , 8.54156 , -4.3847 , -4.38455 , 122.335 , 0
90 , 0 , 0.00515808 , 1.56537 , -0.00790107 , 8.5654 , -4.3848 , -4.38472 , 122.338 , 0
90 , 0 , 0.00513483 , 1.5654 , -0.00783627 , 8.58701 , -4.38494 , -4.38482 , 122.344 , 0
90 , 0 , 0.00538059 , 1.56519 , -0.00783627 , 8.60722 , -4.38511 , -4.38502 , 122.352 , 0
90 , 0 , 0.00567704 , 1.56493 , -0.00788051 , 8.62652 , -4.38539 , -4.38531 , 122.362 , 0
90 , 0 , 0.00575263 , 1.56484 , -0.00794467 , 8.6445 , -4.38564 , -4.38574 , 122.369 , 0
90 , 0 , 0.00555059 , 1.56496 , -0.00794467 , 8.66134 , -4.38607 , -4.38595 , 122.375 , 0
90 , 0 , 0.00525722 , 1.56522 , -0.00794467 , 8.67713 , -4.38631 , -4.38619 , 122.379 , 0
90 , 0 , 0.00517322 , 1.56536 , -0.00791257 , 8.69154 , -4.38644 , -4.38634 , 122.384 , 0
90 , 0 , 0.00547306 , 1.56516 , -0.00791257 , 8.70488 , -4.38662 , -4.38656 , 122.392 , 0
90 , 0 , 0.00573304 , 1.56497 , -0.00796003 , 8.71723 , -4.38691 , -4.38685 , 122.401 , 0
90 , 0 , 0.00561121 , 1.5651 , -0.00799507 , 8.72819 , -4.38722 , -4.38717 , 122.406 , 0
90 , 0 , 0.00539419 , 1.56524 , -0.00799507 , 8.73832 , -4.38744 , -4.38738 , 122.411 , 0
90 , 0 , 0.00538075 , 1.56517 , -0.00799507 , 8.74705 , -4.3876 , -4.38748 , 122.418 , 0
90 , 0 , 0.0055296 , 1.56511 , -0.00799507 , 8.75465 , -4.38783 , -4.38763 , 122.425 , 0
90 , 0 , 0.00558752 , 1.56517 , -0.00799507 , 8.7612 , -4.38806 , -4.38785 , 122.431 , 0
90 , 0 , 0.00552637 , 1.56526 , -0.00804172 , 8.76659 , -4.38828 , -4.3881 , 122.436 , 0
90 , 0 , 0.00542695 , 1.56535 , -0.00804172 , 8.77089 , -4.38844 , -4.38836 , 122.442 , 0
90 , 0 , 0.00534532 , 1.56538 , -0.00804172 , 8.77423 , -4.38865 , -4.38855 , 122.448 , 0
90 , 0 , 0.00535658 , 1.56534 , -0.00804172 , 8.77652 , -4.38885 , -4.38877 , 122.454 , 0
90 , 0 , 0.00544076 , 1.56532 , -0.00804172 , 8.77789 , -4.38908 , -4.389 , 122.461 , 0
90 , 0 , 0.00559161 , 1.5652 , -0.00804172 , 8.77863 , -4.38933 , -4.3892 , 122.468 , 0
90 , 0 , 0.0056549 , 1.56514 , -0.0080941 , 8.77912 , -4.38961 , -4.38947 , 122.475 , 0
90 , 0 , 0.00553214 , 1.56526 , -0.00814288 , 8.77961 , -4.38978 , -4.38969 , 122.481 , 0
90 , 0 , 0.00535574 , 1.56543 , -0.00814288 , 8.78002 , -4.39 , -4.38996 , 122.485 , 0
90 , 0 , 0.00531997 , 1.56546 , -0.00810399 , 8.78031 , -4.39017 , -4.39016 , 122.491 , 0
90 , 0 , 0.00552055 , 1.56527 , -0.00810399 , 8.78074 , -4.39039 , -4.39035 , 122.499 , 0
90 , 0 , 0.00571894 , 1.56501 , -0.00816733 , 8.78125 , -4.39059 , -4.39066 , 122.508 , 0
90 , 0 , 0.00571104 , 1.56497 , -0.00821711 , 8.78197 , -4.39096 , -4.39102 , 122.515 , 0
90 , 0 , 0.00552073 , 1.56524 , -0.00821711 , 8.7825 , -4.39121 , -4.39127 , 122.519 , 0
90 , 0 , 0.00533131 , 1.56546 , -0.00821711 , 8.78279 , -4.39131 , -4.39143 , 122.523 , 0
90 , 0 , 0.00537633 , 1.56541 , -0.00818562 , 8.78305 , -4.39146 , -4.39156 , 122.53 , 0
90 , 0 , 0.00549586 , 1.56528 , -0.00818562 , 8.78346 , -4.39172 , -4.39174 , 122.537 , 0
90 , 0 , 0.00549008 , 1.56512 , -0.00818562 , 8.78404 , -4.39201 , -4.39197 , 122.545 , 0
90 , 0 , 0.00548746 , 1.56503 , -0.00818562 , 8.78461 , -4.39229 , -4.39223 , 122.553 , 0
90 , 0 , 0.00554764 , 1.5651 , -0.00818562 , 8.78514 , -4.3926 , -4.39246 , 122.559 , 0
90 , 0 , 0.00549341 , 1.56528 , -0.00822021 , 8.78561 , -4.39283 , -4.39268 , 122.563 , 0
90 , 0 , 0.00536997 , 1.56542 , -0.00822021 , 8.7859 , -4.39295 , -4.39289 , 122.568 , 0
90 , 0 , 0.00541384 , 1.56532 , -0.00819014 , 8.78625 , -4.39309 , -4.39305 , 122.575 , 0
90 , 0 , 0.00558227 , 1.56494 , -0.00819014 , 8.7867 , -4.39324 , -4.3933 , 122.586 , 0
90 , 0 , 0.00574888 , 1.56463 , -0.00823017 , 8.78738 , -4.39359 , -4.39373 , 122.596 , 0
90 , 0 , 0.00574676 , 1.56476 , -0.00829123 , 8.78813 , -4.39402 , -4.39404 , 122.601 , 0
90 , 0 , 0.00552842 , 1.56516 , -0.00832826 , 8.78865 , -4.3943 , -4.39428 , 122.604 , 0
90 , 0 , 0.00537761 , 1.56537 , -0.00829394 , 8.78887 , -4.39436 , -4.3944 , 122.608 , 0
90 , 0 , 0.00552199 , 1.56515 , -0.00825969 , 8.78912 , -4.39455 , -4.39449 , 122.617 , 0
90 , 0 , 0.00574058 , 1.56472 , -0.00825969 , 8.78959 , -4.39483 , -4.39475 , 122.628 , 0
90 , 0 , 0.00574887 , 1.5646 , -0.00831244 , 8.79049 , -4.39512 , -4.39512 , 122.636 , 0
90 , 0 , 0.00565568 , 1.56479 , -0.00835727 , 8.79116 , -4.39547 , -4.39549 , 122.641 , 0
90 , 0 , 0.00553967 , 1.56503 , -0.00835727 , 8.79153 , -4.39565 , -4.39572 , 122.646 , 0
90 , 0 , 0.0055068 , 1.56508 , -0.00835727 , 8.79188 , -4.39586 , -4.39586 , 122.652 , 0
90 , 0 , 0.00563643 , 1.56481 , -0.00835727 , 8.79221 , -4.39604 , -4.39606 , 122.661 , 0
90 , 0 , 0.00582337 , 1.56445 , -0.00835727 , 8.79286 , -4.39639 , -4.39639 , 122.672 , 0
90 , 0 , 0.00581908 , 1.56442 , -0.00842963 , 8.79366 , -4.3968 , -4.39672 , 122.679 , 0
90 , 0 , 0.00557906 , 1.56476 , -0.00842963 , 8.79426 , -4.39707 , -4.39703 , 122.683 , 0
90 , 0 , 0.00540002 , 1.56499 , -0.00842963 , 8.79454 , -4.39723 , -4.39721 , 122.687 , 0
90 , 0 , 0.00545819 , 1.56479 , -0.00842963 , 8.79485 , -4.39741 , -4.39737 , 122.696 , 0
90 , 0 , 0.005645 , 1.56441 , -0.00842963 , 8.79534 , -4.39772 , -4.39762 , 122.707 , 0
90 , 0 , 0.00571961 , 1.56425 , -0.00848649 , 8.79612 , -4.39805 , -4.39809 , 122.716 , 0
90 , 0 , 0.00559866 , 1.56445 , -0.0085178 , 8.7969 , -4.39834 , -4.39842 , 122.722 , 0
90 , 0 , 0.00543971 , 1.56473 , -0.0085178 , 8.79729 , -4.39864 , -4.39858 , 122.726 , 0
90 , 0 , 0.00537403 , 1.56475 , -0.0085178 , 8.79755 , -4.39875 , -4.39875 , 122.733 , 0
90 , 0 , 0.0054575 , 1.56447 , -0.0085178 , 8.79792 , -4.39899 , -4.39891 , 122.743 , 0
90 , 0 , 0.00546792 , 1.56426 , -0.00855323 , 8.7987 , -4.39932 , -4.39926 , 122.752 , 0
90 , 0 , 0.00533236 , 1.56435 , -0.00855323 , 8.79942 , -4.39963 , -4.39955 , 122.759 , 0
90 , 0 , 0.00529869 , 1.56451 , -0.00855323 , 8.79993 , -4.39989 , -4.39995 , 122.764 , 0
90 , 0 , 0.00538466 , 1.5645 , -0.00855323 , 8.80032 , -4.40004 , -4.40012 , 122.772 , 0
90 , 0 , 0.00552692 , 1.56427 , -0.00855323 , 8.80079 , -4.40034 , -4.40034 , 122.781 , 0
90 , 0 , 0.00556044 , 1.56402 , -0.00860156 , 8.80143 , -4.40075 , -4.40067 , 122.792 , 0
90 , 0 , 0.0054045 , 1.56408 , -0.00864199 , 8.80222 , -4.4011 , -4.401 , 122.799 , 0
90 , 0 , 0.00525175 , 1.56439 , -0.00864199 , 8.80282 , -4.40133 , -4.40133 , 122.803 , 0
90 , 0 , 0.00527966 , 1.56445 , -0.00864199 , 8.80313 , -4.40147 , -4.40157 , 122.81 , 0
90 , 0 , 0.00543063 , 1.56418 , -0.00864199 , 8.80349 , -4.40168 , -4.40174 , 122.82 , 0
90 , 0 , 0.00551109 , 1.56382 , -0.00864199 , 8.80421 , -4.402 , -4.40202 , 122.831 , 0
90 , 0 , 0.00545739 , 1.56367 , -0.00867333 , 8.80507 , -4.40249 , -4.40254 , 122.841 , 0
90 , 0 , 0.0054136 , 1.56383 , -0.00867333 , 8.80579 , -4.40288 , -4.40284 , 122.847 , 0
90 , 0 , 0.00540057 , 1.56407 , -0.00867333 , 8.80634 , -4.40309 , -4.40303 , 122.853 , 0
90 , 0 , 0.00540587 , 1.56403 , -0.00867333 , 8.80669 , -4.40329 , -4.40329 , 122.861 , 0
90 , 0 , 0.00543369 , 1.5636 , -0.00867333 , 8.80714 , -4.40354 , -4.4036 , 122.873 , 0
90 , 0 , 0.00543328 , 1.5632 , -0.00867333 , 8.808 , -4.40395 , -4.40395 , 122.886 , 0
90 , 0 , 0.00539041 , 1.56329 , -0.00871934 , 8.80894 , -4.40452 , -4.40444 , 122.894 , 0
90 , 0 , 0.00531405 , 1.56369 , -0.00871934 , 8.80962 , -4.40481 , -4.40469 , 122.898 , 0
90 , 0 , 0.00524658 , 1.56391 , -0.00871934 , 8.80992 , -4.40501 , -4.40489 , 122.904 , 0
90 , 0 , 0.00521433 , 1.56361 , -0.00871934 , 8.81025 , -4.40514 , -4.40503 , 122.915 , 0
90 , 0 , 0.00526026 , 1.56296 , -0.00871934 , 8.81095 , -4.4055 , -4.40536 , 122.93 , 0
90 , 0 , 0.00532815 , 1.56259 , -0.00875302 , 8.81199 , -4.406 , -4.40596 , 122.943 , 0
90 , 0 , 0.00535618 , 1.56284 , -0.0087861 , 8.81304 , -4.40653 , -4.40657 , 122.95 , 0
90 , 0 , 0.0053228 , 1.56336 , -0.0087861 , 8.81369 , -4.40682 , -4.40686 , 122.953 , 0
90 , 0 , 0.00519696 , 1.56351 , -0.0087861 , 8.81392 , -4.40688 , -4.40692 , 122.96 , 0
90 , 0 , 0.00521848 , 1.56298 , -0.0087861 , 8.81431 , -4.40718 , -4.4071 , 122.974 , 0
90 , 0 , 0.0053588 , 1.56223 , -0.0087861 , 8.81511 , -4.40761 , -4.40741 , 122.991 , 0
90 , 0 , 0.00541877 , 1.56203 , -0.00884001 , 8.81634 , -4.40825 , -4.40833 , 123.003 , 0
90 , 0 , 0.00543547 , 1.5625 , -0.00887862 , 8.8173 , -4.40868 , -4.40874 , 123.008 , 0
90 , 0 , 0.00529028 , 1.56302 , -0.00887862 , 8.81787 , -4.4089 , -4.40893 , 123.012 , 0
90 , 0 , 0.00517422 , 1.5629 , -0.00887862 , 8.8181 , -4.40913 , -4.40903 , 123.022 , 0
90 , 0 , 0.00538655 , 1.56205 , -0.0088427 , 8.81855 , -4.40948 , -4.40927 , 123.041 , 0
90 , 0 , 0.00577446 , 1.56132 , -0.0088427 , 8.81969 , -4.40989 , -4.40976 , 123.059 , 0
90 , 0 , 0.00604373 , 1.5614 , -0.00894321 , 8.82109 , -4.4106 , -4.41058 , 123.069 , 0
90 , 0 , 0.00576882 , 1.56213 , -0.00903906 , 8.82209 , -4.41101 , -4.41101 , 123.071 , 0
90 , 0 , 0.00513068 , 1.56281 , -0.00903906 , 8.82242 , -4.41114 , -4.41114 , 123.074 , 0
90 , 0 , 0.00502061 , 1.5623 , -0.0089183 , 8.82254 , -4.4112 , -4.41122 , 123.089 , 0
90 , 0 , 0.00559034 , 1.56085 , -0.00888554 , 8.82311 , -4.41169 , -4.41157 , 123.114 , 0
90 , 0 , 0.00601653 , 1.56018 , -0.00899423 , 8.82471 , -4.41253 , -4.41235 , 123.133 , 0
90 , 0 , 0.00583482 , 1.56104 , -0.00911706 , 8.82629 , -4.41331 , -4.41316 , 123.136 , 0
90 , 0 , 0.00540004 , 1.56228 , -0.00911706 , 8.82703 , -4.41345 , -4.41343 , 123.133 , 0
90 , 0 , 0.0051915 , 1.56237 , -0.00904081 , 8.8268 , -4.41345 , -4.41345 , 123.142 , 0
90 , 0 , 0.00550496 , 1.56089 , -0.00899531 , 8.82721 , -4.4137 , -4.41364 , 123.168 , 0
90 , 0 , 0.00591282 , 1.55934 , -0.00906796 , 8.82842 , -4.41454 , -4.41413 , 123.196 , 0
90 , 0 , 0.00588291 , 1.55937 , -0.00917125 , 8.83034 , -4.41534 , -4.41521 , 123.209 , 0
90 , 0 , 0.00541235 , 1.56093 , -0.00920741 , 8.83192 , -4.41603 , -4.41603 , 123.205 , 0
90 , 0 , 0.00498835 , 1.56223 , -0.00917429 , 8.83225 , -4.41607 , -4.41607 , 123.202 , 0
90 , 0 , 0.00515117 , 1.56165 , -0.00910587 , 8.83166 , -4.41607 , -4.41607 , 123.218 , 0
90 , 0 , 0.00563869 , 1.5597 , -0.00910587 , 8.83209 , -4.41632 , -4.4162 , 123.25 , 0
90 , 0 , 0.00581804 , 1.55833 , -0.00921652 , 8.83385 , -4.41724 , -4.41712 , 123.278 , 0
90 , 0 , 0.00549606 , 1.55891 , -0.00930431 , 8.836 , -4.41824 , -4.41808 , 123.286 , 0
90 , 0 , 0.00508193 , 1.56063 , -0.00930431 , 8.83745 , -4.41876 , -4.41878 , 123.281 , 0
90 , 0 , 0.00496115 , 1.56142 , -0.0092513 , 8.83776 , -4.41876 , -4.41878 , 123.284 , 0
90 , 0 , 0.00524497 , 1.56028 , -0.0092513 , 8.83753 , -4.41878 , -4.41878 , 123.307 , 0
90 , 0 , 0.0055719 , 1.55832 , -0.00929278 , 8.83802 , -4.41941 , -4.41919 , 123.34 , 0
90 , 0 , 0.00544948 , 1.55765 , -0.00938057 , 8.83987 , -4.42046 , -4.42033 , 123.362 , 0
90 , 0 , 0.00524214 , 1.55883 , -0.00941617 , 8.84208 , -4.4214 , -4.42119 , 123.364 , 0
90 , 0 , 0.00517421 , 1.56039 , -0.00941617 , 8.84325 , -4.42164 , -4.4216 , 123.361 , 0
90 , 0 , 0.00520871 , 1.56037 , -0.00941617 , 8.84329 , -4.42166 , -4.42164 , 123.373 , 0
