32 , 0 , 0.00794466 , -0.0467283 , 0.00343929 , 0 , 0 , 0.00685895 , 30 , 30
32 , 0 , 0.00794308 , -0.0465622 , 0.00347382 , 0.00017587 , -9.77058e-05 , 0.00685895 , 30 , 30
32 , 0 , 0.00818684 , -0.0464038 , 0.00347382 , 0.00170008 , -0.00170008 , 0.00685895 , 30 , 30
32 , 0 , 0.0084611 , -0.0463289 , 0.00353152 , 0.00437722 , -0.00455309 , 0.00685895 , 30 , 30
32 , 0 , 0.00834935 , -0.0462825 , 0.00371946 , 0.00828545 , -0.00848086 , 0.00685895 , 30 , 30
32 , 0 , 0.00772157 , -0.046065 , 0.00405057 , 0.0134052 , -0.0138156 , 0.00685895 , 30 , 30
32 , 0 , 0.00691947 , -0.0455219 , 0.00451539 , 0.0195216 , -0.0201274 , 0.00685895 , 30 , 30
32 , 0 , 0.00637907 , -0.0445749 , 0.00508765 , 0.0276507 , -0.027768 , 0.00685895 , 30 , 30
32 , 0 , 0.00641122 , -0.0431847 , 0.00571489 , 0.0365029 , -0.0363661 , 0.00685895 , 30 , 30
32 , 0 , 0.00681993 , -0.0414602 , 0.00642497 , 0.0458436 , -0.0460194 , 0.00685895 , 30 , 30
32 , 0 , 0.00703364 , -0.0395113 , 0.00724049 , 0.0566107 , -0.0574315 , 0.00685895 , 30 , 30
32 , 0 , 0.00676795 , -0.0373556 , 0.00812801 , 0.0691757 , -0.069332 , 0.00685895 , 30 , 30
32 , 0 , 0.00625056 , -0.0350286 , 0.00911108 , 0.0827373 , -0.0827763 , 0.00685895 , 30 , 30
32 , 0 , 0.00576485 , -0.0327423 , 0.0102103 , 0.097823 , -0.0987219 , 0.00685895 , 30 , 30
32 , 0 , 0.00543261 , -0.0304891 , 0.0114111 , 0.114081 , -0.114316 , 0.00685895 , 30 , 30
32 , 0 , 0.00530929 , -0.0280602 , 0.0126207 , 0.131219 , -0.131629 , 0.00685895 , 30 , 30
32 , 0 , 0.00512348 , -0.0254351 , 0.0139911 , 0.149373 , -0.149744 , 0.00685895 , 30 , 30
32 , 0 , 0.00479794 , -0.022366 , 0.0155119 , 0.169109 , -0.169461 , 0.00685895 , 30 , 30
32 , 0 , 0.00432299 , -0.0190651 , 0.0171648 , 0.189666 , -0.190155 , 0.00685895 , 30 , 30
32 , 0 , 0.00395409 , -0.0154698 , 0.0189734 , 0.211768 , -0.212334 , 0.00685895 , 30 , 30
32 , 0 , 0.00383995 , -0.0117379 , 0.0208038 , 0.234982 , -0.235217 , 0.00685895 , 30 , 30
32 , 0 , 0.004018 , -0.00787236 , 0.0226346 , 0.259116 , -0.259956 , 0.00685895 , 30 , 30
32 , 0 , 0.00430635 , -0.00375941 , 0.0245849 , 0.285047 , -0.285145 , 0.00685895 , 30 , 30
32 , 0 , 0.00416307 , 6.4376e-05 , 0.026555 , 0.311388 , -0.312014 , 0.00685895 , 30 , 30
32 , 0 , 0.00380557 , 0.00408517 , 0.028681 , 0.339352 , -0.34029 , 0.00685895 , 30 , 30
32 , 0 , 0.00347613 , 0.00841943 , 0.0309887 , 0.370246 , -0.370735 , 0.00685895 , 30 , 30
32 , 0 , 0.00329896 , 0.0126996 , 0.0333324 , 0.399167 , -0.39946 , 0.00685895 , 30 , 30
32 , 0 , 0.00355747 , 0.0175926 , 0.0357274 , 0.431918 , -0.432798 , 0.00685895 , 30 , 30
32 , 0 , 0.00388669 , 0.0230827 , 0.0382672 , 0.46465 , -0.465803 , 0.00685895 , 30 , 30
32 , 0 , 0.00376882 , 0.0284363 , 0.0409364 , 0.498632 , -0.499843 , 0.00685895 , 30 , 30
32 , 0 , 0.00342366 , 0.0339468 , 0.0437017 , 0.533825 , -0.534822 , 0.00685895 , 30 , 30
32 , 0 , 0.00333797 , 0.0397511 , 0.0464593 , 0.570094 , -0.571227 , 0.00685895 , 30 , 30
32 , 0 , 0.0038026 , 0.0457242 , 0.049326 , 0.607476 , -0.608648 , 0.00685895 , 30 , 30
32 , 0 , 0.00446754 , 0.0519209 , 0.0522413 , 0.646109 , -0.647477 , 0.00685895 , 30 , 30
32 , 0 , 0.00519212 , 0.0583614 , 0.0552044 , 0.685934 , -0.687497 , 0.00687849 , 30 , 30
32 , 0 , 0.00598982 , 0.0649987 , 0.0583435 , 0.726911 , -0.728787 , 0.00687849 , 30 , 30
32 , 0 , 0.00668648 , 0.0715946 , 0.0615244 , 0.769081 , -0.771387 , 0.00687849 , 30 , 30
32 , 0 , 0.0073501 , 0.078348 , 0.0648563 , 0.812482 , -0.814925 , 0.00687849 , 30 , 30
32 , 0 , 0.00801071 , 0.0854919 , 0.0683349 , 0.856997 , -0.860045 , 0.00687849 , 30 , 30
32 , 0 , 0.00862751 , 0.0927458 , 0.0719496 , 0.902684 , -0.906123 , 0.00687849 , 30 , 30
32 , 0 , 0.00922487 , 0.100008 , 0.0755935 , 0.949505 , -0.953276 , 0.00687849 , 30 , 30
32 , 0 , 0.00962524 , 0.107594 , 0.0794797 , 0.997791 , -1.00145 , 0.00687849 , 30 , 30
32 , 0 , 0.00981819 , 0.115676 , 0.0834995 , 1.0475 , -1.05102 , 0.00687849 , 30 , 30
32 , 0 , 0.0103885 , 0.123962 , 0.08759 , 1.0979 , -1.10208 , 0.00687849 , 30 , 30
32 , 0 , 0.0117067 , 0.132235 , 0.0917984 , 1.14978 , -1.15662 , 0.00687849 , 30 , 30
32 , 0 , 0.013356 , 0.140618 , 0.0960388 , 1.1983 , -1.2097 , 0.00687849 , 30 , 30
32 , 0 , 0.0146864 , 0.149166 , 0.10043 , 1.24579 , -1.26453 , 0.00687849 , 30 , 30
32 , 0 , 0.0159133 , 0.157611 , 0.104967 , 1.29208 , -1.32012 , 0.00687849 , 30 , 30
32 , 0 , 0.0175115 , 0.166365 , 0.109463 , 1.33689 , -1.37685 , 0.00687849 , 30 , 30
32 , 0 , 0.0189225 , 0.175682 , 0.11423 , 1.38043 , -1.43522 , 0.00687849 , 30 , 30
32 , 0 , 0.0206748 , 0.185461 , 0.118971 , 1.42281 , -1.49382 , 0.00687849 , 30 , 30
32 , 0 , 0.0225156 , 0.195431 , 0.123953 , 1.46412 , -1.55231 , 0.00687849 , 30 , 30
32 , 0 , 0.0245002 , 0.204813 , 0.128915 , 1.50418 , -1.60916 , 0.00687849 , 30 , 30
32 , 0 , 0.0277012 , 0.214589 , 0.133602 , 1.54305 , -1.6654 , 0.00687849 , 30 , 30
32 , 0 , 0.0306493 , 0.224911 , 0.138238 , 1.58082 , -1.71995 , 0.00687849 , 30 , 30
32 , 0 , 0.0331325 , 0.23457 , 0.14276 , 1.61734 , -1.7732 , 0.00687849 , 30 , 30
32 , 0 , 0.0355251 , 0.243746 , 0.147432 , 1.65279 , -1.82567 , 0.00687849 , 30 , 30
32 , 0 , 0.0386261 , 0.252482 , 0.151647 , 1.68693 , -1.87671 , 0.00689803 , 30 , 30
32 , 0 , 0.0420387 , 0.260815 , 0.15593 , 1.71962 , -1.92643 , 0.00689803 , 30 , 30
32 , 0 , 0.0442521 , 0.269318 , 0.159954 , 1.75108 , -1.97512 , 0.00689803 , 30 , 30
32 , 0 , 0.0460298 , 0.277509 , 0.163941 , 1.78151 , -2.02282 , 0.00689803 , 30 , 30
32 , 0 , 0.0478348 , 0.285131 , 0.16795 , 1.81092 , -2.06929 , 0.00689803 , 30 , 30
32 , 0 , 0.0506015 , 0.292607 , 0.171747 , 1.8389 , -2.11394 , 0.00689803 , 30 , 30
32 , 0 , 0.0540045 , 0.300336 , 0.175369 , 1.86524 , -2.15777 , 0.00689803 , 30 , 30
32 , 0 , 0.0568377 , 0.308173 , 0.178974 , 1.89239 , -2.20233 , 0.00689803 , 30 , 30
32 , 0 , 0.0588916 , 0.315212 , 0.182473 , 1.91664 , -2.24379 , 0.00691757 , 30 , 30
32 , 0 , 0.0610001 , 0.321905 , 0.185909 , 1.9395 , -2.28407 , 0.00691757 , 30 , 30
32 , 0 , 0.0636146 , 0.328302 , 0.189359 , 1.96172 , -2.32307 , 0.00691757 , 30 , 30
32 , 0 , 0.0660905 , 0.333898 , 0.192591 , 1.98212 , -2.361 , 0.00691757 , 30 , 30
32 , 0 , 0.0685658 , 0.339898 , 0.195667 , 2.00189 , -2.39754 , 0.00691757 , 30 , 30
32 , 0 , 0.0708479 , 0.346226 , 0.198736 , 2.01993 , -2.43305 , 0.00691757 , 30 , 30
32 , 0 , 0.0730828 , 0.352162 , 0.2017 , 2.03724 , -2.46758 , 0.00691757 , 30 , 30
32 , 0 , 0.0755535 , 0.357873 , 0.204536 , 2.05295 , -2.50047 , 0.00693711 , 30 , 30
32 , 0 , 0.077796 , 0.363242 , 0.207378 , 2.06757 , -2.5321 , 0.00693711 , 30 , 30
32 , 0 , 0.080047 , 0.368272 , 0.210122 , 2.08133 , -2.56235 , 0.00693711 , 30 , 30
32 , 0 , 0.0831121 , 0.372845 , 0.212484 , 2.09342 , -2.59225 , 0.00693711 , 30 , 30
32 , 0 , 0.0858933 , 0.377457 , 0.214716 , 2.10433 , -2.62055 , 0.00693711 , 30 , 30
32 , 0 , 0.0871093 , 0.382217 , 0.217036 , 2.11457 , -2.64744 , 0.00693711 , 30 , 30
32 , 0 , 0.0880024 , 0.386067 , 0.219388 , 2.12322 , -2.67321 , 0.00695665 , 30 , 30
32 , 0 , 0.0899317 , 0.389262 , 0.22155 , 2.13057 , -2.69805 , 0.00695665 , 30 , 30
32 , 0 , 0.0921141 , 0.392717 , 0.223591 , 2.13679 , -2.72107 , 0.00695665 , 30 , 30
32 , 0 , 0.0938707 , 0.396158 , 0.225433 , 2.14198 , -2.74366 , 0.00695665 , 30 , 30
32 , 0 , 0.0952262 , 0.399861 , 0.227225 , 2.14611 , -2.76527 , 0.00695665 , 30 , 30
32 , 0 , 0.0963939 , 0.403683 , 0.229034 , 2.14875 , -2.78446 , 0.00695665 , 30 , 30
32 , 0 , 0.0980079 , 0.406994 , 0.230723 , 2.15035 , -2.80371 , 0.00697619 , 30 , 30
32 , 0 , 0.099936 , 0.409895 , 0.232214 , 2.15066 , -2.82145 , 0.00697619 , 30 , 30
32 , 0 , 0.101493 , 0.412573 , 0.233571 , 2.15056 , -2.837 , 0.00697619 , 30 , 30
32 , 0 , 0.10261 , 0.414766 , 0.234777 , 2.1505 , -2.85221 , 0.00697619 , 30 , 30
32 , 0 , 0.103104 , 0.416588 , 0.23603 , 2.15052 , -2.8663 , 0.00697619 , 30 , 30
32 , 0 , 0.10372 , 0.418372 , 0.237228 , 2.15052 , -2.87849 , 0.00697619 , 30 , 30
32 , 0 , 0.104918 , 0.419809 , 0.238295 , 2.15052 , -2.88994 , 0.00697619 , 30 , 30
32 , 0 , 0.105949 , 0.421161 , 0.239204 , 2.15054 , -2.90032 , 0.00697619 , 30 , 30
32 , 0 , 0.106734 , 0.42287 , 0.240015 , 2.15052 , -2.90874 , 0.00697619 , 30 , 30
32 , 0 , 0.107511 , 0.424621 , 0.24069 , 2.15052 , -2.91652 , 0.00697619 , 30 , 30
32 , 0 , 0.10803 , 0.426002 , 0.241316 , 2.15052 , -2.92312 , 0.00699573 , 30 , 30
32 , 0 , 0.108428 , 0.426868 , 0.241832 , 2.15052 , -2.92871 , 0.00699573 , 30 , 30
32 , 0 , 0.108943 , 0.427268 , 0.242265 , 2.15052 , -2.93309 , 0.00699573 , 30 , 30
32 , 0 , 0.109508 , 0.427451 , 0.242564 , 2.15052 , -2.93586 , 0.00699573 , 30 , 30
32 , 0 , 0.109964 , 0.427578 , 0.242681 , 2.15052 , -2.93782 , 0.00699573 , 30 , 30
32 , 0 , 0.109893 , 0.427787 , 0.24279 , 2.15052 , -2.93833 , 0.00699573 , 30 , 30
32 , 0 , 0.109817 , 0.427861 , 0.24279 , 2.15054 , -2.93833 , 0.00699573 , 30 , 30
32 , 0 , 0.109588 , 0.427677 , 0.242744 , 2.15052 , -2.93833 , 0.00699573 , 30 , 30
32 , 0 , 0.108912 , 0.42731 , 0.242744 , 2.15052 , -2.93833 , 0.00699573 , 30 , 30
32 , 0 , 0.108361 , 0.426705 , 0.242782 , 2.15052 , -2.93833 , 0.00699573 , 30 , 30
32 , 0 , 0.10808 , 0.426048 , 0.242782 , 2.1505 , -2.93833 , 0.00699573 , 30 , 30
32 , 0 , 0.107711 , 0.425657 , 0.242782 , 2.15052 , -2.93831 , 0.00699573 , 30 , 30
32 , 0 , 0.107346 , 0.425558 , 0.242782 , 2.15052 , -2.93831 , 0.00699573 , 30 , 30
32 , 0 , 0.107152 , 0.425588 , 0.242782 , 2.15052 , -2.93829 , 0.00699573 , 30 , 30
32 , 0 , 0.106906 , 0.425577 , 0.242782 , 2.1505 , -2.93825 , 0.00699573 , 30 , 30
32 , 0 , 0.106513 , 0.425405 , 0.242782 , 2.15052 , -2.93819 , 0.00699573 , 30 , 30
32 , 0 , 0.106192 , 0.425014 , 0.242782 , 2.15052 , -2.93815 , 0.00699573 , 30 , 30
32 , 0 , 0.105989 , 0.42454 , 0.242782 , 2.15052 , -2.93811 , 0.00699573 , 30 , 30
32 , 0 , 0.105739 , 0.424165 , 0.242782 , 2.15052 , -2.93809 , 0.00699573 , 30 , 30
32 , 0 , 0.10554 , 0.423961 , 0.242782 , 2.15052 , -2.93803 , 0.00699573 , 30 , 30
32 , 0 , 0.10543 , 0.42391 , 0.242782 , 2.15052 , -2.93801 , 0.00699573 , 30 , 30
32 , 0 , 0.105236 , 0.423909 , 0.242782 , 2.15052 , -2.93799 , 0.00699573 , 30 , 30
32 , 0 , 0.104965 , 0.423878 , 0.242782 , 2.15052 , -2.93797 , 0.00699573 , 30 , 30
32 , 0 , 0.10473 , 0.423666 , 0.242782 , 2.15052 , -2.93795 , 0.00699573 , 30 , 30
32 , 0 , 0.104553 , 0.42332 , 0.242782 , 2.15052 , -2.93793 , 0.00699573 , 30 , 30
32 , 0 , 0.104398 , 0.422996 , 0.242782 , 2.15052 , -2.9379 , 0.00699573 , 30 , 30
32 , 0 , 0.104218 , 0.422782 , 0.242782 , 2.15052 , -2.9379 , 0.00699573 , 30 , 30
32 , 0 , 0.104088 , 0.422674 , 0.242782 , 2.15052 , -2.93788 , 0.00699573 , 30 , 30
32 , 0 , 0.103991 , 0.4226 , 0.242782 , 2.15052 , -2.93786 , 0.00699573 , 30 , 30
32 , 0 , 0.103908 , 0.422544 , 0.242782 , 2.15052 , -2.93786 , 0.00699573 , 30 , 30
32 , 0 , 0.103801 , 0.422408 , 0.242782 , 2.15052 , -2.93784 , 0.00699573 , 30 , 30
32 , 0 , 0.103653 , 0.422188 , 0.242782 , 2.15052 , -2.93784 , 0.00699573 , 30 , 30
32 , 0 , 0.103468 , 0.421976 , 0.242782 , 2.15052 , -2.93782 , 0.00699573 , 30 , 30
32 , 0 , 0.103306 , 0.421788 , 0.242782 , 2.15052 , -2.93782 , 0.00699573 , 30 , 30
32 , 0 , 0.103282 , 0.421656 , 0.242782 , 2.15052 , -2.93782 , 0.00699573 , 30 , 30
32 , 0 , 0.103262 , 0.4216 , 0.242782 , 2.15052 , -2.9378 , 0.00699573 , 30 , 30
32 , 0 , 0.103163 , 0.421523 , 0.242782 , 2.1505 , -2.93778 , 0.00699573 , 30 , 30
32 , 0 , 0.103077 , 0.421379 , 0.242782 , 2.15052 , -2.93778 , 0.00699573 , 30 , 30
32 , 0 , 0.103011 , 0.421199 , 0.242782 , 2.15052 , -2.93776 , 0.00699573 , 30 , 30
32 , 0 , 0.102848 , 0.420974 , 0.242782 , 2.15052 , -2.93774 , 0.00699573 , 30 , 30
32 , 0 , 0.102714 , 0.420726 , 0.242782 , 2.15052 , -2.93774 , 0.00699573 , 30 , 30
32 , 0 , 0.102732 , 0.420606 , 0.242782 , 2.15052 , -2.93774 , 0.00699573 , 30 , 30
32 , 0 , 0.102744 , 0.420572 , 0.242782 , 2.15052 , -2.93774 , 0.00699573 , 30 , 30
32 , 0 , 0.102703 , 0.42053 , 0.242782 , 2.15052 , -2.93774 , 0.00699573 , 30 , 30
32 , 0 , 0.102634 , 0.420501 , 0.242782 , 2.15052 , -2.93774 , 0.00699573 , 30 , 30
32 , 0 , 0.10251 , 0.420427 , 0.242782 , 2.15052 , -2.93774 , 0.00699573 , 30 , 30
32 , 0 , 0.102447 , 0.420261 , 0.242782 , 2.15052 , -2.93774 , 0.00699573 , 30 , 30
32 , 0 , 0.102493 , 0.420089 , 0.242782 , 2.15052 , -2.93774 , 0.00699573 , 30 , 30
32 , 0 , 0.102477 , 0.419981 , 0.242782 , 2.15052 , -2.93772 , 0.00699573 , 30 , 30
32 , 0 , 0.102389 , 0.419848 , 0.242782 , 2.15052 , -2.93772 , 0.00699573 , 30 , 30
32 , 0 , 0.10235 , 0.419769 , 0.242782 , 2.15052 , -2.93772 , 0.00699573 , 30 , 30
32 , 0 , 0.102288 , 0.419745 , 0.242782 , 2.1505 , -2.93772 , 0.00699573 , 30 , 30
32 , 0 , 0.102223 , 0.419652 , 0.242782 , 2.15052 , -2.93772 , 0.00699573 , 30 , 30
32 , 0 , 0.102266 , 0.419525 , 0.242782 , 2.15052 , -2.93772 , 0.00699573 , 30 , 30
32 , 0 , 0.102267 , 0.419467 , 0.242782 , 2.15052 , -2.9377 , 0.00699573 , 30 , 30
32 , 0 , 0.102263 , 0.419443 , 0.242782 , 2.15052 , -2.9377 , 0.00699573 , 30 , 30
32 , 0 , 0.102321 , 0.419386 , 0.242782 , 2.15052 , -2.9377 , 0.00699573 , 30 , 30
32 , 0 , 0.102324 , 0.419356 , 0.242782 , 2.15052 , -2.9377 , 0.00699573 , 30 , 30
32 , 0 , 0.102243 , 0.419306 , 0.242782 , 2.15052 , -2.9377 , 0.00699573 , 30 , 30
32 , 0 , 0.102214 , 0.419175 , 0.242782 , 2.15052 , -2.9377 , 0.00699573 , 30 , 30
32 , 0 , 0.102207 , 0.419032 , 0.242782 , 2.15052 , -2.9377 , 0.00699573 , 30 , 30
32 , 0 , 0.102153 , 0.418918 , 0.242782 , 2.15052 , -2.9377 , 0.00699573 , 30 , 30
32 , 0 , 0.102163 , 0.418842 , 0.242782 , 2.15052 , -2.9377 , 0.00699573 , 30 , 30
32 , 0 , 0.102206 , 0.418828 , 0.242782 , 2.15052 , -2.9377 , 0.00699573 , 30 , 30
32 , 0 , 0.102274 , 0.418847 , 0.242782 , 2.15052 , -2.9377 , 0.00699573 , 30 , 30
32 , 0 , 0.10232 , 0.418824 , 0.242782 , 2.15052 , -2.9377 , 0.00701528 , 30 , 30
32 , 0 , 0.10226 , 0.418774 , 0.242782 , 2.15052 , -2.9377 , 0.00701528 , 30 , 30
32 , 0 , 0.102196 , 0.418729 , 0.242782 , 2.15052 , -2.9377 , 0.00701528 , 30 , 30
32 , 0 , 0.102249 , 0.418627 , 0.242782 , 2.15052 , -2.9377 , 0.00701528 , 30 , 30
32 , 0 , 0.102314 , 0.418528 , 0.242782 , 2.15052 , -2.9377 , 0.00701528 , 30 , 30
32 , 0 , 0.102301 , 0.418464 , 0.242782 , 2.15052 , -2.9377 , 0.00701528 , 30 , 30
32 , 0 , 0.10226 , 0.418372 , 0.242782 , 2.15052 , -2.9377 , 0.00701528 , 30 , 30
32 , 0 , 0.102237 , 0.418269 , 0.242782 , 2.15052 , -2.9377 , 0.00701528 , 30 , 30
32 , 0 , 0.102201 , 0.418166 , 0.242782 , 2.15052 , -2.9377 , 0.00701528 , 30 , 30
32 , 0 , 0.102179 , 0.418074 , 0.242782 , 2.15052 , -2.9377 , 0.00701528 , 30 , 30
32 , 0 , 0.102231 , 0.418042 , 0.242782 , 2.1505 , -2.9377 , 0.00701528 , 30 , 30
32 , 0 , 0.102336 , 0.418082 , 0.242782 , 2.15052 , -2.9377 , 0.00701528 , 30 , 30
32 , 0 , 0.102428 , 0.418113 , 0.242782 , 2.15052 , -2.9377 , 0.00701528 , 30 , 30
32 , 0 , 0.102448 , 0.418139 , 0.242782 , 2.15052 , -2.9377 , 0.00701528 , 30 , 30
32 , 0 , 0.102424 , 0.418144 , 0.242782 , 2.15052 , -2.93772 , 0.00701528 , 30 , 30
32 , 0 , 0.10243 , 0.418082 , 0.242782 , 2.15052 , -2.93772 , 0.00701528 , 30 , 30
32 , 0 , 0.102492 , 0.417978 , 0.242782 , 2.15052 , -2.93772 , 0.00701528 , 30 , 30
32 , 0 , 0.102529 , 0.417861 , 0.242782 , 2.15052 , -2.93772 , 0.00701528 , 30 , 30
32 , 0 , 0.102584 , 0.417787 , 0.242782 , 2.15052 , -2.93772 , 0.00701528 , 30 , 30
32 , 0 , 0.102551 , 0.417702 , 0.242782 , 2.15052 , -2.93772 , 0.00701528 , 30 , 30
32 , 0 , 0.102445 , 0.41761 , 0.242782 , 2.15052 , -2.93772 , 0.00701528 , 30 , 30
32 , 0 , 0.102456 , 0.417551 , 0.242782 , 2.15052 , -2.93772 , 0.00701528 , 30 , 30
32 , 0 , 0.102475 , 0.417507 , 0.242782 , 2.15052 , -2.93772 , 0.00701528 , 30 , 30
32 , 0 , 0.102459 , 0.417481 , 0.242782 , 2.15052 , -2.93772 , 0.00701528 , 30 , 30
32 , 0 , 0.102534 , 0.417476 , 0.242782 , 2.15052 , -2.93772 , 0.00701528 , 30 , 30
32 , 0 , 0.102673 , 0.417518 , 0.242782 , 2.15052 , -2.93772 , 0.00701528 , 30 , 30
32 , 0 , 0.102705 , 0.417538 , 0.242782 , 2.15054 , -2.93772 , 0.00701528 , 30 , 30
32 , 0 , 0.102712 , 0.417524 , 0.242782 , 2.15052 , -2.93772 , 0.00701528 , 30 , 30
32 , 0 , 0.102735 , 0.417471 , 0.242782 , 2.1505 , -2.93772 , 0.00701528 , 30 , 30
32 , 0 , 0.102739 , 0.417328 , 0.242782 , 2.15052 , -2.93772 , 0.00701528 , 30 , 30
32 , 0 , 0.102756 , 0.417208 , 0.242782 , 2.15052 , -2.93772 , 0.00701528 , 30 , 30
32 , 0 , 0.10272 , 0.417151 , 0.242782 , 2.15054 , -2.93772 , 0.00701528 , 30 , 30
32 , 0 , 0.102707 , 0.417105 , 0.242782 , 2.15052 , -2.93772 , 0.00701528 , 30 , 30
32 , 0 , 0.102823 , 0.417072 , 0.242782 , 2.15052 , -2.93772 , 0.00701528 , 30 , 30
32 , 0 , 0.102923 , 0.417113 , 0.242782 , 2.15052 , -2.93772 , 0.00701528 , 30 , 30
32 , 0 , 0.102966 , 0.417171 , 0.242782 , 2.15052 , -2.93772 , 0.00701528 , 30 , 30
32 , 0 , 0.10304 , 0.417181 , 0.242782 , 2.15052 , -2.93772 , 0.00701528 , 30 , 30
32 , 0 , 0.103089 , 0.41719 , 0.242782 , 2.15052 , -2.93772 , 0.00701528 , 30 , 30
32 , 0 , 0.103074 , 0.417135 , 0.242782 , 2.15052 , -2.93772 , 0.00701528 , 30 , 30
32 , 0 , 0.103107 , 0.417021 , 0.242782 , 2.15052 , -2.93772 , 0.00701528 , 30 , 30
32 , 0 , 0.103134 , 0.416915 , 0.242782 , 2.15052 , -2.93772 , 0.00701528 , 30 , 30
32 , 0 , 0.103079 , 0.416821 , 0.242782 , 2.15052 , -2.93772 , 0.00701528 , 30 , 30
32 , 0 , 0.103082 , 0.416741 , 0.242782 , 2.1505 , -2.93772 , 0.00701528 , 30 , 30
32 , 0 , 0.103126 , 0.416693 , 0.242782 , 2.15052 , -2.93772 , 0.00701528 , 30 , 30
32 , 0 , 0.103176 , 0.416684 , 0.242782 , 2.15054 , -2.93772 , 0.00701528 , 30 , 30
32 , 0 , 0.103247 , 0.416718 , 0.242782 , 2.15052 , -2.93772 , 0.00701528 , 30 , 30
32 , 0 , 0.103317 , 0.41678 , 0.242782 , 2.15052 , -2.93772 , 0.00701528 , 30 , 30
32 , 0 , 0.103375 , 0.41681 , 0.242782 , 2.15052 , -2.93772 , 0.00701528 , 30 , 30
32 , 0 , 0.103387 , 0.416755 , 0.242782 , 2.15054 , -2.93772 , 0.00701528 , 30 , 30
32 , 0 , 0.103351 , 0.416677 , 0.242782 , 2.15052 , -2.93772 , 0.00701528 , 30 , 30
32 , 0 , 0.103334 , 0.41662 , 0.242782 , 2.1505 , -2.93772 , 0.00701528 , 30 , 30
32 , 0 , 0.103397 , 0.416533 , 0.242782 , 2.15052 , -2.93772 , 0.00701528 , 30 , 30
32 , 0 , 0.103487 , 0.416466 , 0.242782 , 2.15052 , -2.93772 , 0.00701528 , 30 , 30
32 , 0 , 0.103541 , 0.416458 , 0.242782 , 2.15052 , -2.93772 , 0.00701528 , 30 , 30
32 , 0 , 0.103491 , 0.416407 , 0.242782 , 2.15052 , -2.93772 , 0.00701528 , 30 , 30
32 , 0 , 0.10352 , 0.416363 , 0.242782 , 2.15052 , -2.93772 , 0.00701528 , 30 , 30
32 , 0 , 0.103606 , 0.416383 , 0.242782 , 2.15052 , -2.93772 , 0.00701528 , 30 , 30
32 , 0 , 0.103567 , 0.416361 , 0.242782 , 2.15052 , -2.93772 , 0.00701528 , 30 , 30
32 , 0 , 0.103606 , 0.41634 , 0.242782 , 2.15052 , -2.93772 , 0.00701528 , 30 , 30
32 , 0 , 0.103789 , 0.416369 , 0.242782 , 2.15052 , -2.93772 , 0.00701528 , 30 , 30
32 , 0 , 0.103851 , 0.416406 , 0.242782 , 2.15052 , -2.93772 , 0.00701528 , 30 , 30
32 , 0 , 0.103761 , 0.416373 , 0.242782 , 2.15052 , -2.93772 , 0.00701528 , 30 , 30
32 , 0 , 0.103758 , 0.416277 , 0.242782 , 2.15052 , -2.93772 , 0.00701528 , 30 , 30
32 , 0 , 0.103793 , 0.416198 , 0.242782 , 2.15052 , -2.93772 , 0.00701528 , 30 , 30
32 , 0 , 0.103776 , 0.416111 , 0.242782 , 2.15052 , -2.93772 , 0.00701528 , 30 , 30
32 , 0 , 0.103796 , 0.416079 , 0.242782 , 2.15052 , -2.93772 , 0.00701528 , 30 , 30
32 , 0 , 0.103863 , 0.416098 , 0.242782 , 2.15052 , -2.93772 , 0.00701528 , 30 , 30
32 , 0 , 0.103928 , 0.416144 , 0.242782 , 2.15052 , -2.93772 , 0.00701528 , 30 , 30
32 , 0 , 0.10396 , 0.416191 , 0.242782 , 2.15052 , -2.93772 , 0.00701528 , 30 , 30
32 , 0 , 0.103979 , 0.416215 , 0.242782 , 2.15052 , -2.93772 , 0.00701528 , 30 , 30
32 , 0 , 0.10401 , 0.416164 , 0.242782 , 2.15052 , -2.93774 , 0.00701528 , 30 , 30
32 , 0 , 0.104007 , 0.416029 , 0.242782 , 2.15052 , -2.93774 , 0.00701528 , 30 , 30
32 , 0 , 0.103994 , 0.415942 , 0.242782 , 2.15052 , -2.93774 , 0.00701528 , 30 , 30
32 , 0 , 0.104017 , 0.415905 , 0.242782 , 2.15052 , -2.93774 , 0.00701528 , 30 , 30
32 , 0 , 0.104088 , 0.415909 , 0.242782 , 2.15052 , -2.93774 , 0.00701528 , 30 , 30
32 , 0 , 0.104134 , 0.415961 , 0.242782 , 2.15052 , -2.93774 , 0.00701528 , 30 , 30
32 , 0 , 0.104158 , 0.416016 , 0.242782 , 2.15052 , -2.93774 , 0.00701528 , 30 , 30
32 , 0 , 0.104226 , 0.416005 , 0.242782 , 2.15052 , -2.93774 , 0.00701528 , 30 , 30
32 , 0 , 0.104231 , 0.415956 , 0.242782 , 2.15052 , -2.93774 , 0.00701528 , 30 , 30
32 , 0 , 0.10418 , 0.415886 , 0.242782 , 2.15054 , -2.93774 , 0.00701528 , 30 , 30
32 , 0 , 0.104211 , 0.415796 , 0.242782 , 2.15052 , -2.93774 , 0.00701528 , 30 , 30
32 , 0 , 0.1043 , 0.415744 , 0.242782 , 2.15052 , -2.93774 , 0.00701528 , 30 , 30
32 , 0 , 0.104322 , 0.415726 , 0.242782 , 2.15052 , -2.93774 , 0.00701528 , 30 , 30
32 , 0 , 0.104311 , 0.415705 , 0.242782 , 2.15052 , -2.93774 , 0.00701528 , 30 , 30
32 , 0 , 0.104339 , 0.415673 , 0.242782 , 2.15052 , -2.93774 , 0.00701528 , 30 , 30
32 , 0 , 0.104368 , 0.41563 , 0.242782 , 2.1505 , -2.93774 , 0.00701528 , 30 , 30
32 , 0 , 0.104375 , 0.41556 , 0.242782 , 2.15052 , -2.93774 , 0.00701528 , 30 , 30
32 , 0 , 0.104385 , 0.415521 , 0.242782 , 2.15052 , -2.93774 , 0.00701528 , 30 , 30
32 , 0 , 0.104421 , 0.41555 , 0.242782 , 2.15052 , -2.93774 , 0.00701528 , 30 , 30
32 , 0 , 0.10449 , 0.415602 , 0.242782 , 2.15054 , -2.93774 , 0.00701528 , 30 , 30
32 , 0 , 0.104589 , 0.415631 , 0.242782 , 2.15052 , -2.93774 , 0.00701528 , 30 , 30
32 , 0 , 0.104671 , 0.415696 , 0.242782 , 2.15052 , -2.93774 , 0.00701528 , 30 , 30
32 , 0 , 0.104688 , 0.41574 , 0.242782 , 2.15052 , -2.93774 , 0.00701528 , 30 , -30
32 , 0 , 0.104653 , 0.415616 , 0.242782 , 2.15052 , -2.9376 , 0.00701528 , 30 , -30
32 , 0 , 0.104643 , 0.415471 , 0.242782 , 2.15052 , -2.93563 , 0.00701528 , 30 , -30
32 , 0 , 0.105282 , 0.415434 , 0.242694 , 2.15052 , -2.93237 , 0.00701528 , 30 , -30
32 , 0 , 0.106303 , 0.415358 , 0.242354 , 2.15052 , -2.92803 , 0.00701528 , 30 , -30
32 , 0 , 0.106482 , 0.415237 , 0.241938 , 2.15052 , -2.92256 , 0.00701528 , 30 , -30
32 , 0 , 0.106342 , 0.414847 , 0.241503 , 2.15052 , -2.91548 , 0.00701528 , 30 , -30
32 , 0 , 0.106853 , 0.413749 , 0.240858 , 2.15054 , -2.90761 , 0.00701528 , 30 , -30
32 , 0 , 0.106804 , 0.41214 , 0.24006 , 2.15052 , -2.89874 , 0.00701528 , 30 , -30
32 , 0 , 0.105845 , 0.410325 , 0.239326 , 2.15052 , -2.88814 , 0.00701528 , 30 , -30
32 , 0 , 0.105725 , 0.408299 , 0.238426 , 2.15052 , -2.87652 , 0.00701528 , 30 , -30
32 , 0 , 0.105742 , 0.406323 , 0.237262 , 2.15052 , -2.86415 , 0.00701528 , 30 , -30
32 , 0 , 0.10463 , 0.404599 , 0.236085 , 2.15052 , -2.85021 , 0.00701528 , 30 , -30
32 , 0 , 0.103609 , 0.402621 , 0.234904 , 2.15052 , -2.83478 , 0.00701528 , 30 , -30
32 , 0 , 0.103416 , 0.400018 , 0.233481 , 2.15052 , -2.81881 , 0.00701528 , 30 , -30
32 , 0 , 0.102425 , 0.397235 , 0.231967 , 2.15052 , -2.80089 , 0.00701528 , 30 , -30
32 , 0 , 0.100767 , 0.394156 , 0.230437 , 2.15052 , -2.78254 , 0.00701528 , 30 , -30
32 , 0 , 0.0993539 , 0.390601 , 0.228793 , 2.15052 , -2.76224 , 0.00701528 , 30 , -30
32 , 0 , 0.0984192 , 0.387011 , 0.226953 , 2.15052 , -2.74143 , 0.00701528 , 30 , -30
32 , 0 , 0.0975631 , 0.383427 , 0.224919 , 2.15054 , -2.71894 , 0.00701528 , 30 , -30
32 , 0 , 0.0957092 , 0.3799 , 0.222856 , 2.15052 , -2.69574 , 0.00701528 , 30 , -30
32 , 0 , 0.0936554 , 0.376235 , 0.220785 , 2.15052 , -2.67049 , 0.00701528 , 30 , -30
32 , 0 , 0.091967 , 0.371847 , 0.218505 , 2.1505 , -2.6449 , 0.00701528 , 30 , -30
32 , 0 , 0.090278 , 0.367172 , 0.216149 , 2.1505 , -2.61664 , 0.00701528 , 30 , -30
32 , 0 , 0.0885563 , 0.36218 , 0.21372 , 2.15052 , -2.58785 , 0.00701528 , 30 , -30
32 , 0 , 0.0868475 , 0.356669 , 0.211074 , 2.15052 , -2.56011 , 0.00701528 , 30 , -30
32 , 0 , 0.084921 , 0.352029 , 0.208329 , 2.15054 , -2.52792 , 0.00701528 , 30 , -30
32 , 0 , 0.0827128 , 0.347629 , 0.205676 , 2.15052 , -2.49757 , 0.00701528 , 30 , -30
32 , 0 , 0.0800956 , 0.34144 , 0.203007 , 2.1505 , -2.46238 , 0.00701528 , 30 , -30
32 , 0 , 0.0781158 , 0.334618 , 0.200174 , 2.15052 , -2.42965 , 0.00701528 , 30 , -30
32 , 0 , 0.0770524 , 0.328982 , 0.197135 , 2.1505 , -2.39229 , 0.00701528 , 30 , -30
32 , 0 , 0.0757533 , 0.323893 , 0.193785 , 2.15052 , -2.35559 , 0.00701528 , 30 , -30
32 , 0 , 0.0736647 , 0.318344 , 0.190437 , 2.15052 , -2.31787 , 0.00701528 , 30 , -30
32 , 0 , 0.0711987 , 0.31222 , 0.187166 , 2.15052 , -2.28084 , 0.00701528 , 30 , -30
32 , 0 , 0.0693379 , 0.305538 , 0.183782 , 2.15052 , -2.23838 , 0.00701528 , 30 , -30
32 , 0 , 0.0681889 , 0.298235 , 0.180065 , 2.15052 , -2.19684 , 0.00701528 , 30 , -30
32 , 0 , 0.0668817 , 0.290615 , 0.176347 , 2.15052 , -2.15387 , 0.00701528 , 30 , -30
32 , 0 , 0.0650563 , 0.283317 , 0.172369 , 2.15052 , -2.10984 , 0.00701528 , 30 , -30
32 , 0 , 0.0624066 , 0.276247 , 0.168477 , 2.15052 , -2.06456 , 0.00701528 , 30 , -30
32 , 0 , 0.0596978 , 0.268449 , 0.164673 , 2.15052 , -2.01829 , 0.00701528 , 30 , -30
32 , 0 , 0.0578983 , 0.260105 , 0.160661 , 2.15054 , -1.97114 , 0.00701528 , 30 , -30
32 , 0 , 0.0556573 , 0.25201 , 0.1566 , 2.15052 , -1.92242 , 0.00701528 , 30 , -30
32 , 0 , 0.0528247 , 0.243736 , 0.152443 , 2.15052 , -1.87218 , 0.00701528 , 30 , -30
32 , 0 , 0.0509713 , 0.235337 , 0.148053 , 2.15052 , -1.82081 , 0.00701528 , 30 , -30
32 , 0 , 0.0496542 , 0.226757 , 0.143547 , 2.15054 , -1.76877 , 0.00701528 , 30 , -30
32 , 0 , 0.0474629 , 0.217755 , 0.139023 , 2.15052 , -1.71526 , 0.00701528 , 30 , -30
32 , 0 , 0.044834 , 0.208357 , 0.134514 , 2.15052 , -1.6601 , 0.00701528 , 30 , -30
32 , 0 , 0.0432866 , 0.198921 , 0.129678 , 2.15052 , -1.60452 , 0.00701528 , 30 , -30
32 , 0 , 0.041917 , 0.189489 , 0.124836 , 2.15052 , -1.54721 , 0.00701528 , 30 , -30
32 , 0 , 0.0400156 , 0.179286 , 0.119766 , 2.15052 , -1.48601 , 0.00701528 , 30 , -30
32 , 0 , 0.0380683 , 0.169141 , 0.114811 , 2.15052 , -1.42928 , 0.00701528 , 30 , -30
32 , 0 , 0.0364224 , 0.158682 , 0.109588 , 2.15052 , -1.36634 , 0.00701528 , 30 , -30
32 , 0 , 0.0346426 , 0.147994 , 0.104438 , 2.15052 , -1.30631 , 0.00701528 , 30 , -30
32 , 0 , 0.0326827 , 0.137448 , 0.0992894 , 2.1505 , -1.24651 , 0.00701528 , 30 , -30
32 , 0 , 0.030763 , 0.126693 , 0.094248 , 2.15052 , -1.18945 , 0.00701528 , 30 , -30
32 , 0 , 0.0288068 , 0.115628 , 0.089151 , 2.15052 , -1.12645 , 0.00701528 , 30 , -30
32 , 0 , 0.0272295 , 0.104618 , 0.084177 , 2.15052 , -1.06636 , 0.00701528 , 30 , -30
32 , 0 , 0.0259276 , 0.0941344 , 0.0790802 , 2.1505 , -1.00641 , 0.00701528 , 30 , -30
32 , 0 , 0.0247979 , 0.0839381 , 0.0741422 , 2.15052 , -0.946437 , 0.00701528 , 30 , -30
32 , 0 , 0.0236423 , 0.0743394 , 0.0692155 , 2.15054 , -0.886485 , 0.00701528 , 30 , -30
32 , 0 , 0.0225157 , 0.0645405 , 0.0642734 , 2.15052 , -0.826435 , 0.00701528 , 30 , -30
32 , 0 , 0.021476 , 0.0547214 , 0.0594025 , 2.15052 , -0.76658 , 0.00701528 , 30 , -30
32 , 0 , 0.0206789 , 0.045052 , 0.0544322 , 2.15052 , -0.706471 , 0.00701528 , 30 , -30
32 , 0 , 0.0196459 , 0.0353425 , 0.0496619 , 2.15052 , -0.647281 , 0.00701528 , 30 , -30
32 , 0 , 0.0184659 , 0.0259868 , 0.0449561 , 2.15052 , -0.589303 , 0.00699573 , 30 , -30
32 , 0 , 0.0175003 , 0.0170642 , 0.0403419 , 2.15052 , -0.532399 , 0.00699573 , 30 , -30
32 , 0 , 0.0169056 , 0.00847833 , 0.0359155 , 2.15052 , -0.477058 , 0.00699573 , 30 , -30
32 , 0 , 0.0163601 , -3.10212e-05 , 0.03157 , 2.15052 , -0.422206 , 0.00699573 , 30 , -30
32 , 0 , 0.0160534 , -0.00818983 , 0.0273331 , 2.15052 , -0.36925 , 0.00699573 , 30 , -30
32 , 0 , 0.0157589 , -0.0161634 , 0.0232856 , 2.15052 , -0.317505 , 0.00699573 , 30 , -30
32 , 0 , 0.0152681 , -0.0238453 , 0.0194075 , 2.15052 , -0.266151 , 0.00699573 , 30 , -30
32 , 0 , 0.0152037 , -0.0315129 , 0.0154372 , 2.15052 , -0.216477 , 0.00699573 , 30 , -30
32 , 0 , 0.0154268 , -0.0395998 , 0.0115931 , 2.15052 , -0.168347 , 0.00699573 , 30 , -30
32 , 0 , 0.0156937 , -0.0476066 , 0.00779302 , 2.15052 , -0.121155 , 0.00699573 , 30 , -30
32 , 0 , 0.0156918 , -0.0552051 , 0.00416875 , 2.15052 , -0.0749208 , 0.00699573 , 30 , -30
32 , 0 , 0.0155698 , -0.0622614 , 0.000800379 , 2.15052 , -0.0298003 , 0.00699573 , 30 , -30
32 , 0 , 0.0158962 , -0.0691355 , -0.00257036 , 2.15052 , 0.016141 , 0.00699573 , 30 , -30
32 , 0 , 0.016436 , -0.0757944 , -0.00569236 , 2.15052 , 0.0585648 , 0.00699573 , 30 , -30
32 , 0 , 0.0168754 , -0.0818361 , -0.00863176 , 2.15052 , 0.0977644 , 0.00699573 , 30 , -30
32 , 0 , 0.0171557 , -0.0874529 , -0.0114124 , 2.15052 , 0.137785 , 0.00699573 , 30 , -30
32 , 0 , 0.0171654 , -0.092527 , -0.0139602 , 2.15052 , 0.176652 , 0.00699573 , 30 , -30
32 , 0 , 0.0169996 , -0.0970933 , -0.0163721 , 2.15052 , 0.21421 , 0.00699573 , 30 , -30
32 , 0 , 0.0166839 , -0.101278 , -0.0184615 , 2.15052 , 0.252472 , 0.00699573 , 30 , -30
32 , 0 , 0.0159809 , -0.104858 , -0.0201326 , 2.1505 , 0.287704 , 0.00699573 , 30 , -30
32 , 0 , 0.0148892 , -0.107885 , -0.0214007 , 2.15052 , 0.319869 , 0.00699573 , 30 , -30
32 , 0 , 0.0136237 , -0.110167 , -0.0221841 , 2.15052 , 0.352464 , 0.00699573 , 30 , -30
32 , 0 , 0.012419 , -0.11142 , -0.0225952 , 2.15052 , 0.385801 , 0.00699573 , 30 , -30
32 , 0 , 0.0115453 , -0.111652 , -0.022712 , 2.15052 , 0.4165 , 0.00699573 , 30 , -30
32 , 0 , 0.0111797 , -0.111027 , -0.0226687 , 2.15052 , 0.445792 , 0.00699573 , 30 , -30
32 , 0 , 0.0113881 , -0.109864 , -0.0225944 , 2.15052 , 0.473463 , 0.00699573 , 30 , -30
32 , 0 , 0.0119896 , -0.108565 , -0.0225643 , 2.15052 , 0.500351 , 0.00699573 , 30 , -30
32 , 0 , 0.0127874 , -0.107579 , -0.0226343 , 2.15052 , 0.526263 , 0.00699573 , 30 , -30
32 , 0 , 0.0136761 , -0.107226 , -0.0228436 , 2.15052 , 0.550338 , 0.00699573 , 30 , -30
32 , 0 , 0.0146231 , -0.107601 , -0.0232166 , 2.15052 , 0.573787 , 0.00699573 , 30 , -30
32 , 0 , 0.0154852 , -0.108561 , -0.0237038 , 2.15052 , 0.595693 , 0.00699573 , 30 , -30
32 , 0 , 0.0160423 , -0.109788 , -0.0242637 , 2.15052 , 0.616543 , 0.00699573 , 30 , -30
32 , 0 , 0.0161415 , -0.111002 , -0.0247812 , 2.15052 , 0.636123 , 0.00699573 , 30 , -30
32 , 0 , 0.0158091 , -0.111964 , -0.0251828 , 2.1505 , 0.654551 , 0.00699573 , 30 , -30
32 , 0 , 0.0152282 , -0.112502 , -0.0254206 , 2.15052 , 0.67163 , 0.00699573 , 30 , -30
32 , 0 , 0.0145999 , -0.112461 , -0.0254888 , 2.15052 , 0.687868 , 0.00699573 , 30 , -30
32 , 0 , 0.0142089 , -0.111956 , -0.0254209 , 2.15052 , 0.702309 , 0.00699573 , 30 , -30
32 , 0 , 0.0143257 , -0.111232 , -0.0253218 , 2.15052 , 0.716203 , 0.00699573 , 30 , -30
32 , 0 , 0.0149296 , -0.110491 , -0.0252671 , 2.15054 , 0.728729 , 0.00699573 , 30 , -30
32 , 0 , 0.0157198 , -0.110005 , -0.0253002 , 2.15052 , 0.739496 , 0.00699573 , 30 , -30
32 , 0 , 0.0164037 , -0.109969 , -0.0254941 , 2.15052 , 0.749677 , 0.00699573 , 30 , -30
32 , 0 , 0.0168622 , -0.110381 , -0.0257667 , 2.15052 , 0.758783 , 0.00699573 , 30 , -30
32 , 0 , 0.017102 , -0.111217 , -0.0260764 , 2.15052 , 0.766482 , 0.00699573 , 30 , -30
32 , 0 , 0.0172175 , -0.112296 , -0.026366 , 2.1505 , 0.772696 , 0.00699573 , 30 , -30
32 , 0 , 0.017275 , -0.1131 , -0.0266229 , 2.15052 , 0.777836 , 0.00699573 , 30 , -30
32 , 0 , 0.0172709 , -0.113413 , -0.0268281 , 2.1505 , 0.78192 , 0.00699573 , 30 , -30
32 , 0 , 0.0172057 , -0.113356 , -0.026974 , 2.15052 , 0.784929 , 0.00699573 , 30 , -30
32 , 0 , 0.0171058 , -0.113028 , -0.0270589 , 2.15052 , 0.786492 , 0.00699573 , 30 , -30
32 , 0 , 0.0169807 , -0.112611 , -0.0270945 , 2.15052 , 0.787137 , 0.00699573 , 30 , -30
32 , 0 , 0.0168449 , -0.112249 , -0.0270945 , 2.15052 , 0.786981 , 0.00699573 , 30 , -30
32 , 0 , 0.0168051 , -0.112073 , -0.0270945 , 2.15052 , 0.787274 , 0.00699573 , 30 , -30
32 , 0 , 0.0170767 , -0.112152 , -0.0270945 , 2.1505 , 0.787196 , 0.00699573 , 30 , -30
32 , 0 , 0.0176768 , -0.112296 , -0.0272199 , 2.15052 , 0.787176 , 0.00699573 , 30 , -30
32 , 0 , 0.0182232 , -0.112411 , -0.027434 , 2.15052 , 0.787235 , 0.00699573 , 30 , -30
32 , 0 , 0.0184491 , -0.112567 , -0.0276424 , 2.15052 , 0.787059 , 0.00699573 , 30 , -30
32 , 0 , 0.0184139 , -0.112745 , -0.0277999 , 2.15052 , 0.787196 , 0.00699573 , 30 , -30
32 , 0 , 0.0183622 , -0.112911 , -0.0279368 , 2.15052 , 0.786981 , 0.00699573 , 30 , -30
32 , 0 , 0.0183975 , -0.113087 , -0.0280903 , 2.15052 , 0.787294 , 0.00699573 , 30 , -30
32 , 0 , 0.018296 , -0.113231 , -0.0282645 , 2.15054 , 0.787196 , 0.00699573 , 30 , -30
32 , 0 , 0.0179719 , -0.113367 , -0.0283462 , 2.15052 , 0.78704 , 0.00699573 , 30 , -30
32 , 0 , 0.0176613 , -0.113519 , -0.0283462 , 2.15052 , 0.787274 , 0.00699573 , 30 , -30
32 , 0 , 0.0176383 , -0.113592 , -0.0283462 , 2.15052 , 0.787098 , 0.00699573 , 30 , -30
32 , 0 , 0.0179352 , -0.113567 , -0.0283462 , 2.15052 , 0.787255 , 0.00699573 , 30 , -30
32 , 0 , 0.0183968 , -0.1135 , -0.0284251 , 2.15052 , 0.787235 , 0.00699573 , 30 , -30
32 , 0 , 0.0186959 , -0.113396 , -0.0285621 , 2.15052 , 0.78702 , 0.00699573 , 30 , -30
32 , 0 , 0.0186266 , -0.113342 , -0.0286991 , 2.15054 , 0.787255 , 0.00699573 , 30 , -30
32 , 0 , 0.0183109 , -0.113413 , -0.0288095 , 2.15052 , 0.787001 , 0.00699573 , 30 , -30
32 , 0 , 0.0180789 , -0.113532 , -0.0288647 , 2.15052 , 0.787372 , 0.00699573 , 30 , -30
32 , 0 , 0.0181904 , -0.113628 , -0.0289242 , 2.15052 , 0.787157 , 0.00699573 , 30 , -30
32 , 0 , 0.0185374 , -0.113681 , -0.0290343 , 2.15052 , 0.787079 , 0.00699573 , 30 , -30
32 , 0 , 0.0187765 , -0.113715 , -0.029199 , 2.15052 , 0.787391 , 0.00699573 , 30 , -30
32 , 0 , 0.0186105 , -0.113771 , -0.0293119 , 2.15052 , 0.787098 , 0.00699573 , 30 , -30
32 , 0 , 0.0181913 , -0.113928 , -0.0293119 , 2.15052 , 0.787352 , 0.00699573 , 30 , -30
32 , 0 , 0.0179174 , -0.114112 , -0.0293119 , 2.15052 , 0.787157 , 0.00699573 , 30 , -30
32 , 0 , 0.0180178 , -0.114261 , -0.0292786 , 2.1505 , 0.787157 , 0.00699573 , 30 , -30
32 , 0 , 0.0184282 , -0.114324 , -0.0293257 , 2.15052 , 0.787255 , 0.00699573 , 30 , -30
32 , 0 , 0.018808 , -0.114273 , -0.0294372 , 2.15052 , 0.78704 , 0.00699573 , 30 , -30
32 , 0 , 0.0189427 , -0.11428 , -0.029586 , 2.15052 , 0.787313 , 0.00699573 , 30 , -30
32 , 0 , 0.0187757 , -0.11434 , -0.0297131 , 2.15052 , 0.787235 , 0.00699573 , 30 , -30
32 , 0 , 0.018442 , -0.114512 , -0.0298015 , 2.15052 , 0.787118 , 0.00699573 , 30 , -30
32 , 0 , 0.0182129 , -0.114763 , -0.0298537 , 2.15052 , 0.78743 , 0.00699573 , 30 , -30
32 , 0 , 0.0185225 , -0.115106 , -0.0299553 , 2.15052 , 0.787059 , 0.00699573 , 30 , -30
32 , 0 , 0.0186128 , -0.115127 , -0.0299553 , 2.1505 , 0.787235 , 0.00699573 , 30 , -30
32 , 0 , 0.0183001 , -0.114259 , -0.0299553 , 2.15052 , 0.787274 , 0.00699573 , 30 , -30
32 , 0 , 0.0181263 , -0.113021 , -0.029866 , 2.15052 , 0.78704 , 0.00699573 , 30 , -30
32 , 0 , 0.0182624 , -0.112279 , -0.0297871 , 2.15052 , 0.787372 , 0.00699573 , 30 , -30
32 , 0 , 0.0189455 , -0.112499 , -0.029824 , 2.15052 , 0.787079 , 0.00699573 , 30 , -30
32 , 0 , 0.0200053 , -0.113462 , -0.0300971 , 2.15052 , 0.787235 , 0.00699573 , 30 , -30
32 , 0 , 0.0205781 , -0.114813 , -0.0305039 , 2.1505 , 0.787235 , 0.00699573 , 30 , -30
32 , 0 , 0.0202332 , -0.116197 , -0.0308766 , 2.15052 , 0.787059 , 0.00699573 , 30 , -30
32 , 0 , 0.0193045 , -0.117094 , -0.0310228 , 2.15052 , 0.787294 , 0.00699573 , 30 , -30
32 , 0 , 0.0184404 , -0.117666 , -0.0310547 , 2.15052 , 0.78704 , 0.00699573 , 30 , -30
32 , 0 , 0.0183013 , -0.117446 , -0.0309324 , 2.15052 , 0.787137 , 0.00699573 , 30 , -30
32 , 0 , 0.0186608 , -0.116179 , -0.0307924 , 2.15052 , 0.787294 , 0.00699573 , 30 , -30
32 , 0 , 0.0188402 , -0.114684 , -0.0305174 , 2.15052 , 0.78704 , 0.00699573 , 30 , -30
32 , 0 , 0.0194642 , -0.113262 , -0.0304072 , 2.15054 , 0.787352 , 0.00699573 , 30 , -30
32 , 0 , 0.0205172 , -0.112513 , -0.0304072 , 2.15052 , 0.787118 , 0.00699573 , 30 , -30
32 , 0 , 0.0213834 , -0.113021 , -0.0305766 , 2.15052 , 0.787313 , 0.00699573 , 30 , -30
32 , 0 , 0.0231669 , -0.114234 , -0.0309966 , 2.15052 , 0.787216 , 0.00699573 , 30 , -30
32 , 0 , 0.0246936 , -0.115716 , -0.0317064 , 2.15052 , 0.787118 , 0.00699573 , 30 , -30
32 , 0 , 0.0243382 , -0.117347 , -0.0324029 , 2.15052 , 0.787313 , 0.00699573 , 30 , -30
32 , 0 , 0.0222241 , -0.118668 , -0.0327294 , 2.15052 , 0.787235 , 0.00699573 , 30 , -30
32 , 0 , 0.0199647 , -0.119334 , -0.0326439 , 2.15052 , 0.787098 , 0.00699573 , 30 , -30
32 , 0 , 0.0185045 , -0.119418 , -0.0324214 , 2.15052 , 0.787255 , 0.00699573 , 30 , -30
32 , 0 , 0.0173455 , -0.118276 , -0.0318288 , 2.1505 , 0.787059 , 0.00699573 , 30 , -30
32 , 0 , 0.0167932 , -0.116288 , -0.0312441 , 2.15054 , 0.787333 , 0.00699573 , 30 , -30
32 , 0 , 0.017842 , -0.114423 , -0.030803 , 2.15052 , 0.787157 , 0.00699573 , 30 , -30
32 , 0 , 0.019976 , -0.112761 , -0.0306994 , 2.15052 , 0.787098 , 0.00699573 , 30 , -30
32 , 0 , 0.0211887 , -0.111836 , -0.0307891 , 2.15054 , 0.787372 , 0.00699573 , 30 , -30
32 , 0 , 0.0212891 , -0.112351 , -0.0310669 , 2.15052 , 0.78704 , 0.00699573 , 30 , -30
32 , 0 , 0.0218721 , -0.11422 , -0.0314369 , 2.15052 , 0.787216 , 0.00699573 , 30 , -30
32 , 0 , 0.0232424 , -0.116647 , -0.0321105 , 2.15052 , 0.787255 , 0.00699573 , 30 , -30
32 , 0 , 0.0232569 , -0.118984 , -0.0328108 , 2.1505 , 0.786922 , 0.00699573 , 30 , -30
32 , 0 , 0.0212994 , -0.120502 , -0.0330703 , 2.15052 , 0.787333 , 0.00699573 , 30 , -30
32 , 0 , 0.0191975 , -0.120882 , -0.0329578 , 2.15054 , 0.787157 , 0.00699573 , 30 , -30
32 , 0 , 0.0177292 , -0.120367 , -0.0326595 , 2.15052 , 0.787079 , 0.00699573 , 30 , -30
32 , 0 , 0.0169991 , -0.119176 , -0.0321642 , 2.15052 , 0.787372 , 0.00699573 , 30 , -30
32 , 0 , 0.0171053 , -0.117661 , -0.0317266 , 2.1505 , 0.787118 , 0.00699573 , 30 , -30
32 , 0 , 0.0178921 , -0.116275 , -0.0314541 , 2.15052 , 0.787274 , 0.00699573 , 30 , -30
32 , 0 , 0.0189895 , -0.115276 , -0.0314023 , 2.15052 , 0.787274 , 0.00699573 , 30 , -30
32 , 0 , 0.0195096 , -0.115245 , -0.0315875 , 2.15052 , 0.787137 , 0.00699573 , 30 , -30
32 , 0 , 0.0192366 , -0.115638 , -0.0316783 , 2.15052 , 0.787372 , 0.00699573 , 30 , -30
32 , 0 , 0.0189075 , -0.115845 , -0.0316783 , 2.15052 , 0.787098 , 0.00699573 , 30 , -30
32 , 0 , 0.0189266 , -0.115964 , -0.0316783 , 2.15052 , 0.787098 , 0.00699573 , 30 , -30
32 , 0 , 0.0192297 , -0.116013 , -0.0317724 , 2.15052 , 0.787313 , 0.00699573 , 30 , -30
32 , 0 , 0.0193539 , -0.116099 , -0.0318927 , 2.15052 , 0.78704 , 0.00699573 , 30 , -30
32 , 0 , 0.0188731 , -0.116016 , -0.0319249 , 2.15052 , 0.787216 , 0.00699573 , 30 , -30
32 , 0 , 0.0182588 , -0.115699 , -0.0318571 , 2.15052 , 0.787157 , 0.00699573 , 30 , -30
32 , 0 , 0.0181966 , -0.115256 , -0.0317532 , 2.15052 , 0.78704 , 0.00699573 , 30 , -30
32 , 0 , 0.0185909 , -0.114822 , -0.0317025 , 2.15052 , 0.787235 , 0.00699573 , 30 , -30
32 , 0 , 0.0189843 , -0.114626 , -0.031736 , 2.15052 , 0.786981 , 0.00699573 , 30 , -30
32 , 0 , 0.0191173 , -0.114724 , -0.0317831 , 2.15052 , 0.787294 , 0.00699573 , 30 , -30
32 , 0 , 0.0192429 , -0.114827 , -0.031819 , 2.15052 , 0.787274 , 0.00699573 , 30 , -30
32 , 0 , 0.0194515 , -0.114725 , -0.0318653 , 2.15052 , 0.787098 , 0.00699573 , 30 , -30
32 , 0 , 0.0194011 , -0.114763 , -0.0319884 , 2.15052 , 0.787372 , 0.00699573 , 30 , -30
32 , 0 , 0.019072 , -0.115176 , -0.0320897 , 2.15052 , 0.787079 , 0.00699573 , 30 , -30
32 , 0 , 0.0186389 , -0.115507 , -0.0320897 , 2.15052 , 0.787235 , 0.00699573 , 30 , -30
32 , 0 , 0.0183598 , -0.115331 , -0.0320366 , 2.15052 , 0.787294 , 0.00699573 , 30 , -30
32 , 0 , 0.018552 , -0.115036 , -0.0320366 , 2.15052 , 0.787059 , 0.00699573 , 30 , -30
32 , 0 , 0.018786 , -0.115439 , -0.0321481 , 2.1505 , 0.787235 , 0.00699573 , 30 , -30
32 , 0 , 0.0183907 , -0.116823 , -0.0324136 , 2.15052 , 0.787157 , 0.00699573 , 30 , -30
32 , 0 , 0.0181988 , -0.118569 , -0.0325972 , 2.15052 , 0.787079 , 0.00699573 , 30 , -30
32 , 0 , 0.0185533 , -0.119944 , -0.0328078 , 2.15052 , 0.787352 , 0.00699573 , 30 , -30
32 , 0 , 0.0187026 , -0.120615 , -0.0330297 , 2.15052 , 0.787118 , 0.00699573 , 30 , -30
32 , 0 , 0.0181678 , -0.120516 , -0.0330936 , 2.15052 , 0.787235 , 0.00699573 , 30 , -30
32 , 0 , 0.0171686 , -0.119911 , -0.0329985 , 2.15052 , 0.787313 , 0.00699573 , 30 , -30
32 , 0 , 0.0164768 , -0.119141 , -0.0327645 , 2.15052 , 0.786981 , 0.00699573 , 30 , -30
32 , 0 , 0.0165101 , -0.118404 , -0.0325247 , 2.15052 , 0.787313 , 0.00699573 , 30 , -30
32 , 0 , 0.0171222 , -0.1179 , -0.032442 , 2.15052 , 0.787196 , 0.00699573 , 30 , -30
32 , 0 , 0.0177481 , -0.117768 , -0.0324857 , 2.15052 , 0.787118 , 0.00699573 , 30 , -30
32 , 0 , 0.0179671 , -0.118004 , -0.0325732 , 2.15052 , 0.787216 , 0.00699573 , 30 , -30
32 , 0 , 0.017863 , -0.118555 , -0.0326946 , 2.15052 , 0.787137 , 0.00699573 , 30 , -30
32 , 0 , 0.0177193 , -0.119165 , -0.0327681 , 2.15052 , 0.787216 , 0.00699573 , 30 , -30
32 , 0 , 0.0176624 , -0.119623 , -0.0328369 , 2.15052 , 0.787216 , 0.00699573 , 30 , -30
32 , 0 , 0.017582 , -0.119833 , -0.0328887 , 2.15052 , 0.787196 , 0.00699573 , 30 , -30
32 , 0 , 0.0173243 , -0.119777 , -0.0328887 , 2.15052 , 0.787196 , 0.00699573 , 30 , -30
32 , 0 , 0.0169988 , -0.119525 , -0.0328459 , 2.15052 , 0.787196 , 0.00699573 , 30 , -30
32 , 0 , 0.0168566 , -0.119234 , -0.0327857 , 2.15054 , 0.787216 , 0.00699573 , 30 , -30
32 , 0 , 0.0169724 , -0.119045 , -0.0327857 , 2.15052 , 0.787196 , 0.00699573 , 30 , -30
32 , 0 , 0.0171501 , -0.118992 , -0.0327857 , 2.15052 , 0.787196 , 0.00699573 , 30 , -30
32 , 0 , 0.017303 , -0.119102 , -0.0327857 , 2.15052 , 0.787196 , 0.00699573 , 30 , -30
32 , 0 , 0.0172759 , -0.119197 , -0.0327857 , 2.15052 , 0.787196 , 0.00699573 , 30 , -30
32 , 0 , 0.0169904 , -0.119381 , -0.0327857 , 2.15052 , 0.787196 , 0.00699573 , 30 , -30
32 , 0 , 0.0169267 , -0.119748 , -0.0328329 , 2.15052 , 0.787196 , 0.00699573 , 30 , -30
32 , 0 , 0.0170214 , -0.119876 , -0.0328329 , 2.15052 , 0.787196 , 0.00699573 , 30 , -30
32 , 0 , 0.0168765 , -0.119874 , -0.0328329 , 2.15052 , 0.787176 , 0.00699573 , 30 , -30
32 , 0 , 0.0166214 , -0.1199 , -0.0328329 , 2.15052 , 0.787196 , 0.00699573 , 30 , -30
32 , 0 , 0.0164474 , -0.119843 , -0.0327796 , 2.15052 , 0.787196 , 0.00699573 , 30 , -30
32 , 0 , 0.0165402 , -0.119826 , -0.0327452 , 2.15052 , 0.787196 , 0.00699573 , 30 , -30
32 , 0 , 0.0169617 , -0.11985 , -0.0327452 , 2.15052 , 0.787196 , 0.00699573 , 30 , -30
32 , 0 , 0.0172653 , -0.119756 , -0.0328116 , 2.15052 , 0.787176 , 0.00699573 , 30 , -30
32 , 0 , 0.0171582 , -0.119726 , -0.0329024 , 2.1505 , 0.787196 , 0.00699573 , 30 , -30
32 , 0 , 0.0168335 , -0.119884 , -0.0329024 , 2.15054 , 0.787196 , 0.00699573 , 30 , -30
32 , 0 , 0.0165495 , -0.120064 , -0.0329024 , 2.15052 , 0.787216 , 0.00699573 , 30 , -30
32 , 0 , 0.016553 , -0.120214 , -0.0329024 , 2.15052 , 0.787196 , 0.00699573 , 30 , -30
32 , 0 , 0.0168055 , -0.120261 , -0.0329024 , 2.15052 , 0.787216 , 0.00699573 , 30 , -30
32 , 0 , 0.0169471 , -0.120194 , -0.0329649 , 2.15052 , 0.787196 , 0.00699573 , 30 , -30
32 , 0 , 0.0166971 , -0.119901 , -0.0329303 , 2.15052 , 0.787176 , 0.00699573 , 30 , -30
32 , 0 , 0.0169486 , -0.119925 , -0.0329303 , 2.15052 , 0.787196 , 0.00699573 , 30 , -30
32 , 0 , 0.0171628 , -0.119819 , -0.0329303 , 2.15052 , 0.787216 , 0.00699573 , 30 , -30
32 , 0 , 0.0168739 , -0.12017 , -0.033063 , 2.15052 , 0.787196 , 0.00699573 , 30 , -30
32 , 0 , 0.0166483 , -0.120829 , -0.033063 , 2.15052 , 0.787196 , 0.00699573 , 30 , -30
32 , 0 , 0.0161856 , -0.120801 , -0.033063 , 2.15052 , 0.787196 , 0.00699573 , 30 , -30
32 , 0 , 0.0159475 , -0.121088 , -0.0329812 , 2.15052 , 0.787216 , 0.00699573 , 30 , -30
32 , 0 , 0.0160851 , -0.121226 , -0.0329812 , 2.15052 , 0.787176 , 0.00699573 , 30 , -30
32 , 0 , 0.0163773 , -0.120902 , -0.0329812 , 2.15052 , 0.787157 , 0.00699573 , 30 , -30
32 , 0 , 0.0164471 , -0.120786 , -0.0329812 , 2.15052 , 0.787196 , 0.00699573 , 30 , -30
32 , 0 , 0.0162814 , -0.1207 , -0.0329812 , 2.15052 , 0.787196 , 0.00699573 , 0 , 30
32 , 0 , 0.0160517 , -0.120547 , -0.0329812 , 2.14996 , 0.786668 , 0.00699573 , 0 , 30
32 , 0 , 0.0158757 , -0.120646 , -0.0329812 , 2.14812 , 0.784675 , 0.00699573 , 0 , 30
32 , 0 , 0.0159731 , -0.120704 , -0.0329812 , 2.14503 , 0.781627 , 0.00699573 , 0 , 30
32 , 0 , 0.0161993 , -0.120705 , -0.0330181 , 2.14077 , 0.777328 , 0.00699573 , 0 , 30
32 , 0 , 0.0162656 , -0.120844 , -0.0330488 , 2.13501 , 0.771876 , 0.00699573 , 0 , 30
32 , 0 , 0.0161959 , -0.121113 , -0.0330488 , 2.12834 , 0.765134 , 0.00699573 , 0 , 30
32 , 0 , 0.0161853 , -0.121313 , -0.0330488 , 2.12072 , 0.757611 , 0.00699573 , 0 , 30
32 , 0 , 0.0161997 , -0.121481 , -0.0330488 , 2.11154 , 0.748192 , 0.00699573 , 0 , 30
32 , 0 , 0.0161827 , -0.121605 , -0.0330488 , 2.10142 , 0.737972 , 0.00699573 , 0 , 30
32 , 0 , 0.0160879 , -0.12146 , -0.0330488 , 2.09012 , 0.726716 , 0.00699573 , 0 , 30
32 , 0 , 0.0159723 , -0.12123 , -0.0330488 , 2.07648 , 0.713291 , 0.00699573 , 0 , 30
32 , 0 , 0.0160039 , -0.121072 , -0.0330488 , 2.06265 , 0.699104 , 0.00699573 , 0 , 30
32 , 0 , 0.0161523 , -0.120889 , -0.0330488 , 2.04776 , 0.684351 , 0.00699573 , 0 , 30
32 , 0 , 0.0162243 , -0.120813 , -0.0330488 , 2.03111 , 0.667702 , 0.00699573 , 0 , 30
32 , 0 , 0.0161224 , -0.120931 , -0.0330849 , 2.01387 , 0.650369 , 0.00699573 , 0 , 30
32 , 0 , 0.0159232 , -0.121122 , -0.0330849 , 1.9949 , 0.631609 , 0.00699573 , 0 , 30
32 , 0 , 0.0158444 , -0.121404 , -0.0330849 , 1.97516 , 0.611599 , 0.00699573 , 0 , 30
32 , 0 , 0.015988 , -0.121709 , -0.0330849 , 1.95378 , 0.590475 , 0.00699573 , 0 , 30
32 , 0 , 0.0161665 , -0.121877 , -0.0330849 , 1.93184 , 0.568218 , 0.00699573 , 0 , 30
32 , 0 , 0.0160455 , -0.121891 , -0.0330849 , 1.90778 , 0.544475 , 0.00699573 , 0 , 30
32 , 0 , 0.0150959 , -0.121593 , -0.032629 , 1.88347 , 0.520049 , 0.00699573 , 0 , 30
32 , 0 , 0.0127872 , -0.120769 , -0.0316035 , 1.8561 , 0.492457 , 0.00699573 , 0 , 30
32 , 0 , 0.00986792 , -0.118946 , -0.0300357 , 1.83009 , 0.46676 , 0.00699573 , 0 , 30
32 , 0 , 0.00774967 , -0.115607 , -0.0280297 , 1.80066 , 0.437233 , 0.00699573 , 0 , 30
32 , 0 , 0.00700993 , -0.110951 , -0.0259709 , 1.77254 , 0.408918 , 0.00699573 , 0 , 30
32 , 0 , 0.00727749 , -0.105228 , -0.0238994 , 1.73993 , 0.376499 , 0.00699573 , 0 , 30
32 , 0 , 0.0073963 , -0.0989979 , -0.021744 , 1.70796 , 0.344608 , 0.00699573 , 0 , 30
32 , 0 , 0.00702004 , -0.0933142 , -0.0194591 , 1.67519 , 0.311603 , 0.00699573 , 0 , 30
32 , 0 , 0.00636924 , -0.0885994 , -0.0169824 , 1.64112 , 0.277387 , 0.00699573 , 0 , 30
32 , 0 , 0.00566549 , -0.08457 , -0.0143761 , 1.60574 , 0.241763 , 0.00699573 , 0 , 30
32 , 0 , 0.00528717 , -0.0805838 , -0.0117347 , 1.56908 , 0.204869 , 0.00699573 , 0 , 30
32 , 0 , 0.00514728 , -0.0760864 , -0.00908687 , 1.53125 , 0.166803 , 0.00699573 , 0 , 30
32 , 0 , 0.00486279 , -0.0707602 , -0.006269 , 1.49218 , 0.127545 , 0.00699573 , 0 , 30
32 , 0 , 0.00417019 , -0.0644584 , -0.00335893 , 1.45203 , 0.0871536 , 0.00699573 , 0 , 30
32 , 0 , 0.00348187 , -0.0572874 , -0.000346722 , 1.41064 , 0.0456677 , 0.00699573 , 0 , 30
32 , 0 , 0.00327133 , -0.0497248 , 0.00276315 , 1.36815 , 0.0029898 , 0.00699573 , 0 , 30
32 , 0 , 0.00318809 , -0.0422255 , 0.00611457 , 1.32444 , -0.0409387 , 0.00699573 , 0 , 30
32 , 0 , 0.0029549 , -0.0347538 , 0.00953157 , 1.2795 , -0.0860397 , 0.00699573 , 0 , 30
32 , 0 , 0.00247198 , -0.0276338 , 0.0130261 , 1.2332 , -0.132567 , 0.00699573 , 0 , 30
32 , 0 , 0.00166829 , -0.020668 , 0.016806 , 1.18554 , -0.180365 , 0.00699573 , 0 , 30
32 , 0 , 0.000982812 , -0.0132261 , 0.0207506 , 1.13442 , -0.231641 , 0.00699573 , 0 , 30
32 , 0 , 0.000771466 , -0.00565859 , 0.0247164 , 1.08735 , -0.27897 , 0.00699573 , 0 , 30
32 , 0 , 0.000909417 , 0.00212087 , 0.0287283 , 1.03707 , -0.329933 , 0.00699573 , 0 , 30
32 , 0 , 0.00125672 , 0.0107733 , 0.0327552 , 0.987434 , -0.382616 , 0.00699573 , 0 , 30
32 , 0 , 0.00176472 , 0.0201299 , 0.0369319 , 0.936647 , -0.438836 , 0.00699573 , 0 , 30
32 , 0 , 0.00216448 , 0.029282 , 0.041144 , 0.889885 , -0.493629 , 0.00699573 , 0 , 30
32 , 0 , 0.00230011 , 0.0384188 , 0.0455268 , 0.844334 , -0.54979 , 0.00699573 , 0 , 30
32 , 0 , 0.00260507 , 0.0475612 , 0.0500499 , 0.799839 , -0.605014 , 0.00699573 , 0 , 30
32 , 0 , 0.00376251 , 0.0561322 , 0.0543904 , 0.756536 , -0.659573 , 0.00699573 , 0 , 30
32 , 0 , 0.00527392 , 0.0649393 , 0.0586817 , 0.714268 , -0.712764 , 0.00699573 , 0 , 30
32 , 0 , 0.00678967 , 0.0739852 , 0.0627712 , 0.673291 , -0.764313 , 0.00699573 , 0 , 30
32 , 0 , 0.00816317 , 0.0827737 , 0.0667899 , 0.633524 , -0.815003 , 0.00699573 , 0 , 30
32 , 0 , 0.00873557 , 0.0915526 , 0.070922 , 0.594989 , -0.864911 , 0.00699573 , 0 , 30
32 , 0 , 0.00967449 , 0.100047 , 0.0749212 , 0.557685 , -0.913217 , 0.00699573 , 0 , 30
32 , 0 , 0.0118677 , 0.107809 , 0.0787229 , 0.521534 , -0.959998 , 0.00699573 , 0 , 30
32 , 0 , 0.0138783 , 0.115184 , 0.0823545 , 0.486594 , -1.00592 , 0.00699573 , 0 , 30
32 , 0 , 0.0146087 , 0.122614 , 0.0860152 , 0.452651 , -1.05069 , 0.00699573 , 0 , 30
32 , 0 , 0.0147395 , 0.129841 , 0.0896829 , 0.419979 , -1.09421 , 0.00699573 , 0 , 30
32 , 0 , 0.015457 , 0.13693 , 0.0933486 , 0.388713 , -1.13663 , 0.00699573 , 0 , 30
32 , 0 , 0.0171943 , 0.143768 , 0.0968463 , 0.35901 , -1.17763 , 0.00701528 , 0 , 30
32 , 0 , 0.0193614 , 0.150124 , 0.10013 , 0.330285 , -1.21771 , 0.00701528 , 0 , 30
32 , 0 , 0.0209028 , 0.155478 , 0.103312 , 0.30236 , -1.25624 , 0.00701528 , 0 , 30
32 , 0 , 0.0215583 , 0.158972 , 0.106559 , 0.276253 , -1.29382 , 0.00701528 , 0 , 30
32 , 0 , 0.0226914 , 0.160054 , 0.109699 , 0.250029 , -1.33193 , 0.00701528 , 0 , 30
32 , 0 , 0.0246241 , 0.159128 , 0.112694 , 0.22572 , -1.36683 , 0.00701528 , 0 , 30
32 , 0 , 0.0256032 , 0.157384 , 0.115522 , 0.203404 , -1.40061 , 0.00701528 , 0 , 30
32 , 0 , 0.0253195 , 0.155731 , 0.11814 , 0.181596 , -1.43346 , 0.00701528 , 0 , 30
32 , 0 , 0.0249857 , 0.154889 , 0.120813 , 0.161566 , -1.46506 , 0.00701528 , 0 , 30
32 , 0 , 0.0255262 , 0.1547 , 0.123459 , 0.14226 , -1.49511 , 0.00701528 , 0 , 30
32 , 0 , 0.0270407 , 0.154513 , 0.125939 , 0.124575 , -1.52376 , 0.00701528 , 0 , 30
32 , 0 , 0.0283718 , 0.153817 , 0.128289 , 0.107555 , -1.55192 , 0.00701528 , 0 , 30
32 , 0 , 0.0288114 , 0.152645 , 0.130483 , 0.0924101 , -1.57877 , 0.00701528 , 0 , 30
32 , 0 , 0.0289981 , 0.151817 , 0.132636 , 0.0780865 , -1.60392 , 0.00703482 , 0 , 30
32 , 0 , 0.0291628 , 0.15157 , 0.134727 , 0.0647985 , -1.62852 , 0.00703482 , 0 , 30
32 , 0 , 0.0296449 , 0.151644 , 0.13664 , 0.0531129 , -1.65152 , 0.00703482 , 0 , 30
32 , 0 , 0.0304729 , 0.15199 , 0.13854 , 0.0424043 , -1.67329 , 0.00703482 , 0 , 30
32 , 0 , 0.031384 , 0.152299 , 0.140303 , 0.032751 , -1.69412 , 0.00703482 , 0 , 30
32 , 0 , 0.0322756 , 0.152402 , 0.141889 , 0.024446 , -1.71343 , 0.00703482 , 0 , 30
32 , 0 , 0.0326427 , 0.152504 , 0.143448 , 0.0174698 , -1.73191 , 0.00705436 , 0 , 30
32 , 0 , 0.032506 , 0.1529 , 0.144952 , 0.0114902 , -1.74966 , 0.00705436 , 0 , 30
32 , 0 , 0.0325828 , 0.153544 , 0.146404 , 0.00687849 , -1.76474 , 0.00705436 , 0 , 30
32 , 0 , 0.0333206 , 0.154341 , 0.147761 , 0.00322429 , -1.78063 , 0.00705436 , 0 , 30
32 , 0 , 0.0344692 , 0.155341 , 0.148912 , 0.000957517 , -1.79364 , 0.00705436 , 0 , 30
32 , 0 , 0.0354987 , 0.156304 , 0.149899 , -7.81646e-05 , -1.80595 , 0.0070739 , 0 , 30
32 , 0 , 0.0359093 , 0.157078 , 0.150784 , -0.00017587 , -1.81709 , 0.0070739 , 0 , 30
32 , 0 , 0.0357522 , 0.157956 , 0.151643 , -3.90823e-05 , -1.82681 , 0.0070739 , 0 , 30
32 , 0 , 0.0357659 , 0.158892 , 0.152412 , 3.90823e-05 , -1.83525 , 0.0070739 , 0 , 30
32 , 0 , 0.0362012 , 0.159612 , 0.153089 , 3.90823e-05 , -1.84295 , 0.0070739 , 0 , 30
32 , 0 , 0.0366871 , 0.160186 , 0.153645 , 1.95412e-05 , -1.8492 , 0.0070739 , 0 , 30
32 , 0 , 0.036999 , 0.160721 , 0.154076 , 0 , -1.85434 , 0.0070739 , 0 , 30
32 , 0 , 0.0369515 , 0.161296 , 0.154448 , 0 , -1.85836 , 0.00709344 , 0 , 30
32 , 0 , 0.0370075 , 0.161914 , 0.154734 , 0 , -1.86092 , 0.00709344 , 0 , 30
32 , 0 , 0.0373361 , 0.162379 , 0.154907 , 0 , -1.86237 , 0.00709344 , 0 , 30
32 , 0 , 0.0376769 , 0.162594 , 0.154953 , 0 , -1.86268 , 0.00709344 , 0 , 30
32 , 0 , 0.0377568 , 0.162692 , 0.154919 , 0 , -1.8627 , 0.00709344 , 0 , 30
32 , 0 , 0.0372176 , 0.162728 , 0.154919 , 0 , -1.8627 , 0.00709344 , 0 , 30
32 , 0 , 0.0366513 , 0.162656 , 0.154919 , 0 , -1.8627 , 0.00709344 , 0 , 30
32 , 0 , 0.0364681 , 0.162533 , 0.154919 , 0 , -1.8627 , 0.00709344 , 0 , 30
32 , 0 , 0.0362757 , 0.162416 , 0.154919 , 0 , -1.8627 , 0.00709344 , 0 , 30
32 , 0 , 0.0360232 , 0.162275 , 0.154919 , 0 , -1.8627 , 0.00709344 , 0 , 30
32 , 0 , 0.0359004 , 0.162137 , 0.154919 , 0 , -1.86268 , 0.00709344 , 0 , 30
32 , 0 , 0.03563 , 0.162026 , 0.154919 , 0 , -1.86268 , 0.00709344 , 0 , 30
32 , 0 , 0.0351862 , 0.161948 , 0.154919 , 0 , -1.86268 , 0.00709344 , 0 , 30
32 , 0 , 0.0348679 , 0.161917 , 0.154919 , 0 , -1.86268 , 0.00709344 , 0 , 30
32 , 0 , 0.0346282 , 0.161874 , 0.154919 , 0 , -1.86268 , 0.00709344 , 0 , 30
32 , 0 , 0.0345068 , 0.161777 , 0.154919 , 0 , -1.86268 , 0.00709344 , 0 , 30
32 , 0 , 0.0344089 , 0.161703 , 0.154919 , 0 , -1.86268 , 0.00709344 , 0 , 30
32 , 0 , 0.0341887 , 0.161629 , 0.154919 , 0 , -1.86268 , 0.00709344 , 0 , 30
32 , 0 , 0.0339111 , 0.161514 , 0.154919 , 0 , -1.86268 , 0.00709344 , 0 , 30
32 , 0 , 0.0336894 , 0.1614 , 0.154919 , 0 , -1.86268 , 0.00709344 , 0 , 30
32 , 0 , 0.0335104 , 0.161311 , 0.154919 , 0 , -1.86268 , 0.00709344 , 0 , 30
32 , 0 , 0.0333995 , 0.161232 , 0.154919 , 0 , -1.86268 , 0.00709344 , 0 , 30
32 , 0 , 0.0333311 , 0.161173 , 0.154919 , 0 , -1.86268 , 0.00709344 , 0 , 30
32 , 0 , 0.0332343 , 0.161166 , 0.154919 , 0 , -1.86268 , 0.00709344 , 0 , 30
32 , 0 , 0.0330728 , 0.161178 , 0.154919 , 0 , -1.86268 , 0.00709344 , 0 , 30
32 , 0 , 0.0328841 , 0.161163 , 0.154919 , 0 , -1.86266 , 0.00709344 , 0 , 30
32 , 0 , 0.0327467 , 0.161114 , 0.154919 , 0 , -1.86266 , 0.00709344 , 0 , 30
32 , 0 , 0.0326321 , 0.161044 , 0.154919 , 0 , -1.86266 , 0.00709344 , 0 , 30
32 , 0 , 0.0324483 , 0.160996 , 0.154919 , 0 , -1.86266 , 0.00709344 , 0 , 30
32 , 0 , 0.0322657 , 0.160925 , 0.154919 , 0 , -1.86264 , 0.00709344 , 0 , 30
32 , 0 , 0.0322502 , 0.160824 , 0.154919 , 0 , -1.86264 , 0.00709344 , 0 , 30
32 , 0 , 0.0321698 , 0.160741 , 0.154919 , 0 , -1.86262 , 0.00709344 , 0 , 30
32 , 0 , 0.0320337 , 0.160678 , 0.154919 , 0 , -1.8626 , 0.00709344 , 0 , 30
32 , 0 , 0.031962 , 0.160659 , 0.154919 , 0 , -1.8626 , 0.00709344 , 0 , 30
32 , 0 , 0.0319052 , 0.160662 , 0.154919 , 0 , -1.8626 , 0.00709344 , 0 , 30
32 , 0 , 0.0318187 , 0.160689 , 0.154919 , 0 , -1.86258 , 0.00709344 , 0 , 30
32 , 0 , 0.0317782 , 0.160687 , 0.154919 , 0 , -1.86257 , 0.00709344 , 0 , 30
32 , 0 , 0.0317446 , 0.160681 , 0.154919 , 0 , -1.86257 , 0.00709344 , 0 , 30
32 , 0 , 0.0316129 , 0.160685 , 0.154919 , 0 , -1.86257 , 0.00709344 , 0 , 30
32 , 0 , 0.0313484 , 0.160709 , 0.154919 , 0 , -1.86255 , 0.00709344 , 0 , 30
32 , 0 , 0.0312026 , 0.160682 , 0.15496 , 0 , -1.86255 , 0.00709344 , 0 , 30
32 , 0 , 0.0315028 , 0.160554 , 0.15496 , 0 , -1.86253 , 0.00709344 , 0 , 30
32 , 0 , 0.0315454 , 0.160543 , 0.15496 , 0 , -1.86253 , 0.00709344 , 0 , 30
32 , 0 , 0.0312724 , 0.160554 , 0.15496 , 0 , -1.86253 , 0.00709344 , 0 , 30
32 , 0 , 0.0313171 , 0.160492 , 0.15496 , 0 , -1.86253 , 0.00709344 , 0 , 30
32 , 0 , 0.0312897 , 0.160463 , 0.15496 , 0 , -1.86253 , 0.00709344 , 0 , 30
32 , 0 , 0.0310801 , 0.160454 , 0.15496 , 0 , -1.86253 , 0.00709344 , 0 , 30
32 , 0 , 0.0310739 , 0.160381 , 0.15496 , 0 , -1.86251 , 0.00709344 , 0 , 30
32 , 0 , 0.0310353 , 0.160252 , 0.15496 , 0 , -1.86251 , 0.00711298 , 0 , 30
32 , 0 , 0.0307367 , 0.160038 , 0.15496 , 0 , -1.86251 , 0.00711298 , 0 , 30
32 , 0 , 0.0305848 , 0.15968 , 0.15496 , 0 , -1.86249 , 0.00711298 , 0 , 30
32 , 0 , 0.0309161 , 0.15972 , 0.15496 , 0 , -1.86249 , 0.00711298 , 0 , 30
32 , 0 , 0.0309354 , 0.160079 , 0.15496 , 0 , -1.86249 , 0.00711298 , 0 , 30
32 , 0 , 0.0308125 , 0.160309 , 0.155028 , 0 , -1.86249 , 0.00711298 , 0 , 30
32 , 0 , 0.0311295 , 0.160531 , 0.155028 , 0 , -1.86249 , 0.00711298 , 0 , 30
32 , 0 , 0.0313956 , 0.160842 , 0.154997 , 0 , -1.86249 , 0.00711298 , 0 , 30
32 , 0 , 0.0312735 , 0.161093 , 0.154997 , 0 , -1.86249 , 0.00711298 , 0 , 30
32 , 0 , 0.0309806 , 0.160954 , 0.154997 , 0 , -1.86249 , 0.00711298 , 0 , 30
32 , 0 , 0.0309221 , 0.160654 , 0.154997 , 0 , -1.86249 , 0.00711298 , 0 , 30
32 , 0 , 0.0306386 , 0.160477 , 0.154997 , 0 , -1.86249 , 0.00711298 , 0 , 30
32 , 0 , 0.0303926 , 0.160252 , 0.155049 , 0 , -1.86249 , 0.00711298 , 0 , 30
32 , 0 , 0.0306461 , 0.159978 , 0.155049 , 0 , -1.86249 , 0.00711298 , 0 , 30
32 , 0 , 0.0308853 , 0.159836 , 0.155049 , 0 , -1.86249 , 0.00711298 , 0 , 30
32 , 0 , 0.0308586 , 0.159898 , 0.155049 , 0 , -1.86249 , 0.00711298 , 0 , 30
32 , 0 , 0.0309323 , 0.160071 , 0.155049 , 0 , -1.86247 , 0.00711298 , 0 , 30
32 , 0 , 0.0310148 , 0.160257 , 0.155049 , 0 , -1.86247 , 0.00711298 , 0 , 30
32 , 0 , 0.0308151 , 0.1604 , 0.155049 , 0 , -1.86247 , 0.00711298 , 0 , 30
32 , 0 , 0.0307559 , 0.160403 , 0.155049 , 0 , -1.86247 , 0.00711298 , 0 , 30
32 , 0 , 0.0307893 , 0.16032 , 0.155049 , 0 , -1.86247 , 0.00711298 , 0 , 30
32 , 0 , 0.0306618 , 0.160194 , 0.155049 , 0 , -1.86245 , 0.00711298 , 0 , 30
32 , 0 , 0.0306335 , 0.159969 , 0.155049 , 0 , -1.86245 , 0.00711298 , 0 , 30
32 , 0 , 0.0307042 , 0.159863 , 0.155049 , 0 , -1.86245 , 0.00711298 , 0 , 30
32 , 0 , 0.0305334 , 0.159954 , 0.155049 , 0 , -1.86245 , 0.00711298 , 0 , 30
32 , 0 , 0.0305301 , 0.160038 , 0.155083 , 0 , -1.86245 , 0.00711298 , 0 , 30
32 , 0 , 0.0308075 , 0.160118 , 0.155083 , 0 , -1.86245 , 0.00711298 , 0 , 30
32 , 0 , 0.0308384 , 0.160211 , 0.155083 , 0 , -1.86245 , 0.00711298 , 0 , 30
32 , 0 , 0.0306794 , 0.16038 , 0.155083 , 0 , -1.86245 , 0.00711298 , 0 , 30
32 , 0 , 0.0305447 , 0.16049 , 0.155083 , 0 , -1.86245 , 0.00711298 , 0 , 30
32 , 0 , 0.0305372 , 0.160344 , 0.155083 , 0 , -1.86245 , 0.00711298 , 0 , 30
32 , 0 , 0.0306412 , 0.160103 , 0.155083 , 0 , -1.86245 , 0.00711298 , 0 , 30
32 , 0 , 0.0307443 , 0.159977 , 0.155083 , 0 , -1.86245 , 0.00711298 , 0 , 30
32 , 0 , 0.0306695 , 0.159953 , 0.155083 , 0 , -1.86245 , 0.00711298 , 0 , 30
32 , 0 , 0.0305872 , 0.159907 , 0.155083 , 0 , -1.86245 , 0.00711298 , 0 , 30
32 , 0 , 0.0306714 , 0.159916 , 0.155083 , 0 , -1.86245 , 0.00711298 , 0 , 30
32 , 0 , 0.0307278 , 0.16008 , 0.155083 , 0 , -1.86245 , 0.00711298 , 0 , 30
32 , 0 , 0.0307836 , 0.160248 , 0.155083 , 0 , -1.86245 , 0.00711298 , 0 , 30
32 , 0 , 0.0308774 , 0.160282 , 0.155083 , 0 , -1.86245 , 0.00711298 , 0 , 30
32 , 0 , 0.030808 , 0.160244 , 0.155083 , 0 , -1.86245 , 0.00711298 , 0 , 30
32 , 0 , 0.030649 , 0.160158 , 0.155083 , 0 , -1.86245 , 0.00711298 , 0 , 30
32 , 0 , 0.030594 , 0.159991 , 0.155083 , 0 , -1.86245 , 0.00711298 , 0 , 30
32 , 0 , 0.0305804 , 0.159782 , 0.155083 , 0 , -1.86245 , 0.00711298 , 0 , 30
32 , 0 , 0.0305429 , 0.159616 , 0.155083 , 0 , -1.86245 , 0.00711298 , 0 , 30
32 , 0 , 0.0305723 , 0.159556 , 0.155083 , 0 , -1.86245 , 0.00711298 , 0 , 30
32 , 0 , 0.0307158 , 0.159584 , 0.155083 , 0 , -1.86245 , 0.00711298 , 0 , 30
32 , 0 , 0.0308656 , 0.159693 , 0.155083 , 0 , -1.86245 , 0.00711298 , 0 , 30
32 , 0 , 0.03089 , 0.159866 , 0.155083 , 0 , -1.86245 , 0.00711298 , 0 , 30
32 , 0 , 0.0307905 , 0.160048 , 0.155083 , 0 , -1.86245 , 0.00711298 , 0 , 30
32 , 0 , 0.030822 , 0.160192 , 0.155083 , 0 , -1.86245 , 0.00711298 , 0 , 30
32 , 0 , 0.0309479 , 0.160261 , 0.155083 , 0 , -1.86247 , 0.00711298 , 0 , 30
32 , 0 , 0.0309221 , 0.160257 , 0.155083 , 0 , -1.86245 , 0.00711298 , 0 , 30
32 , 0 , 0.0307829 , 0.160175 , 0.155083 , 0 , -1.86247 , 0.00711298 , 0 , 30
32 , 0 , 0.0307514 , 0.159994 , 0.155083 , 0 , -1.86245 , 0.00711298 , 0 , 30
32 , 0 , 0.0307842 , 0.159762 , 0.155083 , 0 , -1.86247 , 0.00711298 , 0 , 30
32 , 0 , 0.0308029 , 0.159556 , 0.155083 , 0 , -1.86247 , 0.00711298 , 0 , 30
32 , 0 , 0.0308439 , 0.159451 , 0.155083 , 0 , -1.86247 , 0.00711298 , 0 , 30
32 , 0 , 0.030905 , 0.159567 , 0.155083 , 0 , -1.86245 , 0.00711298 , 0 , 30
32 , 0 , 0.0309655 , 0.159834 , 0.155083 , 0 , -1.86247 , 0.00711298 , 0 , 30
32 , 0 , 0.0310006 , 0.160073 , 0.155083 , 0 , -1.86247 , 0.00711298 , 0 , 30
32 , 0 , 0.0311068 , 0.160217 , 0.155083 , 0 , -1.86247 , 0.00711298 , 0 , 30
32 , 0 , 0.0310951 , 0.16025 , 0.155083 , 0 , -1.86247 , 0.00711298 , 0 , 30
32 , 0 , 0.0309447 , 0.160218 , 0.155083 , 0 , -1.86245 , 0.00711298 , 0 , 30
32 , 0 , 0.0308327 , 0.160104 , 0.155083 , 0 , -1.86247 , 0.00711298 , 0 , 30
32 , 0 , 0.0308544 , 0.159911 , 0.155083 , 0 , -1.86247 , 0.00711298 , 0 , 30
32 , 0 , 0.0309261 , 0.159723 , 0.155083 , 0 , -1.86247 , 0.00711298 , 0 , 30
32 , 0 , 0.0310917 , 0.159544 , 0.155083 , 0 , -1.86247 , 0.00711298 , 0 , 30
32 , 0 , 0.0312144 , 0.159447 , 0.155083 , 0 , -1.86247 , 0.00711298 , 0 , 30
32 , 0 , 0.0310927 , 0.159538 , 0.155083 , 0 , -1.86247 , 0.00711298 , 0 , 30
32 , 0 , 0.0309711 , 0.159761 , 0.155083 , 0 , -1.86247 , 0.00711298 , 0 , 30
32 , 0 , 0.0309484 , 0.160017 , 0.155083 , 0 , -1.86247 , 0.00711298 , 0 , 30
32 , 0 , 0.0310066 , 0.160268 , 0.155083 , 0 , -1.86247 , 0.00711298 , 0 , 30
32 , 0 , 0.0310909 , 0.160434 , 0.155083 , 0 , -1.86247 , 0.00711298 , 0 , 30
32 , 0 , 0.0311567 , 0.160471 , 0.155083 , 0 , -1.86247 , 0.00711298 , 0 , 30
32 , 0 , 0.0310864 , 0.160425 , 0.155083 , 0 , -1.86247 , 0.00711298 , 0 , 30
32 , 0 , 0.0310683 , 0.1602 , 0.155083 , 0 , -1.86247 , 0.00711298 , 0 , 30
32 , 0 , 0.0311888 , 0.159815 , 0.155083 , 0 , -1.86247 , 0.00711298 , 0 , 30
32 , 0 , 0.0312055 , 0.159433 , 0.155083 , 0 , -1.86247 , 0.00711298 , 0 , 30
32 , 0 , 0.0310133 , 0.159162 , 0.155083 , 0 , -1.86247 , 0.00711298 , 0 , 30
32 , 0 , 0.030818 , 0.159101 , 0.155083 , 0 , -1.86247 , 0.00711298 , 0 , 30
32 , 0 , 0.0308411 , 0.159272 , 0.15513 , 0 , -1.86247 , 0.00711298 , 0 , 30
32 , 0 , 0.0310327 , 0.15959 , 0.15513 , 0 , -1.86247 , 0.00711298 , 0 , 30
32 , 0 , 0.0312613 , 0.159908 , 0.15513 , 0 , -1.86247 , 0.00711298 , 0 , 30
32 , 0 , 0.0314214 , 0.160119 , 0.15513 , 0 , -1.86247 , 0.00711298 , 0 , 30
32 , 0 , 0.031438 , 0.160168 , 0.15513 , 0 , -1.86247 , 0.00711298 , 0 , 30
32 , 0 , 0.0312778 , 0.160028 , 0.15513 , 0 , -1.86247 , 0.00711298 , 0 , 30
32 , 0 , 0.0311326 , 0.159764 , 0.15513 , 0 , -1.86247 , 0.00711298 , 0 , 30
32 , 0 , 0.0309904 , 0.159524 , 0.15513 , 0 , -1.86247 , 0.00711298 , 0 , 30
32 , 0 , 0.0309787 , 0.159358 , 0.155162 , 0 , -1.86247 , 0.00711298 , 0 , 30
32 , 0 , 0.0311627 , 0.159318 , 0.155162 , 0 , -1.86247 , 0.00711298 , 0 , 30
32 , 0 , 0.0313856 , 0.159388 , 0.155162 , 0 , -1.86247 , 0.00711298 , 0 , 30
32 , 0 , 0.0315282 , 0.159545 , 0.155162 , 0 , -1.86247 , 0.00711298 , 0 , 30
32 , 0 , 0.0314231 , 0.159759 , 0.155162 , 0 , -1.86247 , 0.00711298 , 0 , 30
32 , 0 , 0.0312494 , 0.159904 , 0.155162 , 0 , -1.86247 , 0.00711298 , 0 , 30
32 , 0 , 0.0312808 , 0.159963 , 0.155162 , 0 , -1.86247 , 0.00711298 , 0 , 30
32 , 0 , 0.0313522 , 0.159985 , 0.155162 , 0 , -1.86247 , 0.00711298 , 0 , 30
32 , 0 , 0.0312597 , 0.159939 , 0.155162 , 0 , -1.86247 , 0.00711298 , 0 , 30
32 , 0 , 0.0312248 , 0.159779 , 0.155162 , 0 , -1.86247 , 0.00711298 , 0 , 30
32 , 0 , 0.0313265 , 0.159599 , 0.155162 , 0 , -1.86247 , 0.00711298 , 0 , 30
32 , 0 , 0.0313298 , 0.159498 , 0.155162 , 0 , -1.86247 , 0.00711298 , 0 , 30
32 , 0 , 0.0313806 , 0.159455 , 0.155162 , 0 , -1.86247 , 0.00711298 , 0 , 30
32 , 0 , 0.0315446 , 0.159472 , 0.155162 , 0 , -1.86247 , 0.00711298 , 0 , 30
32 , 0 , 0.0314684 , 0.159555 , 0.155162 , 0 , -1.86247 , 0.00711298 , 0 , 30
32 , 0 , 0.0313003 , 0.159652 , 0.155162 , 0 , -1.86247 , 0.00711298 , 0 , 30
32 , 0 , 0.0313018 , 0.159753 , 0.155162 , 0 , -1.86247 , 0.00711298 , 0 , 30
32 , 0 , 0.0313931 , 0.159826 , 0.155162 , 0 , -1.86247 , 0.00711298 , 0 , 30
32 , 0 , 0.031418 , 0.159827 , 0.155162 , 0 , -1.86247 , 0.00711298 , 0 , 30
32 , 0 , 0.0314486 , 0.159762 , 0.155162 , 0 , -1.86247 , 0.00711298 , 0 , 30
32 , 0 , 0.0314783 , 0.159661 , 0.155162 , 0 , -1.86247 , 0.00711298 , 0 , 30
32 , 0 , 0.031466 , 0.159562 , 0.155162 , 0 , -1.86247 , 0.00711298 , 0 , 30
32 , 0 , 0.0315026 , 0.159455 , 0.155162 , 0 , -1.86247 , 0.00711298 , 0 , 30
32 , 0 , 0.0315277 , 0.159368 , 0.155162 , 1.95412e-05 , -1.86247 , 0.00711298 , 0 , 30
32 , 0 , 0.03154 , 0.159393 , 0.155162 , 0 , -1.86247 , 0.00711298 , 0 , -30
32 , 0 , 0.0314915 , 0.159522 , 0.155162 , 0 , -1.86202 , 0.00711298 , 0 , -30
32 , 0 , 0.0314996 , 0.15971 , 0.155162 , 0 , -1.86034 , 0.00711298 , 0 , -30
32 , 0 , 0.0321341 , 0.159851 , 0.155044 , 0 , -1.85721 , 0.00711298 , 0 , -30
32 , 0 , 0.0331796 , 0.159768 , 0.154706 , 0 , -1.85285 , 0.00711298 , 0 , -30
32 , 0 , 0.0335389 , 0.15943 , 0.154275 , 0 , -1.84719 , 0.00711298 , 0 , -30
32 , 0 , 0.0334883 , 0.15882 , 0.153787 , 0 , -1.84039 , 0.00711298 , 0 , -30
32 , 0 , 0.0337361 , 0.158022 , 0.15319 , 0 , -1.83261 , 0.00711298 , 0 , -30
32 , 0 , 0.0338959 , 0.157188 , 0.152487 , 0 , -1.82364 , 0.00711298 , 0 , -30
32 , 0 , 0.0337477 , 0.156282 , 0.15172 , 0 , -1.81361 , 0.00711298 , 0 , -30
32 , 0 , 0.0337014 , 0.155248 , 0.150839 , 0 , -1.80181 , 0.00711298 , 0 , -30
32 , 0 , 0.0339193 , 0.154122 , 0.149763 , 0 , -1.78917 , 0.00711298 , 0 , -30
32 , 0 , 0.0339096 , 0.152896 , 0.148594 , 0 , -1.7758 , 0.00711298 , 0 , -30
32 , 0 , 0.0335038 , 0.151687 , 0.147387 , -1.95412e-05 , -1.75947 , 0.00711298 , 0 , -30
32 , 0 , 0.0330501 , 0.150276 , 0.146016 , -1.95412e-05 , -1.74403 , 0.00711298 , 0 , -30
32 , 0 , 0.0325881 , 0.148569 , 0.144528 , 0 , -1.72582 , 0.00711298 , 0 , -30
32 , 0 , 0.0321092 , 0.146845 , 0.14294 , 0 , -1.70803 , 0.00711298 , 0 , -30
32 , 0 , 0.0316012 , 0.144975 , 0.141284 , 1.95412e-05 , -1.68724 , 0.00711298 , 0 , -30
32 , 0 , 0.0314234 , 0.142972 , 0.139525 , 0 , -1.66596 , 0.00711298 , 0 , -30
32 , 0 , 0.0317858 , 0.140838 , 0.137579 , 1.95412e-05 , -1.64378 , 0.00711298 , 0 , -30
32 , 0 , 0.0320224 , 0.13869 , 0.135549 , 0 , -1.62168 , 0.00711298 , 0 , -30
32 , 0 , 0.0315179 , 0.13645 , 0.13351 , 0 , -1.59542 , 0.00711298 , 0 , -30
32 , 0 , 0.0306013 , 0.133873 , 0.13135 , 0 , -1.56986 , 0.00711298 , 0 , -30
32 , 0 , 0.0299889 , 0.131457 , 0.129202 , 0 , -1.54248 , 0.00711298 , 0 , -30
32 , 0 , 0.029502 , 0.129074 , 0.126856 , 0 , -1.51405 , 0.00711298 , 0 , -30
32 , 0 , 0.0292001 , 0.126437 , 0.124287 , 0 , -1.48487 , 0.00711298 , 0 , -30
32 , 0 , 0.0291625 , 0.123846 , 0.121669 , 0 , -1.4557 , 0.00711298 , 0 , -30
32 , 0 , 0.0287333 , 0.120915 , 0.11894 , 0 , -1.42191 , 0.00711298 , 0 , -30
32 , 0 , 0.0279676 , 0.117284 , 0.116044 , 0 , -1.38865 , 0.00711298 , 0 , -30
32 , 0 , 0.0271783 , 0.11329 , 0.113023 , 0 , -1.3544 , 0.00711298 , 0 , -30
32 , 0 , 0.0265471 , 0.109323 , 0.109919 , 0 , -1.31907 , 0.00711298 , 0 , -30
32 , 0 , 0.0262841 , 0.105773 , 0.10681 , -1.95412e-05 , -1.28264 , 0.00711298 , 0 , -30
32 , 0 , 0.0260526 , 0.102656 , 0.103746 , -1.95412e-05 , -1.24483 , 0.00711298 , 0 , -30
32 , 0 , 0.0255668 , 0.0994157 , 0.100592 , 0 , -1.20362 , 0.00711298 , 0 , -30
32 , 0 , 0.025105 , 0.0955426 , 0.0972752 , 0 , -1.16327 , 0.00711298 , 0 , -30
32 , 0 , 0.0247839 , 0.0914016 , 0.093822 , 0 , -1.1217 , 0.00711298 , 0 , -30
32 , 0 , 0.0241442 , 0.0873017 , 0.0903243 , 0 , -1.07877 , 0.00711298 , 0 , -30
32 , 0 , 0.0230298 , 0.082809 , 0.0866663 , 0 , -1.0348 , 0.00711298 , 0 , -30
32 , 0 , 0.0220211 , 0.0779094 , 0.082942 , 0 , -0.989388 , 0.00711298 , 0 , -30
32 , 0 , 0.0212658 , 0.0727906 , 0.0791707 , 0 , -0.942978 , 0.00711298 , 0 , -30
32 , 0 , 0.0208977 , 0.0677653 , 0.0753155 , 0 , -0.89563 , 0.00711298 , 0 , -30
32 , 0 , 0.0210211 , 0.0625722 , 0.0712458 , 0 , -0.847051 , 0.00711298 , 0 , -30
32 , 0 , 0.0209328 , 0.0568528 , 0.0671411 , 0 , -0.797064 , 0.00711298 , 0 , -30
32 , 0 , 0.0201434 , 0.0506898 , 0.0630483 , 1.95412e-05 , -0.745573 , 0.00711298 , 0 , -30
32 , 0 , 0.0192972 , 0.0439377 , 0.0587752 , 0 , -0.69334 , 0.00711298 , 0 , -30
32 , 0 , 0.0186557 , 0.0364948 , 0.0545479 , 0 , -0.639992 , 0.00711298 , 0 , -30
32 , 0 , 0.0177012 , 0.0284464 , 0.0502902 , 0 , -0.584906 , 0.00711298 , 0 , -30
32 , 0 , 0.0172063 , 0.0201437 , 0.0458957 , 0 , -0.52638 , 0.00711298 , 0 , -30
32 , 0 , 0.0174251 , 0.0115671 , 0.0414054 , 0 , -0.471938 , 0.00711298 , 0 , -30
32 , 0 , 0.0173358 , 0.00274409 , 0.0366839 , 0 , -0.410501 , 0.00711298 , 0 , -30
32 , 0 , 0.0169706 , -0.00612209 , 0.0319782 , 0 , -0.351076 , 0.00711298 , 0 , -30
32 , 0 , 0.0165924 , -0.0151302 , 0.0272939 , 0 , -0.290948 , 0.00709344 , 0 , -30
32 , 0 , 0.0164327 , -0.0245174 , 0.0225904 , 0 , -0.231074 , 0.00709344 , 0 , -30
32 , 0 , 0.0165476 , -0.03414 , 0.017832 , 0 , -0.170985 , 0.00709344 , 0 , -30
32 , 0 , 0.0168205 , -0.0437545 , 0.0131523 , 0 , -0.114159 , 0.00709344 , 0 , -30
32 , 0 , 0.017159 , -0.0537598 , 0.00838712 , 0 , -0.0509633 , 0.00709344 , 0 , -30
32 , 0 , 0.0172884 , -0.0636959 , 0.00378219 , 0 , 0.00879352 , 0.00709344 , 0 , -30
32 , 0 , 0.0169745 , -0.0732064 , -0.000731824 , 0 , 0.0689998 , 0.00709344 , 0 , -30
32 , 0 , 0.0164502 , -0.0824185 , -0.00494794 , -1.95412e-05 , 0.128737 , 0.00709344 , 0 , -30
32 , 0 , 0.0160973 , -0.0911682 , -0.00895858 , 0 , 0.188943 , 0.00709344 , 0 , -30
32 , 0 , 0.0159425 , -0.0991313 , -0.0128321 , 0 , 0.248759 , 0.00709344 , 0 , -30
32 , 0 , 0.0155513 , -0.106058 , -0.0162162 , 0 , 0.308985 , 0.00709344 , 0 , -30
32 , 0 , 0.0139053 , -0.112097 , -0.0188144 , 0 , 0.368742 , 0.00709344 , 0 , -30
32 , 0 , 0.0108047 , -0.116954 , -0.0204101 , 0 , 0.431039 , 0.00709344 , 0 , -30
32 , 0 , 0.00719954 , -0.120226 , -0.0210848 , 0 , 0.48591 , 0.00709344 , 0 , -30
32 , 0 , 0.00442505 , -0.121444 , -0.0210848 , 0 , 0.543107 , 0.00709344 , 0 , -30
32 , 0 , 0.00337496 , -0.120502 , -0.0207834 , 1.95412e-05 , 0.598331 , 0.00709344 , 0 , -30
32 , 0 , 0.00375416 , -0.118007 , -0.0202676 , 0 , 0.652948 , 0.00709344 , 0 , -30
32 , 0 , 0.00482253 , -0.114712 , -0.0199144 , 0 , 0.706237 , 0.00709344 , 0 , -30
32 , 0 , 0.00609204 , -0.111668 , -0.0197088 , -1.95412e-05 , 0.760464 , 0.00709344 , 0 , -30
32 , 0 , 0.00745082 , -0.110027 , -0.0197488 , 0 , 0.808945 , 0.00709344 , 0 , -30
32 , 0 , 0.0090697 , -0.110122 , -0.0200972 , 1.95412e-05 , 0.858951 , 0.00709344 , 0 , -30
32 , 0 , 0.0105063 , -0.111562 , -0.0205782 , 0 , 0.907198 , 0.00709344 , 0 , -30
32 , 0 , 0.0115386 , -0.114055 , -0.0213956 , 0 , 0.956461 , 0.00709344 , 0 , -30
32 , 0 , 0.0120198 , -0.116719 , -0.0222052 , 0 , 1.00264 , 0.00709344 , 0 , -30
32 , 0 , 0.0116239 , -0.118676 , -0.0228643 , 0 , 1.04768 , 0.00709344 , 0 , -30
32 , 0 , 0.0104985 , -0.119745 , -0.0231966 , 1.95412e-05 , 1.09145 , 0.00709344 , 0 , -30
32 , 0 , 0.00923116 , -0.119686 , -0.0231966 , 0 , 1.1339 , 0.00709344 , 0 , -30
32 , 0 , 0.00854532 , -0.1187 , -0.0230227 , 0 , 1.17509 , 0.00709344 , 0 , -30
32 , 0 , 0.00864365 , -0.117181 , -0.0227089 , 0 , 1.21507 , 0.00709344 , 0 , -30
32 , 0 , 0.00927708 , -0.115565 , -0.0225173 , 0 , 1.25388 , 0.00709344 , 0 , -30
32 , 0 , 0.0102054 , -0.114378 , -0.0224753 , 0 , 1.29157 , 0.00709344 , 0 , -30
32 , 0 , 0.0112222 , -0.113981 , -0.0226242 , 0 , 1.32784 , 0.00709344 , 0 , -30
32 , 0 , 0.0119785 , -0.114525 , -0.0228785 , 0 , 1.36292 , 0.00709344 , 0 , -30
32 , 0 , 0.0124373 , -0.115598 , -0.0232699 , -1.95412e-05 , 1.39852 , 0.00709344 , 0 , -30
32 , 0 , 0.0127022 , -0.116771 , -0.023636 , 0 , 1.42947 , 0.00709344 , 0 , -30
32 , 0 , 0.0128042 , -0.11786 , -0.02399 , 0 , 1.46127 , 0.00709344 , 0 , -30
32 , 0 , 0.0127248 , -0.118472 , -0.0242201 , 0 , 1.49193 , 0.00709344 , 0 , -30
32 , 0 , 0.0123455 , -0.118519 , -0.0243199 , 0 , 1.52103 , 0.00709344 , 0 , -30
32 , 0 , 0.0118944 , -0.118105 , -0.0242815 , -1.95412e-05 , 1.5501 , 0.00709344 , 0 , -30
32 , 0 , 0.0117186 , -0.117411 , -0.0241963 , 0 , 1.57719 , 0.00709344 , 0 , -30
32 , 0 , 0.0119849 , -0.116739 , -0.0241323 , 0 , 1.60148 , 0.00709344 , 0 , -30
32 , 0 , 0.0124859 , -0.116273 , -0.0241323 , 0 , 1.62555 , 0.00709344 , 0 , -30
32 , 0 , 0.0129164 , -0.116112 , -0.0241776 , 0 , 1.65041 , 0.00709344 , 0 , -30
32 , 0 , 0.0132574 , -0.116276 , -0.0243025 , 0 , 1.672 , 0.00709344 , 0 , -30
32 , 0 , 0.0136359 , -0.116654 , -0.0244694 , 0 , 1.69305 , 0.00709344 , 0 , -30
32 , 0 , 0.0139733 , -0.11712 , -0.0246701 , 0 , 1.71229 , 0.00709344 , 0 , -30
32 , 0 , 0.0141503 , -0.117555 , -0.0248716 , 1.95412e-05 , 1.73098 , 0.00709344 , 0 , -30
32 , 0 , 0.0140745 , -0.117843 , -0.0250271 , 1.95412e-05 , 1.74764 , 0.00709344 , 0 , -30
32 , 0 , 0.0138369 , -0.117991 , -0.0251098 , 0 , 1.76406 , 0.00709344 , 0 , -30
32 , 0 , 0.0136246 , -0.11799 , -0.0251098 , 0 , 1.7786 , 0.00709344 , 0 , -30
32 , 0 , 0.0135328 , -0.117838 , -0.0251098 , -1.95412e-05 , 1.79208 , 0.00709344 , 0 , -30
32 , 0 , 0.0136182 , -0.117593 , -0.0251098 , 0 , 1.80474 , 0.00709344 , 0 , -30
32 , 0 , 0.0138194 , -0.117349 , -0.0251098 , 0 , 1.81565 , 0.00709344 , 0 , -30
32 , 0 , 0.0140875 , -0.117155 , -0.0251098 , 1.95412e-05 , 1.8254 , 0.00709344 , 0 , -30
32 , 0 , 0.0143972 , -0.117046 , -0.0251794 , 0 , 1.83476 , 0.00709344 , 0 , -30
32 , 0 , 0.0147036 , -0.117115 , -0.0252967 , 0 , 1.84248 , 0.00709344 , 0 , -30
32 , 0 , 0.014936 , -0.117348 , -0.0254366 , 0 , 1.84848 , 0.00709344 , 0 , -30
32 , 0 , 0.0150088 , -0.11767 , -0.0255702 , 0 , 1.85352 , 0.00709344 , 0 , -30
32 , 0 , 0.0149513 , -0.118022 , -0.0256809 , 0 , 1.85756 , 0.00709344 , 0 , -30
32 , 0 , 0.0148812 , -0.118313 , -0.025781 , 0 , 1.86028 , 0.00709344 , 0 , -30
32 , 0 , 0.0148298 , -0.11847 , -0.0258355 , 0 , 1.86178 , 0.00709344 , 0 , -30
32 , 0 , 0.0147902 , -0.118499 , -0.0258695 , 0 , 1.86231 , 0.00709344 , 0 , -30
32 , 0 , 0.0147645 , -0.118413 , -0.0259004 , 0 , 1.86247 , 0.00709344 , 0 , -30
32 , 0 , 0.0147497 , -0.118256 , -0.0259004 , 1.95412e-05 , 1.86227 , 0.00709344 , 0 , -30
32 , 0 , 0.0148086 , -0.118113 , -0.0259004 , 0 , 1.86251 , 0.00709344 , 0 , -30
32 , 0 , 0.0149956 , -0.11803 , -0.0259004 , 0 , 1.86229 , 0.00709344 , 0 , -30
32 , 0 , 0.01523 , -0.118009 , -0.0259691 , 0 , 1.86253 , 0.00709344 , 0 , -30
32 , 0 , 0.015383 , -0.118062 , -0.0260495 , -1.95412e-05 , 1.86227 , 0.00709344 , 0 , -30
32 , 0 , 0.0154407 , -0.118191 , -0.0261424 , 1.95412e-05 , 1.86253 , 0.00709344 , 0 , -30
32 , 0 , 0.0154596 , -0.118372 , -0.0262159 , 0 , 1.86227 , 0.00709344 , 0 , -30
32 , 0 , 0.0154884 , -0.118557 , -0.0262962 , 0 , 1.86257 , 0.00709344 , 0 , -30
32 , 0 , 0.0155161 , -0.118684 , -0.0263621 , 0 , 1.86229 , 0.00709344 , 0 , -30
32 , 0 , 0.0154927 , -0.118753 , -0.0264158 , 0 , 1.86266 , 0.00709344 , 0 , -30
32 , 0 , 0.0154145 , -0.11875 , -0.0264609 , 1.95412e-05 , 1.86237 , 0.00709344 , 0 , -30
32 , 0 , 0.015347 , -0.118754 , -0.0264609 , 0 , 1.86241 , 0.00709344 , 0 , -30
32 , 0 , 0.0153603 , -0.118747 , -0.0264609 , 0 , 1.86247 , 0.00709344 , 0 , -30
32 , 0 , 0.0154634 , -0.118714 , -0.0264609 , 0 , 1.86225 , 0.00709344 , 0 , -30
32 , 0 , 0.0156015 , -0.118688 , -0.0265057 , 0 , 1.86262 , 0.00709344 , 0 , -30
32 , 0 , 0.015723 , -0.118668 , -0.0265562 , 0 , 1.86225 , 0.00709344 , 0 , -30
32 , 0 , 0.0157849 , -0.118717 , -0.0266088 , -1.95412e-05 , 1.86266 , 0.00709344 , 0 , -30
32 , 0 , 0.0158121 , -0.118824 , -0.0266678 , 0 , 1.86233 , 0.00709344 , 0 , -30
32 , 0 , 0.0158722 , -0.119009 , -0.0267477 , 0 , 1.86241 , 0.00709344 , 0 , -30
32 , 0 , 0.0159075 , -0.119189 , -0.0268201 , 0 , 1.86257 , 0.00709344 , 0 , -30
32 , 0 , 0.0158618 , -0.119354 , -0.0268949 , 0 , 1.86227 , 0.00709344 , 0 , -30
32 , 0 , 0.0157442 , -0.119479 , -0.0269346 , 0 , 1.86255 , 0.00709344 , 0 , -30
32 , 0 , 0.0156607 , -0.119531 , -0.0269346 , 0 , 1.86237 , 0.00709344 , 0 , -30
32 , 0 , 0.0156879 , -0.119545 , -0.0269346 , 0 , 1.86245 , 0.00709344 , 0 , -30
32 , 0 , 0.0158006 , -0.119476 , -0.0269346 , 1.95412e-05 , 1.86257 , 0.00709344 , 0 , -30
32 , 0 , 0.0159264 , -0.119396 , -0.0269668 , 0 , 1.86241 , 0.00709344 , 0 , -30
32 , 0 , 0.0159742 , -0.119358 , -0.0270058 , 0 , 1.86247 , 0.00709344 , 0 , -30
32 , 0 , 0.0159502 , -0.119377 , -0.0270508 , 0 , 1.86258 , 0.00709344 , 0 , -30
32 , 0 , 0.0159307 , -0.119461 , -0.0270897 , 0 , 1.86245 , 0.00709344 , 0 , -30
32 , 0 , 0.0159646 , -0.119586 , -0.0271261 , 0 , 1.86235 , 0.00709344 , 0 , -30
32 , 0 , 0.0160349 , -0.119691 , -0.0271905 , 0 , 1.86266 , 0.00709344 , 0 , -30
32 , 0 , 0.016076 , -0.119785 , -0.0272521 , 0 , 1.86237 , 0.00709344 , 0 , -30
32 , 0 , 0.0160224 , -0.119864 , -0.0273086 , 0 , 1.86253 , 0.00709344 , 0 , -30
32 , 0 , 0.0159079 , -0.119919 , -0.0273086 , 0 , 1.86255 , 0.00709344 , 0 , -30
32 , 0 , 0.0158598 , -0.120016 , -0.0273086 , 0 , 1.86227 , 0.00709344 , 0 , -30
32 , 0 , 0.0159117 , -0.120066 , -0.0273086 , 0 , 1.86266 , 0.00709344 , 0 , -30
32 , 0 , 0.0160121 , -0.120084 , -0.0273499 , 0 , 1.86237 , 0.00709344 , 0 , -30
32 , 0 , 0.0160616 , -0.120127 , -0.0274001 , 1.95412e-05 , 1.86257 , 0.00709344 , 0 , -30
32 , 0 , 0.0160207 , -0.12017 , -0.0274001 , 0 , 1.86255 , 0.00709344 , 0 , -30
32 , 0 , 0.0159913 , -0.120257 , -0.0274001 , 0 , 1.86239 , 0.00709344 , 0 , -30
32 , 0 , 0.0160403 , -0.120334 , -0.0274001 , 0 , 1.86262 , 0.00709344 , 0 , -30
32 , 0 , 0.0161263 , -0.120391 , -0.0274321 , 0 , 1.86231 , 0.00709344 , 0 , -30
32 , 0 , 0.0161632 , -0.120463 , -0.0274806 , 0 , 1.86258 , 0.00709344 , 0 , -30
32 , 0 , 0.0161248 , -0.120539 , -0.0275188 , 0 , 1.86229 , 0.00709344 , 0 , -30
32 , 0 , 0.0160423 , -0.120645 , -0.0275515 , 0 , 1.8627 , 0.00709344 , 0 , -30
32 , 0 , 0.0160004 , -0.120759 , -0.0275515 , 1.95412e-05 , 1.86249 , 0.00709344 , 0 , -30
32 , 0 , 0.016018 , -0.120875 , -0.0275515 , -1.95412e-05 , 1.86247 , 0.00709344 , 0 , -30
32 , 0 , 0.0160429 , -0.120929 , -0.0275515 , -1.95412e-05 , 1.8626 , 0.00709344 , 0 , -30
32 , 0 , 0.0160526 , -0.120924 , -0.0275515 , 0 , 1.86229 , 0.00709344 , 0 , -30
32 , 0 , 0.0160461 , -0.12089 , -0.0275515 , 0 , 1.86272 , 0.00709344 , 0 , -30
32 , 0 , 0.0160581 , -0.120867 , -0.0275515 , 0 , 1.86227 , 0.00709344 , 0 , -30
32 , 0 , 0.0161109 , -0.120884 , -0.0275515 , -1.95412e-05 , 1.8627 , 0.00709344 , 0 , -30
32 , 0 , 0.0161606 , -0.120919 , -0.0275978 , 0 , 1.86239 , 0.00709344 , 0 , -30
32 , 0 , 0.016157 , -0.120972 , -0.0276421 , 0 , 1.86251 , 0.00709344 , 0 , -30
32 , 0 , 0.0160962 , -0.121026 , -0.02768 , 0 , 1.86247 , 0.00709344 , 0 , -30
32 , 0 , 0.0160147 , -0.121113 , -0.0277142 , 0 , 1.86251 , 0.00709344 , 0 , -30
32 , 0 , 0.0159742 , -0.121192 , -0.0277142 , 0 , 1.86247 , 0.00709344 , 0 , -30
32 , 0 , 0.0160063 , -0.12124 , -0.0277142 , 0 , 1.86237 , 0.00709344 , 0 , -30
32 , 0 , 0.0161159 , -0.121278 , -0.0277142 , 0 , 1.86264 , 0.00709344 , 0 , -30
32 , 0 , 0.0162156 , -0.12131 , -0.0277453 , 0 , 1.86233 , 0.00709344 , 0 , -30
32 , 0 , 0.0162017 , -0.121372 , -0.0277822 , -1.95412e-05 , 1.86258 , 0.00709344 , 0 , -30
32 , 0 , 0.0161161 , -0.121464 , -0.0278126 , 0 , 1.86227 , 0.00709344 , 0 , -30
32 , 0 , 0.0160532 , -0.121551 , -0.0278126 , 0 , 1.86257 , 0.00709344 , 0 , -30
32 , 0 , 0.0160427 , -0.121581 , -0.0278126 , -1.95412e-05 , 1.86237 , 0.00709344 , 0 , -30
32 , 0 , 0.0160895 , -0.121591 , -0.0278126 , 0 , 1.8626 , 0.00709344 , 0 , -30
32 , 0 , 0.0161563 , -0.121589 , -0.0278444 , 0 , 1.86233 , 0.00709344 , 0 , -30
32 , 0 , 0.0161646 , -0.121595 , -0.0278754 , 0 , 1.86243 , 0.00709344 , 0 , -30
32 , 0 , 0.0161235 , -0.121613 , -0.0278754 , 0 , 1.86258 , 0.00709344 , 0 , -30
32 , 0 , 0.0160725 , -0.121647 , -0.0278754 , 0 , 1.86227 , 0.00709344 , 0 , -30
32 , 0 , 0.0160356 , -0.121735 , -0.0278754 , 0 , 1.86266 , 0.00709344 , 0 , -30
32 , 0 , 0.0160256 , -0.121818 , -0.0279057 , -1.95412e-05 , 1.86233 , 0.00709344 , 0 , -30
32 , 0 , 0.0160285 , -0.121869 , -0.0279057 , 0 , 1.86266 , 0.00709344 , 0 , -30
32 , 0 , 0.0160123 , -0.121903 , -0.0279057 , 0 , 1.86239 , 0.00709344 , 0 , -30
32 , 0 , 0.0160159 , -0.121933 , -0.0279057 , 0 , 1.86251 , 0.00709344 , 0 , -30
32 , 0 , 0.0160576 , -0.121958 , -0.0279057 , 0 , 1.86249 , 0.00709344 , 0 , -30
32 , 0 , 0.016065 , -0.121999 , -0.0279057 , 0 , 1.86245 , 0.00709344 , 0 , -30
32 , 0 , 0.016024 , -0.122048 , -0.0279057 , -1.95412e-05 , 1.86257 , 0.00709344 , 0 , -30
32 , 0 , 0.015955 , -0.122111 , -0.0279057 , 0 , 1.86233 , 0.00709344 , 0 , -30
32 , 0 , 0.0159009 , -0.122172 , -0.0279057 , 0 , 1.86264 , 0.00709344 , 0 , -30
32 , 0 , 0.0158967 , -0.122228 , -0.0279057 , 0 , 1.86235 , 0.00709344 , 0 , -30
32 , 0 , 0.0159325 , -0.122277 , -0.0279057 , 0 , 1.86262 , 0.00709344 , 0 , -30
32 , 0 , 0.0159527 , -0.122293 , -0.0279057 , 0 , 1.86239 , 0.00709344 , 0 , -30
32 , 0 , 0.0159147 , -0.122335 , -0.0279057 , 0 , 1.86237 , 0.00709344 , 0 , -30
32 , 0 , 0.0158642 , -0.122377 , -0.0279057 , 0 , 1.86266 , 0.00709344 , 0 , -30
32 , 0 , 0.0158661 , -0.122423 , -0.0279057 , 0 , 1.86229 , 0.00709344 , 0 , -30
32 , 0 , 0.0159002 , -0.122494 , -0.0279057 , -1.95412e-05 , 1.86268 , 0.00709344 , 0 , -30
32 , 0 , 0.015905 , -0.12255 , -0.0279057 , 0 , 1.86235 , 0.00709344 , 0 , -30
32 , 0 , 0.0158664 , -0.122594 , -0.0279057 , 0 , 1.8626 , 0.00709344 , 0 , -30
32 , 0 , 0.0158128 , -0.122619 , -0.0279057 , 0 , 1.86241 , 0.00709344 , 0 , -30
32 , 0 , 0.0157801 , -0.122655 , -0.0279057 , 0 , 1.86237 , 0.00709344 , 0 , -30
32 , 0 , 0.0158064 , -0.122683 , -0.0279057 , 0 , 1.86264 , 0.00709344 , 0 , -30
32 , 0 , 0.0158621 , -0.122696 , -0.0279057 , 0 , 1.86233 , 0.00709344 , 0 , -30
32 , 0 , 0.0158669 , -0.122734 , -0.0279057 , 1.95412e-05 , 1.8626 , 0.00709344 , 0 , -30
32 , 0 , 0.0157895 , -0.122813 , -0.0279057 , 0 , 1.86225 , 0.00709344 , 0 , -30
32 , 0 , 0.0157015 , -0.122889 , -0.0279057 , 0 , 1.8626 , 0.00709344 , 0 , -30
32 , 0 , 0.0156701 , -0.122943 , -0.0279057 , 0 , 1.86225 , 0.00709344 , 0 , -30
32 , 0 , 0.0156852 , -0.122975 , -0.0279057 , 0 , 1.86258 , 0.00709344 , 0 , -30
32 , 0 , 0.0157237 , -0.122966 , -0.0279057 , 0 , 1.86247 , 0.00709344 , 0 , -30
32 , 0 , 0.0157176 , -0.122983 , -0.0279057 , 0 , 1.86233 , 0.00709344 , 0 , -30
32 , 0 , 0.0156743 , -0.122997 , -0.0279057 , 0 , 1.86257 , 0.00709344 , 0 , -30
32 , 0 , 0.0156401 , -0.123035 , -0.0279057 , 1.95412e-05 , 1.86225 , 0.00709344 , 0 , -30
32 , 0 , 0.0155917 , -0.123117 , -0.0279057 , 0 , 1.86266 , 0.00709344 , 0 , -30
32 , 0 , 0.0155596 , -0.123181 , -0.0279057 , 0 , 1.86237 , 0.00709344 , 0 , -30
32 , 0 , 0.0155576 , -0.123256 , -0.0279057 , 0 , 1.86257 , 0.00709344 , 0 , -30
32 , 0 , 0.0155602 , -0.123347 , -0.0279057 , 0 , 1.86235 , 0.00709344 , 0 , -30
32 , 0 , 0.0155581 , -0.123405 , -0.0279057 , 0 , 1.86253 , 0.00709344 , 0 , -30
32 , 0 , 0.0155399 , -0.123399 , -0.0279057 , 0 , 1.86243 , 0.00709344 , 0 , -30
32 , 0 , 0.0155155 , -0.123373 , -0.0279057 , 0 , 1.86249 , 0.00709344 , 0 , -30
32 , 0 , 0.0155068 , -0.123334 , -0.0279057 , 0 , 1.86249 , 0.00709344 , 0 , -30
32 , 0 , 0.0155142 , -0.123324 , -0.0279057 , 0 , 1.86225 , 0.00709344 , 0 , -30
32 , 0 , 0.0155076 , -0.123356 , -0.0279057 , 0 , 1.86258 , 0.00709344 , 0 , -30
32 , 0 , 0.0154593 , -0.123441 , -0.0279057 , -1.95412e-05 , 1.86227 , 0.00709344 , 0 , -30
32 , 0 , 0.0153814 , -0.123534 , -0.0279057 , 0 , 1.86266 , 0.00709344 , 0 , -30
32 , 0 , 0.0153619 , -0.12359 , -0.0279057 , 0 , 1.86231 , 0.00709344 , 0 , -30
32 , 0 , 0.0154121 , -0.123655 , -0.0279057 , 1.95412e-05 , 1.86262 , 0.00709344 , 0 , -30
32 , 0 , 0.0154721 , -0.123667 , -0.0279057 , 0 , 1.86235 , 0.00709344 , 0 , -30
32 , 0 , 0.0155117 , -0.123665 , -0.0279057 , -1.95412e-05 , 1.86257 , 0.00709344 , 0 , -30
32 , 0 , 0.0155165 , -0.123644 , -0.0279057 , 0 , 1.86247 , 0.00709344 , 0 , -30
32 , 0 , 0.0155011 , -0.12363 , -0.0279057 , 0 , 1.86239 , 0.00709344 , 0 , -30
32 , 0 , 0.0154808 , -0.123664 , -0.0279057 , 0 , 1.86258 , 0.00709344 , 0 , -30
32 , 0 , 0.0154728 , -0.123711 , -0.0279057 , 0 , 1.86237 , 0.00709344 , 0 , -30
32 , 0 , 0.0154205 , -0.123769 , -0.0279057 , 0 , 1.86258 , 0.00709344 , 0 , -30
32 , 0 , 0.0153418 , -0.123841 , -0.0279057 , 0 , 1.86243 , 0.00709344 , 0 , -30
32 , 0 , 0.0153121 , -0.123939 , -0.0279057 , 0 , 1.86247 , 0.00709344 , 0 , -30
32 , 0 , 0.0153146 , -0.123958 , -0.0279057 , 0 , 1.86253 , 0.00709344 , 0 , -30
32 , 0 , 0.015323 , -0.123956 , -0.0279057 , 0 , 1.86225 , 0.00709344 , 0 , -30
32 , 0 , 0.0153004 , -0.123947 , -0.0279057 , 0 , 1.8627 , 0.00709344 , 0 , -30
32 , 0 , 0.0152857 , -0.123907 , -0.0279057 , 0 , 1.86235 , 0.00709344 , 0 , -30
32 , 0 , 0.0153132 , -0.123905 , -0.0279057 , 0 , 1.86243 , 0.00709344 , 0 , -30
32 , 0 , 0.0153589 , -0.123889 , -0.0279057 , 0 , 1.86257 , 0.00709344 , 0 , -30
32 , 0 , 0.0153582 , -0.123924 , -0.0279057 , 0 , 1.86229 , 0.00709344 , 0 , -30
32 , 0 , 0.0152861 , -0.123996 , -0.0279057 , 0 , 1.86257 , 0.00709344 , 0 , -30
32 , 0 , 0.0152268 , -0.124061 , -0.0279057 , 0 , 1.86225 , 0.00709344 , 0 , -30
32 , 0 , 0.0152088 , -0.12414 , -0.0279057 , 0 , 1.86257 , 0.00709344 , 0 , -30
32 , 0 , 0.015225 , -0.124184 , -0.0279057 , 0 , 1.86231 , 0.00709344 , 0 , -30
32 , 0 , 0.0152533 , -0.124209 , -0.0279382 , 0 , 1.86245 , 0.00709344 , 0 , -30
32 , 0 , 0.0152334 , -0.124188 , -0.0279382 , 1.95412e-05 , 1.86251 , 0.00709344 , 0 , -30
