0 , 40 , 2.45452 , 9.26749 , -0.0178315 , -0.192692 , 0.00159247 , 0 , 0 , 0 , 0 , 0 , 0 , -32 , -81 , -16
0 , 40 , 2.86171 , 10.2346 , -0.0179146 , -0.192726 , 0.00159247 , 0.000605776 , -0.000605776 , 0.000488529 , 0.0977058 , -0.0604483 , 0.102381 , 26 , -151 , 20
0 , 40 , 3.26996 , 11.1997 , -0.0181665 , -0.192838 , 0.00174932 , 0.0034197 , -0.00326337 , 0.00283347 , 0.195412 , -0.234118 , 0.179827 , 32 , -115 , 100
0 , 40 , 3.67956 , 12.1543 , -0.0191255 , -0.193038 , 0.00267336 , 0.0080705 , -0.0080705 , 0.00699573 , 0.312658 , -0.290935 , 0.268914 , 46 , -124 , 11
0 , 40 , 4.08746 , 13.0941 , -0.0210031 , -0.193071 , 0.00461574 , 0.0149099 , -0.0147145 , 0.0137374 , 0.390823 , -0.455858 , 0.377484 , 68 , -47 , 53
0 , 40 , 4.49186 , 14.02 , -0.0232253 , -0.192823 , 0.00740082 , 0.0237816 , -0.0235666 , 0.0221792 , 0.50807 , -0.493462 , 0.466745 , 114 , -110 , 76
0 , 40 , 4.89544 , 14.9349 , -0.0251389 , -0.192552 , 0.010724 , 0.0346074 , -0.0340993 , 0.0324969 , 0.625317 , -0.592155 , 0.564229 , -52 , -164 , 57
0 , 40 , 5.29806 , 15.8367 , -0.0266251 , -0.192251 , 0.0146842 , 0.0473678 , -0.0468792 , 0.0448665 , 0.68394 , -0.701235 , 0.694179 , 19 , -127 , 19
0 , 40 , 5.69797 , 16.725 , -0.0278668 , -0.191787 , 0.0192447 , 0.0621213 , -0.0617696 , 0.0594051 , 0.859811 , -0.808038 , 0.789008 , -30 , -93 , 3
0 , 40 , 6.09839 , 17.5998 , -0.0289702 , -0.19144 , 0.0243443 , 0.0790831 , -0.078321 , 0.0756438 , 0.859811 , -0.932751 , 0.897753 , 11 , -112 , 2
0 , 40 , 6.49903 , 18.4574 , -0.0301622 , -0.191167 , 0.0302006 , 0.0975495 , -0.0981357 , 0.0942079 , 1.01614 , -0.989424 , 0.91385 , 75 , -117 , 59
0 , 40 , 6.89779 , 19.2974 , -0.0318305 , -0.190793 , 0.0367738 , 0.118615 , -0.117755 , 0.114492 , 1.07476 , -1.14276 , 1.02848 , 86 , -88 , 33
0 , 40 , 7.29773 , 20.1202 , -0.0339602 , -0.190573 , 0.0439519 , 0.141107 , -0.141849 , 0.136964 , 1.19201 , -1.21499 , 1.20438 , 39 , -64 , -21
0 , 40 , 7.7002 , 20.9267 , -0.0357037 , -0.190588 , 0.0516054 , 0.167409 , -0.166549 , 0.161254 , 1.28972 , -1.28559 , 1.25464 , 62 , -96 , 19
0 , 40 , 8.1038 , 21.7081 , -0.0372812 , -0.190689 , 0.0603465 , 0.194259 , -0.193379 , 0.187712 , 1.36788 , -1.36254 , 1.35545 , 61 , -179 , 57
0 , 40 , 8.50926 , 22.4714 , -0.0389391 , -0.190919 , 0.0695362 , 0.222965 , -0.222222 , 0.216106 , 1.54375 , -1.51481 , 1.51678 , 53 , -24 , -40
0 , 40 , 8.91816 , 23.2136 , -0.040342 , -0.191382 , 0.0793529 , 0.254055 , -0.252941 , 0.246531 , 1.54375 , -1.58334 , 1.58978 , 66 , -110 , -1
0 , 40 , 9.32788 , 23.935 , -0.0419921 , -0.191832 , 0.0897042 , 0.286903 , -0.285731 , 0.280474 , 1.70008 , -1.69554 , 1.67975 , 20 , -125 , -13
0 , 40 , 9.73581 , 24.6372 , -0.0439034 , -0.192067 , 0.100423 , 0.321432 , -0.320475 , 0.313206 , 1.7587 , -1.74734 , 1.69554 , -31 , -193 , 103
0 , 40 , 10.1421 , 25.32 , -0.0456181 , -0.192132 , 0.11148 , 0.357799 , -0.35733 , 0.351467 , 1.95412 , -1.88803 , 1.88348 , -16 , -147 , 78
0 , 40 , 10.5481 , 25.9729 , -0.0470246 , -0.192167 , 0.123635 , 0.395024 , -0.396177 , 0.388048 , 1.89549 , -1.95248 , 1.95086 , -20 , -106 , 19
0 , 40 , 10.952 , 26.6043 , -0.0482998 , -0.192029 , 0.136134 , 0.43182 , -0.436999 , 0.430453 , 1.81733 , -2.08624 , 2.08996 , -115 , -171 , 19
0 , 40 , 11.3498 , 27.212 , -0.0495719 , -0.19144 , 0.14911 , 0.468147 , -0.479872 , 0.473013 , 1.85641 , -2.11637 , 2.08624 , -49 , -141 , 60
0 , 40 , 11.7441 , 27.7971 , -0.050685 , -0.190669 , 0.162428 , 0.504181 , -0.524504 , 0.517372 , 1.71962 , -2.25258 , 2.28107 , 29 , -180 , 18
0 , 40 , 12.1324 , 28.3535 , -0.0517389 , -0.189555 , 0.176513 , 0.539805 , -0.571266 , 0.56386 , 1.70008 , -2.40629 , 2.39644 , 34 , -110 , 12
0 , 40 , 12.5144 , 28.8864 , -0.0531752 , -0.188129 , 0.190897 , 0.575018 , -0.62008 , 0.612518 , 1.70008 , -2.57684 , 2.48535 , 65 , -78 , -85
0 , 40 , 12.895 , 29.3994 , -0.0544492 , -0.186836 , 0.205277 , 0.609704 , -0.6712 , 0.663149 , 1.7587 , -2.57542 , 2.55161 , -131 , -125 , 31
0 , 40 , 13.2704 , 29.891 , -0.0549643 , -0.185342 , 0.21976 , 0.64394 , -0.726521 , 0.714483 , 1.661 , -2.63771 , 2.46446 , 7 , -161 , 85
0 , 40 , 13.6302 , 30.3606 , -0.0549346 , -0.18288 , 0.234389 , 0.677707 , -0.781353 , 0.76488 , 1.68054 , -2.83034 , 2.48404 , -36 , -79 , -1
0 , 40 , 13.9773 , 30.8286 , -0.0546882 , -0.17982 , 0.247608 , 0.711044 , -0.83556 , 0.814124 , 1.64146 , -2.8932 , 2.40259 , 43 , -123 , 52
0 , 40 , 14.3108 , 31.2772 , -0.0537459 , -0.176205 , 0.260912 , 0.745554 , -0.896978 , 0.861863 , 1.64146 , -3.00056 , 2.2967 , 33 , -198 , 83
0 , 40 , 14.6189 , 31.7086 , -0.0522784 , -0.171186 , 0.274113 , 0.778051 , -0.958162 , 0.908175 , 1.56329 , -3.13494 , 2.23966 , 67 , -171 , 31
0 , 40 , 14.8998 , 32.1204 , -0.0516047 , -0.16487 , 0.287412 , 0.809864 , -1.02089 , 0.953198 , 1.48513 , -3.19908 , 2.13271 , -12 , -116 , 148
0 , 40 , 15.1482 , 32.5181 , -0.0518468 , -0.157055 , 0.300381 , 0.841051 , -1.08602 , 0.99697 , 1.50467 , -3.21664 , 2.13079 , -48 , -306 , 83
0 , 40 , 15.3668 , 32.8916 , -0.0520673 , -0.14819 , 0.313823 , 0.871164 , -1.15289 , 1.03949 , 1.54375 , -3.45352 , 2.09743 , -2 , -88 , 19
0 , 40 , 15.5592 , 33.2397 , -0.0520656 , -0.138733 , 0.327761 , 0.90032 , -1.22154 , 1.08072 , 1.40696 , -3.56101 , 2.03818 , 80 , -104 , -46
0 , 40 , 15.725 , 33.5601 , -0.0520411 , -0.128761 , 0.342335 , 0.928733 , -1.29249 , 1.12076 , 1.34834 , -3.56914 , 1.96064 , 97 , -189 , 13
0 , 40 , 15.8693 , 33.852 , -0.0520856 , -0.118749 , 0.357527 , 0.955778 , -1.3647 , 1.16143 , 1.30926 , -3.56101 , 1.91814 , -64 , -210 , -25
0 , 40 , 15.9993 , 34.1179 , -0.0519731 , -0.10928 , 0.373086 , 0.981513 , -1.43614 , 1.19873 , 1.30926 , -3.4817 , 1.8284 , 6 , -149 , 34
0 , 40 , 16.1183 , 34.3556 , -0.0511287 , -0.100509 , 0.389143 , 1.00643 , -1.50555 , 1.23481 , 1.21155 , -3.56643 , 1.7135 , -10 , -84 , 127
0 , 40 , 16.2278 , 34.5667 , -0.0499264 , -0.0924534 , 0.405523 , 1.02984 , -1.57404 , 1.26941 , 1.17247 , -3.38619 , 1.66424 , 18 , -194 , 29
0 , 40 , 16.3399 , 34.7627 , -0.0483918 , -0.085932 , 0.42133 , 1.0518 , -1.64093 , 1.30275 , 1.05522 , -3.33799 , 1.5914 , 50 , -266 , -10
0 , 40 , 16.4555 , 34.9412 , -0.0459551 , -0.0807621 , 0.436795 , 1.07267 , -1.70616 , 1.33435 , 1.01614 , -3.3499 , 1.49597 , 28 , -105 , 34
0 , 40 , 16.571 , 35.0969 , -0.0434077 , -0.0764501 , 0.452366 , 1.09216 , -1.77023 , 1.3645 , 0.937975 , -3.13912 , 1.49454 , -8 , -238 , 19
0 , 40 , 16.6876 , 35.2444 , -0.0414425 , -0.0729337 , 0.466932 , 1.11072 , -1.83251 , 1.39309 , 0.918434 , -3.01987 , 1.38507 , 3 , -195 , 51
0 , 40 , 16.7979 , 35.3673 , -0.0394683 , -0.0695033 , 0.481821 , 1.12807 , -1.89313 , 1.42011 , 0.84027 , -2.9948 , 1.31294 , 62 , -271 , -24
0 , 40 , 16.8969 , 35.4746 , -0.0376045 , -0.0657602 , 0.496334 , 1.14447 , -1.95238 , 1.4453 , 0.723023 , -2.88785 , 1.23449 , 95 , -234 , 1
0 , 40 , 16.9839 , 35.5747 , -0.035915 , -0.0616911 , 0.509865 , 1.15981 , -2.00946 , 1.46875 , 0.664399 , -2.88076 , 1.1506 , 24 , -275 , 38
0 , 40 , 17.0598 , 35.6623 , -0.0338383 , -0.0574309 , 0.522932 , 1.1744 , -2.0682 , 1.49062 , 0.644858 , -2.82692 , 1.09219 , 105 , -172 , -50
0 , 40 , 17.1215 , 35.736 , -0.0312775 , -0.0527561 , 0.535672 , 1.18668 , -2.12237 , 1.51061 , 0.664399 , -2.59109 , 0.948214 , -6 , -268 , 8
0 , 40 , 17.1677 , 35.8073 , -0.028364 , -0.0476397 , 0.547268 , 1.19906 , -2.17444 , 1.52894 , 0.547152 , -2.53919 , 0.897061 , -27 , -340 , -16
0 , 40 , 17.2008 , 35.8669 , -0.024898 , -0.0423452 , 0.558535 , 1.20915 , -2.22492 , 1.54567 , 0.468988 , -2.54884 , 0.721735 , 26 , -173 , 100
0 , 40 , 17.2209 , 35.9261 , -0.0212352 , -0.0369018 , 0.568656 , 1.21798 , -2.27379 , 1.56052 , 0.390823 , -2.33908 , 0.702699 , 2 , -408 , 9
0 , 40 , 17.224 , 35.972 , -0.0177528 , -0.0310296 , 0.57872 , 1.22519 , -2.32077 , 1.5739 , 0.273576 , -2.2122 , 0.644391 , 100 , -383 , 9
0 , 40 , 17.2099 , 36.0145 , -0.014475 , -0.0247832 , 0.587987 , 1.23037 , -2.3655 , 1.58576 , 0.17587 , -2.23645 , 0.496806 , 61 , -274 , 101
0 , 40 , 17.1926 , 36.0493 , -0.0117698 , -0.0193176 , 0.59686 , 1.23354 , -2.40872 , 1.59645 , 0.117247 , -2.10119 , 0.506682 , -33 , -327 , 17
0 , 40 , 17.1713 , 36.0757 , -0.00926412 , -0.0144468 , 0.605449 , 1.23467 , -2.44997 , 1.60536 , 0 , -2.02848 , 0.419333 , 15 , -242 , -91
0 , 40 , 17.1433 , 36.0886 , -0.00724782 , -0.00985358 , 0.614153 , 1.23393 , -2.489 , 1.61259 , -0.0977058 , -1.89106 , 0.316284 , -21 , -315 , 2
0 , 40 , 17.1148 , 36.0888 , -0.00605279 , -0.00598262 , 0.622899 , 1.23115 , -2.52634 , 1.61893 , -0.156329 , -1.80517 , 0.259509 , -52 , -342 , -20
0 , 40 , 17.0875 , 36.0809 , -0.00501961 , -0.00285144 , 0.631345 , 1.22791 , -2.56132 , 1.62356 , -0.136788 , -1.6273 , 0.169921 , -2 , -408 , -49
0 , 40 , 17.063 , 36.0623 , -0.00376084 , -0.00045366 , 0.639708 , 1.22539 , -2.59485 , 1.62645 , -0.0977058 , -1.57747 , 0.0860328 , 29 , -360 , 46
0 , 40 , 17.0395 , 36.0337 , -0.00220847 , 0.00146634 , 0.647959 , 1.22347 , -2.6259 , 1.62739 , -0.0977058 , -1.49215 , 0.0106043 , 23 , -400 , -2
0 , 40 , 17.0154 , 35.9996 , -0.000549126 , 0.00311941 , 0.65576 , 1.22165 , -2.65514 , 1.6267 , -0.0977058 , -1.39786 , -0.0706637 , 20 , -349 , -83
0 , 40 , 16.9939 , 35.9627 , 0.00112772 , 0.00428966 , 0.662954 , 1.21997 , -2.68243 , 1.62557 , -0.0781646 , -1.2863 , -0.025606 , 33 , -311 , -99
0 , 40 , 16.9745 , 35.9247 , 0.00307901 , 0.00509884 , 0.669476 , 1.21831 , -2.70897 , 1.62426 , -0.0977058 , -1.17335 , -0.0621527 , 81 , -369 , -35
0 , 40 , 16.951 , 35.886 , 0.00528061 , 0.00609848 , 0.675375 , 1.21691 , -2.73201 , 1.6226 , -0.0586235 , -1.129 , -0.0756039 , 29 , -315 , -33
0 , 40 , 16.9217 , 35.8495 , 0.00736818 , 0.00738731 , 0.680497 , 1.2153 , -2.75325 , 1.62096 , -0.117247 , -0.992353 , -0.0978358 , 49 , -376 , -15
0 , 40 , 16.8882 , 35.8181 , 0.00949153 , 0.00879657 , 0.684697 , 1.21349 , -2.77221 , 1.61953 , -0.136788 , -0.983613 , -0.0338154 , 20 , -305 , -81
0 , 40 , 16.8485 , 35.7878 , 0.0113848 , 0.0104567 , 0.688377 , 1.21138 , -2.78954 , 1.6185 , -0.117247 , -0.727107 , -0.0603362 , -32 , -385 , 13
0 , 40 , 16.8014 , 35.7599 , 0.0129491 , 0.012423 , 0.691494 , 1.20889 , -2.80445 , 1.61811 , -0.156329 , -0.774414 , 0 , -9 , -240 , -76
0 , 40 , 16.7458 , 35.7322 , 0.0143023 , 0.0147281 , 0.694269 , 1.206 , -2.81746 , 1.61766 , -0.156329 , -0.56072 , -0.0490318 , -62 , -446 , 61
0 , 40 , 16.6839 , 35.7052 , 0.0154102 , 0.0171406 , 0.696702 , 1.20247 , -2.82837 , 1.61832 , -0.195412 , -0.477776 , 0 , 32 , -466 , 44
0 , 40 , 16.6215 , 35.6811 , 0.0165281 , 0.0192053 , 0.69866 , 1.19871 , -2.83765 , 1.61852 , -0.17587 , -0.451641 , 0.115674 , -115 , -323 , -98
0 , 40 , 16.5596 , 35.6587 , 0.0175686 , 0.0208776 , 0.700289 , 1.19455 , -2.84486 , 1.61906 , -0.195412 , -0.387977 , -0.0434046 , -14 , -321 , 128
0 , 40 , 16.4979 , 35.6392 , 0.0183652 , 0.0222644 , 0.701529 , 1.19025 , -2.85004 , 1.62012 , -0.234494 , -0.202148 , 0.0491558 , 15 , -392 , 1
0 , 40 , 16.44 , 35.6226 , 0.0188776 , 0.0231197 , 0.702418 , 1.18595 , -2.85317 , 1.62086 , -0.195412 , -0.0992265 , 0.109658 , -16 , -360 , -98
0 , 40 , 16.39 , 35.6099 , 0.0192714 , 0.0232128 , 0.702927 , 1.1816 , -2.85428 , 1.6219 , -0.214953 , -0.0111648 , 0 , 19 , -356 , 98
0 , 40 , 16.348 , 35.6011 , 0.0194502 , 0.0226622 , 0.70309 , 1.17763 , -2.85426 , 1.62319 , -0.214953 , 0.0117791 , 0.0617471 , 34 , -66 , -34
0 , 40 , 16.3123 , 35.5942 , 0.0191071 , 0.0217119 , 0.70309 , 1.17382 , -2.85172 , 1.62383 , -0.117247 , 0.188136 , 0.0100437 , -89 , -53 , 95
0 , 40 , 16.2803 , 35.5873 , 0.0185003 , 0.0206265 , 0.70309 , 1.17075 , -2.84676 , 1.62498 , -0.136788 , 0.335759 , 0.0566734 , -36 , -99 , 12
0 , 40 , 16.2537 , 35.5859 , 0.0182161 , 0.019292 , 0.702676 , 1.16796 , -2.8397 , 1.62563 , -0.136788 , 0.341827 , 0.0731505 , -18 , 29 , -52
0 , 40 , 16.2367 , 35.596 , 0.0186769 , 0.0174344 , 0.701444 , 1.16561 , -2.83067 , 1.62643 , -0.0781646 , 0.477389 , 0.0193945 , -31 , -46 , 78
0 , 40 , 16.226 , 35.6203 , 0.0196025 , 0.0153806 , 0.699272 , 1.16393 , -2.82028 , 1.62743 , -0.0586235 , 0.583317 , 0.0382057 , -67 , -174 , 53
0 , 40 , 16.2187 , 35.6593 , 0.0202092 , 0.0134061 , 0.696225 , 1.16297 , -2.81045 , 1.62889 , 0 , 0.409954 , 0.0741691 , -86 , -122 , 72
0 , 40 , 16.2144 , 35.711 , 0.0198231 , 0.0115208 , 0.692537 , 1.1625 , -2.80294 , 1.631 , 0 , 0.321575 , 0.107054 , -50 , -142 , 48
0 , 40 , 16.2053 , 35.7606 , 0.0177165 , 0.0103286 , 0.689396 , 1.16221 , -2.79747 , 1.63364 , 0 , 0.201871 , 0.144964 , -46 , -100 , 43
0 , 40 , 16.1837 , 35.797 , 0.0141648 , 0.0103143 , 0.687572 , 1.16164 , -2.79396 , 1.63679 , -0.0390823 , 0.100796 , 0.150316 , -39 , -77 , 40
0 , 40 , 16.1493 , 35.8174 , 0.0103886 , 0.0113013 , 0.68714 , 1.16051 , -2.79276 , 1.63991 , -0.0977058 , 0.0152093 , 0.140382 , -45 , -96 , 92
0 , 40 , 16.1053 , 35.8231 , 0.00755912 , 0.0128889 , 0.687855 , 1.15842 , -2.79276 , 1.64284 , -0.0977058 , 0 , 0.135576 , -99 , -259 , 20
0 , 40 , 16.0585 , 35.8242 , 0.00662939 , 0.0144257 , 0.688847 , 1.1557 , -2.79507 , 1.6456 , -0.136788 , -0.167591 , 0.121474 , -88 , -316 , 65
0 , 40 , 16.0159 , 35.83 , 0.0071926 , 0.0153814 , 0.689379 , 1.15264 , -2.79784 , 1.64767 , -0.17587 , -0.0895561 , 0.0862106 , -37 , -327 , 19
0 , 40 , 15.9793 , 35.8411 , 0.00825307 , 0.0157004 , 0.689461 , 1.14945 , -2.799 , 1.64964 , -0.136788 , -0.0195996 , 0.0828245 , -30 , -260 , 31
0 , 40 , 15.9471 , 35.8561 , 0.00885806 , 0.0156271 , 0.689238 , 1.14654 , -2.7987 , 1.6515 , -0.117247 , 0.0455706 , 0.0882083 , -41 , -67 , 15
0 , 40 , 15.9178 , 35.8713 , 0.00862649 , 0.0153373 , 0.689025 , 1.14392 , -2.79818 , 1.65355 , -0.0977058 , 0.0126903 , 0.100073 , -35 , -100 , 17
0 , 40 , 15.8911 , 35.8849 , 0.0079141 , 0.0148914 , 0.68895 , 1.14159 , -2.798 , 1.65557 , -0.0977058 , 0.0226219 , 0.115399 , 1 , -83 , -2
0 , 40 , 15.8655 , 35.8942 , 0.00681108 , 0.0144385 , 0.68921 , 1.13946 , -2.79788 , 1.65758 , -0.0977058 , 0.0172369 , 0.0683249 , 113 , -52 , 61
0 , 40 , 15.8405 , 35.8993 , 0.00579048 , 0.0140024 , 0.68976 , 1.13755 , -2.79753 , 1.65926 , -0.0781646 , 0.0081664 , 0.0792202 , 0 , 11 , 17
0 , 40 , 15.8176 , 35.9035 , 0.00522258 , 0.0134811 , 0.690318 , 1.13581 , -2.79687 , 1.66063 , -0.0781646 , 0.0099948 , 0.0602622 , 13 , -38 , 8
0 , 40 , 15.7974 , 35.9102 , 0.00515691 , 0.0128352 , 0.690623 , 1.13401 , -2.79618 , 1.66188 , -0.0390823 , 0.01025 , 0.0564444 , -28 , -58 , 15
0 , 40 , 15.7794 , 35.9216 , 0.0054408 , 0.0121234 , 0.690552 , 1.13251 , -2.79585 , 1.66282 , -0.0586235 , 0.00781455 , 0.081398 , -30 , -104 , 15
0 , 40 , 15.7616 , 35.9368 , 0.005575 , 0.0115084 , 0.690205 , 1.13116 , -2.79579 , 1.66412 , -0.0390823 , 0.00476602 , 0.0532253 , -45 , -150 , 45
0 , 40 , 15.7417 , 35.9523 , 0.00533959 , 0.0111645 , 0.689865 , 1.12987 , -2.79581 , 1.66557 , -0.0195412 , 0 , 0.0869775 , -70 , -197 , -3
0 , 40 , 15.717 , 35.9665 , 0.00478668 , 0.0112497 , 0.68966 , 1.1286 , -2.79587 , 1.66719 , -0.0586235 , 0 , 0.0779774 , -44 , -225 , 76
0 , 40 , 15.6873 , 35.9783 , 0.00419652 , 0.0117223 , 0.68966 , 1.12704 , -2.79589 , 1.66885 , -0.0977058 , 0 , 0.0641814 , -42 , -186 , 98
0 , 40 , 15.6541 , 35.989 , 0.00394914 , 0.0123871 , 0.689737 , 1.12506 , -2.79587 , 1.67059 , -0.117247 , 0 , 0.0935874 , -33 , -131 , 54
0 , 40 , 15.6198 , 36.0007 , 0.00411088 , 0.0130243 , 0.689737 , 1.12278 , -2.79566 , 1.67243 , -0.136788 , 0.00869596 , 0.0857561 , -13 , -29 , 59
0 , 40 , 15.5866 , 36.0155 , 0.00448459 , 0.0134727 , 0.6895 , 1.12049 , -2.79509 , 1.67427 , -0.136788 , 0.00895477 , 0.102739 , -81 , -67 , 27
0 , 40 , 15.5558 , 36.0332 , 0.00476021 , 0.0136547 , 0.689069 , 1.11795 , -2.79474 , 1.6763 , -0.117247 , 0.00791355 , 0.0834852 , -51 , -21 , 31
0 , 40 , 15.5271 , 36.0509 , 0.00460678 , 0.0136439 , 0.688681 , 1.11562 , -2.7947 , 1.67841 , -0.0977058 , 0 , 0.121474 , -91 , -159 , 2
0 , 40 , 15.4991 , 36.067 , 0.00399128 , 0.0135826 , 0.688458 , 1.11346 , -2.7947 , 1.68048 , -0.0977058 , 0 , 0.0956329 , 2 , -123 , 63
0 , 40 , 15.4711 , 36.0792 , 0.00310372 , 0.0135305 , 0.688549 , 1.11142 , -2.7947 , 1.68259 , -0.0977058 , 0 , 0.0856059 , 11 , -21 , 76
0 , 40 , 15.4433 , 36.0875 , 0.00226168 , 0.013469 , 0.688926 , 1.10939 , -2.79454 , 1.68458 , -0.0781646 , 0.00676737 , 0.10578 , -27 , -36 , 83
0 , 40 , 15.4173 , 36.0946 , 0.00178411 , 0.0132806 , 0.689357 , 1.10734 , -2.79407 , 1.68625 , -0.0977058 , 0.0107045 , 0.0340992 , 10 , -63 , 64
0 , 40 , 15.3946 , 36.1027 , 0.0017289 , 0.0128639 , 0.689663 , 1.10544 , -2.79355 , 1.68789 , -0.0781646 , 0.0105053 , 0.0841806 , -33 , -89 , 19
0 , 40 , 15.3758 , 36.1144 , 0.00197464 , 0.0122067 , 0.689663 , 1.10372 , -2.79315 , 1.68929 , -0.0781646 , 0.00647158 , 0.103831 , 28 , -99 , -29
0 , 40 , 15.3587 , 36.1294 , 0.00216049 , 0.0115271 , 0.689424 , 1.1022 , -2.79315 , 1.69047 , -0.0390823 , 0 , 0.0399613 , -62 , -113 , 74
0 , 40 , 15.3411 , 36.145 , 0.00199199 , 0.0109979 , 0.689157 , 1.10089 , -2.79317 , 1.69203 , -0.0586235 , 0 , 0.0554509 , 12 , -188 , 63
0 , 40 , 15.3209 , 36.1591 , 0.00147787 , 0.0107585 , 0.689036 , 1.0997 , -2.79331 , 1.69351 , -0.0390823 , -0.00555558 , 0.0925819 , 2 , -263 , -9
0 , 40 , 15.2967 , 36.1698 , 0.000868884 , 0.0108754 , 0.68918 , 1.09849 , -2.79345 , 1.69514 , -0.0781646 , -0.00518585 , 0.0791987 , 50 , -232 , 15
0 , 40 , 15.2698 , 36.1793 , 0.000543653 , 0.011184 , 0.689403 , 1.09683 , -2.79345 , 1.69674 , -0.0977058 , 0 , 0.0953836 , -16 , -193 , 2
0 , 40 , 15.2419 , 36.1897 , 0.000691394 , 0.0115261 , 0.689532 , 1.09489 , -2.79343 , 1.69832 , -0.0781646 , 0 , 0.071179 , 39 , -113 , 45
0 , 40 , 15.2139 , 36.2035 , 0.00117523 , 0.0118142 , 0.689392 , 1.09298 , -2.79325 , 1.69985 , -0.117247 , 0.00605532 , 0.0818524 , 19 , -116 , 15
0 , 40 , 15.1861 , 36.22 , 0.00160429 , 0.0120341 , 0.689063 , 1.09098 , -2.79315 , 1.70151 , -0.117247 , 0.0057321 , 0.0886079 , -28 , -96 , 52
0 , 40 , 15.1582 , 36.2376 , 0.00165668 , 0.0122344 , 0.688688 , 1.08897 , -2.79313 , 1.70352 , -0.117247 , 0 , 0.0798678 , -24 , -118 , 108
0 , 40 , 15.1291 , 36.2535 , 0.0012982 , 0.0124876 , 0.688478 , 1.08696 , -2.79313 , 1.70545 , -0.0781646 , 0 , 0.118766 , -54 , -61 , 13
0 , 40 , 15.0995 , 36.2669 , 0.00072554 , 0.0127427 , 0.688478 , 1.08487 , -2.79312 , 1.70753 , -0.0977058 , 0 , 0.0960718 , -32 , -39 , 105
0 , 40 , 15.0704 , 36.2772 , 0.000241367 , 0.0129151 , 0.688707 , 1.08289 , -2.7929 , 1.70942 , -0.117247 , 0.00657773 , 0.106125 , -56 , -85 , -20
0 , 40 , 15.0429 , 36.2869 , 3.94212e-05 , 0.0129334 , 0.688968 , 1.08074 , -2.79251 , 1.71128 , -0.0977058 , 0 , 0.0841806 , -20 , -47 , 31
0 , 40 , 15.0186 , 36.2976 , 9.69593e-05 , 0.0127039 , 0.689115 , 1.07867 , -2.7921 , 1.713 , -0.0977058 , 0.0076595 , 0.0802172 , 29 , -80 , 31
0 , 40 , 14.9974 , 36.3102 , 0.00022423 , 0.0122579 , 0.689115 , 1.07678 , -2.79183 , 1.71462 , -0.0781646 , 0.00650855 , 0.0707663 , -69 , -97 , 50
0 , 40 , 14.9782 , 36.3251 , 0.000191484 , 0.0117338 , 0.688934 , 1.07513 , -2.79183 , 1.71614 , -0.0781646 , 0 , 0.0761144 , -68 , -114 , 19
0 , 40 , 14.9594 , 36.3393 , -0.000144265 , 0.011268 , 0.688827 , 1.07365 , -2.79183 , 1.71773 , -0.0586235 , 0 , 0.0812406 , -82 , -178 , 24
0 , 40 , 14.9391 , 36.3522 , -0.000688087 , 0.0109926 , 0.688827 , 1.07232 , -2.79188 , 1.71927 , -0.0390823 , 0 , 0.0861342 , -108 , -224 , 19
0 , 40 , 14.9165 , 36.3623 , -0.00118788 , 0.0109469 , 0.689036 , 1.07109 , -2.79194 , 1.72079 , -0.0781646 , 0 , 0.0908609 , -79 , -145 , 57
0 , 40 , 14.8922 , 36.3716 , -0.00139079 , 0.0110358 , 0.689291 , 1.06955 , -2.79194 , 1.72228 , -0.0781646 , 0 , 0.0646621 , -57 , -113 , 87
0 , 40 , 14.8675 , 36.382 , -0.00122192 , 0.0111498 , 0.68943 , 1.06785 , -2.79192 , 1.72367 , -0.0781646 , 0 , 0.0796078 , 7 , -52 , 86
0 , 40 , 14.8429 , 36.3956 , -0.000813516 , 0.01123 , 0.689316 , 1.06607 , -2.79175 , 1.72533 , -0.0781646 , 0.00546852 , 0.0807039 , -44 , -129 , 50
0 , 40 , 14.8183 , 36.4112 , -0.000449408 , 0.0113013 , 0.689066 , 1.06431 , -2.79173 , 1.72687 , -0.0977058 , 0 , 0.0849857 , 19 , -113 , 2
0 , 40 , 14.7932 , 36.4272 , -0.00038402 , 0.0113986 , 0.688805 , 1.06251 , -2.79173 , 1.72861 , -0.117247 , 0 , 0.0523702 , 48 , -146 , 75
0 , 40 , 14.7671 , 36.4423 , -0.000597933 , 0.0115626 , 0.688648 , 1.06077 , -2.79173 , 1.73047 , -0.0977058 , 0 , 0.0844227 , 68 , -115 , 49
0 , 40 , 14.7394 , 36.4554 , -0.000954225 , 0.0118178 , 0.688648 , 1.05894 , -2.79173 , 1.73236 , -0.0977058 , 0 , 0.0877849 , 47 , -113 , 16
0 , 40 , 14.7109 , 36.4671 , -0.0012565 , 0.0120992 , 0.688762 , 1.05706 , -2.79167 , 1.73418 , -0.0977058 , 0.00273008 , 0.123469 , -16 , -50 , -20
0 , 40 , 14.6832 , 36.478 , -0.00134293 , 0.0122683 , 0.688922 , 1.05489 , -2.79136 , 1.73609 , -0.117247 , 0.00675067 , 0.079306 , 2 , -88 , 34
0 , 40 , 14.6578 , 36.4907 , -0.00124039 , 0.012226 , 0.688922 , 1.05299 , -2.79108 , 1.73778 , -0.117247 , 0.00742335 , 0.0790925 , -19 , -49 , -1
0 , 40 , 14.635 , 36.5049 , -0.00109775 , 0.0119957 , 0.688822 , 1.05104 , -2.79091 , 1.73951 , -0.0781646 , 0.00628671 , 0.0800861 , 0 , -125 , 15
0 , 40 , 14.6136 , 36.5197 , -0.00110528 , 0.0116888 , 0.688676 , 1.04926 , -2.79091 , 1.74116 , -0.0977058 , 0 , 0.083843 , -29 , -129 , 23
0 , 40 , 14.5927 , 36.5337 , -0.00140312 , 0.0113881 , 0.688613 , 1.04764 , -2.79091 , 1.74278 , -0.0586235 , 0 , 0.0802614 , -36 , -147 , -34
0 , 40 , 14.5715 , 36.546 , -0.00185196 , 0.0111699 , 0.688683 , 1.04616 , -2.79093 , 1.74452 , -0.0586235 , 0 , 0.0685169 , -49 , -136 , -3
0 , 40 , 14.5488 , 36.5569 , -0.00225337 , 0.0110947 , 0.688847 , 1.04463 , -2.79093 , 1.74608 , -0.0586235 , 0 , 0.0549834 , -65 , -133 , 29
0 , 40 , 14.5253 , 36.5669 , -0.00245886 , 0.0111038 , 0.689068 , 1.04307 , -2.79093 , 1.74755 , -0.0586235 , 0 , 0.0692456 , -73 , -101 , 5
0 , 40 , 14.5016 , 36.5772 , -0.00238576 , 0.0111272 , 0.689237 , 1.04137 , -2.79091 , 1.74895 , -0.0781646 , 0 , 0.075196 , -20 , -46 , -9
0 , 40 , 14.4778 , 36.5896 , -0.00211397 , 0.0111524 , 0.689237 , 1.03967 , -2.79075 , 1.75046 , -0.0586235 , 0.00585376 , 0.0803496 , -25 , -49 , 30
0 , 40 , 14.454 , 36.6035 , -0.00177797 , 0.0111651 , 0.689119 , 1.03803 , -2.79065 , 1.75208 , -0.0781646 , 0.00516199 , 0.080482 , -99 , -62 , 45
0 , 40 , 14.4308 , 36.6187 , -0.0016302 , 0.0111396 , 0.688919 , 1.03633 , -2.79063 , 1.75368 , -0.0977058 , 0 , 0.0782684 , -40 , -106 , 62
0 , 40 , 14.4075 , 36.6342 , -0.00174034 , 0.0111254 , 0.688713 , 1.03459 , -2.79063 , 1.75542 , -0.0781646 , 0 , 0.0837476 , -58 , -129 , 42
0 , 40 , 14.383 , 36.6485 , -0.00201428 , 0.0112017 , 0.688623 , 1.03293 , -2.79063 , 1.75716 , -0.0781646 , 0 , 0.0749849 , 5 , -138 , 54
0 , 40 , 14.3573 , 36.6617 , -0.00234814 , 0.0113607 , 0.688623 , 1.03125 , -2.79065 , 1.75898 , -0.0586235 , 0 , 0.0654707 , -49 , -84 , 14
0 , 40 , 14.3314 , 36.6732 , -0.00254779 , 0.0115141 , 0.688749 , 1.02956 , -2.79063 , 1.76066 , -0.0781646 , 0 , 0.103065 , -51 , -58 , 7
0 , 40 , 14.3059 , 36.685 , -0.00250606 , 0.0116119 , 0.688838 , 1.02769 , -2.79057 , 1.76236 , -0.0977058 , 0.00262036 , 0.0743194 , -31 , -48 , 87
0 , 40 , 14.2809 , 36.6979 , -0.00235017 , 0.0116467 , 0.688838 , 1.02587 , -2.79032 , 1.764 , -0.0977058 , 0 , 0.0821971 , -22 , -66 , 34
0 , 40 , 14.2572 , 36.7117 , -0.00223669 , 0.011577 , 0.688774 , 1.02402 , -2.7903 , 1.76578 , -0.0781646 , 0 , 0.0805262 , 23 , -72 , 19
0 , 40 , 14.2346 , 36.726 , -0.00228118 , 0.0114357 , 0.688679 , 1.02228 , -2.79028 , 1.76748 , -0.0586235 , 0 , 0.0763124 , -69 , -115 , 56
0 , 40 , 14.2123 , 36.7391 , -0.00251445 , 0.0112895 , 0.688679 , 1.02062 , -2.79028 , 1.76922 , -0.0781646 , 0 , 0.0774621 , -11 , -97 , -14
0 , 40 , 14.1902 , 36.7506 , -0.0028032 , 0.0111567 , 0.688797 , 1.01897 , -2.79028 , 1.77092 , -0.0781646 , 0 , 0.0754286 , 65 , -59 , 49
0 , 40 , 14.168 , 36.7617 , -0.00300629 , 0.0110498 , 0.688936 , 1.01733 , -2.79026 , 1.77244 , -0.0977058 , 0 , 0.0758973 , 5 , -54 , 1
0 , 40 , 14.1457 , 36.7727 , -0.00306669 , 0.0109628 , 0.689073 , 1.01577 , -2.79013 , 1.77393 , -0.0781646 , 0.00379636 , 0.0526993 , -16 , -48 , 41
0 , 40 , 14.1234 , 36.7853 , -0.00300187 , 0.0109006 , 0.689073 , 1.01413 , -2.79005 , 1.77545 , -0.0781646 , 0.0039526 , 0.0655149 , 20 , -54 , 35
0 , 40 , 14.1007 , 36.7979 , -0.00285369 , 0.0108739 , 0.689073 , 1.01254 , -2.79001 , 1.77699 , -0.0977058 , 0 , 0.0726615 , -12 , -36 , 29
0 , 40 , 14.0782 , 36.8104 , -0.00274515 , 0.0108437 , 0.689073 , 1.01094 , -2.78993 , 1.7786 , -0.0586235 , 0 , 0.0652966 , -58 , -67 , 45
0 , 40 , 14.0559 , 36.8242 , -0.00273586 , 0.0107943 , 0.68898 , 1.00934 , -2.78991 , 1.78014 , -0.0781646 , 0 , 0.0730599 , -29 , -102 , -13
0 , 40 , 14.0333 , 36.8381 , -0.0028231 , 0.0107791 , 0.688895 , 1.00774 , -2.78989 , 1.7817 , -0.0977058 , 0 , 0.066345 , -24 , -97 , 33
0 , 40 , 14.0099 , 36.8509 , -0.00295508 , 0.0108326 , 0.688895 , 1.00612 , -2.78991 , 1.78342 , -0.0781646 , 0 , 0.07415 , -49 , -102 , 15
0 , 40 , 13.9859 , 36.8637 , -0.00307943 , 0.0109185 , 0.688895 , 1.00445 , -2.78989 , 1.78512 , -0.0586235 , 0 , 0.0632798 , -49 , -71 , 93
0 , 40 , 13.962 , 36.8766 , -0.00312105 , 0.0109853 , 0.688895 , 1.00273 , -2.78989 , 1.78677 , -0.0977058 , 0 , 0.0790067 , -44 , -62 , 34
0 , 40 , 13.9381 , 36.8894 , -0.00308415 , 0.0110385 , 0.688895 , 1.00102 , -2.78987 , 1.78833 , -0.0586235 , 0 , 0.081534 , -112 , -72 , 73
0 , 40 , 13.9145 , 36.9022 , -0.00308429 , 0.0110649 , 0.688895 , 0.999374 , -2.78981 , 1.78999 , -0.0781646 , 0 , 0.0795422 , -37 , -47 , 57
0 , 40 , 13.8913 , 36.915 , -0.00314156 , 0.0110536 , 0.688895 , 0.997674 , -2.78975 , 1.79157 , -0.0781646 , 0.0037558 , 0.08133 , -52 , -63 , 15
0 , 40 , 13.8685 , 36.9279 , -0.00325477 , 0.0110149 , 0.688895 , 0.996013 , -2.7897 , 1.79327 , -0.0781646 , 0 , 0.0743563 , -88 , -61 , 53
0 , 40 , 13.8462 , 36.9407 , -0.00337361 , 0.0109364 , 0.688895 , 0.994293 , -2.78968 , 1.79491 , -0.0781646 , 0.00278733 , 0.0708176 , -51 , -70 , 49
0 , 40 , 13.8247 , 36.9525 , -0.00345353 , 0.0108123 , 0.688969 , 0.992749 , -2.78968 , 1.79646 , -0.0781646 , 0 , 0.0717539 , -93 , -70 , 56
0 , 40 , 13.8037 , 36.9652 , -0.0035377 , 0.0106691 , 0.688969 , 0.991186 , -2.78964 , 1.79802 , -0.0586235 , 0 , 0.0798893 , -34 , -70 , 33
0 , 40 , 13.7828 , 36.978 , -0.00362764 , 0.0105401 , 0.688969 , 0.989623 , -2.78964 , 1.79956 , -0.0586235 , 0 , 0.06624 , -6 , -73 , 10
0 , 40 , 13.7618 , 36.9907 , -0.00366627 , 0.0104431 , 0.688969 , 0.988157 , -2.78964 , 1.80111 , -0.0586235 , 0 , 0.0801743 , -21 , -102 , -13
0 , 40 , 13.7406 , 37.0034 , -0.00370414 , 0.0103795 , 0.688969 , 0.986633 , -2.78964 , 1.80259 , -0.0586235 , 0 , 0.0751197 , -27 , -113 , 87
0 , 40 , 13.719 , 37.0161 , -0.00376277 , 0.0103558 , 0.688969 , 0.985148 , -2.78964 , 1.8042 , -0.0977058 , 0 , 0.0732793 , 47 , -106 , 37
0 , 40 , 13.6968 , 37.0289 , -0.00380047 , 0.0103803 , 0.688969 , 0.983585 , -2.78964 , 1.80582 , -0.0977058 , 0 , 0.0657796 , 0 , -110 , 67
0 , 40 , 13.6745 , 37.0416 , -0.00380409 , 0.0104132 , 0.688969 , 0.981963 , -2.78964 , 1.80738 , -0.0781646 , 0 , 0.0619559 , 35 , -101 , 50
0 , 40 , 13.6524 , 37.0543 , -0.00376708 , 0.0104188 , 0.688969 , 0.98036 , -2.78964 , 1.80898 , -0.0977058 , 0 , 0.0501994 , 32 , -110 , 66
0 , 40 , 13.6303 , 37.067 , -0.00370638 , 0.0104263 , 0.688969 , 0.978777 , -2.78964 , 1.81057 , -0.0781646 , 0 , 0.0667231 , -15 , -117 , 52
0 , 40 , 13.6077 , 37.0797 , -0.00369513 , 0.0104757 , 0.688969 , 0.977195 , -2.78964 , 1.81217 , -0.0781646 , 0 , 0.064055 , -30 , -102 , 47
0 , 40 , 13.5849 , 37.0925 , -0.00373614 , 0.0105281 , 0.688969 , 0.975573 , -2.78964 , 1.81375 , -0.0781646 , 0 , 0.0725888 , 32 , -110 , 29
0 , 40 , 13.5623 , 37.1052 , -0.0038085 , 0.0105582 , 0.688969 , 0.97397 , -2.78964 , 1.81531 , -0.0586235 , 0 , 0.0768121 , -34 , -95 , 26
0 , 40 , 13.5397 , 37.1179 , -0.00387644 , 0.010579 , 0.688969 , 0.972368 , -2.78964 , 1.81694 , -0.0977058 , 0 , 0.0791343 , 19 , -110 , 37
0 , 40 , 13.5174 , 37.1306 , -0.00387448 , 0.0105839 , 0.688969 , 0.970687 , -2.78964 , 1.81848 , -0.0586235 , 0 , 0.0772367 , -30 , -102 , 29
0 , 40 , 13.4956 , 37.1434 , -0.00386279 , 0.0105342 , 0.688969 , 0.969105 , -2.78964 , 1.82012 , -0.0781646 , 0 , 0.0543202 , -29 , -110 , 51
0 , 40 , 13.4749 , 37.1561 , -0.00387035 , 0.0104179 , 0.688969 , 0.967541 , -2.78964 , 1.82176 , -0.0586235 , 0 , 0.0807253 , -36 , -102 , -3
0 , 40 , 13.4542 , 37.1688 , -0.00394992 , 0.0103153 , 0.688969 , 0.965978 , -2.78964 , 1.82329 , -0.0586235 , 0 , 0.0683893 , -63 , -113 , 33
0 , 40 , 13.433 , 37.1815 , -0.00411673 , 0.0102734 , 0.688969 , 0.964512 , -2.78964 , 1.82475 , -0.0390823 , 0 , 0.070393 , -64 , -120 , 109
0 , 40 , 13.4112 , 37.193 , -0.00426795 , 0.0102773 , 0.689062 , 0.963047 , -2.78964 , 1.8263 , -0.0586235 , 0 , 0.0698396 , -91 , -110 , 42
0 , 40 , 13.3892 , 37.2042 , -0.00433253 , 0.0103031 , 0.689165 , 0.961484 , -2.78964 , 1.82778 , -0.0781646 , 0 , 0.0810605 , -67 , -95 , 64
0 , 40 , 13.3671 , 37.2159 , -0.00428189 , 0.0103292 , 0.689228 , 0.959862 , -2.78964 , 1.82935 , -0.0390823 , 0 , 0.0824977 , -74 , -110 , 10
0 , 40 , 13.3456 , 37.2282 , -0.00416517 , 0.0103064 , 0.689228 , 0.958396 , -2.78964 , 1.83081 , -0.0586235 , 0 , 0.0849117 , -83 , -91 , -1
0 , 40 , 13.3248 , 37.2406 , -0.00406881 , 0.0102324 , 0.689228 , 0.956794 , -2.78964 , 1.83224 , -0.0781646 , 0 , 0.076075 , -83 , -84 , 30
0 , 40 , 13.3043 , 37.2529 , -0.00405693 , 0.0101422 , 0.689228 , 0.955309 , -2.78964 , 1.8339 , -0.0781646 , 0 , 0.0661208 , -87 , -95 , 61
0 , 40 , 13.2835 , 37.2653 , -0.00416094 , 0.0100944 , 0.689228 , 0.953804 , -2.78964 , 1.83536 , -0.0586235 , 0 , 0.0854818 , 22 , -102 , 31
0 , 40 , 13.2619 , 37.2777 , -0.0043295 , 0.0101181 , 0.689228 , 0.952319 , -2.78964 , 1.83687 , -0.0781646 , 0 , 0.078879 , -56 , -91 , 41
0 , 40 , 13.2398 , 37.2888 , -0.00446887 , 0.0101792 , 0.689317 , 0.950853 , -2.78964 , 1.83837 , -0.0586235 , 0 , 0.0766916 , -63 , -80 , 2
0 , 40 , 13.2176 , 37.2996 , -0.0044975 , 0.0102388 , 0.689427 , 0.94927 , -2.78964 , 1.83992 , -0.0977058 , 0 , 0.0723562 , 4 , -51 , 55
0 , 40 , 13.1959 , 37.3117 , -0.00440517 , 0.0102398 , 0.689427 , 0.94759 , -2.78956 , 1.84142 , -0.0781646 , 0.00395379 , 0.0655888 , -4 , -51 , 57
0 , 40 , 13.175 , 37.3238 , -0.00427608 , 0.010184 , 0.689427 , 0.946124 , -2.78952 , 1.84281 , -0.0781646 , 0.00280642 , 0.0719125 , -35 , -59 , 105
0 , 40 , 13.1544 , 37.3369 , -0.00420676 , 0.0101144 , 0.689354 , 0.944502 , -2.78952 , 1.84437 , -0.0586235 , 0 , 0.103611 , -66 , -95 , 19
0 , 40 , 13.1334 , 37.3498 , -0.0042387 , 0.010085 , 0.689293 , 0.943037 , -2.7895 , 1.84596 , -0.0586235 , 0 , 0.0519062 , -8 , -120 , 111
0 , 40 , 13.112 , 37.3621 , -0.00436565 , 0.0100971 , 0.689293 , 0.941512 , -2.7895 , 1.84756 , -0.0781646 , 0 , 0.0448395 , -27 , -85 , 74
0 , 40 , 13.0906 , 37.3735 , -0.00452202 , 0.0101047 , 0.689358 , 0.940008 , -2.7895 , 1.84904 , -0.0781646 , 0 , 0.0856059 , 7 , -41 , 1
0 , 40 , 13.0694 , 37.3847 , -0.00460941 , 0.0100954 , 0.689437 , 0.938503 , -2.7895 , 1.85057 , -0.0781646 , 0 , 0.0735918 , -14 , -33 , 14
0 , 40 , 13.0485 , 37.3967 , -0.00459946 , 0.010063 , 0.689437 , 0.936959 , -2.78944 , 1.85205 , -0.0586235 , 0.00229833 , 0.0631581 , -46 , -65 , 31
0 , 40 , 13.0281 , 37.4088 , -0.00453646 , 0.00999358 , 0.689437 , 0.935435 , -2.78944 , 1.85352 , -0.0781646 , 0 , 0.0826837 , 2 , -81 , -1
0 , 40 , 13.008 , 37.4209 , -0.00446282 , 0.00991846 , 0.689437 , 0.93397 , -2.78944 , 1.85502 , -0.0781646 , 0 , 0.071544 , -30 , -62 , 35
0 , 40 , 12.9876 , 37.433 , -0.00446117 , 0.00987362 , 0.689437 , 0.932543 , -2.78944 , 1.85647 , -0.0781646 , 0 , 0.0594917 , -52 , -52 , 47
0 , 40 , 12.9669 , 37.445 , -0.00455112 , 0.00986515 , 0.689437 , 0.931136 , -2.78944 , 1.85793 , -0.0977058 , 0 , 0.0824047 , 4 , -60 , -2
0 , 40 , 12.9457 , 37.4562 , -0.0046625 , 0.00989005 , 0.689503 , 0.929612 , -2.78944 , 1.85942 , -0.0586235 , 0 , 0.0734439 , -16 , -62 , 14
0 , 40 , 12.9244 , 37.4682 , -0.00472604 , 0.00992432 , 0.689503 , 0.928166 , -2.78942 , 1.86092 , -0.0781646 , 0 , 0.0482339 , -54 , -76 , 44
0 , 40 , 12.9033 , 37.4802 , -0.00472529 , 0.00993952 , 0.689503 , 0.926642 , -2.7894 , 1.86239 , -0.0781646 , 0 , 0.0744136 , -48 , -55 , 73
0 , 40 , 12.8825 , 37.4922 , -0.00466462 , 0.00992649 , 0.689503 , 0.925098 , -2.78938 , 1.86382 , -0.0781646 , 0 , 0.0877324 , -32 , -68 , 60
0 , 40 , 12.8623 , 37.5042 , -0.0046164 , 0.00986781 , 0.689503 , 0.923632 , -2.78938 , 1.86524 , -0.0781646 , 0 , 0.0431303 , -15 , -70 , 44
0 , 40 , 12.8424 , 37.5161 , -0.00462295 , 0.00979095 , 0.689503 , 0.922167 , -2.78936 , 1.86681 , -0.0781646 , 0.00233769 , 0.0717014 , -57 , -68 , -3
0 , 40 , 12.822 , 37.5281 , -0.00466657 , 0.00977317 , 0.689503 , 0.920701 , -2.78936 , 1.86823 , -0.0586235 , 0 , 0.077115 , -16 , -70 , 63
0 , 40 , 12.8012 , 37.5401 , -0.00472997 , 0.00978666 , 0.689503 , 0.919157 , -2.78936 , 1.86976 , -0.0586235 , 0 , 0.0673516 , -20 , -78 , 11
0 , 40 , 12.7806 , 37.5521 , -0.00476943 , 0.00977915 , 0.689503 , 0.917829 , -2.78936 , 1.87122 , -0.0781646 , 0 , 0.0516677 , -68 , -94 , 82
0 , 40 , 12.7603 , 37.5641 , -0.00478087 , 0.00975463 , 0.689503 , 0.916304 , -2.78936 , 1.87271 , -0.0781646 , 0 , 0.0557777 , -83 , -81 , 26
0 , 40 , 12.7403 , 37.576 , -0.0047873 , 0.00970686 , 0.689503 , 0.914722 , -2.78936 , 1.87423 , -0.0586235 , 0 , 0.069706 , -86 , -97 , 12
0 , 40 , 12.7206 , 37.588 , -0.0048113 , 0.00964392 , 0.689503 , 0.913276 , -2.78936 , 1.87572 , -0.0390823 , 0 , 0.081602 , -93 , -89 , 13
0 , 40 , 12.7007 , 37.6 , -0.0048563 , 0.00961038 , 0.689503 , 0.911947 , -2.78936 , 1.87708 , -0.0781646 , 0 , 0.0746796 , 34 , -118 , -1
0 , 40 , 12.6804 , 37.612 , -0.00490435 , 0.0096089 , 0.689503 , 0.910501 , -2.78938 , 1.87859 , -0.0586235 , 0 , 0.057327 , -35 , -118 , 82
0 , 40 , 12.6601 , 37.624 , -0.00492424 , 0.00960795 , 0.689503 , 0.909016 , -2.78938 , 1.88004 , -0.0586235 , 0 , 0.0764913 , -32 , -110 , 42
0 , 40 , 12.6401 , 37.636 , -0.00491754 , 0.00959109 , 0.689503 , 0.907569 , -2.78938 , 1.8815 , -0.0781646 , 0 , 0.0375545 , -8 , -102 , 67
0 , 40 , 12.6203 , 37.6479 , -0.0048892 , 0.00955377 , 0.689503 , 0.906202 , -2.78938 , 1.88285 , -0.0781646 , 0 , 0.0854067 , -11 , -157 , 117
0 , 40 , 12.6009 , 37.6599 , -0.00487745 , 0.00949406 , 0.689503 , 0.904677 , -2.78938 , 1.88447 , -0.0390823 , 0 , 0.0846911 , -81 , -168 , 2
0 , 40 , 12.5813 , 37.6719 , -0.00491028 , 0.00945602 , 0.689503 , 0.90331 , -2.7894 , 1.88592 , -0.0781646 , 0 , 0.0416824 , 26 , -173 , 4
0 , 40 , 12.561 , 37.6839 , -0.00499646 , 0.00948196 , 0.689503 , 0.901922 , -2.7894 , 1.88734 , -0.0390823 , 0 , 0.0573723 , -18 , -184 , 19
0 , 40 , 12.5404 , 37.6959 , -0.00508976 , 0.00952929 , 0.689503 , 0.900476 , -2.78942 , 1.88891 , -0.0586235 , 0 , 0.0381115 , 66 , -194 , 85
0 , 40 , 12.5202 , 37.7069 , -0.00512849 , 0.00954133 , 0.689572 , 0.899147 , -2.78942 , 1.89037 , -0.0781646 , 0 , 0.0894189 , -30 , -209 , 0
0 , 40 , 12.5004 , 37.7188 , -0.00510299 , 0.00951072 , 0.689572 , 0.897623 , -2.78942 , 1.89176 , -0.0781646 , -0.00301395 , 0.0847149 , 34 , -191 , 16
0 , 40 , 12.481 , 37.7307 , -0.00504441 , 0.00945777 , 0.689572 , 0.896157 , -2.78944 , 1.89319 , -0.0586235 , 0 , 0.0717193 , 2 , -188 , 20
0 , 40 , 12.4618 , 37.7426 , -0.00501329 , 0.00939919 , 0.689572 , 0.89477 , -2.78948 , 1.89465 , -0.0586235 , 0 , 0.0616565 , -7 , -212 , 17
0 , 40 , 12.4425 , 37.7545 , -0.00505431 , 0.00935287 , 0.689572 , 0.893422 , -2.78952 , 1.8961 , -0.0586235 , 0 , 0.0583658 , -52 , -242 , 28
0 , 40 , 12.4233 , 37.7663 , -0.00516472 , 0.00931477 , 0.689572 , 0.892034 , -2.78958 , 1.89749 , -0.0390823 , 0 , 0.090973 , -49 , -260 , 0
0 , 40 , 12.4039 , 37.7782 , -0.0052799 , 0.00929168 , 0.689572 , 0.890627 , -2.78962 , 1.89889 , -0.0586235 , 0 , 0.0603732 , -30 , -253 , 45
0 , 40 , 12.3843 , 37.7901 , -0.00534647 , 0.00928793 , 0.689572 , 0.889181 , -2.78966 , 1.90028 , -0.0586235 , 0 , 0.0569155 , -53 , -278 , 15
0 , 40 , 12.3647 , 37.802 , -0.00533709 , 0.00928962 , 0.689572 , 0.887774 , -2.78968 , 1.90176 , -0.0586235 , 0 , 0.0695736 , -26 , -286 , -40
0 , 40 , 12.3453 , 37.8139 , -0.00525937 , 0.0092729 , 0.689572 , 0.886445 , -2.78973 , 1.90317 , -0.0781646 , -0.00377369 , 0.0753892 , -48 , -274 , 27
0 , 40 , 12.3263 , 37.8258 , -0.0051782 , 0.00922705 , 0.689572 , 0.884941 , -2.78979 , 1.90466 , -0.0586235 , 0 , 0.0673516 , -17 , -315 , -3
0 , 40 , 12.3074 , 37.8377 , -0.00517527 , 0.00918283 , 0.689572 , 0.883612 , -2.78987 , 1.90599 , -0.0586235 , 0 , 0.0459928 , -33 , -315 , 95
0 , 40 , 12.2882 , 37.8495 , -0.00528377 , 0.00916737 , 0.689572 , 0.882264 , -2.78993 , 1.90739 , -0.0390823 , -0.00384645 , 0.0628063 , -75 , -308 , 52
0 , 40 , 12.2686 , 37.8614 , -0.00543714 , 0.00918929 , 0.689572 , 0.880935 , -2.79001 , 1.9088 , -0.0586235 , -0.00365681 , 0.0657212 , -86 , -302 , 54
0 , 40 , 12.2487 , 37.8721 , -0.00552854 , 0.00922745 , 0.689666 , 0.879528 , -2.79007 , 1.91025 , -0.0586235 , -0.003658 , 0.0582728 , -52 , -265 , 52
0 , 40 , 12.2288 , 37.8838 , -0.00554366 , 0.00926106 , 0.689666 , 0.878101 , -2.79009 , 1.91183 , -0.0390823 , 0 , 0.0703763 , -35 , -265 , 32
0 , 40 , 12.2093 , 37.8956 , -0.0054938 , 0.00925504 , 0.689666 , 0.876714 , -2.79011 , 1.91312 , -0.0977058 , 0 , 0.103065 , -52 , -284 , -14
0 , 40 , 12.1904 , 37.9073 , -0.00540207 , 0.00920972 , 0.689666 , 0.875229 , -2.79013 , 1.9146 , -0.0781646 , 0 , 0.0589061 , -116 , -296 , 50
0 , 40 , 12.1714 , 37.9191 , -0.00536988 , 0.00917054 , 0.689666 , 0.873861 , -2.79018 , 1.91603 , -0.0586235 , 0 , 0.0593594 , -83 , -302 , 65
0 , 40 , 12.1524 , 37.9308 , -0.00542489 , 0.0091483 , 0.689666 , 0.872513 , -2.79028 , 1.91738 , -0.0781646 , 0 , 0.0897195 , 20 , -297 , 22
0 , 40 , 12.1334 , 37.9426 , -0.00550724 , 0.00912029 , 0.689666 , 0.871242 , -2.79034 , 1.91879 , -0.0586235 , 0 , 0.0427033 , -20 , -302 , 116
0 , 40 , 12.1145 , 37.9543 , -0.00557014 , 0.00909039 , 0.689666 , 0.869836 , -2.79042 , 1.92019 , -0.0390823 , 0 , 0.074546 , -16 , -271 , 74
0 , 40 , 12.0957 , 37.9652 , -0.00560033 , 0.00906051 , 0.689734 , 0.868565 , -2.79046 , 1.9216 , -0.0781646 , 0 , 0.0528043 , -14 , -258 , 4
0 , 40 , 12.0771 , 37.9768 , -0.00555614 , 0.00901966 , 0.689734 , 0.867158 , -2.79048 , 1.92299 , -0.0586235 , 0 , 0.0631581 , -31 , -302 , 75
0 , 40 , 12.0585 , 37.9885 , -0.00548944 , 0.00899015 , 0.689734 , 0.86579 , -2.79054 , 1.92435 , -0.0781646 , -0.00317854 , 0.101564 , 22 , -306 , -12
0 , 40 , 12.0395 , 38.0002 , -0.00545353 , 0.0089897 , 0.689734 , 0.864559 , -2.79061 , 1.92578 , -0.0781646 , -0.00270146 , 0.0429908 , -18 , -266 , 96
0 , 40 , 12.0202 , 38.0118 , -0.00546981 , 0.00901067 , 0.689734 , 0.863133 , -2.79063 , 1.92727 , -0.0586235 , 0 , 0.0531096 , 5 , -275 , 50
0 , 40 , 12.0011 , 38.0235 , -0.00554786 , 0.00901696 , 0.689734 , 0.861706 , -2.79069 , 1.92858 , -0.0781646 , -0.0025965 , 0.0951677 , 11 , -266 , -26
0 , 40 , 11.9822 , 38.0351 , -0.00560076 , 0.00900927 , 0.689734 , 0.86026 , -2.79075 , 1.92998 , -0.0390823 , 0 , 0.053694 , -11 , -311 , 0
0 , 40 , 11.9631 , 38.0468 , -0.00563547 , 0.00901293 , 0.689734 , 0.858951 , -2.79077 , 1.93141 , -0.0390823 , -0.00353038 , 0.0535569 , -13 , -283 , 98
0 , 40 , 11.9442 , 38.0585 , -0.00565728 , 0.00900992 , 0.689734 , 0.857661 , -2.79081 , 1.93282 , -0.0586235 , 0 , 0.0685968 , -77 , -297 , 8
0 , 40 , 11.9253 , 38.0701 , -0.00569889 , 0.00899465 , 0.689734 , 0.856196 , -2.79089 , 1.93418 , -0.0586235 , 0 , 0.0785415 , -34 , -283 , 10
0 , 40 , 11.9065 , 38.0818 , -0.00578649 , 0.008985 , 0.689734 , 0.854847 , -2.79093 , 1.93563 , -0.0390823 , -0.00241521 , 0.0700734 , -16 , -325 , 27
0 , 40 , 11.8877 , 38.0934 , -0.00586668 , 0.00896996 , 0.689734 , 0.853558 , -2.79097 , 1.93704 , -0.0586235 , 0 , 0.051181 , -64 , -297 , 46
0 , 40 , 11.869 , 38.1051 , -0.00588599 , 0.00894806 , 0.689734 , 0.852151 , -2.791 , 1.93842 , -0.0390823 , 0 , 0.056838 , -49 , -311 , 45
0 , 40 , 11.8501 , 38.1168 , -0.00582928 , 0.00894787 , 0.689734 , 0.850842 , -2.79106 , 1.93979 , -0.0390823 , 0 , 0.0581571 , -32 , -293 , 60
0 , 40 , 11.8314 , 38.1284 , -0.00575357 , 0.0089376 , 0.689734 , 0.849513 , -2.7911 , 1.94124 , -0.0781646 , 0 , 0.0871325 , -10 , -293 , 15
0 , 40 , 11.8128 , 38.1401 , -0.00574252 , 0.00891347 , 0.689734 , 0.848164 , -2.79118 , 1.94255 , -0.0586235 , -0.00346717 , 0.0579162 , -26 , -279 , 33
0 , 40 , 11.794 , 38.1518 , -0.00581125 , 0.00891759 , 0.689734 , 0.846855 , -2.79124 , 1.94395 , -0.0586235 , -0.00250109 , 0.0613595 , -60 , -293 , 95
0 , 40 , 11.7752 , 38.1634 , -0.0059133 , 0.00891012 , 0.689734 , 0.845507 , -2.79128 , 1.94522 , -0.0586235 , 0 , 0.0595275 , -53 , -308 , -19
0 , 40 , 11.7568 , 38.1751 , -0.00598976 , 0.00888429 , 0.689734 , 0.844158 , -2.79134 , 1.94681 , -0.0586235 , 0 , 0.0540399 , -51 , -278 , 60
0 , 40 , 11.7377 , 38.1867 , -0.00598973 , 0.00890474 , 0.689734 , 0.842869 , -2.7914 , 1.94806 , -0.0781646 , -0.00351965 , 0.0659275 , -19 , -278 , 63
0 , 40 , 11.7182 , 38.1984 , -0.00595211 , 0.00896501 , 0.689734 , 0.841501 , -2.79145 , 1.9495 , -0.0586235 , 0 , 0.0676939 , -58 , -271 , 33
0 , 40 , 11.6989 , 38.2101 , -0.00591361 , 0.00899372 , 0.689734 , 0.840113 , -2.79147 , 1.95097 , -0.0586235 , -0.00270385 , 0.0755455 , -87 , -290 , 28
0 , 40 , 11.6804 , 38.2217 , -0.0058903 , 0.00895694 , 0.689734 , 0.838706 , -2.79149 , 1.9524 , -0.0586235 , 0 , 0.0688711 , -64 , -294 , 76
0 , 40 , 11.6624 , 38.2334 , -0.0058817 , 0.0088856 , 0.689734 , 0.837221 , -2.79153 , 1.95376 , -0.0586235 , 0 , 0.0759951 , -68 , -277 , 36
0 , 40 , 11.6447 , 38.245 , -0.00588103 , 0.00880048 , 0.689734 , 0.83601 , -2.79161 , 1.95517 , -0.0390823 , 0 , 0.0595156 , -69 , -292 , 75
0 , 40 , 11.627 , 38.2567 , -0.00586933 , 0.00873361 , 0.689734 , 0.834701 , -2.79171 , 1.95652 , -0.0390823 , -0.00546732 , 0.0871587 , -58 , -307 , 14
0 , 40 , 11.6083 , 38.2684 , -0.00585644 , 0.00875025 , 0.689734 , 0.83345 , -2.79179 , 1.95791 , -0.0586235 , -0.00388342 , 0.0526516 , -69 , -307 , 77
0 , 40 , 11.5891 , 38.28 , -0.00591467 , 0.0088134 , 0.689734 , 0.832141 , -2.79183 , 1.95927 , -0.0586235 , 0 , 0.0847149 , -37 , -305 , 24
0 , 40 , 11.5702 , 38.2917 , -0.0059972 , 0.00883341 , 0.689734 , 0.830792 , -2.79188 , 1.96064 , -0.0586235 , -0.00394186 , 0.0565207 , -53 , -322 , 87
0 , 40 , 11.5521 , 38.3025 , -0.00602197 , 0.00879012 , 0.689795 , 0.829444 , -2.79194 , 1.96203 , -0.0781646 , -0.0036592 , 0.0638177 , -33 , -304 , 67
0 , 40 , 11.5344 , 38.3141 , -0.00599952 , 0.00872552 , 0.689795 , 0.828096 , -2.79196 , 1.96351 , -0.0586235 , 0 , 0.0565744 , -20 , -335 , 87
0 , 40 , 11.5169 , 38.3257 , -0.00595607 , 0.0086495 , 0.689795 , 0.826865 , -2.79204 , 1.96486 , -0.0586235 , -0.00354231 , 0.0524453 , 17 , -305 , 66
0 , 40 , 11.4993 , 38.3373 , -0.00591424 , 0.00859518 , 0.689795 , 0.825633 , -2.79212 , 1.96617 , -0.0586235 , -0.00366754 , 0.0736467 , -42 , -305 , 19
0 , 40 , 11.4812 , 38.3488 , -0.00593869 , 0.00859844 , 0.689795 , 0.824422 , -2.7922 , 1.96748 , -0.0586235 , -0.00403728 , 0.0820361 , -33 , -337 , 19
0 , 40 , 11.4626 , 38.3604 , -0.00602531 , 0.00863455 , 0.689795 , 0.823054 , -2.79227 , 1.96887 , -0.0586235 , -0.00406829 , 0.0378753 , 32 , -305 , 76
0 , 40 , 11.4439 , 38.3709 , -0.00610259 , 0.00866586 , 0.689874 , 0.821784 , -2.79231 , 1.9703 , -0.0586235 , 0 , 0.0810164 , 28 , -288 , 18
0 , 40 , 11.4256 , 38.3816 , -0.00610654 , 0.00866925 , 0.689935 , 0.820416 , -2.79233 , 1.97159 , -0.0586235 , -0.00333955 , 0.0690822 , 32 , -272 , 16
0 , 40 , 11.4074 , 38.393 , -0.00602507 , 0.00865782 , 0.689935 , 0.819068 , -2.79233 , 1.97289 , -0.0781646 , 0 , 0.0595275 , 19 , -239 , 48
0 , 40 , 11.3894 , 38.4043 , -0.00594444 , 0.0086416 , 0.689935 , 0.817797 , -2.79235 , 1.97428 , -0.0781646 , 0 , 0.0935874 , -13 , -305 , -17
0 , 40 , 11.3717 , 38.4157 , -0.00594961 , 0.00859959 , 0.689935 , 0.816469 , -2.79239 , 1.97559 , -0.0390823 , 0 , 0.0483293 , -29 , -320 , 27
0 , 40 , 11.3542 , 38.4271 , -0.00599423 , 0.00854707 , 0.689935 , 0.815179 , -2.79245 , 1.97702 , -0.0781646 , 0 , 0.057104 , 49 , -354 , 37
0 , 40 , 11.3366 , 38.4385 , -0.00604461 , 0.0085111 , 0.689935 , 0.813928 , -2.79253 , 1.97829 , -0.0195412 , -0.00336221 , 0.0677882 , -27 , -355 , 14
0 , 40 , 11.3191 , 38.4499 , -0.00610109 , 0.00847561 , 0.689935 , 0.812717 , -2.79259 , 1.97962 , -0.0586235 , -0.00382617 , 0.0619296 , 9 , -317 , 31
0 , 40 , 11.3016 , 38.4612 , -0.00611924 , 0.00844659 , 0.689935 , 0.811349 , -2.79269 , 1.98089 , -0.0390823 , -0.00420664 , 0.0608622 , -30 , -353 , 26
0 , 40 , 11.2838 , 38.4726 , -0.00612455 , 0.00844216 , 0.689935 , 0.810157 , -2.79278 , 1.98229 , -0.0781646 , -0.00397049 , 0.0570706 , 2 , -336 , 91
0 , 40 , 11.2657 , 38.484 , -0.00614739 , 0.00846381 , 0.689935 , 0.808887 , -2.79284 , 1.98356 , -0.0390823 , 0 , 0.0545635 , -58 , -338 , 76
0 , 40 , 11.2476 , 38.4954 , -0.00618089 , 0.00848119 , 0.689935 , 0.807577 , -2.79294 , 1.98495 , -0.0586235 , 0 , 0.0925819 , -36 , -357 , -19
0 , 40 , 11.2298 , 38.5058 , -0.00620567 , 0.00847479 , 0.690005 , 0.806268 , -2.79302 , 1.9863 , -0.0586235 , 0 , 0.0669056 , -17 , -325 , -6
0 , 40 , 11.2122 , 38.5171 , -0.00620317 , 0.00845111 , 0.690005 , 0.804978 , -2.79306 , 1.98769 , -0.0977058 , 0 , 0.0567617 , -17 , -372 , 16
0 , 40 , 11.1947 , 38.5284 , -0.00616995 , 0.00842077 , 0.690005 , 0.803747 , -2.7931 , 1.98894 , -0.0586235 , 0 , 0.0618259 , -35 , -340 , 90
0 , 40 , 11.1774 , 38.5397 , -0.00614319 , 0.00838815 , 0.690005 , 0.802438 , -2.79317 , 1.99029 , -0.0586235 , 0 , 0.0376892 , -57 , -320 , 128
0 , 40 , 11.1603 , 38.551 , -0.00615752 , 0.00834106 , 0.690005 , 0.801246 , -2.79325 , 1.99158 , -0.0781646 , 0 , 0.0665561 , -39 , -340 , 48
0 , 40 , 11.1433 , 38.5623 , -0.00621365 , 0.00828865 , 0.690005 , 0.799956 , -2.79335 , 1.99292 , -0.0586235 , -0.0066147 , 0.0613333 , -57 , -326 , 12
0 , 40 , 11.1263 , 38.5726 , -0.00625046 , 0.00824917 , 0.690074 , 0.798764 , -2.79343 , 1.99423 , -0.0390823 , -0.00495924 , 0.064748 , -85 , -333 , 19
0 , 40 , 11.109 , 38.5838 , -0.00624468 , 0.00824567 , 0.690074 , 0.79765 , -2.79345 , 1.99552 , -0.0586235 , 0 , 0.0549011 , 12 , -322 , 26
0 , 40 , 11.0915 , 38.595 , -0.00623479 , 0.00825114 , 0.690074 , 0.79638 , -2.79351 , 1.99685 , -0.0586235 , -0.00295431 , 0.0656174 , -88 , -357 , 27
0 , 40 , 11.0742 , 38.6062 , -0.00624813 , 0.00824506 , 0.690074 , 0.795052 , -2.79355 , 1.99806 , -0.0390823 , 0 , 0.0703417 , -23 , -365 , 51
0 , 40 , 11.0569 , 38.6174 , -0.00627469 , 0.00823711 , 0.690074 , 0.793859 , -2.79364 , 1.99943 , -0.0390823 , 0 , 0.0406984 , -65 , -361 , 89
0 , 40 , 11.0397 , 38.6286 , -0.00630999 , 0.00821704 , 0.690074 , 0.792648 , -2.79374 , 2.00068 , -0.0586235 , -0.00569036 , 0.0764519 , 18 , -352 , -71
0 , 40 , 11.0225 , 38.6397 , -0.00633206 , 0.00820657 , 0.690074 , 0.791378 , -2.79382 , 2.00205 , -0.0390823 , -0.00421499 , 0.0600273 , -99 , -365 , 57
0 , 40 , 11.0051 , 38.6509 , -0.00633523 , 0.00821301 , 0.690074 , 0.790166 , -2.79392 , 2.00338 , -0.0781646 , -0.00348506 , 0.064055 , 18 , -352 , 99
0 , 40 , 10.9879 , 38.6621 , -0.00632763 , 0.0082066 , 0.690074 , 0.788877 , -2.79398 , 2.00469 , -0.0390823 , -0.00357928 , 0.0657796 , -53 , -324 , 18
0 , 40 , 10.9709 , 38.6733 , -0.00630581 , 0.00817753 , 0.690074 , 0.787645 , -2.79405 , 2.006 , -0.0586235 , -0.00452867 , 0.0515138 , -16 , -329 , 34
0 , 40 , 10.954 , 38.6845 , -0.00629345 , 0.00814538 , 0.690074 , 0.786395 , -2.79417 , 2.00735 , -0.0390823 , -0.00424123 , 0.049089 , -27 , -376 , 86
0 , 40 , 10.9371 , 38.6957 , -0.00631454 , 0.008124 , 0.690074 , 0.785222 , -2.79429 , 2.00864 , -0.0781646 , -0.00805309 , 0.112997 , 61 , -370 , 28
0 , 40 , 10.9203 , 38.7069 , -0.0063833 , 0.00809906 , 0.690074 , 0.783933 , -2.79435 , 2.00994 , -0.0390823 , 0 , 0.0547877 , -51 , -316 , 42
0 , 40 , 10.9036 , 38.7181 , -0.00642583 , 0.00806422 , 0.690074 , 0.78278 , -2.79442 , 2.01121 , -0.0586235 , 0 , 0.0409548 , -41 , -346 , 47
0 , 40 , 10.8868 , 38.7284 , -0.00640772 , 0.0080509 , 0.690141 , 0.781568 , -2.7945 , 2.01252 , -0.0586235 , 0 , 0.06689 , -82 , -322 , 46
0 , 40 , 10.8698 , 38.7395 , -0.00635349 , 0.00805045 , 0.690141 , 0.780396 , -2.79452 , 2.01383 , -0.0586235 , 0 , 0.0626715 , -35 , -365 , 10
0 , 40 , 10.853 , 38.7505 , -0.00628636 , 0.00803737 , 0.690141 , 0.779262 , -2.79462 , 2.01505 , -0.0781646 , -0.00326322 , 0.0598436 , -13 , -340 , 26
0 , 40 , 10.8364 , 38.7616 , -0.00623896 , 0.00800597 , 0.690141 , 0.778031 , -2.7947 , 2.01633 , -0.0586235 , -0.00410646 , 0.0589288 , -62 , -383 , 34
0 , 40 , 10.8198 , 38.7727 , -0.00623328 , 0.00798017 , 0.690141 , 0.77682 , -2.79482 , 2.01764 , -0.0977058 , -0.00385599 , 0.0722488 , 68 , -339 , -3
0 , 40 , 10.8031 , 38.7838 , -0.00627236 , 0.00797075 , 0.690141 , 0.77553 , -2.79491 , 2.01888 , -0.0390823 , -0.00771079 , 0.0646048 , 50 , -373 , 29
0 , 40 , 10.7861 , 38.7949 , -0.00632829 , 0.00798484 , 0.690141 , 0.774514 , -2.79499 , 2.02016 , -0.0586235 , -0.00374984 , 0.0591435 , 30 , -362 , 28
0 , 40 , 10.7686 , 38.806 , -0.00636159 , 0.00803676 , 0.690141 , 0.773244 , -2.79509 , 2.02151 , -0.0390823 , -0.00474932 , 0.0706637 , -39 , -326 , 33
0 , 40 , 10.751 , 38.8162 , -0.0063602 , 0.00808617 , 0.690212 , 0.771993 , -2.79515 , 2.02272 , -0.0390823 , -0.00249274 , 0.062941 , -62 , -299 , 33
0 , 40 , 10.7339 , 38.8262 , -0.00630078 , 0.00808824 , 0.690284 , 0.770684 , -2.79517 , 2.02411 , -0.0586235 , 0 , 0.050011 , -32 , -326 , 123
0 , 40 , 10.7175 , 38.8371 , -0.00620211 , 0.00803341 , 0.690284 , 0.769492 , -2.79519 , 2.02527 , -0.0586235 , 0 , 0.0352215 , -22 , -335 , 29
0 , 40 , 10.7015 , 38.848 , -0.00612488 , 0.0079634 , 0.690284 , 0.768261 , -2.79528 , 2.02659 , -0.0390823 , -0.00249632 , 0.0810605 , -54 , -354 , -34
0 , 40 , 10.6853 , 38.8589 , -0.00612524 , 0.00791543 , 0.690284 , 0.767088 , -2.7954 , 2.02779 , -0.0586235 , -0.00509997 , 0.0553364 , -36 , -298 , 64
0 , 40 , 10.6688 , 38.8698 , -0.00624126 , 0.00789193 , 0.690284 , 0.765955 , -2.79544 , 2.02906 , -0.0586235 , 0 , 0.071006 , -53 , -399 , 69
0 , 40 , 10.6519 , 38.8807 , -0.00638339 , 0.00791177 , 0.690284 , 0.764724 , -2.79556 , 2.03033 , -0.0390823 , -0.00513218 , 0.0653539 , -80 , -334 , 30
0 , 40 , 10.6345 , 38.8899 , -0.00645963 , 0.00797293 , 0.690411 , 0.763551 , -2.79562 , 2.0316 , -0.0781646 , -0.00310578 , 0.0620739 , 3 , -270 , 64
0 , 40 , 10.6172 , 38.8992 , -0.00642816 , 0.00800783 , 0.690515 , 0.76232 , -2.79562 , 2.03287 , -0.0586235 , 0 , 0.0504416 , -75 , -279 , 23
0 , 40 , 10.6004 , 38.9098 , -0.00628404 , 0.0080011 , 0.690515 , 0.76105 , -2.79562 , 2.03412 , -0.0390823 , 0 , 0.0658834 , -29 , -334 , 48
0 , 40 , 10.5839 , 38.9204 , -0.00612656 , 0.00796398 , 0.690515 , 0.759858 , -2.79564 , 2.03527 , -0.0586235 , 0 , 0.0725709 , -38 , -316 , 28
0 , 40 , 10.5681 , 38.9323 , -0.00607556 , 0.00789168 , 0.690415 , 0.758705 , -2.79564 , 2.03662 , -0.0586235 , 0 , 0.047981 , -35 , -372 , 43
0 , 40 , 10.5522 , 38.943 , -0.00617878 , 0.00782581 , 0.690415 , 0.757493 , -2.79575 , 2.03779 , -0.0586235 , -0.00484354 , 0.0591793 , -52 , -363 , 61
0 , 40 , 10.5359 , 38.9537 , -0.00637799 , 0.00781405 , 0.690415 , 0.756399 , -2.79585 , 2.03906 , -0.0586235 , -0.00481969 , 0.0578363 , -88 , -289 , 15
0 , 40 , 10.5188 , 38.9631 , -0.00654535 , 0.0078624 , 0.690517 , 0.755207 , -2.79593 , 2.04033 , -0.0586235 , -0.00361984 , 0.0654707 , -79 , -336 , 79
0 , 40 , 10.5013 , 38.9719 , -0.00657561 , 0.00793345 , 0.690647 , 0.754074 , -2.79593 , 2.04146 , -0.0586235 , 0 , 0.0391181 , -48 , -281 , 76
0 , 40 , 10.4839 , 38.9812 , -0.00645382 , 0.00798477 , 0.690729 , 0.752882 , -2.79593 , 2.04281 , -0.0586235 , 0 , 0.0518144 , -82 , -316 , 98
0 , 40 , 10.4671 , 38.9915 , -0.00629589 , 0.00797432 , 0.690729 , 0.751572 , -2.79593 , 2.04385 , -0.0586235 , 0 , 0.0378992 , 14 , -289 , 86
0 , 40 , 10.4512 , 39.0018 , -0.00617352 , 0.00790761 , 0.690729 , 0.75038 , -2.79593 , 2.04512 , -0.0586235 , 0 , 0.0642089 , -57 , -297 , 2
0 , 40 , 10.4352 , 39.0121 , -0.00615066 , 0.0078472 , 0.690729 , 0.749208 , -2.79595 , 2.04643 , -0.0586235 , 0 , 0.0650211 , -8 , -336 , 15
0 , 40 , 10.4193 , 39.0224 , -0.00627242 , 0.00779844 , 0.690729 , 0.748055 , -2.79597 , 2.04764 , -0.0586235 , 0 , 0.0696237 , -20 , -318 , -29
0 , 40 , 10.4032 , 39.0326 , -0.0063836 , 0.00776953 , 0.690729 , 0.746941 , -2.79599 , 2.04879 , -0.0390823 , -0.00242595 , 0.0250228 , -38 , -318 , 29
0 , 40 , 10.3867 , 39.0419 , -0.00644118 , 0.00777411 , 0.690802 , 0.74573 , -2.79607 , 2.0501 , -0.0586235 , 0 , 0.0596122 , 24 , -336 , 49
0 , 40 , 10.3703 , 39.051 , -0.00641599 , 0.00777211 , 0.690883 , 0.744518 , -2.79607 , 2.05127 , -0.0390823 , 0 , 0.0563037 , -33 , -315 , 32
0 , 40 , 10.3543 , 39.0611 , -0.00630855 , 0.00774734 , 0.690883 , 0.743346 , -2.79609 , 2.05241 , -0.0586235 , 0 , 0.0723383 , -56 , -336 , 43
0 , 40 , 10.3382 , 39.0712 , -0.0062345 , 0.00772321 , 0.690883 , 0.742193 , -2.79611 , 2.05356 , -0.0390823 , 0 , 0.0459713 , -18 , -365 , 17
0 , 40 , 10.3219 , 39.0812 , -0.00621942 , 0.00772187 , 0.690883 , 0.741079 , -2.79612 , 2.05479 , -0.0781646 , 0 , 0.0545838 , -27 , -402 , 54
0 , 40 , 10.3053 , 39.0913 , -0.0063015 , 0.00774875 , 0.690883 , 0.739867 , -2.79616 , 2.05598 , -0.0586235 , 0 , 0.0715261 , -60 , -344 , 20
0 , 40 , 10.2883 , 39.1014 , -0.00641191 , 0.00780076 , 0.690883 , 0.738695 , -2.7962 , 2.05716 , -0.0586235 , 0 , 0.0360266 , -15 , -336 , 46
0 , 40 , 10.2711 , 39.1114 , -0.00647613 , 0.00785521 , 0.690883 , 0.737483 , -2.79622 , 2.05845 , -0.0781646 , 0 , 0.0521829 , 17 , -318 , 45
0 , 40 , 10.2541 , 39.1215 , -0.00647695 , 0.00788972 , 0.690883 , 0.736272 , -2.79624 , 2.05968 , -0.0586235 , 0 , 0.071439 , 15 , -358 , -6
0 , 40 , 10.2376 , 39.1316 , -0.0063998 , 0.00787624 , 0.690883 , 0.735021 , -2.79626 , 2.06087 , -0.0781646 , 0 , 0.0349198 , -26 , -359 , 63
0 , 40 , 10.2218 , 39.1416 , -0.00635152 , 0.00781352 , 0.690883 , 0.733829 , -2.7963 , 2.06216 , -0.0390823 , -0.00327634 , 0.0563144 , -16 , -318 , 90
0 , 40 , 10.2062 , 39.1517 , -0.0063697 , 0.00774134 , 0.690883 , 0.732735 , -2.79638 , 2.06325 , -0.0586235 , 0 , 0.0687745 , -55 , -325 , 33
0 , 40 , 10.1904 , 39.1618 , -0.00645106 , 0.00769673 , 0.690883 , 0.73166 , -2.7964 , 2.0645 , -0.0586235 , -0.002581 , 0.0574964 , 36 , -347 , 29
0 , 40 , 10.1747 , 39.1718 , -0.00656548 , 0.00765289 , 0.690883 , 0.730527 , -2.79648 , 2.06568 , -0.0586235 , -0.00480657 , 0.06689 , -44 , -329 , 29
0 , 40 , 10.1593 , 39.1819 , -0.00662835 , 0.00759646 , 0.690883 , 0.729374 , -2.79653 , 2.06681 , -0.0586235 , 0 , 0.0524453 , -16 , -322 , 46
0 , 40 , 10.1438 , 39.1909 , -0.00665859 , 0.00755388 , 0.690958 , 0.72826 , -2.79663 , 2.06802 , -0.0586235 , -0.00441298 , 0.0685813 , -27 , -341 , 27
0 , 40 , 10.128 , 39.2009 , -0.0066324 , 0.00754323 , 0.690958 , 0.727146 , -2.79663 , 2.06919 , -0.0586235 , 0 , 0.0458354 , -47 , -341 , 80
0 , 40 , 10.1122 , 39.2109 , -0.00655544 , 0.00753258 , 0.690958 , 0.725974 , -2.79671 , 2.07029 , -0.0586235 , -0.00425435 , 0.0667541 , -14 , -323 , 70
0 , 40 , 10.0971 , 39.2208 , -0.00649056 , 0.00747297 , 0.690958 , 0.72484 , -2.79675 , 2.07152 , -0.0586235 , 0 , 0.056937 , -49 , -371 , 66
0 , 40 , 10.0822 , 39.2308 , -0.0064458 , 0.0074003 , 0.690958 , 0.723726 , -2.79685 , 2.07269 , -0.0390823 , 0 , 0.0484569 , -50 , -323 , 46
0 , 40 , 10.0672 , 39.2408 , -0.00645852 , 0.00735297 , 0.690958 , 0.722671 , -2.79691 , 2.07388 , -0.0390823 , 0 , 0.0568929 , -37 , -341 , 44
0 , 40 , 10.0515 , 39.2507 , -0.00651722 , 0.00736671 , 0.690958 , 0.721596 , -2.79698 , 2.0749 , -0.0390823 , 0 , 0.0699887 , -57 , -353 , 12
0 , 40 , 10.0351 , 39.2607 , -0.00658108 , 0.00743747 , 0.690958 , 0.720502 , -2.79704 , 2.07619 , -0.0781646 , 0 , 0.0322529 , -28 , -318 , 63
0 , 40 , 10.0185 , 39.2706 , -0.00662874 , 0.00750853 , 0.690958 , 0.71931 , -2.79706 , 2.07742 , -0.0390823 , 0 , 0.0892018 , -82 , -366 , -9
0 , 40 , 10.0021 , 39.2797 , -0.00662448 , 0.00755078 , 0.691022 , 0.718157 , -2.7971 , 2.07855 , -0.0390823 , -0.0038047 , 0.0433474 , 13 , -379 , 34
0 , 40 , 9.98592 , 39.2896 , -0.00653351 , 0.00756692 , 0.691022 , 0.717004 , -2.7971 , 2.07978 , -0.0586235 , 0 , 0.0374435 , -98 , -379 , 27
0 , 40 , 9.97026 , 39.2995 , -0.00642855 , 0.00754232 , 0.691022 , 0.715793 , -2.7971 , 2.08098 , -0.0390823 , 0 , 0.0680243 , -69 , -353 , 20
0 , 40 , 9.95507 , 39.3094 , -0.00637426 , 0.00748479 , 0.691022 , 0.71464 , -2.79714 , 2.08213 , -0.0390823 , -0.0023353 , 0.0616303 , -12 , -318 , 86
0 , 40 , 9.93974 , 39.3192 , -0.00639985 , 0.00744812 , 0.691022 , 0.713565 , -2.7972 , 2.08324 , -0.0390823 , 0 , 0.0508435 , -27 , -397 , 87
0 , 40 , 9.92403 , 39.3291 , -0.00650807 , 0.00744713 , 0.691022 , 0.712451 , -2.79724 , 2.0844 , -0.0390823 , 0 , 0.0547675 , -66 , -362 , 51
0 , 40 , 9.90816 , 39.3381 , -0.00661636 , 0.00745858 , 0.691086 , 0.711376 , -2.7973 , 2.08559 , -0.0390823 , -0.00335625 , 0.0834375 , -51 , -353 , 34
0 , 40 , 9.89244 , 39.3469 , -0.0066642 , 0.00745721 , 0.691164 , 0.710262 , -2.79732 , 2.0869 , -0.0390823 , 0 , 0.0382904 , -17 , -366 , 51
0 , 40 , 9.87692 , 39.3565 , -0.00659241 , 0.00743976 , 0.691164 , 0.709168 , -2.79732 , 2.08789 , -0.0586235 , 0 , 0.0872112 , -20 , -380 , -46
0 , 40 , 9.86154 , 39.3662 , -0.00644702 , 0.00741421 , 0.691164 , 0.708015 , -2.79734 , 2.08897 , -0.0586235 , 0 , 0.0193122 , -39 , -322 , 93
0 , 40 , 9.84632 , 39.3759 , -0.00636916 , 0.00738039 , 0.691164 , 0.706901 , -2.79736 , 2.0903 , -0.0390823 , 0 , 0.0786465 , -7 , -340 , -76
0 , 40 , 9.83142 , 39.3856 , -0.00641057 , 0.00732655 , 0.691164 , 0.705807 , -2.79739 , 2.09126 , -0.0390823 , 0 , 0.0162565 , -26 , -397 , 76
0 , 40 , 9.81657 , 39.3952 , -0.00650867 , 0.00727895 , 0.691164 , 0.704693 , -2.79749 , 2.09253 , -0.0390823 , 0 , 0.0936768 , -17 , -348 , -29
0 , 40 , 9.80099 , 39.4049 , -0.00661227 , 0.00729552 , 0.691164 , 0.703658 , -2.79753 , 2.09358 , -0.0586235 , -0.00341946 , 0.0224239 , 17 , -362 , 51
0 , 40 , 9.78505 , 39.4146 , -0.00668039 , 0.00733752 , 0.691164 , 0.702505 , -2.79757 , 2.09473 , -0.0781646 , 0 , 0.0579389 , 6 , -362 , 17
0 , 40 , 9.76935 , 39.4243 , -0.0066831 , 0.00735442 , 0.691164 , 0.701371 , -2.79765 , 2.09595 , -0.0390823 , 0 , 0.0676629 , -82 , -362 , 9
0 , 40 , 9.75361 , 39.4339 , -0.00663466 , 0.00737145 , 0.691164 , 0.700296 , -2.79767 , 2.09712 , -0.0586235 , 0 , 0.0453452 , -70 , -376 , 51
0 , 40 , 9.73811 , 39.4436 , -0.00660955 , 0.00736628 , 0.691164 , 0.699163 , -2.79779 , 2.09831 , -0.0586235 , 0 , 0.0680243 , -64 , -344 , 13
0 , 40 , 9.72281 , 39.4533 , -0.00657602 , 0.00734701 , 0.691164 , 0.697991 , -2.79781 , 2.0994 , -0.0586235 , -0.00428655 , 0.0620477 , 18 , -391 , -28
0 , 40 , 9.7075 , 39.463 , -0.00657116 , 0.00733131 , 0.691164 , 0.696896 , -2.79786 , 2.10054 , -0.0390823 , 0 , 0.0682772 , 0 , -356 , -21
0 , 40 , 9.69261 , 39.4726 , -0.00664661 , 0.00728508 , 0.691164 , 0.695822 , -2.7979 , 2.10171 , -0.0586235 , 0 , 0.0748501 , 20 , -359 , -12
0 , 40 , 9.67752 , 39.4823 , -0.00665811 , 0.0072626 , 0.691164 , 0.694727 , -2.798 , 2.10282 , -0.0390823 , -0.00345644 , 0.031919 , 2 , -293 , 70
0 , 40 , 9.66189 , 39.4911 , -0.0066247 , 0.00728611 , 0.691232 , 0.693711 , -2.7981 , 2.10394 , -0.0586235 , 0 , 0.0811499 , -41 , -324 , 15
0 , 40 , 9.64639 , 39.5007 , -0.00662454 , 0.00729577 , 0.691232 , 0.692539 , -2.79812 , 2.10517 , -0.0390823 , -0.00273247 , 0.0426783 , -11 , -357 , 14
0 , 40 , 9.63103 , 39.5102 , -0.00660892 , 0.00729238 , 0.691232 , 0.691503 , -2.79812 , 2.10609 , -0.0586235 , 0 , 0.0579389 , -30 , -342 , 92
0 , 40 , 9.61608 , 39.5198 , -0.00656195 , 0.00725802 , 0.691232 , 0.690389 , -2.79812 , 2.10746 , -0.0195412 , 0 , 0.0322851 , -64 , -357 , 100
0 , 40 , 9.60162 , 39.5294 , -0.00655071 , 0.00719023 , 0.691232 , 0.689295 , -2.79814 , 2.10847 , -0.0586235 , 0 , 0.0464448 , -30 , -310 , 54
0 , 40 , 9.58701 , 39.539 , -0.00654288 , 0.00714561 , 0.691232 , 0.688279 , -2.79818 , 2.10962 , -0.0390823 , -0.00385241 , 0.0488684 , -29 , -359 , -15
0 , 40 , 9.572 , 39.5486 , -0.00655177 , 0.00713992 , 0.691232 , 0.687243 , -2.79829 , 2.11072 , -0.0586235 , -0.005193 , 0.0590361 , -58 , -340 , -25
0 , 40 , 9.55692 , 39.5581 , -0.00659527 , 0.00714067 , 0.691232 , 0.68611 , -2.79837 , 2.11187 , -0.0586235 , -0.00385361 , 0.0598317 , -31 , -355 , 64
0 , 40 , 9.54164 , 39.5677 , -0.00659959 , 0.0071565 , 0.691232 , 0.685015 , -2.79843 , 2.11295 , -0.0586235 , -0.00287679 , 0.0391813 , -18 , -403 , 16
0 , 40 , 9.52623 , 39.5773 , -0.00661888 , 0.00718072 , 0.691232 , 0.683921 , -2.79851 , 2.1142 , -0.0390823 , -0.00566054 , 0.0500969 , -62 , -355 , 49
0 , 40 , 9.51103 , 39.5869 , -0.00659854 , 0.00718413 , 0.691232 , 0.682807 , -2.79855 , 2.11525 , -0.0586235 , 0 , 0.0841806 , -27 , -355 , 20
0 , 40 , 9.49594 , 39.5965 , -0.00656671 , 0.0071777 , 0.691232 , 0.681713 , -2.79859 , 2.1164 , -0.0586235 , -0.00247365 , 0.0511631 , -57 , -339 , 43
0 , 40 , 9.48131 , 39.606 , -0.00661553 , 0.00713733 , 0.691232 , 0.680658 , -2.79865 , 2.11762 , -0.0390823 , 0 , 0.0509496 , -68 , -403 , 36
0 , 40 , 9.46668 , 39.6156 , -0.00662853 , 0.00710273 , 0.691232 , 0.679602 , -2.79876 , 2.11869 , -0.0390823 , -0.0053898 , 0.047368 , -113 , -371 , 18
0 , 40 , 9.45162 , 39.6252 , -0.00661845 , 0.0071082 , 0.691232 , 0.678586 , -2.79882 , 2.11975 , -0.0781646 , -0.00382975 , 0.0445127 , -35 , -339 , 72
0 , 40 , 9.4367 , 39.6348 , -0.00663407 , 0.00710128 , 0.691232 , 0.677433 , -2.7989 , 2.12104 , -0.0586235 , -0.00244861 , 0.0590242 , -115 , -323 , 39
0 , 40 , 9.42204 , 39.6444 , -0.00663553 , 0.00707535 , 0.691232 , 0.676398 , -2.79894 , 2.12205 , -0.0586235 , 0 , 0.062941 , -61 , -339 , -35
0 , 40 , 9.40735 , 39.6539 , -0.00665318 , 0.00705617 , 0.691232 , 0.675303 , -2.79906 , 2.12322 , -0.0586235 , -0.00523594 , 0.0549834 , -69 , -306 , 51
0 , 40 , 9.39257 , 39.6635 , -0.00666198 , 0.00704762 , 0.691232 , 0.674248 , -2.79908 , 2.12438 , -0.0586235 , 0 , 0.0541401 , 23 , -307 , 34
0 , 40 , 9.37769 , 39.6731 , -0.00665337 , 0.00704713 , 0.691232 , 0.673212 , -2.79911 , 2.12541 , -0.0390823 , 0 , 0.0810605 , -76 , -339 , 2
0 , 40 , 9.36273 , 39.6827 , -0.00665128 , 0.00705438 , 0.691232 , 0.672255 , -2.79917 , 2.12661 , -0.0390823 , 0 , 0.0279521 , -75 , -307 , 100
0 , 40 , 9.34775 , 39.6923 , -0.00663931 , 0.00706126 , 0.691232 , 0.6712 , -2.79923 , 2.12776 , -0.0586235 , 0 , 0.115354 , -65 , -308 , -17
0 , 40 , 9.33287 , 39.7018 , -0.00663646 , 0.0070588 , 0.691232 , 0.670066 , -2.79927 , 2.12885 , -0.0586235 , 0 , 0.0195722 , -23 , -293 , 93
0 , 40 , 9.31822 , 39.7114 , -0.00665665 , 0.0070396 , 0.691232 , 0.668972 , -2.79933 , 2.13008 , -0.0195412 , 0 , 0.0654421 , -55 , -308 , 0
0 , 40 , 9.30392 , 39.721 , -0.00665981 , 0.00699577 , 0.691232 , 0.667956 , -2.79941 , 2.13102 , -0.0390823 , -0.00352084 , 0.0241784 , -39 , -340 , 63
0 , 40 , 9.28959 , 39.7306 , -0.0066074 , 0.00696095 , 0.691232 , 0.66694 , -2.79949 , 2.13229 , -0.0390823 , -0.00374746 , 0.0430922 , -31 , -340 , 32
0 , 40 , 9.27537 , 39.7402 , -0.00654967 , 0.00692401 , 0.691232 , 0.665865 , -2.79956 , 2.13329 , -0.0390823 , -0.00400508 , 0.0596122 , 3 , -355 , 30
0 , 40 , 9.26103 , 39.7497 , -0.00653556 , 0.00690239 , 0.691232 , 0.66479 , -2.7996 , 2.13448 , -0.0390823 , -0.00373672 , 0.0470412 , 0 , -342 , 46
0 , 40 , 9.2464 , 39.7593 , -0.00659995 , 0.00690726 , 0.691232 , 0.663794 , -2.79968 , 2.13554 , -0.0195412 , -0.00237228 , 0.056739 , 21 , -330 , 28
0 , 40 , 9.23167 , 39.7689 , -0.00668233 , 0.00691856 , 0.691232 , 0.662777 , -2.79978 , 2.13665 , -0.0390823 , -0.00657773 , 0.0694424 , -23 , -330 , 9
0 , 40 , 9.21656 , 39.7775 , -0.00672072 , 0.00695827 , 0.691305 , 0.661722 , -2.79982 , 2.13776 , -0.0390823 , 0 , 0.0344153 , -44 , -296 , 63
0 , 40 , 9.20159 , 39.7861 , -0.00673218 , 0.00698089 , 0.691369 , 0.660647 , -2.79984 , 2.13888 , -0.0586235 , 0 , 0.0732793 , 45 , -340 , 12
0 , 40 , 9.18656 , 39.7955 , -0.00665937 , 0.00700381 , 0.691369 , 0.659495 , -2.79986 , 2.13995 , -0.0586235 , 0 , 0.0429598 , 2 , -310 , 32
0 , 40 , 9.17131 , 39.8049 , -0.006573 , 0.00704025 , 0.691369 , 0.658498 , -2.79992 , 2.14101 , -0.0586235 , -0.00244145 , 0.0524632 , 18 , -345 , -29
0 , 40 , 9.15682 , 39.8143 , -0.00655764 , 0.00701129 , 0.691369 , 0.657325 , -2.79992 , 2.1422 , -0.0781646 , 0 , 0.0453106 , 2 , -359 , 33
0 , 40 , 9.14266 , 39.8237 , -0.00654603 , 0.00696114 , 0.691369 , 0.65627 , -2.79995 , 2.1432 , -0.0195412 , 0 , 0.0658977 , 34 , -296 , -3
0 , 40 , 9.12868 , 39.8331 , -0.00658265 , 0.00690475 , 0.691369 , 0.655332 , -2.79999 , 2.14443 , -0.0390823 , -0.00410526 , 0.052852 , -45 , -359 , -20
0 , 40 , 9.11536 , 39.8425 , -0.00664786 , 0.00680638 , 0.691369 , 0.654297 , -2.80007 , 2.14531 , -0.0390823 , -0.00249632 , 0.0202448 , -16 , -363 , -3
0 , 40 , 9.10201 , 39.8519 , -0.00664276 , 0.00672645 , 0.691369 , 0.653359 , -2.80015 , 2.14656 , -0.0390823 , -0.00552457 , 0.0608753 , -22 , -394 , -3
0 , 40 , 9.0878 , 39.8613 , -0.00665071 , 0.00672717 , 0.691369 , 0.65244 , -2.80031 , 2.14755 , -0.0390823 , -0.00588119 , 0.0509234 , 5 , -363 , 16
0 , 40 , 9.0727 , 39.8706 , -0.00668016 , 0.00679768 , 0.691369 , 0.651385 , -2.80035 , 2.14859 , -0.0195412 , 0 , 0.0507207 , -46 , -332 , 54
0 , 40 , 9.05734 , 39.88 , -0.00666937 , 0.00687682 , 0.691369 , 0.650369 , -2.80044 , 2.14974 , -0.0390823 , 0 , 0.0433724 , -15 , -313 , 29
0 , 40 , 9.04236 , 39.8883 , -0.00665488 , 0.00691358 , 0.691456 , 0.649255 , -2.80046 , 2.1509 , -0.0586235 , 0 , 0.0506324 , -29 , -332 , 48
0 , 40 , 9.02804 , 39.8975 , -0.00656924 , 0.00689203 , 0.691456 , 0.64818 , -2.80046 , 2.15197 , -0.0390823 , 0 , 0.0575751 , -36 , -372 , 0
0 , 40 , 9.01415 , 39.9068 , -0.00645393 , 0.00684045 , 0.691456 , 0.647086 , -2.80048 , 2.15312 , -0.0586235 , 0 , 0.0544514 , -18 , -354 , 32
0 , 40 , 9.00053 , 39.9169 , -0.00644749 , 0.00677606 , 0.691393 , 0.646128 , -2.80058 , 2.15414 , -0.0586235 , -0.00543512 , 0.0523702 , -22 , -349 , 13
0 , 40 , 8.98675 , 39.9263 , -0.00653373 , 0.0067349 , 0.691393 , 0.645112 , -2.80076 , 2.15525 , -0.0586235 , -0.00584899 , 0.0486167 , -34 , -305 , 46
0 , 40 , 8.97234 , 39.9356 , -0.00665931 , 0.0067498 , 0.691393 , 0.644116 , -2.80083 , 2.15631 , -0.0390823 , -0.00250466 , 0.040739 , -31 , -355 , 51
0 , 40 , 8.95767 , 39.9439 , -0.00675165 , 0.00678364 , 0.691471 , 0.643119 , -2.80095 , 2.15744 , -0.0390823 , 0 , 0.0656771 , -15 , -336 , 8
0 , 40 , 8.94304 , 39.9519 , -0.00674313 , 0.00680786 , 0.69157 , 0.642122 , -2.80095 , 2.1585 , -0.0390823 , 0 , 0.0482887 , -49 , -293 , 64
0 , 40 , 8.92875 , 39.961 , -0.00665558 , 0.00680121 , 0.69157 , 0.640989 , -2.80095 , 2.15957 , -0.0390823 , 0 , 0.0483126 , -58 , -305 , 73
0 , 40 , 8.91519 , 39.9701 , -0.00649142 , 0.00673864 , 0.69157 , 0.640032 , -2.80095 , 2.16053 , -0.0586235 , 0 , 0.0405243 , -2 , -372 , 97
0 , 40 , 8.90207 , 39.9804 , -0.00633193 , 0.00665224 , 0.691479 , 0.638996 , -2.80099 , 2.16162 , -0.0586235 , 0 , 0.0523976 , -20 , -366 , 48
0 , 40 , 8.8893 , 39.9911 , -0.00635747 , 0.00655227 , 0.691372 , 0.638136 , -2.80122 , 2.16278 , -0.0586235 , 0 , 0.0477079 , -83 , -312 , 61
0 , 40 , 8.87646 , 40.0005 , -0.00653076 , 0.00647468 , 0.691372 , 0.637159 , -2.80132 , 2.16371 , -0.0390823 , 0 , 0.0539111 , -20 , -330 , -42
0 , 40 , 8.86232 , 40.0099 , -0.00669586 , 0.00651184 , 0.691372 , 0.636221 , -2.80154 , 2.16493 , -0.0586235 , 0 , 0.0517499 , -96 , -349 , 50
0 , 40 , 8.84695 , 40.018 , -0.00678716 , 0.00663911 , 0.691466 , 0.635205 , -2.80156 , 2.16604 , -0.0586235 , 0 , 0.0635553 , -98 , -337 , 4
0 , 40 , 8.83155 , 40.0259 , -0.00677257 , 0.0067481 , 0.69157 , 0.63413 , -2.80158 , 2.16708 , -0.0390823 , 0 , 0.0652668 , -58 , -349 , 2
0 , 40 , 8.81687 , 40.035 , -0.0066241 , 0.0067823 , 0.69157 , 0.633133 , -2.80158 , 2.16813 , -0.0586235 , 0 , 0.0173084 , 7 , -272 , 75
0 , 40 , 8.80283 , 40.0441 , -0.00644706 , 0.00676063 , 0.69157 , 0.631981 , -2.80158 , 2.16928 , -0.0390823 , 0 , 0.0860841 , -54 , -337 , 8
0 , 40 , 8.78918 , 40.0542 , -0.0063621 , 0.00671114 , 0.691492 , 0.630984 , -2.80158 , 2.17018 , -0.0586235 , 0 , 0.0302516 , -19 , -337 , 59
0 , 40 , 8.77562 , 40.0634 , -0.00641389 , 0.00666354 , 0.691492 , 0.630026 , -2.80164 , 2.17145 , -0.0390823 , 0 , 0.0415059 , -44 , -364 , 32
0 , 40 , 8.76131 , 40.0727 , -0.00654936 , 0.00668314 , 0.691492 , 0.629049 , -2.80173 , 2.17237 , -0.0586235 , 0 , 0.0842283 , -8 , -356 , 1
0 , 40 , 8.7463 , 40.0804 , -0.00667766 , 0.00675406 , 0.6916 , 0.628053 , -2.80177 , 2.17356 , -0.0586235 , 0 , 0.0478629 , -2 , -290 , 48
0 , 40 , 8.73142 , 40.0879 , -0.00671292 , 0.00680296 , 0.691723 , 0.626939 , -2.80177 , 2.17462 , -0.0586235 , 0 , 0.0452271 , -11 , -290 , 35
0 , 40 , 8.71756 , 40.0957 , -0.00662027 , 0.00676386 , 0.691805 , 0.625845 , -2.80177 , 2.17556 , -0.0390823 , 0 , 0.0563573 , -8 , -300 , 7
0 , 40 , 8.70474 , 40.1045 , -0.00644383 , 0.00664875 , 0.691805 , 0.624828 , -2.80177 , 2.17661 , -0.0586235 , 0 , 0.0472988 , -60 , -337 , 15
0 , 40 , 8.69222 , 40.1133 , -0.00629727 , 0.00652993 , 0.691805 , 0.623891 , -2.80177 , 2.17755 , -0.0195412 , 0 , 0.076273 , -30 , -346 , -3
0 , 40 , 8.6795 , 40.1236 , -0.0062897 , 0.00644641 , 0.691684 , 0.62305 , -2.80179 , 2.17857 , -0.0586235 , 0 , 0.0344678 , 23 , -327 , 14
0 , 40 , 8.66599 , 40.1326 , -0.00644872 , 0.00643911 , 0.691684 , 0.622112 , -2.80207 , 2.17958 , -0.0390823 , -0.00635469 , 0.0571815 , 33 , -335 , 17
0 , 40 , 8.65123 , 40.1406 , -0.00668123 , 0.00653047 , 0.691752 , 0.621194 , -2.8021 , 2.18066 , -0.0390823 , 0 , 0.069706 , 47 , -346 , -21
0 , 40 , 8.63591 , 40.1474 , -0.00683801 , 0.00665148 , 0.691908 , 0.620139 , -2.8021 , 2.18161 , -0.0586235 , 0 , 0.0303052 , -89 , -280 , 6
0 , 40 , 8.62083 , 40.1543 , -0.00676766 , 0.00673284 , 0.69204 , 0.619005 , -2.8021 , 2.18275 , -0.0586235 , 0 , 0.0329411 , 65 , -261 , 23
0 , 40 , 8.606 , 40.1628 , -0.00652687 , 0.0067814 , 0.69204 , 0.618009 , -2.8021 , 2.18347 , -0.0781646 , 0 , 0.0200433 , 34 , -281 , 15
0 , 40 , 8.59195 , 40.1724 , -0.00630997 , 0.00676052 , 0.691953 , 0.616953 , -2.8021 , 2.18468 , -0.0390823 , 0 , 0.0316268 , -30 , -346 , 77
0 , 40 , 8.57838 , 40.1826 , -0.00623031 , 0.0067055 , 0.691828 , 0.615898 , -2.8021 , 2.18574 , -0.0390823 , 0 , 0.0684692 , 33 , -309 , -4
0 , 40 , 8.56458 , 40.1914 , -0.00634028 , 0.00667787 , 0.691828 , 0.614843 , -2.8021 , 2.18683 , -0.0195412 , 0 , 0.0325857 , -44 , -318 , 50
0 , 40 , 8.55043 , 40.2001 , -0.00653432 , 0.00668213 , 0.691828 , 0.614003 , -2.8021 , 2.18793 , -0.0781646 , 0 , 0.0669676 , 29 , -309 , -32
0 , 40 , 8.53573 , 40.2076 , -0.00669948 , 0.00672865 , 0.691929 , 0.612947 , -2.8021 , 2.18896 , -0.0586235 , 0 , 0.0531394 , 2 , -280 , -10
0 , 40 , 8.52126 , 40.2147 , -0.00673434 , 0.00674981 , 0.692039 , 0.611873 , -2.8021 , 2.18998 , -0.0390823 , 0 , 0.0589765 , -11 , -298 , -7
0 , 40 , 8.5077 , 40.2223 , -0.00662288 , 0.00669523 , 0.692102 , 0.610778 , -2.8021 , 2.19097 , -0.0390823 , 0 , 0.0442038 , -47 , -252 , 86
0 , 40 , 8.49447 , 40.2307 , -0.00645738 , 0.00662447 , 0.692102 , 0.609762 , -2.8021 , 2.19189 , 0 , 0 , 0.0534293 , -34 , -327 , -1
0 , 40 , 8.48139 , 40.2391 , -0.00636126 , 0.00655328 , 0.692102 , 0.608922 , -2.8021 , 2.19291 , -0.0390823 , 0 , 0.0266127 , -42 , -317 , 83
0 , 40 , 8.46884 , 40.2474 , -0.0063989 , 0.00645259 , 0.692102 , 0.607906 , -2.8021 , 2.19392 , -0.0390823 , 0 , 0.0636376 , -45 , -317 , 20
0 , 40 , 8.45634 , 40.2558 , -0.00649083 , 0.00636455 , 0.692102 , 0.607007 , -2.80212 , 2.19486 , -0.0390823 , 0 , 0.0264779 , -54 , -346 , 50
0 , 40 , 8.44295 , 40.2642 , -0.00655963 , 0.00636149 , 0.692102 , 0.606108 , -2.80214 , 2.19592 , -0.0390823 , -0.00401581 , 0.0569597 , -17 , -346 , 22
0 , 40 , 8.42872 , 40.2726 , -0.00661175 , 0.00642393 , 0.692102 , 0.605209 , -2.80218 , 2.19676 , -0.0390823 , 0 , 0.0344797 , -49 , -363 , -1
0 , 40 , 8.41451 , 40.2809 , -0.00660096 , 0.00647552 , 0.692102 , 0.604134 , -2.80222 , 2.19785 , -0.0586235 , -0.00230071 , 0.0474598 , -16 , -317 , 77
0 , 40 , 8.40032 , 40.2893 , -0.00653715 , 0.00651659 , 0.692102 , 0.603138 , -2.80224 , 2.19885 , -0.0390823 , 0 , 0.0631712 , -68 , -335 , -16
0 , 40 , 8.38617 , 40.2977 , -0.00647126 , 0.00654703 , 0.692102 , 0.602102 , -2.80226 , 2.1999 , -0.0586235 , 0 , 0.034692 , -57 , -345 , 89
0 , 40 , 8.3721 , 40.306 , -0.00643449 , 0.00656708 , 0.692102 , 0.601066 , -2.8023 , 2.20088 , -0.0390823 , -0.00295193 , 0.0831298 , -29 , -335 , -9
0 , 40 , 8.35797 , 40.3144 , -0.0064655 , 0.00658798 , 0.692102 , 0.600089 , -2.8023 , 2.20196 , -0.0586235 , 0 , 0.0224847 , -38 , -335 , 76
0 , 40 , 8.34402 , 40.3228 , -0.00654458 , 0.00659127 , 0.692102 , 0.599054 , -2.80234 , 2.20287 , -0.0390823 , 0 , 0.0543405 , -80 , -280 , 20
0 , 40 , 8.33026 , 40.3312 , -0.00663711 , 0.0065793 , 0.692102 , 0.598155 , -2.80238 , 2.20405 , -0.0195412 , -0.00281834 , 0.0766511 , -115 , -317 , -43
0 , 40 , 8.31617 , 40.3386 , -0.00669328 , 0.00659495 , 0.692174 , 0.597119 , -2.80242 , 2.20506 , -0.0586235 , 0 , 0.0361244 , -35 , -327 , 50
