20 , 50 , 20 , 49.999 , -0.0131565 , -0.0575689 , -0.349867 , 0 , 0 , 0 , 0 , 0 , 0 , -18 , -20 , 10
20 , 50 , 20 , 49.999 , -0.0131306 , -0.0575535 , -0.349867 , 0.000566694 , -0.00050807 , 0.000371282 , 0.0781646 , -0.0330007 , 0.0515591 , -7 , -83 , 2
20 , 50 , 20 , 49.999 , -0.0132579 , -0.0575789 , -0.349803 , 0.00246219 , -0.00238402 , 0.00185641 , 0.136788 , -0.115627 , 0.109946 , 21 , -122 , 17
20 , 50 , 20 , 49.999 , -0.0141041 , -0.0575028 , -0.349206 , 0.00560831 , -0.00547152 , 0.0047485 , 0.136788 , -0.185399 , 0.175519 , 124 , -54 , 38
20 , 50 , 20 , 49.999 , -0.0154309 , -0.0572466 , -0.348059 , 0.00988783 , -0.00980966 , 0.00891077 , 0.312658 , -0.235246 , 0.23153 , -15 , -86 , -1
20 , 50 , 20 , 49.999 , -0.0165285 , -0.0570907 , -0.34641 , 0.0154766 , -0.015203 , 0.0141478 , 0.3322 , -0.317398 , 0.32953 , 31 , -24 , -60
20 , 50 , 20 , 49.999 , -0.0172152 , -0.057103 , -0.344361 , 0.0221401 , -0.0220033 , 0.0205964 , 0.351741 , -0.342827 , 0.354005 , 15 , -107 , -31
20 , 50 , 20 , 49.999 , -0.0175807 , -0.0569774 , -0.341957 , 0.030152 , -0.0297416 , 0.0281588 , 0.429905 , -0.418141 , 0.38241 , 14 , -101 , 32
20 , 50 , 20 , 49.999 , -0.0179238 , -0.0566761 , -0.339189 , 0.0391019 , -0.0388283 , 0.0368742 , 0.449447 , -0.522955 , 0.47087 , 26 , -8 , 61
20 , 50 , 20 , 49.999 , -0.0185439 , -0.0565487 , -0.335998 , 0.0492828 , -0.0491851 , 0.0468988 , 0.50807 , -0.537825 , 0.554356 , 113 , -81 , 17
20 , 50 , 20 , 49.999 , -0.0196366 , -0.0567608 , -0.332218 , 0.060988 , -0.0608316 , 0.0582522 , 0.586235 , -0.610341 , 0.622326 , 59 , -57 , -21
20 , 50 , 20 , 49.999 , -0.0208556 , -0.0567856 , -0.328067 , 0.0737483 , -0.0732403 , 0.0706608 , 0.586235 , -0.645631 , 0.632397 , 28 , -131 , 66
20 , 50 , 20 , 49.999 , -0.0215808 , -0.0565825 , -0.323561 , 0.0875835 , -0.087857 , 0.084027 , 0.723023 , -0.708438 , 0.708009 , 87 , -110 , 64
20 , 50 , 20 , 49.999 , -0.0217957 , -0.0565471 , -0.318638 , 0.10265 , -0.103255 , 0.0991714 , 0.781646 , -0.791135 , 0.760846 , 31 , -30 , -3
20 , 50 , 20 , 49.999 , -0.0219132 , -0.0565544 , -0.313312 , 0.119045 , -0.119221 , 0.114941 , 0.879352 , -0.881551 , 0.855813 , -39 , -49 , -16
20 , 50 , 20 , 49.999 , -0.0227573 , -0.0564223 , -0.30745 , 0.136495 , -0.137081 , 0.132294 , 0.957517 , -0.90468 , 0.899819 , 21 , -46 , -97
20 , 50 , 20 , 49.999 , -0.0241231 , -0.0561683 , -0.301218 , 0.155313 , -0.155489 , 0.150721 , 0.957517 , -0.97139 , 0.91456 , -34 , -131 , 98
20 , 50 , 20 , 49.999 , -0.0252369 , -0.0560279 , -0.294723 , 0.174952 , -0.175616 , 0.170262 , 1.05522 , -1.03301 , 1.0385 , -1 , -95 , 34
20 , 50 , 20 , 49.999 , -0.0260159 , -0.0561341 , -0.287804 , 0.19635 , -0.196564 , 0.191152 , 1.0943 , -1.06491 , 0.997844 , 55 , -39 , 81
20 , 50 , 20 , 49.999 , -0.0266128 , -0.0564907 , -0.280546 , 0.219682 , -0.219135 , 0.21423 , 1.19201 , -1.1713 , 1.18731 , 15 , -16 , -91
20 , 50 , 20 , 49.999 , -0.0273978 , -0.0569951 , -0.272799 , 0.243326 , -0.242506 , 0.237425 , 1.13339 , -1.18911 , 1.17422 , -14 , -52 , 51
20 , 50 , 20 , 49.999 , -0.0284488 , -0.0573918 , -0.264829 , 0.268066 , -0.267479 , 0.262125 , 1.25063 , -1.22579 , 1.31222 , -83 , -113 , -10
20 , 50 , 20 , 49.999 , -0.0293407 , -0.0576486 , -0.256266 , 0.29386 , -0.293215 , 0.287548 , 1.28972 , -1.33387 , 1.33159 , 82 , -79 , -11
20 , 50 , 20 , 49.999 , -0.0299415 , -0.0578346 , -0.24737 , 0.321237 , -0.320182 , 0.314495 , 1.40696 , -1.37131 , 1.34612 , 35 , -166 , -32
20 , 50 , 20 , 49.999 , -0.0304193 , -0.0580652 , -0.238187 , 0.349611 , -0.348771 , 0.342791 , 1.46559 , -1.39496 , 1.41261 , -87 , -134 , 45
20 , 50 , 20 , 49.999 , -0.0306733 , -0.0581679 , -0.228796 , 0.37902 , -0.378297 , 0.37181 , 1.52421 , -1.51873 , 1.47018 , 29 , -33 , -4
20 , 50 , 20 , 49.999 , -0.0311286 , -0.0581135 , -0.218701 , 0.409876 , -0.40884 , 0.402235 , 1.56329 , -1.58014 , 1.58549 , 38 , -54 , 56
20 , 50 , 20 , 49.999 , -0.0321069 , -0.0580875 , -0.208306 , 0.441923 , -0.440712 , 0.43395 , 1.62192 , -1.60943 , 1.58014 , 68 , -132 , -3
20 , 50 , 20 , 49.999 , -0.0329006 , -0.0578099 , -0.197868 , 0.474928 , -0.474068 , 0.466936 , 1.661 , -1.59954 , 1.62279 , -35 , -115 , 33
20 , 50 , 20 , 49.999 , -0.0329375 , -0.0577295 , -0.187074 , 0.509008 , -0.50848 , 0.501094 , 1.77825 , -1.70292 , 1.79003 , -80 , -129 , -20
20 , 50 , 20 , 49.999 , -0.0327144 , -0.057985 , -0.175536 , 0.544299 , -0.543987 , 0.536288 , 1.87595 , -1.82627 , 1.8206 , 8 , -29 , -8
20 , 50 , 20 , 49.999 , -0.0330373 , -0.058046 , -0.163513 , 0.580861 , -0.582541 , 0.572732 , 1.85641 , -1.90027 , 1.8206 , -70 , -38 , -58
20 , 50 , 20 , 49.999 , -0.0340346 , -0.0584012 , -0.151573 , 0.618712 , -0.620529 , 0.610329 , 1.89549 , -1.95248 , 1.86847 , 25 , -79 , 14
20 , 50 , 20 , 49.999 , -0.0352153 , -0.0588761 , -0.13915 , 0.657599 , -0.659651 , 0.649216 , 2.01274 , -2.04441 , 1.98555 , -3 , -79 , -67
20 , 50 , 20 , 49.999 , -0.0365451 , -0.0590347 , -0.126364 , 0.697756 , -0.699984 , 0.689217 , 2.05182 , -2.04798 , 2.0215 , -19 , -86 , -36
20 , 50 , 20 , 49.999 , -0.0376882 , -0.0587973 , -0.113526 , 0.738949 , -0.741626 , 0.730527 , 2.03228 , -2.16322 , 2.07884 , 40 , -26 , -3
20 , 50 , 20 , 49.999 , -0.0381637 , -0.0581031 , -0.100412 , 0.779262 , -0.784382 , 0.773009 , 1.97366 , -2.21012 , 2.17526 , 28 , -62 , -40
20 , 50 , 20 , 49.999 , -0.0381269 , -0.057361 , -0.0875038 , 0.818423 , -0.828506 , 0.816762 , 1.89549 , -2.21012 , 2.25258 , -36 , -85 , -118
20 , 50 , 20 , 49.999 , -0.0373455 , -0.0564331 , -0.075454 , 0.856293 , -0.873724 , 0.861667 , 1.81733 , -2.25149 , 2.20596 , 46 , -149 , 64
20 , 50 , 20 , 49.999 , -0.0355018 , -0.0545724 , -0.0634937 , 0.89305 , -0.920017 , 0.907804 , 1.79779 , -2.32862 , 2.29334 , 13 , -184 , 99
20 , 50 , 20 , 49.999 , -0.0333355 , -0.0513879 , -0.0521407 , 0.928713 , -0.967405 , 0.957243 , 1.70008 , -2.33559 , 2.36383 , 47 , -102 , 82
20 , 50 , 20 , 49.999 , -0.031739 , -0.047368 , -0.0411977 , 0.964649 , -1.01612 , 1.00584 , 1.73916 , -2.52415 , 2.49461 , -23 , -110 , -65
20 , 50 , 20 , 49.999 , -0.0301652 , -0.0424665 , -0.0309722 , 0.997811 , -1.0663 , 1.05565 , 1.62192 , -2.5544 , 2.52415 , -36 , -59 , 28
20 , 50 , 20 , 49.999 , -0.0288147 , -0.0363703 , -0.020203 , 1.02964 , -1.11756 , 1.10667 , 1.62192 , -2.57542 , 2.51602 , -75 , -164 , 1
20 , 50 , 20 , 49.999 , -0.0283621 , -0.0293904 , -0.00940745 , 1.06015 , -1.16981 , 1.15858 , 1.54375 , -2.69532 , 2.63327 , -47 , -46 , 67
20 , 50 , 20 , 49.999 , -0.028089 , -0.0218201 , 0.0016429 , 1.08961 , -1.22335 , 1.21183 , 1.40696 , -2.78992 , 2.64515 , 7 , -60 , -69
20 , 50 , 20 , 49.999 , -0.0280654 , -0.0142001 , 0.0135417 , 1.11777 , -1.2783 , 1.26451 , 1.40696 , -2.75712 , 2.50928 , -8 , -183 , 45
20 , 50 , 20 , 49.999 , -0.0282691 , -0.007313 , 0.0260051 , 1.14466 , -1.33406 , 1.31557 , 1.34834 , -2.82522 , 2.47356 , -13 , -154 , 66
20 , 50 , 20 , 49.999 , -0.0282992 , -0.00163883 , 0.0389666 , 1.17032 , -1.39133 , 1.36552 , 1.23109 , -2.91476 , 2.49993 , 81 , -150 , -54
20 , 50 , 20 , 49.999 , -0.0281158 , 0.00334882 , 0.052339 , 1.195 , -1.44972 , 1.41451 , 1.19201 , -2.99863 , 2.50258 , -18 , -145 , -149
20 , 50 , 20 , 49.999 , -0.0275764 , 0.00793721 , 0.0662957 , 1.21818 , -1.50938 , 1.46234 , 1.23109 , -3.08138 , 2.38791 , -12 , -66 , -32
20 , 50 , 20 , 49.999 , -0.026556 , 0.0126468 , 0.0803131 , 1.24041 , -1.57218 , 1.50879 , 1.07476 , -3.06327 , 2.258 , -35 , -131 , 61
20 , 50 , 20 , 49.999 , -0.0250633 , 0.0177033 , 0.0946557 , 1.26132 , -1.63237 , 1.55401 , 0.977058 , -3.0513 , 2.16023 , -17 , -121 , 33
20 , 50 , 20 , 49.999 , -0.0232268 , 0.0229459 , 0.108664 , 1.2811 , -1.69221 , 1.59796 , 0.957517 , -3.07733 , 2.13563 , 12 , -143 , 52
20 , 50 , 20 , 49.999 , -0.020623 , 0.0287279 , 0.122079 , 1.29957 , -1.75228 , 1.64085 , 0.859811 , -3.07935 , 2.13563 , 25 , -184 , 0
20 , 50 , 20 , 49.999 , -0.0174005 , 0.0347622 , 0.135022 , 1.31694 , -1.81217 , 1.68257 , 0.820728 , -3.14124 , 2.08067 , -81 , -131 , 33
20 , 50 , 20 , 49.999 , -0.0144777 , 0.0413463 , 0.147899 , 1.33286 , -1.87226 , 1.72302 , 0.801187 , -3.02768 , 2.00678 , 38 , -157 , 49
20 , 50 , 20 , 49.999 , -0.0124434 , 0.0482566 , 0.161103 , 1.34797 , -1.93221 , 1.7623 , 0.703482 , -3.13284 , 1.96887 , 28 , -155 , 22
20 , 50 , 20 , 49.999 , -0.0103981 , 0.0553013 , 0.174147 , 1.36175 , -1.99236 , 1.80044 , 0.644858 , -3.06928 , 1.86254 , -32 , -136 , 11
20 , 50 , 20 , 49.999 , -0.00846435 , 0.0621361 , 0.187601 , 1.37415 , -2.05196 , 1.83728 , 0.605776 , -3.10792 , 1.79275 , 37 , -228 , 18
20 , 50 , 20 , 49.999 , -0.00677984 , 0.0684827 , 0.201373 , 1.38557 , -2.11215 , 1.87308 , 0.566693 , -2.98337 , 1.70292 , -3 , -225 , 28
20 , 50 , 20 , 49.999 , -0.00459516 , 0.0742421 , 0.215129 , 1.39565 , -2.17225 , 1.90765 , 0.468988 , -2.9948 , 1.6931 , -19 , -211 , 11
20 , 50 , 20 , 49.999 , -0.00195922 , 0.0796014 , 0.229059 , 1.40454 , -2.23236 , 1.94091 , 0.410364 , -2.96451 , 1.70602 , -12 , -272 , -57
20 , 50 , 20 , 49.999 , 0.000972313 , 0.08485 , 0.243269 , 1.41232 , -2.29226 , 1.97289 , 0.351741 , -3.02768 , 1.54575 , 36 , -228 , -109
20 , 50 , 20 , 49.999 , 0.00383585 , 0.0897039 , 0.257235 , 1.41894 , -2.35219 , 2.00373 , 0.254035 , -2.99672 , 1.47665 , 119 , -178 , 32
20 , 50 , 20 , 49.999 , 0.00699424 , 0.0941518 , 0.270597 , 1.42445 , -2.41062 , 2.03488 , 0.195412 , -2.96451 , 1.4329 , 64 , -215 , 56
20 , 50 , 20 , 49.999 , 0.0106359 , 0.0988982 , 0.283654 , 1.42863 , -2.46824 , 2.0636 , 0.17587 , -2.85272 , 1.35155 , 5 , -202 , 99
20 , 50 , 20 , 49.999 , 0.0143574 , 0.103932 , 0.296392 , 1.43147 , -2.52482 , 2.09053 , 0.0977058 , -2.71404 , 1.34111 , -18 , -342 , -20
20 , 50 , 20 , 49.999 , 0.0181246 , 0.109673 , 0.308851 , 1.43317 , -2.57982 , 2.11654 , 0.0390823 , -2.7378 , 1.28559 , 61 , -266 , -40
20 , 50 , 20 , 49.999 , 0.0216498 , 0.115517 , 0.321047 , 1.43377 , -2.63411 , 2.14157 , 0 , -2.6392 , 1.19335 , -3 , -271 , -6
20 , 50 , 20 , 49.999 , 0.0247521 , 0.120993 , 0.332741 , 1.43372 , -2.68656 , 2.16504 , -0.0195412 , -2.58109 , 1.11345 , 29 , -315 , -6
20 , 50 , 20 , 49.999 , 0.0274355 , 0.126771 , 0.344199 , 1.43372 , -2.73807 , 2.18757 , 0 , -2.5698 , 1.129 , -52 , -264 , -48
20 , 50 , 20 , 49.999 , 0.0301133 , 0.131848 , 0.35561 , 1.43366 , -2.7887 , 2.20868 , 0 , -2.51197 , 1.06491 , -3 , -311 , -8
20 , 50 , 20 , 49.999 , 0.0329628 , 0.136334 , 0.366964 , 1.43366 , -2.83786 , 2.22881 , 0 , -2.41247 , 0.970579 , -20 , -340 , 11
20 , 50 , 20 , 49.999 , 0.0357367 , 0.140597 , 0.378071 , 1.43366 , -2.8856 , 2.24758 , 0 , -2.3508 , 0.932002 , -20 , -361 , 48
20 , 50 , 20 , 49.999 , 0.0389002 , 0.144679 , 0.389061 , 1.43366 , -2.93229 , 2.26539 , 0 , -2.3046 , 0.827427 , -56 , -334 , -20
20 , 50 , 20 , 49.999 , 0.042055 , 0.148414 , 0.399806 , 1.43368 , -2.98009 , 2.2817 , 0.0195412 , -2.26563 , 0.789003 , -69 , -335 , 49
20 , 50 , 20 , 49.999 , 0.0447982 , 0.151587 , 0.410144 , 1.43368 , -3.0244 , 2.29726 , 0 , -2.19872 , 0.725313 , -34 , -315 , -8
20 , 50 , 20 , 49.999 , 0.047461 , 0.154542 , 0.42015 , 1.43368 , -3.06773 , 2.31125 , 0 , -2.18437 , 0.660544 , -3 , -289 , 41
20 , 50 , 20 , 49.999 , 0.0502013 , 0.157968 , 0.430144 , 1.43368 , -3.10765 , 2.32395 , 0 , -2.05066 , 0.627655 , -65 , -276 , 32
20 , 50 , 20 , 49.999 , 0.0534035 , 0.161508 , 0.439481 , 1.43366 , -3.15043 , 2.33581 , 0 , -2.00421 , 0.604989 , -20 , -273 , 0
20 , 50 , 20 , 49.999 , 0.0567874 , 0.164952 , 0.448314 , 1.43368 , -3.1899 , 2.34627 , 0 , -1.92681 , 0.492837 , -47 , -311 , -2
20 , 50 , 20 , 49.999 , 0.0596964 , 0.168715 , 0.456868 , 1.43368 , -3.22626 , 2.35551 , 0 , -1.88045 , 0.457638 , -20 , -353 , 16
20 , 50 , 20 , 49.999 , 0.061925 , 0.172459 , 0.465057 , 1.4337 , -3.26492 , 2.36348 , 0 , -1.79208 , 0.384163 , -69 , -367 , 67
20 , 50 , 20 , 49.999 , 0.063754 , 0.176153 , 0.473091 , 1.43368 , -3.30099 , 2.37052 , 0 , -1.77983 , 0.301638 , -113 , -350 , 50
20 , 50 , 20 , 49.999 , 0.0658986 , 0.179513 , 0.481039 , 1.43368 , -3.33552 , 2.37632 , 0 , -1.711 , 0.225215 , -47 , -366 , 13
20 , 50 , 20 , 49.999 , 0.0682539 , 0.182393 , 0.488827 , 1.43368 , -3.36909 , 2.38076 , 0 , -1.65836 , 0.237628 , -3 , -400 , -88
20 , 50 , 20 , 49.999 , 0.0705461 , 0.184885 , 0.496364 , 1.43368 , -3.40126 , 2.38406 , -0.0195412 , -1.6211 , 0.133053 , -60 , -380 , -4
20 , 50 , 20 , 49.999 , 0.0734254 , 0.186959 , 0.50357 , 1.4337 , -3.43272 , 2.38623 , 0 , -1.48366 , 0.0669974 , -7 , -344 , -2
20 , 50 , 20 , 49.999 , 0.0761579 , 0.188806 , 0.510463 , 1.43368 , -3.46265 , 2.38715 , 0 , -1.52169 , 0.0171725 , -47 , -334 , -2
20 , 50 , 20 , 49.999 , 0.0779107 , 0.190535 , 0.517164 , 1.43368 , -3.49144 , 2.38723 , 0 , -1.41345 , 0 , -47 , -315 , -2
20 , 50 , 20 , 49.999 , 0.0798478 , 0.192304 , 0.523306 , 1.43368 , -3.5187 , 2.38725 , 0 , -1.2909 , 0 , -16 , -363 , 8
20 , 50 , 20 , 49.999 , 0.0819363 , 0.194235 , 0.529074 , 1.43366 , -3.54516 , 2.38725 , 0 , -1.28594 , 0 , 29 , -337 , 8
20 , 50 , 20 , 49.999 , 0.0835047 , 0.196466 , 0.534713 , 1.43368 , -3.57023 , 2.38725 , 0 , -1.2614 , 0 , -52 , -354 , -2
20 , 50 , 20 , 49.999 , 0.0849646 , 0.198783 , 0.540117 , 1.4337 , -3.59409 , 2.38726 , -0.0195412 , -1.13942 , 0 , 64 , -384 , 8
20 , 50 , 20 , 49.999 , 0.0867649 , 0.201102 , 0.545252 , 1.4337 , -3.61664 , 2.38725 , 0 , -1.11663 , 0 , -69 , -366 , 26
20 , 50 , 20 , 49.999 , 0.0886542 , 0.203228 , 0.550034 , 1.43368 , -3.63804 , 2.38725 , 0 , -1.04126 , 0 , -47 , -426 , -2
20 , 50 , 20 , 49.999 , 0.0903406 , 0.20499 , 0.554516 , 1.4337 , -3.65844 , 2.38725 , 0 , -0.991933 , 0 , -20 , -344 , 54
20 , 50 , 20 , 49.999 , 0.0917853 , 0.206531 , 0.55892 , 1.43368 , -3.67737 , 2.38725 , 0 , -0.883207 , 0 , 118 , -467 , 45
20 , 50 , 20 , 49.999 , 0.0932628 , 0.207799 , 0.563078 , 1.43368 , -3.69551 , 2.38725 , 0 , -0.857378 , 0 , 2 , -386 , 26
20 , 50 , 20 , 49.999 , 0.0946089 , 0.208804 , 0.566915 , 1.43368 , -3.71223 , 2.38723 , -0.0195412 , -0.793545 , 0 , -56 , -424 , 8
20 , 50 , 20 , 49.999 , 0.0955589 , 0.209804 , 0.570661 , 1.43368 , -3.72791 , 2.38723 , 0 , -0.781121 , 0 , 42 , -344 , 45
20 , 50 , 20 , 49.999 , 0.096444 , 0.210743 , 0.574174 , 1.43368 , -3.74233 , 2.38723 , 0 , -0.665792 , 0 , -3 , -343 , 16
20 , 50 , 20 , 49.999 , 0.0975017 , 0.211606 , 0.57732 , 1.43368 , -3.7553 , 2.38725 , 0 , -0.621667 , 0 , 29 , -380 , -11
20 , 50 , 20 , 49.999 , 0.0988667 , 0.212387 , 0.580055 , 1.43368 , -3.7673 , 2.38723 , 0 , -0.603118 , 0 , -3 , -329 , 82
20 , 50 , 20 , 49.999 , 0.100135 , 0.213155 , 0.582346 , 1.43368 , -3.77824 , 2.38723 , 0 , -0.524124 , 0 , -20 , -337 , -11
20 , 50 , 20 , 49.999 , 0.100943 , 0.214129 , 0.584476 , 1.43368 , -3.78772 , 2.38719 , 0 , -0.448359 , 0 , 109 , -345 , -2
20 , 50 , 20 , 49.999 , 0.101694 , 0.215055 , 0.586331 , 1.43368 , -3.79593 , 2.38723 , 0 , -0.38391 , 0 , -52 , -372 , 45
20 , 50 , 20 , 49.999 , 0.10248 , 0.215836 , 0.587964 , 1.43368 , -3.80308 , 2.38723 , 0 , -0.305249 , 0 , 46 , -409 , 26
20 , 50 , 20 , 49.999 , 0.103103 , 0.21642 , 0.589304 , 1.43368 , -3.80902 , 2.38721 , 0 , -0.244467 , 0 , -34 , -430 , -2
20 , 50 , 20 , 49.999 , 0.103397 , 0.216952 , 0.590602 , 1.43368 , -3.81363 , 2.38723 , 0 , -0.264307 , 0 , 15 , -336 , 17
20 , 50 , 20 , 49.999 , 0.103574 , 0.217285 , 0.591693 , 1.43368 , -3.81736 , 2.38723 , 0 , -0.121424 , 0 , -38 , -425 , 8
20 , 50 , 20 , 49.999 , 0.103866 , 0.217374 , 0.592509 , 1.4337 , -3.81979 , 2.38723 , 0 , -0.110401 , 0 , 11 , -372 , -30
20 , 50 , 20 , 49.999 , 0.104253 , 0.217347 , 0.593114 , 1.43368 , -3.82084 , 2.38723 , 0 , -0.0310865 , 0 , -20 , -430 , -11
20 , 50 , 20 , 49.999 , 0.104642 , 0.21716 , 0.593252 , 1.43366 , -3.82108 , 2.38723 , 0 , -0.00494969 , 0 , 29 , -334 , -20
20 , 50 , 20 , 49.999 , 0.104696 , 0.216946 , 0.593117 , 1.43368 , -3.8211 , 2.38721 , 0 , 0 , 0 , -20 , -350 , -20
20 , 50 , 20 , 49.999 , 0.104299 , 0.216815 , 0.592902 , 1.43368 , -3.8211 , 2.38723 , 0 , 0 , 0 , -3 , -286 , 26
20 , 50 , 20 , 49.999 , 0.103558 , 0.216902 , 0.592828 , 1.43368 , -3.8211 , 2.38721 , 0 , 0 , 0 , -20 , -367 , -39
20 , 50 , 20 , 49.999 , 0.102924 , 0.217047 , 0.592828 , 1.43368 , -3.8211 , 2.38721 , 0 , 0 , 0 , 46 , -367 , -20
20 , 50 , 20 , 49.999 , 0.102556 , 0.21712 , 0.592721 , 1.43368 , -3.8211 , 2.38721 , 0 , 0 , 0 , -52 , -302 , 8
20 , 50 , 20 , 49.999 , 0.102229 , 0.217168 , 0.592582 , 1.43368 , -3.8211 , 2.38723 , 0 , 0 , 0 , -82 , -318 , -20
20 , 50 , 20 , 49.999 , 0.101756 , 0.217238 , 0.592485 , 1.43368 , -3.8211 , 2.38721 , 0 , 0 , 0 , -65 , -319 , -30
20 , 50 , 20 , 49.999 , 0.101208 , 0.217282 , 0.592485 , 1.43368 , -3.8211 , 2.38721 , 0 , 0 , 0 , 42 , -319 , -39
20 , 50 , 20 , 49.999 , 0.10074 , 0.217269 , 0.592485 , 1.43368 , -3.8211 , 2.38721 , -0.0195412 , 0 , 0 , -3 , -286 , 8
20 , 50 , 20 , 49.999 , 0.100382 , 0.217192 , 0.592485 , 1.43368 , -3.8211 , 2.38721 , 0 , 0 , 0 , 11 , -286 , -20
20 , 50 , 20 , 49.999 , 0.0999959 , 0.217057 , 0.592485 , 1.43368 , -3.8211 , 2.38723 , 0 , 0 , 0 , -82 , -287 , -20
20 , 50 , 20 , 49.999 , 0.0995423 , 0.216877 , 0.592485 , 1.43368 , -3.8211 , 2.38721 , 0 , 0 , 0 , -3 , -287 , -30
20 , 50 , 20 , 49.999 , 0.09915 , 0.216719 , 0.592485 , 1.43368 , -3.8211 , 2.38723 , 0 , 0 , 0 , -20 , -270 , -49
20 , 50 , 20 , 49.999 , 0.0988533 , 0.216627 , 0.592485 , 1.43368 , -3.8211 , 2.38721 , 0 , 0 , 0 , 73 , -222 , -58
20 , 50 , 20 , 49.999 , 0.0986183 , 0.216666 , 0.592485 , 1.4337 , -3.8211 , 2.38721 , 0 , 0 , 0 , 24 , -238 , -49
20 , 50 , 20 , 49.999 , 0.0983686 , 0.216822 , 0.592485 , 1.43368 , -3.82108 , 2.38721 , 0 , 0 , 0 , -16 , -254 , 17
20 , 50 , 20 , 49.999 , 0.0981695 , 0.216937 , 0.592485 , 1.43368 , -3.82108 , 2.38721 , 0 , 0 , 0 , -30 , -206 , -39
20 , 50 , 20 , 49.999 , 0.0979437 , 0.216982 , 0.592485 , 1.43368 , -3.82108 , 2.38721 , 0 , 0 , 0 , -16 , -254 , 16
20 , 50 , 20 , 49.999 , 0.0976191 , 0.216938 , 0.592485 , 1.4337 , -3.82108 , 2.38721 , -0.0195412 , 0 , 0 , -20 , -238 , -49
20 , 50 , 20 , 49.999 , 0.0972524 , 0.216863 , 0.592485 , 1.43368 , -3.82108 , 2.38721 , 0 , 0 , 0 , -38 , -222 , 8
20 , 50 , 20 , 49.999 , 0.0968968 , 0.216797 , 0.592485 , 1.43368 , -3.82108 , 2.38721 , 0 , 0 , 0 , -3 , -238 , 36
20 , 50 , 20 , 49.999 , 0.0966905 , 0.216709 , 0.592485 , 1.43368 , -3.82106 , 2.38721 , 0 , 0 , 0 , -34 , -254 , 17
20 , 50 , 20 , 49.999 , 0.0966643 , 0.216588 , 0.592485 , 1.43368 , -3.82106 , 2.38721 , 0 , 0 , 0 , -20 , -222 , -20
20 , 50 , 20 , 49.999 , 0.0966189 , 0.216465 , 0.59239 , 1.43366 , -3.82106 , 2.38721 , 0 , 0 , 0 , 11 , -222 , -20
20 , 50 , 20 , 49.999 , 0.0963626 , 0.216427 , 0.592289 , 1.43368 , -3.82104 , 2.38719 , 0 , 0 , 0 , -34 , -206 , -20
20 , 50 , 20 , 49.999 , 0.0959958 , 0.21646 , 0.592289 , 1.43368 , -3.82102 , 2.38721 , 0 , 0.00241402 , 0 , 15 , -191 , -2
20 , 50 , 20 , 49.999 , 0.0957683 , 0.21652 , 0.592289 , 1.4337 , -3.82102 , 2.38719 , 0 , 0 , 0 , 11 , -190 , -12
20 , 50 , 20 , 49.999 , 0.0957431 , 0.216565 , 0.592289 , 1.43368 , -3.82102 , 2.38719 , 0 , 0 , 0 , -34 , -206 , -30
20 , 50 , 20 , 49.999 , 0.0957515 , 0.216565 , 0.592194 , 1.43368 , -3.82102 , 2.38721 , 0 , 0 , 0 , -69 , -190 , -30
20 , 50 , 20 , 49.999 , 0.0955878 , 0.216566 , 0.592116 , 1.43368 , -3.821 , 2.38719 , 0 , 0 , 0 , -16 , -238 , -2
20 , 50 , 20 , 49.999 , 0.0952671 , 0.216564 , 0.592116 , 1.43368 , -3.821 , 2.38721 , 0 , 0 , 0 , -52 , -222 , -20
20 , 50 , 20 , 49.999 , 0.0949754 , 0.216537 , 0.592116 , 1.43368 , -3.821 , 2.38719 , 0 , 0 , 0 , -3 , -222 , -20
20 , 50 , 20 , 49.999 , 0.0948686 , 0.216444 , 0.592116 , 1.43368 , -3.82098 , 2.38721 , 0 , 0 , 0 , -20 , -190 , -20
20 , 50 , 20 , 49.999 , 0.0948652 , 0.216313 , 0.592116 , 1.43368 , -3.82098 , 2.38721 , 0 , 0 , 0 , -20 , -174 , -20
20 , 50 , 20 , 49.999 , 0.0947491 , 0.216223 , 0.592116 , 1.43368 , -3.82098 , 2.38721 , 0 , 0 , 0 , -52 , -143 , -20
20 , 50 , 20 , 49.999 , 0.0945348 , 0.216232 , 0.592116 , 1.43368 , -3.82098 , 2.38719 , 0 , 0 , 0 , -34 , -191 , -2
20 , 50 , 20 , 49.999 , 0.0943531 , 0.216299 , 0.592116 , 1.43366 , -3.82098 , 2.38721 , 0 , 0 , 0 , -16 , -270 , -2
20 , 50 , 20 , 49.999 , 0.09428 , 0.216304 , 0.592116 , 1.43368 , -3.82098 , 2.38721 , 0 , 0 , 0 , 29 , -174 , 16
20 , 50 , 20 , 49.999 , 0.0942514 , 0.216272 , 0.592116 , 1.43368 , -3.82098 , 2.38721 , 0 , 0 , 0 , -20 , -206 , 8
20 , 50 , 20 , 49.999 , 0.0941221 , 0.216233 , 0.592116 , 1.43368 , -3.82098 , 2.38719 , 0 , 0 , 0 , 11 , -174 , -39
20 , 50 , 20 , 49.999 , 0.0938994 , 0.216202 , 0.592116 , 1.43368 , -3.82096 , 2.38721 , 0 , 0 , 0 , -34 , -158 , -29
20 , 50 , 20 , 49.999 , 0.0936508 , 0.216196 , 0.592116 , 1.43368 , -3.82096 , 2.38721 , 0 , 0 , 0 , -20 , -143 , 17
20 , 50 , 20 , 49.999 , 0.0935222 , 0.216185 , 0.592116 , 1.43368 , -3.82094 , 2.38719 , 0 , 0 , 0 , -38 , -206 , 26
20 , 50 , 20 , 49.999 , 0.0935171 , 0.216156 , 0.592116 , 1.43368 , -3.82094 , 2.38719 , 0 , 0 , 0 , -34 , -206 , 26
20 , 50 , 20 , 49.999 , 0.0934525 , 0.216108 , 0.592054 , 1.43368 , -3.82094 , 2.38719 , 0 , 0 , 0 , 11 , -174 , 8
20 , 50 , 20 , 49.999 , 0.0932843 , 0.216061 , 0.592054 , 1.43368 , -3.82094 , 2.38721 , 0 , 0 , 0 , -65 , -190 , 8
20 , 50 , 20 , 49.999 , 0.0930899 , 0.216049 , 0.592054 , 1.43368 , -3.82094 , 2.38721 , 0 , 0 , 0 , -82 , -190 , -30
20 , 50 , 20 , 49.999 , 0.0930023 , 0.216048 , 0.592054 , 1.43368 , -3.82094 , 2.38719 , 0 , 0 , 0 , 11 , -206 , -40
20 , 50 , 20 , 49.999 , 0.0930246 , 0.215992 , 0.592054 , 1.43368 , -3.82094 , 2.38719 , 0 , 0 , 0 , -12 , -222 , -2
20 , 50 , 20 , 49.999 , 0.0930074 , 0.215937 , 0.591963 , 1.4337 , -3.82092 , 2.38721 , 0 , 0 , 0 , -47 , -206 , -30
20 , 50 , 20 , 49.999 , 0.0929098 , 0.215935 , 0.591963 , 1.43368 , -3.82092 , 2.38721 , 0 , 0 , 0 , -47 , -206 , -2
20 , 50 , 20 , 49.999 , 0.0928049 , 0.215971 , 0.591963 , 1.43368 , -3.8209 , 2.38721 , 0 , 0.00306285 , 0 , -3 , -206 , -11
20 , 50 , 20 , 49.999 , 0.0927267 , 0.215984 , 0.591963 , 1.43366 , -3.8209 , 2.38721 , 0.0195412 , 0 , 0 , -3 , -206 , -30
20 , 50 , 20 , 49.999 , 0.0926996 , 0.215926 , 0.591963 , 1.43368 , -3.8209 , 2.38721 , 0 , 0 , 0 , 24 , -174 , -29
20 , 50 , 20 , 49.999 , 0.0926518 , 0.215837 , 0.591963 , 1.43368 , -3.8209 , 2.38721 , 0 , 0 , 0 , -3 , -206 , -68
20 , 50 , 20 , 49.999 , 0.0925267 , 0.215779 , 0.591963 , 1.43368 , -3.8209 , 2.38721 , 0 , 0 , 0 , -47 , -174 , -30
20 , 50 , 20 , 49.999 , 0.0923865 , 0.215766 , 0.591963 , 1.43368 , -3.8209 , 2.38721 , 0.0195412 , 0 , 0 , -20 , -174 , -39
20 , 50 , 20 , 49.999 , 0.0923427 , 0.215744 , 0.591963 , 1.43368 , -3.8209 , 2.38721 , 0 , 0 , 0 , -20 , -158 , -49
20 , 50 , 20 , 49.999 , 0.0923415 , 0.215732 , 0.591963 , 1.4337 , -3.8209 , 2.38723 , -0.0195412 , 0 , 0 , -52 , -142 , -20
20 , 50 , 20 , 49.999 , 0.0923307 , 0.215727 , 0.591963 , 1.43368 , -3.8209 , 2.38721 , 0 , 0 , 0 , -16 , -158 , 8
20 , 50 , 20 , 49.999 , 0.0923107 , 0.215729 , 0.591963 , 1.43368 , -3.8209 , 2.38721 , 0 , 0 , 0 , 11 , -206 , -11
20 , 50 , 20 , 49.999 , 0.0921953 , 0.215747 , 0.591963 , 1.43368 , -3.8209 , 2.38721 , 0 , 0 , 0 , -34 , -142 , -2
20 , 50 , 20 , 49.999 , 0.0920816 , 0.215752 , 0.591963 , 1.43368 , -3.8209 , 2.38721 , 0 , 0 , 0 , 46 , -190 , -30
20 , 50 , 20 , 49.999 , 0.0920638 , 0.215705 , 0.591963 , 1.43368 , -3.8209 , 2.38721 , 0 , 0 , 0 , -100 , -254 , -20
20 , 50 , 20 , 49.999 , 0.0920539 , 0.215617 , 0.591902 , 1.43368 , -3.8209 , 2.38721 , 0 , 0 , 0 , -38 , -158 , 8
20 , 50 , 20 , 49.999 , 0.0919495 , 0.215592 , 0.591902 , 1.43368 , -3.8209 , 2.38721 , 0 , 0 , 0 , 11 , -174 , 8
20 , 50 , 20 , 49.999 , 0.0918426 , 0.215591 , 0.591902 , 1.43368 , -3.8209 , 2.38721 , 0 , 0 , 0 , 11 , -158 , -2
20 , 50 , 20 , 49.999 , 0.0917661 , 0.215564 , 0.591902 , 1.43368 , -3.8209 , 2.38721 , 0 , 0 , 0 , -47 , -158 , 8
20 , 50 , 20 , 49.999 , 0.0917001 , 0.215531 , 0.591902 , 1.43368 , -3.8209 , 2.38721 , 0 , 0 , 0 , -29 , -174 , -49
20 , 50 , 20 , 49.999 , 0.0916961 , 0.215491 , 0.591902 , 1.43368 , -3.8209 , 2.38721 , 0 , 0 , 0 , -3 , -222 , -20
20 , 50 , 20 , 49.999 , 0.0916805 , 0.215435 , 0.591841 , 1.4337 , -3.8209 , 2.38719 , -0.0195412 , 0 , 0 , -20 , -190 , -20
20 , 50 , 20 , 49.999 , 0.0915984 , 0.215433 , 0.591841 , 1.43368 , -3.8209 , 2.38721 , 0 , 0 , 0 , -38 , -190 , -39
20 , 50 , 20 , 49.999 , 0.0915335 , 0.21547 , 0.591841 , 1.43368 , -3.8209 , 2.38721 , 0.0195412 , 0 , 0 , -38 , -206 , -30
20 , 50 , 20 , 49.999 , 0.0915426 , 0.215474 , 0.591841 , 1.43368 , -3.8209 , 2.38721 , 0 , 0 , 0 , 46 , -190 , -49
20 , 50 , 20 , 49.999 , 0.0915918 , 0.215455 , 0.591841 , 1.43368 , -3.8209 , 2.38721 , 0 , 0 , 0 , -3 , -174 , -30
20 , 50 , 20 , 49.999 , 0.0915471 , 0.215394 , 0.591841 , 1.43368 , -3.8209 , 2.38721 , 0 , 0 , 0 , -7 , -190 , 8
20 , 50 , 20 , 49.999 , 0.0914369 , 0.215334 , 0.591841 , 1.43368 , -3.8209 , 2.38723 , 0 , 0 , 0 , -47 , -142 , -39
20 , 50 , 20 , 49.999 , 0.0913375 , 0.215303 , 0.591841 , 1.4337 , -3.8209 , 2.38721 , 0 , 0 , 0 , 29 , -158 , -20
20 , 50 , 20 , 49.999 , 0.0913144 , 0.215306 , 0.591841 , 1.43368 , -3.8209 , 2.38721 , 0 , 0 , 0 , -65 , -206 , 16
20 , 50 , 20 , 49.999 , 0.0913466 , 0.215296 , 0.591841 , 1.43368 , -3.8209 , 2.38721 , 0 , 0 , 0 , -69 , -174 , -20
20 , 50 , 20 , 49.999 , 0.0913448 , 0.215258 , 0.591841 , 1.43368 , -3.8209 , 2.38719 , 0 , 0 , 0 , -34 , -206 , 16
20 , 50 , 20 , 49.999 , 0.0913361 , 0.215277 , 0.591841 , 1.43368 , -3.8209 , 2.38721 , 0 , 0 , 0 , -34 , -190 , -49
20 , 50 , 20 , 49.999 , 0.0912665 , 0.215298 , 0.591841 , 1.43368 , -3.8209 , 2.38721 , 0 , 0 , 0 , 29 , -174 , -20
20 , 50 , 20 , 49.999 , 0.091197 , 0.215268 , 0.591841 , 1.43368 , -3.8209 , 2.38721 , 0 , 0 , 0 , -47 , -174 , -20
20 , 50 , 20 , 49.999 , 0.0911747 , 0.215237 , 0.591841 , 1.43368 , -3.8209 , 2.38721 , 0 , 0 , 0 , -65 , -143 , -2
20 , 50 , 20 , 49.999 , 0.0912054 , 0.215209 , 0.591841 , 1.43368 , -3.8209 , 2.38721 , 0 , 0 , 0 , -20 , -190 , -20
20 , 50 , 20 , 49.999 , 0.091225 , 0.215187 , 0.591841 , 1.43368 , -3.8209 , 2.38721 , 0 , 0 , 0 , -47 , -222 , -2
20 , 50 , 20 , 49.999 , 0.0911643 , 0.215146 , 0.591841 , 1.43368 , -3.8209 , 2.38721 , 0 , 0 , 0 , -30 , -222 , -30
20 , 50 , 20 , 49.999 , 0.0910798 , 0.215121 , 0.591841 , 1.43368 , -3.8209 , 2.38721 , 0 , 0 , 0 , -30 , -174 , -20
20 , 50 , 20 , 49.999 , 0.0911019 , 0.215115 , 0.591841 , 1.43368 , -3.8209 , 2.38721 , 0 , 0 , 0 , -7 , -206 , -11
20 , 50 , 20 , 49.999 , 0.0911697 , 0.215116 , 0.591841 , 1.43368 , -3.8209 , 2.38721 , 0 , 0 , 0 , -69 , -174 , -12
20 , 50 , 20 , 49.999 , 0.0911476 , 0.215128 , 0.591841 , 1.43366 , -3.8209 , 2.38721 , 0 , 0 , 0 , -7 , -190 , -30
20 , 50 , 20 , 49.999 , 0.091058 , 0.215147 , 0.591841 , 1.4337 , -3.8209 , 2.38721 , 0 , 0 , 0 , 15 , -206 , -2
20 , 50 , 20 , 49.999 , 0.0910013 , 0.215148 , 0.591841 , 1.43368 , -3.8209 , 2.38721 , 0 , 0 , 0 , 11 , -222 , -49
20 , 50 , 20 , 49.999 , 0.0910245 , 0.215093 , 0.591841 , 1.43368 , -3.8209 , 2.38723 , 0.0195412 , 0 , 0 , -20 , -174 , -30
20 , 50 , 20 , 49.999 , 0.0910587 , 0.215022 , 0.591841 , 1.43368 , -3.8209 , 2.38721 , 0 , 0 , 0 , -65 , -206 , -2
20 , 50 , 20 , 49.999 , 0.091055 , 0.214939 , 0.591778 , 1.43368 , -3.8209 , 2.38721 , 0 , 0 , 0 , -34 , -158 , 8
20 , 50 , 20 , 49.999 , 0.0910023 , 0.214912 , 0.591778 , 1.43368 , -3.8209 , 2.38721 , 0 , 0 , 0 , -65 , -206 , -2
20 , 50 , 20 , 49.999 , 0.0909472 , 0.214942 , 0.591778 , 1.43368 , -3.8209 , 2.38721 , 0 , 0 , 0 , -16 , -158 , 8
20 , 50 , 20 , 49.999 , 0.0909123 , 0.214921 , 0.591778 , 1.43368 , -3.8209 , 2.38721 , -0.0195412 , 0 , 0 , 11 , -222 , -20
20 , 50 , 20 , 49.999 , 0.0908567 , 0.214885 , 0.591778 , 1.43368 , -3.8209 , 2.38721 , 0 , 0 , 0 , -65 , -206 , -49
20 , 50 , 20 , 49.999 , 0.0907554 , 0.21485 , 0.591778 , 1.43368 , -3.8209 , 2.38719 , 0 , 0 , 0 , -47 , -143 , -20
20 , 50 , 20 , 49.999 , 0.0907265 , 0.214784 , 0.591778 , 1.43368 , -3.8209 , 2.38721 , 0 , 0 , 0 , -38 , -174 , 36
20 , 50 , 20 , 49.999 , 0.0907251 , 0.214734 , 0.591778 , 1.4337 , -3.8209 , 2.38721 , 0 , 0 , 0 , 29 , -174 , -20
20 , 50 , 20 , 49.999 , 0.0906955 , 0.214701 , 0.591778 , 1.4337 , -3.8209 , 2.38721 , -0.0195412 , 0 , 0 , -82 , -158 , -20
20 , 50 , 20 , 49.999 , 0.0906845 , 0.214669 , 0.591778 , 1.43368 , -3.8209 , 2.38721 , 0 , 0 , 0 , 42 , -174 , -20
20 , 50 , 20 , 49.999 , 0.0906655 , 0.214654 , 0.591778 , 1.4337 , -3.8209 , 2.38721 , 0 , 0 , 0 , -25 , -206 , -20
20 , 50 , 20 , 49.999 , 0.0906871 , 0.21463 , 0.591778 , 1.43368 , -3.8209 , 2.38719 , 0 , 0 , 0 , -3 , -206 , -11
20 , 50 , 20 , 49.999 , 0.0906952 , 0.214619 , 0.591778 , 1.4337 , -3.8209 , 2.38721 , 0 , 0 , 0 , -38 , -190 , 8
20 , 50 , 20 , 49.999 , 0.0906974 , 0.214638 , 0.591778 , 1.43368 , -3.8209 , 2.38721 , 0 , 0 , 0 , -16 , -222 , -2
20 , 50 , 20 , 49.999 , 0.0907339 , 0.21465 , 0.591778 , 1.43368 , -3.8209 , 2.38721 , 0 , 0 , 0 , 15 , -190 , -20
20 , 50 , 20 , 49.999 , 0.090726 , 0.214594 , 0.591778 , 1.43368 , -3.8209 , 2.38721 , 0 , 0 , 0 , -3 , -222 , -20
20 , 50 , 20 , 49.999 , 0.0906666 , 0.214541 , 0.591778 , 1.43368 , -3.8209 , 2.38721 , 0 , 0 , 0 , -56 , -158 , -20
20 , 50 , 20 , 49.999 , 0.0906133 , 0.214506 , 0.591778 , 1.43368 , -3.8209 , 2.38721 , -0.0195412 , 0 , 0 , 42 , -158 , -2
20 , 50 , 20 , 49.999 , 0.0906027 , 0.214444 , 0.591778 , 1.43368 , -3.8209 , 2.38721 , 0 , 0 , 0 , -30 , -190 , -29
20 , 50 , 20 , 49.999 , 0.0906387 , 0.21441 , 0.591778 , 1.43368 , -3.8209 , 2.38721 , 0 , 0 , 0 , -34 , -174 , -20
20 , 50 , 20 , 49.999 , 0.0906624 , 0.214383 , 0.591778 , 1.43368 , -3.8209 , 2.38721 , 0 , 0 , 0 , -47 , -174 , 26
20 , 50 , 20 , 49.999 , 0.0906221 , 0.214381 , 0.591778 , 1.43368 , -3.8209 , 2.38721 , 0 , 0 , 0 , -42 , -206 , -20
20 , 50 , 20 , 49.999 , 0.0905965 , 0.214393 , 0.591778 , 1.43368 , -3.8209 , 2.38721 , 0 , 0 , 0 , -52 , -78 , 26
20 , 50 , 20 , 49.999 , 0.0906151 , 0.214369 , 0.591778 , 1.4337 , -3.8209 , 2.38721 , 0 , 0 , 0 , -7 , -174 , -20
20 , 50 , 20 , 49.999 , 0.0906294 , 0.214339 , 0.591778 , 1.43368 , -3.8209 , 2.38723 , 0 , 0 , 0 , -3 , -190 , -30
20 , 50 , 20 , 49.999 , 0.0906216 , 0.214373 , 0.591778 , 1.43368 , -3.8209 , 2.38721 , 0 , 0 , 0 , -65 , -158 , 16
20 , 50 , 20 , 49.999 , 0.0906209 , 0.214424 , 0.591778 , 1.43368 , -3.8209 , 2.38721 , 0 , 0 , 0 , -65 , -190 , -20
20 , 50 , 20 , 49.999 , 0.0906258 , 0.214444 , 0.591778 , 1.43366 , -3.8209 , 2.38721 , 0 , 0 , 0 , 24 , -190 , -20
20 , 50 , 20 , 49.999 , 0.0906082 , 0.214436 , 0.591778 , 1.43368 , -3.8209 , 2.38723 , 0 , 0 , 0 , 11 , -158 , -2
20 , 50 , 20 , 49.999 , 0.0905773 , 0.214395 , 0.591778 , 1.4337 , -3.8209 , 2.38723 , -0.0195412 , 0 , 0 , 42 , -190 , 8
20 , 50 , 20 , 49.999 , 0.0905666 , 0.214371 , 0.591778 , 1.4337 , -3.8209 , 2.38721 , -0.0195412 , 0 , 0 , 11 , -190 , -2
20 , 50 , 20 , 49.999 , 0.0905561 , 0.214331 , 0.591778 , 1.43368 , -3.8209 , 2.38721 , 0 , 0 , 0 , -3 , -174 , -2
20 , 50 , 20 , 49.999 , 0.0905128 , 0.21429 , 0.591778 , 1.43368 , -3.8209 , 2.38721 , 0 , 0 , 0 , 29 , -190 , -20
20 , 50 , 20 , 49.999 , 0.090471 , 0.214287 , 0.591778 , 1.43368 , -3.8209 , 2.38721 , 0 , 0 , 0 , 42 , -143 , -20
20 , 50 , 20 , 49.999 , 0.0904588 , 0.214293 , 0.591778 , 1.43368 , -3.8209 , 2.38721 , 0 , 0 , 0 , -16 , -174 , -30
20 , 50 , 20 , 49.999 , 0.0904845 , 0.214298 , 0.591778 , 1.43366 , -3.8209 , 2.38721 , 0 , 0 , 0 , -20 , -190 , -2
20 , 50 , 20 , 49.999 , 0.0904893 , 0.214282 , 0.591778 , 1.43368 , -3.8209 , 2.38721 , 0 , 0 , 0 , -52 , -190 , -11
20 , 50 , 20 , 49.999 , 0.0904756 , 0.214247 , 0.591778 , 1.43368 , -3.8209 , 2.38721 , 0 , 0 , 0 , 29 , -206 , -11
20 , 50 , 20 , 49.999 , 0.0904877 , 0.214197 , 0.591778 , 1.43368 , -3.8209 , 2.38721 , 0 , 0 , 0 , 29 , -190 , 64
20 , 50 , 20 , 49.999 , 0.0905033 , 0.214138 , 0.591778 , 1.43368 , -3.8209 , 2.38721 , 0 , 0 , 0 , -3 , -190 , -2
20 , 50 , 20 , 49.999 , 0.0905015 , 0.214086 , 0.591778 , 1.43366 , -3.8209 , 2.38719 , -0.0195412 , 0 , 0 , -34 , -62 , 8
20 , 50 , 20 , 49.999 , 0.0904942 , 0.214062 , 0.591778 , 1.43368 , -3.8209 , 2.38719 , 0 , 0 , 0 , -7 , -143 , 16
20 , 50 , 20 , 49.999 , 0.0905106 , 0.214049 , 0.591778 , 1.43366 , -3.8209 , 2.38719 , 0 , 0 , 0 , -20 , -174 , 8
20 , 50 , 20 , 49.999 , 0.0905202 , 0.214024 , 0.591778 , 1.43368 , -3.8209 , 2.38721 , 0 , 0 , 0 , 29 , -174 , -11
20 , 50 , 20 , 49.999 , 0.0905282 , 0.214003 , 0.591778 , 1.43368 , -3.8209 , 2.38721 , 0.0195412 , 0 , 0 , -52 , -206 , -20
20 , 50 , 20 , 49.999 , 0.0905122 , 0.213948 , 0.591778 , 1.43368 , -3.8209 , 2.38721 , 0 , 0 , 0 , -20 , -206 , -2
20 , 50 , 20 , 49.999 , 0.0904985 , 0.213897 , 0.591778 , 1.43368 , -3.8209 , 2.38721 , 0 , 0 , 0 , -20 , -206 , -49
20 , 50 , 20 , 49.999 , 0.0905167 , 0.213876 , 0.591778 , 1.43368 , -3.8209 , 2.38721 , 0 , 0 , 0 , 24 , -190 , -11
20 , 50 , 20 , 49.999 , 0.0905179 , 0.213856 , 0.591778 , 1.43368 , -3.8209 , 2.38721 , 0 , 0 , 0 , -3 , -190 , -30
20 , 50 , 20 , 49.999 , 0.0904753 , 0.213813 , 0.591778 , 1.43368 , -3.8209 , 2.38721 , 0 , 0 , 0 , 42 , -206 , -30
20 , 50 , 20 , 49.999 , 0.0903798 , 0.213783 , 0.591778 , 1.43368 , -3.8209 , 2.38721 , 0 , 0 , 0 , -16 , -190 , -30
20 , 50 , 20 , 49.999 , 0.0903414 , 0.21377 , 0.591778 , 1.43368 , -3.8209 , 2.38719 , 0 , 0 , 0 , 29 , -174 , -2
20 , 50 , 20 , 49.999 , 0.0903532 , 0.213757 , 0.591778 , 1.43368 , -3.8209 , 2.38721 , 0 , 0 , 0 , -16 , -174 , -39
20 , 50 , 20 , 49.999 , 0.0903631 , 0.213752 , 0.591778 , 1.43366 , -3.8209 , 2.38719 , 0.0195412 , 0 , 0 , -16 , -222 , 45
20 , 50 , 20 , 49.999 , 0.0903567 , 0.213738 , 0.591778 , 1.43368 , -3.8209 , 2.38721 , 0.0195412 , 0 , 0 , -16 , -174 , -20
20 , 50 , 20 , 49.999 , 0.0903168 , 0.213693 , 0.591778 , 1.43368 , -3.8209 , 2.38721 , 0 , 0 , 0 , -3 , -238 , 8
20 , 50 , 20 , 49.999 , 0.0902892 , 0.213643 , 0.591778 , 1.43368 , -3.8209 , 2.38721 , -0.0195412 , 0 , 0 , 11 , -190 , 8
20 , 50 , 20 , 49.999 , 0.0902883 , 0.213605 , 0.591778 , 1.43368 , -3.8209 , 2.38721 , 0 , 0 , 0 , -47 , -142 , -11
20 , 50 , 20 , 49.999 , 0.0903407 , 0.213556 , 0.591778 , 1.4337 , -3.8209 , 2.38721 , 0 , 0 , 0 , 15 , -190 , 8
20 , 50 , 20 , 49.999 , 0.0903608 , 0.213539 , 0.591778 , 1.43368 , -3.8209 , 2.38721 , 0 , 0 , 0 , 29 , -206 , 8
20 , 50 , 20 , 49.999 , 0.090357 , 0.213506 , 0.591778 , 1.43368 , -3.8209 , 2.38721 , 0 , 0 , 0 , -96 , -206 , -49
20 , 50 , 20 , 49.999 , 0.0903686 , 0.213461 , 0.591778 , 1.43368 , -3.8209 , 2.38723 , 0.0195412 , 0 , 0 , -20 , -174 , -39
20 , 50 , 20 , 49.999 , 0.090362 , 0.213415 , 0.591778 , 1.43366 , -3.8209 , 2.38721 , 0 , 0 , 0 , -65 , -190 , -20
20 , 50 , 20 , 49.999 , 0.0903725 , 0.21338 , 0.591778 , 1.43368 , -3.8209 , 2.38721 , 0 , 0 , 0 , -65 , -190 , -49
20 , 50 , 20 , 49.999 , 0.0903717 , 0.213357 , 0.591778 , 1.43368 , -3.8209 , 2.38721 , 0 , 0 , 0 , 24 , -190 , 8
20 , 50 , 20 , 49.999 , 0.0903472 , 0.213332 , 0.591778 , 1.43368 , -3.8209 , 2.38723 , 0 , 0 , 0 , -65 , -174 , -20
20 , 50 , 20 , 49.999 , 0.0903182 , 0.213312 , 0.591778 , 1.4337 , -3.8209 , 2.38721 , 0 , 0 , 0 , -34 , -206 , 8
20 , 50 , 20 , 49.999 , 0.090293 , 0.213277 , 0.591778 , 1.43366 , -3.8209 , 2.38721 , 0.0195412 , 0 , 0 , 60 , -126 , -20
20 , 50 , 20 , 49.999 , 0.0903175 , 0.213248 , 0.591778 , 1.4337 , -3.8209 , 2.38721 , 0 , 0 , 0 , -3 , -190 , -85
20 , 50 , 20 , 49.999 , 0.0903687 , 0.213246 , 0.591778 , 1.43368 , -3.8209 , 2.38721 , 0 , 0 , 0 , -20 , -158 , 26
20 , 50 , 20 , 49.999 , 0.0903592 , 0.213283 , 0.591778 , 1.43368 , -3.8209 , 2.38721 , 0 , 0 , 0 , -7 , -206 , 73
20 , 50 , 20 , 49.999 , 0.0903604 , 0.213299 , 0.591778 , 1.43368 , -3.8209 , 2.38721 , 0 , 0 , 0 , 60 , -190 , 8
20 , 50 , 20 , 49.999 , 0.0904097 , 0.213301 , 0.591778 , 1.43368 , -3.8209 , 2.38721 , 0 , 0 , 0 , -20 , -222 , 8
20 , 50 , 20 , 49.999 , 0.0904286 , 0.213297 , 0.591778 , 1.43368 , -3.8209 , 2.38725 , 0 , 0 , 0 , -7 , -206 , -30
20 , 50 , 20 , 49.999 , 0.0904104 , 0.213306 , 0.591778 , 1.43368 , -3.8209 , 2.38725 , 0 , 0 , 0 , 11 , -206 , 82
20 , 50 , 20 , 49.999 , 0.0904131 , 0.213304 , 0.591778 , 1.43368 , -3.8209 , 2.38719 , 0 , 0 , 0 , -38 , -190 , -2
20 , 50 , 20 , 49.999 , 0.0904455 , 0.213291 , 0.591778 , 1.43368 , -3.8209 , 2.38721 , -0.0195412 , 0 , 0 , -16 , -142 , -20
20 , 50 , 20 , 49.999 , 0.0904745 , 0.213293 , 0.591778 , 1.4337 , -3.8209 , 2.38721 , 0 , 0 , 0 , 42 , -190 , -2
20 , 50 , 20 , 49.999 , 0.0904945 , 0.213289 , 0.591778 , 1.43368 , -3.8209 , 2.38723 , 0 , 0 , 0 , -78 , -174 , -20
20 , 50 , 20 , 49.999 , 0.090513 , 0.213303 , 0.591778 , 1.43368 , -3.8209 , 2.38723 , 0 , 0 , 0 , -3 , -158 , 26
20 , 50 , 20 , 49.999 , 0.0905055 , 0.213353 , 0.591778 , 1.43368 , -3.8209 , 2.38721 , 0 , 0 , 0 , 46 , -206 , -20
20 , 50 , 20 , 49.999 , 0.0904562 , 0.213366 , 0.591778 , 1.43368 , -3.8209 , 2.38721 , 0 , 0 , 0 , -69 , -190 , -20
20 , 50 , 20 , 49.999 , 0.0904164 , 0.213324 , 0.591778 , 1.43368 , -3.8209 , 2.38719 , 0 , 0 , 0 , -47 , -190 , -30
20 , 50 , 20 , 49.999 , 0.0904246 , 0.213296 , 0.591778 , 1.43368 , -3.8209 , 2.38721 , 0 , 0 , 0 , 42 , -174 , -2
20 , 50 , 20 , 49.999 , 0.0904302 , 0.213268 , 0.591778 , 1.43368 , -3.8209 , 2.38721 , 0 , 0 , 0 , -3 , -174 , -2
20 , 50 , 20 , 49.999 , 0.0904253 , 0.213236 , 0.591778 , 1.43368 , -3.8209 , 2.38721 , 0 , 0 , 0 , -7 , -174 , -2
20 , 50 , 20 , 49.999 , 0.0904501 , 0.213178 , 0.591778 , 1.43366 , -3.8209 , 2.38721 , 0 , 0 , 0 , -25 , -190 , -20
20 , 50 , 20 , 49.999 , 0.090481 , 0.213154 , 0.591778 , 1.43368 , -3.8209 , 2.38723 , 0 , 0 , 0 , -3 , -190 , -49
20 , 50 , 20 , 49.999 , 0.0904957 , 0.213184 , 0.591778 , 1.43368 , -3.8209 , 2.38721 , 0 , 0 , 0 , -16 , -174 , -39
20 , 50 , 20 , 49.999 , 0.0904799 , 0.213204 , 0.591778 , 1.43368 , -3.8209 , 2.38721 , 0 , 0 , 0 , -30 , -174 , 82
0 , 0 , 0 , 0 , 0.0904587 , 0.213213 , 0.591778 , 1.43356 , -3.8209 , 2.38709 , -0.0195412 , 0 , -0.00350057 , -65 , -46 , -39
0 , 0 , 0 , 0 , 0.0904428 , 0.213169 , 0.591778 , 1.43254 , -3.82008 , 2.38623 , -0.0781646 , 0.0721606 , -0.0969937 , -99 , -47 , -51
0 , 0 , 0 , 0 , 0.0906609 , 0.213114 , 0.591711 , 1.4302 , -3.81766 , 2.38424 , -0.156329 , 0.150393 , -0.151638 , -125 , -91 , -2
0 , 0 , 0 , 0 , 0.0915494 , 0.212895 , 0.591185 , 1.42639 , -3.81383 , 2.3808 , -0.214953 , 0.189474 , -0.200903 , -36 , -55 , -130
0 , 0 , 0 , 0 , 0.0926183 , 0.212421 , 0.589982 , 1.42172 , -3.80935 , 2.37611 , -0.312658 , 0.284303 , -0.287651 , 17 , -61 , -45
0 , 0 , 0 , 0 , 0.0930076 , 0.211825 , 0.588411 , 1.41562 , -3.80275 , 2.3703 , -0.351741 , 0.346679 , -0.327505 , -28 , -84 , 4
0 , 0 , 0 , 0 , 0.0926137 , 0.211212 , 0.586735 , 1.40851 , -3.79558 , 2.36315 , -0.429905 , 0.405138 , -0.394769 , 74 , -145 , 2
0 , 0 , 0 , 0 , 0.0920083 , 0.210513 , 0.584997 , 1.40007 , -3.7878 , 2.35504 , -0.410364 , 0.418737 , -0.435537 , -129 , -29 , 1
0 , 0 , 0 , 0 , 0.091544 , 0.209781 , 0.583056 , 1.39051 , -3.77797 , 2.34584 , -0.527611 , 0.534398 , -0.475839 , -58 , -83 , -147
0 , 0 , 0 , 0 , 0.0913382 , 0.208999 , 0.580755 , 1.37961 , -3.76681 , 2.33525 , -0.547152 , 0.555935 , -0.557519 , -20 , -57 , -50
0 , 0 , 0 , 0 , 0.0911989 , 0.208076 , 0.577932 , 1.36761 , -3.75489 , 2.32331 , -0.605776 , 0.634796 , -0.652821 , -30 , -66 , 2
0 , 0 , 0 , 0 , 0.0907224 , 0.207072 , 0.574816 , 1.35457 , -3.74184 , 2.31045 , -0.664399 , 0.712746 , -0.667691 , -3 , -111 , -56
0 , 0 , 0 , 0 , 0.0899127 , 0.20603 , 0.571566 , 1.33994 , -3.72714 , 2.29648 , -0.68394 , 0.82163 , -0.787948 , -49 , -132 , -2
0 , 0 , 0 , 0 , 0.0890527 , 0.204894 , 0.567993 , 1.32446 , -3.71149 , 2.28075 , -0.742564 , 0.77698 , -0.81591 , -82 , -76 , 86
0 , 0 , 0 , 0 , 0.0882691 , 0.203645 , 0.564163 , 1.30771 , -3.69494 , 2.26461 , -0.820728 , 0.95245 , -0.874972 , -39 , -113 , 15
0 , 0 , 0 , 0 , 0.0876289 , 0.202156 , 0.559885 , 1.28956 , -3.67677 , 2.24653 , -0.898893 , 0.944015 , -0.882214 , 41 , -126 , 19
0 , 0 , 0 , 0 , 0.0868211 , 0.200447 , 0.555189 , 1.27049 , -3.65775 , 2.22767 , -0.996599 , 0.980321 , -0.962617 , -111 , -48 , -116
0 , 0 , 0 , 0 , 0.0854513 , 0.198851 , 0.550354 , 1.24999 , -3.63708 , 2.20747 , -1.07476 , 1.01865 , -1.07467 , 2 , -81 , -94
0 , 0 , 0 , 0 , 0.0836373 , 0.197165 , 0.545263 , 1.22851 , -3.61574 , 2.18617 , -1.07476 , 1.17364 , -1.04405 , -69 , -98 , -8
0 , 0 , 0 , 0 , 0.0818076 , 0.195336 , 0.54007 , 1.20553 , -3.59264 , 2.16352 , -1.07476 , 1.15343 , -1.19213 , -99 , -99 , 79
0 , 0 , 0 , 0 , 0.0803266 , 0.193437 , 0.534646 , 1.18158 , -3.5688 , 2.13989 , -1.17247 , 1.29769 , -1.23158 , 75 , -161 , -82
0 , 0 , 0 , 0 , 0.0790228 , 0.191255 , 0.528802 , 1.15529 , -3.54365 , 2.11349 , -1.27018 , 1.26479 , -1.24796 , -31 , -35 , -15
0 , 0 , 0 , 0 , 0.0776855 , 0.188988 , 0.52263 , 1.12995 , -3.5171 , 2.08739 , -1.34834 , 1.37937 , -1.39 , 16 , -120 , 17
0 , 0 , 0 , 0 , 0.0762089 , 0.186578 , 0.516019 , 1.10097 , -3.48972 , 2.06005 , -1.4265 , 1.58871 , -1.39746 , 12 , -151 , -82
0 , 0 , 0 , 0 , 0.0742541 , 0.183891 , 0.509188 , 1.07224 , -3.46084 , 2.03124 , -1.46559 , 1.45919 , -1.46375 , -103 , -62 , -11
0 , 0 , 0 , 0 , 0.0719294 , 0.181389 , 0.502342 , 1.04215 , -3.4292 , 2.00137 , -1.50467 , 1.53364 , -1.55088 , -113 , -28 , 18
0 , 0 , 0 , 0 , 0.0695334 , 0.178927 , 0.495305 , 1.01075 , -3.3995 , 1.97061 , -1.58283 , 1.56642 , -1.65603 , -1 , -81 , 19
0 , 0 , 0 , 0 , 0.0671659 , 0.176142 , 0.487795 , 0.978445 , -3.36565 , 1.93829 , -1.661 , 1.67734 , -1.63069 , 55 , -67 , -37
0 , 0 , 0 , 0 , 0.0654431 , 0.17306 , 0.480095 , 0.94501 , -3.3321 , 1.90483 , -1.68054 , 1.76443 , -1.698 , -50 , -98 , -12
0 , 0 , 0 , 0 , 0.0640981 , 0.17004 , 0.47224 , 0.910403 , -3.29708 , 1.87003 , -1.77825 , 1.76843 , -1.73699 , -67 , -84 , -35
0 , 0 , 0 , 0 , 0.062671 , 0.167159 , 0.464035 , 0.874623 , -3.26105 , 1.83425 , -1.83687 , 1.77916 , -1.77378 , -78 , -17 , -38
0 , 0 , 0 , 0 , 0.0611099 , 0.164116 , 0.455398 , 0.837495 , -3.22365 , 1.79728 , -1.83687 , 1.86401 , -1.89413 , -99 , -35 , -4
0 , 0 , 0 , 0 , 0.0591889 , 0.16059 , 0.446226 , 0.799233 , -3.18523 , 1.759 , -1.95412 , 1.89873 , -1.9822 , 12 , 2 , 54
0 , 0 , 0 , 0 , 0.0572106 , 0.157256 , 0.436739 , 0.759721 , -3.1454 , 1.71964 , -1.95412 , 1.97718 , -2.0373 , -97 , -47 , 44
0 , 0 , 0 , 0 , 0.0547678 , 0.153762 , 0.426451 , 0.719134 , -3.10466 , 1.679 , -2.01274 , 1.97551 , -2.0881 , -67 , 30 , -3
0 , 0 , 0 , 0 , 0.052812 , 0.150265 , 0.415263 , 0.678137 , -3.06282 , 1.6372 , -2.01274 , 2.07333 , -2.16722 , -51 , 19 , 65
0 , 0 , 0 , 0 , 0.0522898 , 0.147732 , 0.403216 , 0.638292 , -3.01952 , 1.59415 , -1.93457 , 2.17526 , -2.23115 , -66 , -74 , 53
0 , 0 , 0 , 0 , 0.0523152 , 0.145866 , 0.38993 , 0.59962 , -2.97512 , 1.54993 , -1.87595 , 2.31484 , -2.27443 , -83 , -51 , -21
0 , 0 , 0 , 0 , 0.0532562 , 0.145173 , 0.375524 , 0.560265 , -2.9294 , 1.50455 , -1.73916 , 2.42495 , -2.25042 , -57 , -211 , -70
0 , 0 , 0 , 0 , 0.0539519 , 0.145324 , 0.360539 , 0.523996 , -2.8824 , 1.4557 , -1.73916 , 2.44264 , -2.30007 , -31 , -129 , -105
0 , 0 , 0 , 0 , 0.0531908 , 0.146256 , 0.344999 , 0.490718 , -2.83417 , 1.41042 , -1.73916 , 2.43123 , -2.45285 , 78 , -81 , -16
0 , 0 , 0 , 0 , 0.0517551 , 0.147946 , 0.329249 , 0.455172 , -2.7825 , 1.35876 , -1.661 , 2.43755 , -2.51873 , 38 , -8 , 15
0 , 0 , 0 , 0 , 0.0495908 , 0.148879 , 0.313429 , 0.422675 , -2.7348 , 1.3109 , -1.58283 , 2.51873 , -2.58823 , -1 , -52 , -46
0 , 0 , 0 , 0 , 0.048178 , 0.149134 , 0.297015 , 0.391448 , -2.6831 , 1.25689 , -1.58283 , 2.67685 , -2.60983 , 15 , -126 , -86
0 , 0 , 0 , 0 , 0.0479749 , 0.149012 , 0.280449 , 0.361336 , -2.62733 , 1.20448 , -1.44605 , 2.67076 , -2.75874 , -64 , -62 , 64
0 , 0 , 0 , 0 , 0.0472312 , 0.14836 , 0.262952 , 0.332356 , -2.57339 , 1.15115 , -1.36788 , 2.69223 , -2.67382 , -16 , -13 , 29
0 , 0 , 0 , 0 , 0.0455227 , 0.14826 , 0.245273 , 0.304901 , -2.52091 , 1.09919 , -1.34834 , 2.88076 , -2.53232 , 24 , -137 , -34
0 , 0 , 0 , 0 , 0.0435039 , 0.148294 , 0.227455 , 0.278657 , -2.46148 , 1.04866 , -1.30926 , 2.83034 , -2.48009 , -50 , -83 , -7
0 , 0 , 0 , 0 , 0.0420205 , 0.148458 , 0.209403 , 0.253117 , -2.40393 , 0.999003 , -1.23109 , 2.96264 , -2.52008 , 57 , -134 , 36
0 , 0 , 0 , 0 , 0.0401682 , 0.148463 , 0.192006 , 0.229218 , -2.34468 , 0.950462 , -1.15293 , 2.93117 , -2.39768 , -68 , -2 , -38
0 , 0 , 0 , 0 , 0.0378614 , 0.146973 , 0.174357 , 0.206296 , -2.28497 , 0.903446 , -1.17247 , 3.14124 , -2.33908 , -102 , -228 , -111
0 , 0 , 0 , 0 , 0.0355504 , 0.144186 , 0.15655 , 0.184723 , -2.2247 , 0.857544 , -1.07476 , 2.9589 , -2.15229 , 37 , -44 , -145
0 , 0 , 0 , 0 , 0.0330795 , 0.140247 , 0.138723 , 0.164107 , -2.165 , 0.812932 , -0.879352 , 3.01212 , -2.18846 , -111 , -104 , -65
0 , 0 , 0 , 0 , 0.0301364 , 0.135465 , 0.121334 , 0.144937 , -2.10484 , 0.769394 , -0.957517 , 2.89497 , -2.14149 , 25 , -12 , -16
0 , 0 , 0 , 0 , 0.026838 , 0.130446 , 0.104226 , 0.126783 , -2.04498 , 0.727029 , -0.84027 , 2.93117 , -2.1135 , 19 , -81 , 20
0 , 0 , 0 , 0 , 0.0241739 , 0.125875 , 0.0872161 , 0.110075 , -1.98489 , 0.685797 , -0.820728 , 2.95331 , -2.03465 , -142 , -6 , -16
0 , 0 , 0 , 0 , 0.0213482 , 0.121451 , 0.0704459 , 0.0934849 , -1.92508 , 0.645777 , -0.742564 , 3.03355 , -2.03465 , 34 , -224 , 9
0 , 0 , 0 , 0 , 0.0180864 , 0.116881 , 0.0539176 , 0.079982 , -1.86475 , 0.607105 , -0.664399 , 2.92568 , -1.95329 , -84 , -21 , 39
0 , 0 , 0 , 0 , 0.0153223 , 0.112311 , 0.0371521 , 0.06601 , -1.80209 , 0.567671 , -0.68394 , 3.09561 , -1.91736 , 34 , -192 , -46
0 , 0 , 0 , 0 , 0.0136191 , 0.107824 , 0.0204285 , 0.0539531 , -1.74485 , 0.531441 , -0.547152 , 2.9385 , -1.76708 , -30 , -49 , -64
0 , 0 , 0 , 0 , 0.0126542 , 0.103438 , 0.00399047 , 0.0433423 , -1.68505 , 0.496287 , -0.468988 , 3.15391 , -1.72802 , -102 , -134 , -141
0 , 0 , 0 , 0 , 0.0114164 , 0.099263 , -0.011859 , 0.033689 , -1.62477 , 0.462324 , -0.468988 , 2.93484 , -1.65544 , -5 , -81 , -115
0 , 0 , 0 , 0 , 0.00929836 , 0.0949586 , -0.0275723 , 0.0250713 , -1.56196 , 0.429573 , -0.410364 , 3.08138 , -1.57854 , -32 , -143 , -75
0 , 0 , 0 , 0 , 0.00678373 , 0.0902172 , -0.043164 , 0.0179583 , -1.5018 , 0.397975 , -0.390823 , 2.95331 , -1.5586 , 28 , -12 , -54
0 , 0 , 0 , 0 , 0.00425214 , 0.0857582 , -0.0582747 , 0.0119787 , -1.44278 , 0.367843 , -0.254035 , 2.99863 , -1.51236 , 2 , -132 , -93
0 , 0 , 0 , 0 , 0.00221793 , 0.081633 , -0.0736642 , 0.00719115 , -1.38428 , 0.338765 , -0.195412 , 2.81505 , -1.46559 , -16 , -1 , -87
0 , 0 , 0 , 0 , 0.00081709 , 0.0781288 , -0.0879987 , 0.00373236 , -1.32759 , 0.310704 , -0.17587 , 2.93667 , -1.3713 , -28 , -167 , -159
0 , 0 , 0 , 0 , -0.000538517 , 0.0749911 , -0.1021 , 0.00123109 , -1.27152 , 0.28407 , -0.0781646 , 2.76689 , -1.3492 , -36 , -108 , -16
0 , 0 , 0 , 0 , -0.00197025 , 0.0717597 , -0.115925 , 0 , -1.217 , 0.258705 , -0.0195412 , 2.60403 , -1.23223 , -77 , -8 , -149
0 , 0 , 0 , 0 , -0.00346172 , 0.068692 , -0.129542 , -0.000156329 , -1.1637 , 0.234103 , 0.0195412 , 2.69687 , -1.15004 , -38 , -135 , -113
0 , 0 , 0 , 0 , -0.00504863 , 0.0659472 , -0.142266 , -1.95412e-05 , -1.11131 , 0.211357 , 0 , 2.61565 , -1.14947 , 0 , -90 , -84
0 , 0 , 0 , 0 , -0.00689982 , 0.0634656 , -0.154665 , 0 , -1.06044 , 0.189276 , 0 , 2.49592 , -1.02131 , -18 , -61 , -160
0 , 0 , 0 , 0 , -0.00879457 , 0.0608608 , -0.166441 , 1.95412e-05 , -1.01067 , 0.16864 , 0 , 2.46835 , -1.03895 , -56 , -88 , -16
0 , 0 , 0 , 0 , -0.0104249 , 0.0577321 , -0.178072 , 0 , -0.96205 , 0.149099 , 0 , 2.40999 , -0.905028 , -41 , -66 , -139
0 , 0 , 0 , 0 , -0.011751 , 0.0544037 , -0.189372 , 0 , -0.914468 , 0.130906 , 0 , 2.34376 , -0.924293 , -36 , -63 , -48
0 , 0 , 0 , 0 , -0.013361 , 0.0512849 , -0.200018 , 0 , -0.868331 , 0.11287 , 0 , 2.25582 , -0.768832 , -36 , -76 , -154
0 , 0 , 0 , 0 , -0.0152697 , 0.0479945 , -0.210144 , 0 , -0.823406 , 0.0971782 , 0 , 2.17426 , -0.745837 , -36 , 8 , -156
0 , 0 , 0 , 0 , -0.0172177 , 0.0443959 , -0.220077 , 1.95412e-05 , -0.779653 , 0.0823464 , 0 , 2.12596 , -0.759367 , -30 , -1 , -34
0 , 0 , 0 , 0 , -0.0188042 , 0.0411043 , -0.229461 , 0 , -0.735041 , 0.0689412 , 0 , 2.16722 , -0.610976 , -30 , -48 , -153
0 , 0 , 0 , 0 , -0.0195604 , 0.0380322 , -0.238403 , 0 , -0.695743 , 0.0568648 , 0 , 2.05066 , -0.59789 , -43 , -39 , -101
0 , 0 , 0 , 0 , -0.0198886 , 0.0347794 , -0.247167 , 0 , -0.653613 , 0.0455895 , 0 , 1.98555 , -0.511767 , -37 , -44 , -83
0 , 0 , 0 , 0 , -0.0201334 , 0.0313584 , -0.255541 , 0 , -0.614628 , 0.0356235 , 0 , 1.93635 , -0.419185 , -18 , -10 , -71
0 , 0 , 0 , 0 , -0.0206186 , 0.0275328 , -0.263405 , 0 , -0.576835 , 0.027299 , 0 , 1.83341 , -0.408241 , -25 , -32 , -75
0 , 0 , 0 , 0 , -0.0214763 , 0.0234101 , -0.270646 , 0 , -0.540196 , 0.0199515 , 0 , 1.78933 , -0.359651 , -5 , 7 , -142
0 , 0 , 0 , 0 , -0.0224287 , 0.0192856 , -0.277409 , 0 , -0.504689 , 0.0136006 , 0 , 1.71039 , -0.258937 , -30 , -15 , -168
0 , 0 , 0 , 0 , -0.0230792 , 0.0150162 , -0.283857 , 0 , -0.470453 , 0.00838316 , 0 , 1.63924 , -0.236669 , -30 , -30 , -120
0 , 0 , 0 , 0 , -0.0232335 , 0.010583 , -0.289758 , 0 , -0.437448 , 0.00453355 , 0 , 1.54883 , -0.206711 , -27 , 47 , -33
0 , 0 , 0 , 0 , -0.0230634 , 0.00632178 , -0.295402 , 0 , -0.405635 , 0.00171962 , 0 , 1.61163 , -0.111071 , -23 , -52 , -78
0 , 0 , 0 , 0 , -0.0229014 , 0.00198272 , -0.30082 , 0 , -0.375229 , 0.000293117 , 0 , 1.52765 , -0.0303112 , -36 , -66 , -71
0 , 0 , 0 , 0 , -0.0230616 , -0.0029125 , -0.305852 , 0 , -0.345644 , -0.000195412 , 0 , 1.45421 , 0 , -36 , -33 , -34
0 , 0 , 0 , 0 , -0.0235961 , -0.00816282 , -0.310369 , 0 , -0.317466 , -0.000214953 , 0 , 1.35038 , 0 , -37 , 16 , -81
0 , 0 , 0 , 0 , -0.0241904 , -0.0134467 , -0.314514 , 0 , -0.290518 , -0.000195412 , 0 , 1.31662 , 0 , -18 , -35 , -63
0 , 0 , 0 , 0 , -0.0243897 , -0.0186601 , -0.318466 , 0 , -0.264665 , -0.000195412 , 0 , 1.21373 , 0 , -18 , 0 , -16
0 , 0 , 0 , 0 , -0.0240378 , -0.0236197 , -0.322417 , 0 , -0.240044 , -0.00017587 , 0 , 1.18731 , 0 , -23 , -20 , -73
0 , 0 , 0 , 0 , -0.0233973 , -0.0281188 , -0.326126 , 0 , -0.21677 , -0.00017587 , 0 , 1.14499 , 0 , -25 , -15 , -94
0 , 0 , 0 , 0 , -0.0230072 , -0.0321164 , -0.329782 , 0 , -0.194454 , -0.000136788 , 0 , 1.0841 , 0 , -23 , -56 , -6
0 , 0 , 0 , 0 , -0.0231779 , -0.0356724 , -0.333161 , 0 , -0.172529 , -0.000136788 , 0 , 1.04731 , 0 , -23 , 9 , 12
0 , 0 , 0 , 0 , -0.0236975 , -0.0388486 , -0.336248 , 0 , -0.153672 , -0.000136788 , 0 , 0.981552 , 0 , -18 , -42 , -7
0 , 0 , 0 , 0 , -0.0240725 , -0.041823 , -0.339121 , 0 , -0.134267 , -0.000136788 , 0 , 0.881547 , 0 , -10 , -18 , -36
0 , 0 , 0 , 0 , -0.023847 , -0.0446707 , -0.341781 , 0 , -0.116797 , -0.000117247 , 0 , 0.80196 , 0 , -23 , 27 , -6
0 , 0 , 0 , 0 , -0.0230614 , -0.0473685 , -0.344277 , 0 , -0.100813 , -9.77058e-05 , 0 , 0.758136 , 0 , -34 , 18 , -5
0 , 0 , 0 , 0 , -0.0223016 , -0.0500368 , -0.346721 , 0 , -0.0857075 , -7.81646e-05 , 0 , 0.769586 , 0 , -30 , -88 , -27
0 , 0 , 0 , 0 , -0.0220043 , -0.0525708 , -0.348959 , 0 , -0.0718919 , -7.81646e-05 , 0 , 0.680086 , 0 , -37 , -29 , 32
0 , 0 , 0 , 0 , -0.0222337 , -0.0549915 , -0.350982 , 0 , -0.0595614 , -5.86235e-05 , 0 , 0.625145 , 0.0027933 , -30 , -16 , 2
0 , 0 , 0 , 0 , -0.0225855 , -0.0571462 , -0.352709 , 0 , -0.0481885 , -5.86235e-05 , 0 , 0.552529 , 0 , -10 , -6 , -8
0 , 0 , 0 , 0 , -0.0226592 , -0.0588856 , -0.354241 , 0 , -0.0379685 , -3.90823e-05 , 0 , 0.453564 , 0 , -18 , 28 , -27
0 , 0 , 0 , 0 , -0.0224395 , -0.0601442 , -0.355544 , 0 , -0.0290577 , -3.90823e-05 , 0 , 0.423274 , 0 , -30 , -16 , -5
0 , 0 , 0 , 0 , -0.0221725 , -0.0610207 , -0.356661 , 0 , -0.0213976 , -3.90823e-05 , 0 , 0.375308 , 0 , -5 , 5 , -34
0 , 0 , 0 , 0 , -0.0220264 , -0.0618794 , -0.357691 , 0 , -0.0148513 , -1.95412e-05 , 0 , 0.309848 , 0 , -30 , 31 , -5
0 , 0 , 0 , 0 , -0.0219677 , -0.0626238 , -0.358537 , 0 , -0.00943838 , -1.95412e-05 , 0 , 0.24893 , 0 , -18 , -10 , 20
0 , 0 , 0 , 0 , -0.0219273 , -0.0632492 , -0.359173 , 0 , -0.00525657 , -1.95412e-05 , 0 , 0.185574 , 0 , -41 , 11 , 13
0 , 0 , 0 , 0 , -0.0219199 , -0.0637746 , -0.359602 , 0 , -0.00228632 , -1.95412e-05 , 0 , 0.102883 , 0 , -43 , 25 , -64
0 , 0 , 0 , 0 , -0.0218907 , -0.0641434 , -0.359885 , 0 , -0.00050807 , -1.95412e-05 , 0 , 0.0557574 , 0 , -23 , -65 , 52
0 , 0 , 0 , 0 , -0.0218573 , -0.0643165 , -0.360004 , 0 , -3.90823e-05 , -1.95412e-05 , 0 , 0 , 0 , -18 , -6 , -66
0 , 0 , 0 , 0 , -0.0218529 , -0.0642116 , -0.360004 , 0 , -3.90823e-05 , -1.95412e-05 , 0 , 0 , 0 , -18 , 31 , -8
0 , 0 , 0 , 0 , -0.0216683 , -0.0638898 , -0.359928 , 0 , 9.77058e-05 , 0 , 0 , 0.034135 , 0 , -18 , -35 , -16
0 , 0 , 0 , 0 , -0.0212337 , -0.0634144 , -0.359928 , 0 , 0 , 0 , 0 , 0 , 0 , -18 , -3 , -66
0 , 0 , 0 , 0 , -0.0207423 , -0.0628581 , -0.359928 , 0 , -5.86235e-05 , 0 , 0 , 0 , 0 , -5 , -3 , -16
0 , 0 , 0 , 0 , -0.0203583 , -0.0623539 , -0.359928 , 0 , 7.81646e-05 , 0 , 0 , -0.0482887 , 0 , -18 , 60 , 2
0 , 0 , 0 , 0 , -0.0200462 , -0.0619463 , -0.359928 , 0 , 0 , -1.95412e-05 , 0 , 0.0809484 , 0 , -12 , -86 , 13
0 , 0 , 0 , 0 , -0.0197997 , -0.0617807 , -0.359928 , 1.95412e-05 , -5.86235e-05 , 0 , -0.0195412 , 0 , 0 , -10 , -20 , 13
0 , 0 , 0 , 0 , -0.019525 , -0.0618198 , -0.359928 , 0 , 0.000156329 , 0 , 0 , 0.0395618 , 0 , -18 , -69 , -5
0 , 0 , 0 , 0 , -0.0191824 , -0.0618777 , -0.359928 , 0 , -0.000136788 , 0 , 0 , -0.0353277 , 0 , -30 , -17 , 13
0 , 0 , 0 , 0 , -0.0188471 , -0.0618233 , -0.359928 , 0 , 0.00017587 , 0 , 0 , 0 , 0 , -23 , -49 , 2
0 , 0 , 0 , 0 , -0.0185465 , -0.0615419 , -0.359928 , 0 , -9.77058e-05 , 0 , 0 , 0 , 0 , -36 , -3 , 23
0 , 0 , 0 , 0 , -0.0183039 , -0.0611759 , -0.359928 , 0 , 0.000254035 , 0 , 0 , 0 , 0 , -37 , -3 , -5
0 , 0 , 0 , 0 , -0.0181173 , -0.0607572 , -0.359928 , 0 , -1.95412e-05 , 0 , 0 , 0.0770339 , 0 , -23 , -103 , -74
0 , 0 , 0 , 0 , -0.0179811 , -0.0604255 , -0.359928 , 0 , 1.95412e-05 , 0 , 0 , -0.0667994 , 0 , -16 , 63 , 32
0 , 0 , 0 , 0 , -0.0178192 , -0.0601909 , -0.359928 , 0 , 0.000156329 , 0 , 0 , 0.0232206 , 0 , -20 , -49 , -84
0 , 0 , 0 , 0 , -0.0176436 , -0.060004 , -0.359928 , 0 , -0.000195412 , 0 , 0 , 0 , 0 , -36 , -20 , -45
0 , 0 , 0 , 0 , -0.0174391 , -0.0599482 , -0.359928 , 0 , 0.000156329 , 0 , 0 , -0.0942493 , 0 , -36 , 63 , 2
0 , 0 , 0 , 0 , -0.0172413 , -0.0599012 , -0.359928 , 0 , 5.86235e-05 , 0 , 0 , 0.0634443 , 0 , -10 , -101 , 13
0 , 0 , 0 , 0 , -0.0171208 , -0.0599078 , -0.359928 , 0 , -0.000136788 , 0 , 0 , -0.0645774 , 0 , -20 , 15 , -16
0 , 0 , 0 , 0 , -0.0169413 , -0.0598701 , -0.359928 , 0 , 0.000117247 , 0 , 0 , 0 , 0 , -10 , -63 , -16
0 , 0 , 0 , 0 , -0.0167173 , -0.0597116 , -0.359928 , 0 , -0.000254035 , 0 , 0 , 0 , 0 , -30 , 31 , 2
0 , 0 , 0 , 0 , -0.0165509 , -0.05949 , -0.359928 , 0 , 0.000117247 , 0 , 0 , -0.0576538 , 0 , -41 , 32 , -56
0 , 0 , 0 , 0 , -0.0164331 , -0.0592288 , -0.359928 , 0 , 0 , 0 , 0 , 0.0408069 , 0 , -23 , -84 , -8
0 , 0 , 0 , 0 , -0.0163503 , -0.0591275 , -0.359928 , 0 , -5.86235e-05 , -1.95412e-05 , 0 , 0 , 0 , -10 , -35 , 2
0 , 0 , 0 , 0 , -0.0162073 , -0.0591448 , -0.359928 , 0 , 1.95412e-05 , 0 , 0 , 0 , 0 , -18 , -3 , 13
0 , 0 , 0 , 0 , -0.0160314 , -0.0590889 , -0.359928 , 0 , 3.90823e-05 , 0 , 0 , 0.0929934 , 0 , -23 , -69 , -27
0 , 0 , 0 , 0 , -0.0158923 , -0.0590657 , -0.359928 , 0 , -7.81646e-05 , 0 , 0 , -0.0352979 , 0 , 0 , 0 , -8
0 , 0 , 0 , 0 , -0.0157233 , -0.0590723 , -0.359928 , 0 , 1.95412e-05 , 0 , 0 , 0 , 0 , -36 , -35 , 32
0 , 0 , 0 , 0 , -0.0155277 , -0.0589123 , -0.359928 , 0 , 0.000117247 , 0 , 0 , 0.046749 , 0 , -5 , -35 , -5
0 , 0 , 0 , 0 , -0.0153853 , -0.0587403 , -0.359928 , 0 , -5.86235e-05 , 0 , 0 , 0.0441835 , 0 , 2 , -84 , -8
0 , 0 , 0 , 0 , -0.0152797 , -0.058691 , -0.359928 , 0 , -1.95412e-05 , 0 , 0 , -0.0963246 , 0 , -20 , 126 , -27
0 , 0 , 0 , 0 , -0.0151945 , -0.0586078 , -0.359928 , 0 , 5.86235e-05 , 0 , 0 , 0.0553984 , 0 , -10 , -84 , -16
0 , 0 , 0 , 0 , -0.0150857 , -0.0585111 , -0.359928 , 0 , -7.81646e-05 , 0 , 0 , 0 , 0 , -12 , -3 , 23
0 , 0 , 0 , 0 , -0.0149455 , -0.058453 , -0.359928 , 0 , 7.81646e-05 , 0 , 0 , -0.0648911 , 0 , -16 , 28 , 2
0 , 0 , 0 , 0 , -0.0148609 , -0.0583797 , -0.359928 , 0 , 1.95412e-05 , 0 , 0 , 0.0669056 , 0 , -30 , -38 , 13
0 , 0 , 0 , 0 , -0.0148125 , -0.0583727 , -0.359928 , 0 , -0.000117247 , 0 , 0 , 0 , 0 , -25 , -32 , 20
0 , 0 , 0 , 0 , -0.0147148 , -0.0583626 , -0.359928 , 0 , 0.000117247 , 0 , 0 , 0 , 0 , -12 , 32 , 2
0 , 0 , 0 , 0 , -0.0146153 , -0.0582399 , -0.359928 , 0 , 3.90823e-05 , 0 , 0 , 0.0416299 , 0 , -23 , -84 , 2
0 , 0 , 0 , 0 , -0.0145929 , -0.0581612 , -0.359928 , 0 , -0.000156329 , 0 , 0 , 0 , 0 , -12 , -3 , 2
0 , 0 , 0 , 0 , -0.0144985 , -0.0580835 , -0.359928 , 0 , 0.000117247 , 0 , 0 , 0 , 0 , -37 , 11 , -45
0 , 0 , 0 , 0 , -0.0143645 , -0.0579505 , -0.359928 , 0 , -0.000117247 , 0 , 0 , 0 , 0 , -23 , -69 , 20
0 , 0 , 0 , 0 , -0.0142915 , -0.0578732 , -0.359928 , 0 , 0.000117247 , 0 , 0 , 0 , 0 , -36 , 0 , 13
0 , 0 , 0 , 0 , -0.0142117 , -0.0577713 , -0.359928 , 0 , -0.00017587 , 0 , 0 , 0.105475 , 0 , -43 , -133 , -27
0 , 0 , 0 , 0 , -0.014147 , -0.0577148 , -0.359928 , 0 , 1.95412e-05 , 0 , 0 , -0.0823355 , 0 , -16 , 95 , -34
0 , 0 , 0 , 0 , -0.0140872 , -0.0577212 , -0.359928 , 0 , 0.000136788 , 0 , 0 , 0.0499681 , 0 , -12 , -66 , 23
0 , 0 , 0 , 0 , -0.014041 , -0.0577285 , -0.359928 , 0 , -0.000195412 , 0 , 0 , 0 , 0 , -30 , -20 , 13
0 , 0 , 0 , 0 , -0.0139466 , -0.0576633 , -0.359928 , 0 , 0.00017587 , 0 , 0 , 0 , 0 , -18 , -6 , -5
0 , 0 , 0 , 0 , -0.0138722 , -0.0575624 , -0.359928 , 0 , -9.77058e-05 , 0 , 0 , 0 , 0 , -43 , -3 , -27
0 , 0 , 0 , 0 , -0.0138982 , -0.0575288 , -0.359928 , 0 , 7.81646e-05 , 0 , 0 , 0 , 0 , -10 , 45 , -5
0 , 0 , 0 , 0 , -0.0139001 , -0.0575499 , -0.359928 , 0 , -5.86235e-05 , 0 , 0 , 0 , 0 , -5 , -84 , 52
0 , 0 , 0 , 0 , -0.0138365 , -0.0576061 , -0.359928 , 0 , 0 , 0 , 0 , -0.0937067 , 0 , -10 , 144 , -56
0 , 0 , 0 , 0 , -0.0137399 , -0.0576219 , -0.359928 , 0 , 9.77058e-05 , 0 , 0 , 0.0651511 , 0 , -20 , -69 , 32
0 , 0 , 0 , 0 , -0.0137055 , -0.0576601 , -0.359928 , 0 , -7.81646e-05 , 0 , 0 , -0.0562929 , 0 , -23 , 112 , 13
0 , 0 , 0 , 0 , -0.0136965 , -0.0576776 , -0.359928 , 0 , 7.81646e-05 , 0 , 0 , 0 , 0 , -36 , -31 , -16
0 , 0 , 0 , 0 , -0.0136616 , -0.0576691 , -0.359928 , 0 , -9.77058e-05 , 0 , 0 , 0 , 0 , -30 , -115 , -27
0 , 0 , 0 , 0 , -0.0136307 , -0.0576872 , -0.359928 , 0 , -0.000214953 , 0 , 0 , -0.0578363 , 0 , -25 , 31 , -16
0 , 0 , 0 , 0 , -0.0135671 , -0.0576176 , -0.359928 , 0 , 0.000117247 , 0 , 0 , 0 , 0 , -43 , -3 , 13
0 , 0 , 0 , 0 , -0.0135005 , -0.0575474 , -0.359928 , 0 , -0.000117247 , 0 , 0 , 0.0503116 , 0 , -23 , -84 , 13
0 , 0 , 0 , 0 , -0.0134481 , -0.0575222 , -0.359928 , 0 , 9.77058e-05 , 0 , 0 , 0 , 0 , -50 , 15 , -16
0 , 0 , 0 , 0 , -0.013419 , -0.0574658 , -0.359928 , 0 , -0.000136788 , 0 , 0 , 0.120081 , 0 , -5 , -213 , -16
0 , 0 , 0 , 0 , -0.0133935 , -0.0574195 , -0.359928 , 0 , -0.000117247 , 0 , 0 , -0.070647 , 0 , -23 , 15 , 13
0 , 0 , 0 , 0 , -0.0133195 , -0.0573259 , -0.359928 , 0 , 0.000156329 , 0 , 0 , 0.032897 , 0 , -23 , -6 , 13
0 , 0 , 0 , 0 , -0.0132793 , -0.0572752 , -0.359928 , 0 , -3.90823e-05 , 1.95412e-05 , 0 , 0 , 0.00229475 , -12 , -3 , 32
0 , 0 , 0 , 0 , -0.0132923 , -0.0573314 , -0.359928 , 0 , 0 , 0 , 0 , 0 , 0 , -25 , -49 , -27
0 , 0 , 0 , 0 , -0.013268 , -0.0573744 , -0.359928 , 0 , 0 , 0 , 0 , 0 , 0 , -28 , -35 , -66
0 , 0 , 0 , 0 , -0.0132017 , -0.0573944 , -0.359928 , 0 , 0 , 0 , 0 , 0 , 0 , 2 , -17 , -16
0 , 0 , 0 , 0 , -0.0131413 , -0.0574114 , -0.359928 , 0 , -1.95412e-05 , 0 , 0 , 0 , 0 , -30 , -3 , 13
0 , 0 , 0 , 0 , -0.0131361 , -0.0573998 , -0.359928 , 0 , -3.90823e-05 , 0 , 0 , 0 , 0 , -43 , -3 , 32
0 , 0 , 0 , 0 , -0.0131344 , -0.0573435 , -0.359928 , 0 , -3.90823e-05 , 0 , 0 , 0 , 0 , -8 , -35 , -16
0 , 0 , 0 , 0 , -0.0130962 , -0.057288 , -0.359928 , 0 , -1.95412e-05 , 0 , 0 , 0 , 0 , -23 , -3 , 32
0 , 0 , 0 , 0 , -0.0130441 , -0.0572474 , -0.359928 , 0 , -3.90823e-05 , 0 , 0 , 0 , 0 , -18 , -52 , -5
0 , 0 , 0 , 0 , -0.0129978 , -0.057182 , -0.359928 , 0 , 0 , 0 , 0 , 0 , 0 , -23 , -17 , 13
0 , 0 , 0 , 0 , -0.0129835 , -0.0571352 , -0.359928 , 0 , -1.95412e-05 , 0 , 0 , 0 , 0 , -5 , -35 , -16
0 , 0 , 0 , 0 , -0.0129688 , -0.0571398 , -0.359928 , 0 , 0 , 0 , 0 , 0 , 0 , -23 , -3 , 13
0 , 0 , 0 , 0 , -0.0129436 , -0.0571361 , -0.359928 , 0 , -3.90823e-05 , 0 , 0 , 0 , 0 , 0 , -17 , -8
0 , 0 , 0 , 0 , -0.0129349 , -0.0571512 , -0.359928 , 0 , -3.90823e-05 , 0 , 0 , 0 , 0 , -25 , -38 , 2
0 , 0 , 0 , 0 , -0.0129316 , -0.0571702 , -0.359928 , 0 , 0 , 0 , 0 , 0 , 0 , -12 , 14 , 2
0 , 0 , 0 , 0 , -0.0128979 , -0.0571389 , -0.359928 , 0 , -3.90823e-05 , 0 , 0 , 0 , 0 , 0 , -3 , 13
0 , 0 , 0 , 0 , -0.0128785 , -0.057105 , -0.359928 , 0 , 0 , 0 , 0 , 0 , 0 , -43 , -20 , 13
0 , 0 , 0 , 0 , -0.0128829 , -0.0570942 , -0.359928 , 0 , 0 , 0 , 0 , 0 , 0 , -2 , -20 , -66
0 , 0 , 0 , 0 , -0.0128526 , -0.0571007 , -0.359928 , 0 , 0 , 0 , 0 , 0 , 0 , -36 , 14 , -45
0 , 0 , 0 , 0 , -0.0128168 , -0.0571085 , -0.359928 , 0 , 0 , 0 , 0 , 0 , 0 , -18 , -49 , 13
0 , 0 , 0 , 0 , -0.0127961 , -0.0571236 , -0.359928 , 0 , 0 , 0 , 0 , 0 , 0 , -30 , -6 , 5
0 , 0 , 0 , 0 , -0.0127755 , -0.0571196 , -0.359928 , 0 , 0 , 0 , 0 , 0 , 0 , -10 , -35 , -16
0 , 0 , 0 , 0 , -0.0127632 , -0.0570992 , -0.359928 , 0 , 0 , 0 , 0 , 0 , 0 , -18 , -38 , 13
0 , 0 , 0 , 0 , -0.0127595 , -0.0570766 , -0.359928 , 0 , 0 , 0 , 0 , 0 , 0 , -10 , -49 , -16
0 , 0 , 0 , 0 , -0.012763 , -0.0570244 , -0.359928 , 0 , 0 , 0 , 0 , 0 , 0 , -10 , -35 , -74
0 , 0 , 0 , 0 , -0.0127349 , -0.0569919 , -0.359928 , 0 , 0 , 0 , 0 , 0 , 0 , -32 , -17 , 13
0 , 0 , 0 , 0 , -0.0126994 , -0.0569634 , -0.359928 , 0 , 0 , 0 , 0 , 0 , 0 , -43 , 29 , 13
0 , 0 , 0 , 0 , -0.0126826 , -0.0569063 , -0.359928 , 0 , 0 , 0 , 0 , 0 , 0 , -18 , -52 , -16
0 , 0 , 0 , 0 , -0.0127046 , -0.0568686 , -0.359928 , 0 , 0 , 0 , 0 , 0 , 0 , -18 , -17 , -8
0 , 0 , 0 , 0 , -0.0127076 , -0.0568502 , -0.359928 , 0 , 0 , 0 , 0 , 0 , 0 , -8 , 11 , 13
0 , 0 , 0 , 0 , -0.0126361 , -0.0568397 , -0.359928 , 0 , 0 , 1.95412e-05 , 0 , 0 , 0 , -12 , -52 , -16
0 , 0 , 0 , 0 , -0.0126025 , -0.0568064 , -0.359928 , 0 , 1.95412e-05 , 0 , 0 , 0 , 0 , -23 , -31 , 2
0 , 0 , 0 , 0 , -0.0126067 , -0.0568067 , -0.359928 , 0 , 0 , 0 , 0 , 0 , 0 , -30 , -52 , -56
0 , 0 , 0 , 0 , -0.0125922 , -0.0568268 , -0.359928 , 0 , 0 , 0 , 0 , 0 , 0 , -18 , -35 , -56
0 , 0 , 0 , 0 , -0.0125724 , -0.056818 , -0.359928 , 0 , 0 , 0 , 0 , 0 , 0 , -23 , -35 , 2
0 , 0 , 0 , 0 , -0.0125736 , -0.0567963 , -0.359928 , 0 , 0 , 0 , 0 , 0 , 0 , -18 , -35 , 13
0 , 0 , 0 , 0 , -0.0125918 , -0.0567732 , -0.359928 , 0 , 0 , 0 , 0 , 0 , 0 , -23 , 31 , -45
0 , 0 , 0 , 0 , -0.0125953 , -0.0567993 , -0.359928 , 0 , 0 , 0 , 0 , 0 , 0 , -23 , -35 , -56
0 , 0 , 0 , 0 , -0.0126095 , -0.056823 , -0.359928 , 0 , 0 , 0 , 0 , 0 , 0 , -18 , -3 , 23
0 , 0 , 0 , 0 , -0.0126199 , -0.0568172 , -0.359928 , 0 , 0 , 0 , 0 , 0 , 0 , -25 , -52 , 2
0 , 0 , 0 , 0 , -0.0126022 , -0.0568084 , -0.359928 , 0 , 0 , 0 , 0 , 0 , 0 , -18 , -17 , -56
0 , 0 , 0 , 0 , -0.0126102 , -0.0567951 , -0.359928 , 0 , 0 , 0 , 0 , 0 , 0 , -10 , 11 , 32
0 , 0 , 0 , 0 , -0.012666 , -0.0567876 , -0.359928 , 0 , 0 , 0 , 0 , 0 , 0 , -30 , -17 , -84
0 , 0 , 0 , 0 , -0.0127313 , -0.0567897 , -0.359928 , 0 , 0 , 0 , 0 , 0 , 0 , -10 , 31 , -8
0 , 0 , 0 , 0 , -0.012755 , -0.0567644 , -0.359928 , 0 , 0 , 0 , 0 , 0 , 0 , 0 , -49 , 32
0 , 0 , 0 , 0 , -0.0127165 , -0.0567486 , -0.359928 , 0 , 0 , 0 , 0 , 0 , 0 , -48 , -35 , -16
0 , 0 , 0 , 0 , -0.0126779 , -0.0568019 , -0.359928 , 0 , 0 , 0 , 0 , 0 , 0 , -37 , -17 , 13
0 , 0 , 0 , 0 , -0.012673 , -0.0568423 , -0.359928 , 0 , 0 , 0 , 0 , 0 , 0 , -12 , -24 , 23
0 , 0 , 0 , 0 , -0.0126898 , -0.0568085 , -0.359928 , 0 , 0 , 0 , 0 , 0 , 0 , -36 , -6 , -56
0 , 0 , 0 , 0 , -0.0127001 , -0.0567815 , -0.359928 , 0 , 0 , 0 , 0 , 0 , 0 , -36 , -20 , 2
0 , 0 , 0 , 0 , -0.0127157 , -0.0567502 , -0.359928 , 0 , 0 , 0 , 0 , 0 , 0 , -18 , -35 , -5
0 , 0 , 0 , 0 , -0.0126971 , -0.056742 , -0.359928 , 0 , 0 , 0 , -0.0195412 , 0 , 0 , -12 , 11 , 2
0 , 0 , 0 , 0 , -0.0126346 , -0.0567749 , -0.359928 , 0 , 0 , 0 , 0 , 0 , 0 , -23 , -35 , -8
0 , 0 , 0 , 0 , -0.0126203 , -0.0567659 , -0.359928 , 0 , 0 , 0 , 0 , 0 , 0 , -18 , -35 , -27
0 , 0 , 0 , 0 , -0.0126643 , -0.0567403 , -0.359928 , 0 , 0 , 0 , 0 , 0 , 0 , -5 , -35 , -16
0 , 0 , 0 , 0 , -0.0126813 , -0.0567176 , -0.359928 , 0 , 0 , 0 , 0 , 0 , 0 , -8 , -31 , -56
0 , 0 , 0 , 0 , -0.0126374 , -0.0567108 , -0.359928 , 0 , 0 , 0 , 0 , 0 , 0 , -23 , -6 , 2
0 , 0 , 0 , 0 , -0.0126268 , -0.0567308 , -0.359928 , 0 , 0 , 0 , 0 , 0 , 0 , -36 , -3 , 2
0 , 0 , 0 , 0 , -0.0127018 , -0.0567337 , -0.359928 , 0 , 0 , 0 , 0 , 0 , 0 , -25 , 11 , -34
0 , 0 , 0 , 0 , -0.0127724 , -0.0567016 , -0.359928 , 0 , 0 , 0 , 0 , 0 , 0 , -30 , -38 , -84
0 , 0 , 0 , 0 , -0.0127447 , -0.0566436 , -0.359928 , 0 , 0 , 0 , 0 , 0 , 0 , -43 , -49 , 13
0 , 0 , 0 , 0 , -0.0127024 , -0.0566002 , -0.359928 , 0 , 0 , 0 , 0 , 0 , 0 , -10 , -31 , -45
0 , 0 , 0 , 0 , -0.0126886 , -0.0565784 , -0.359928 , 0 , 0 , 0 , 0 , 0 , 0 , -25 , -35 , 32
0 , 0 , 0 , 0 , -0.0126858 , -0.0565609 , -0.359928 , 0 , 0 , 0 , 0 , 0 , 0 , -23 , 29 , -27
0 , 0 , 0 , 0 , -0.0127183 , -0.0565559 , -0.359928 , 0 , 1.95412e-05 , 0 , 0 , 0 , 0 , -18 , -17 , -8
0 , 0 , 0 , 0 , -0.0127413 , -0.0565562 , -0.359928 , 0 , 0 , 0 , 0 , 0 , 0 , -25 , -38 , 20
0 , 0 , 0 , 0 , -0.0127135 , -0.0565242 , -0.359928 , 0 , 0 , 0 , 0 , 0 , 0 , -18 , -6 , 23
0 , 0 , 0 , 0 , -0.0127031 , -0.0564785 , -0.359928 , 0 , 0 , 0 , 0 , 0 , 0 , -20 , -35 , -27
0 , 0 , 0 , 0 , -0.0127358 , -0.0564549 , -0.359928 , 0 , 0 , 0 , 0 , 0 , 0 , -12 , -35 , -16
0 , 0 , 0 , 0 , -0.0127772 , -0.0564828 , -0.359928 , 0 , 0 , 0 , 0 , 0 , 0 , -18 , -49 , 2
0 , 0 , 0 , 0 , -0.0127703 , -0.0565149 , -0.359928 , 0 , 0 , 0 , 0 , 0 , 0 , -25 , -31 , -16
0 , 0 , 0 , 0 , -0.0126991 , -0.0565222 , -0.359928 , 0 , 1.95412e-05 , 0 , 0 , 0 , 0 , -5 , -38 , -5
0 , 0 , 0 , 0 , -0.0126685 , -0.056556 , -0.359928 , 0 , 0 , 0 , 0 , 0 , 0 , -30 , -1 , 13
0 , 0 , 0 , 0 , -0.012675 , -0.0565638 , -0.359928 , 0 , 0 , 0 , 0 , 0 , 0 , -36 , -17 , -103
0 , 0 , 0 , 0 , -0.0126887 , -0.0565523 , -0.359928 , 0 , 1.95412e-05 , 0 , 0 , 0 , 0 , -25 , -49 , 2
0 , 0 , 0 , 0 , -0.0126949 , -0.0565399 , -0.359928 , 0 , 0 , 0 , 0 , 0 , 0 , -12 , -3 , 2
0 , 0 , 0 , 0 , -0.0126764 , -0.056535 , -0.359928 , 0 , 1.95412e-05 , 0 , 0 , 0 , 0 , -12 , -17 , -8
0 , 0 , 0 , 0 , -0.0126877 , -0.0565468 , -0.359928 , 0 , 0 , 0 , 0 , 0 , 0 , -10 , -17 , 32
0 , 0 , 0 , 0 , -0.0126991 , -0.0565797 , -0.359928 , 0 , 0 , 0 , 0 , 0 , 0 , -10 , -3 , -103
0 , 0 , 0 , 0 , -0.0126976 , -0.0566194 , -0.359928 , 0 , 0 , 0 , 0 , 0 , 0 , -10 , -20 , -16
0 , 0 , 0 , 0 , -0.0127178 , -0.0566199 , -0.359928 , 0 , 0 , 0 , 0 , 0 , 0 , -25 , 14 , -34
0 , 0 , 0 , 0 , -0.0127439 , -0.0565702 , -0.359928 , 0 , 0 , 0 , 0 , 0 , 0 , -25 , 14 , 13
0 , 0 , 0 , 0 , -0.0127715 , -0.0565383 , -0.359928 , 0 , 0 , 0 , 0 , 0 , 0 , -25 , -17 , -16
0 , 0 , 0 , 0 , -0.0127817 , -0.0565604 , -0.359928 , 0 , 0 , 0 , 0 , 0 , 0 , -16 , 11 , 13
0 , 0 , 0 , 0 , -0.0128005 , -0.0565748 , -0.359928 , 0 , 0 , 0 , 0 , 0 , 0 , -10 , -35 , 13
0 , 0 , 0 , 0 , -0.0128363 , -0.0566077 , -0.359928 , 0 , 0 , 0 , 0 , 0 , 0 , -30 , -52 , -5
0 , 0 , 0 , 0 , -0.0128155 , -0.0566429 , -0.359928 , 0 , 0 , 0 , 0 , 0 , 0 , -32 , -49 , -103
0 , 0 , 0 , 0 , -0.0127709 , -0.0566372 , -0.359928 , 0 , 0 , 0 , 0 , 0 , 0 , -18 , -20 , -16
0 , 0 , 0 , 0 , -0.0127814 , -0.0566284 , -0.359928 , 0 , 0 , 0 , 0 , 0 , 0 , -10 , -3 , -56
0 , 0 , 0 , 0 , -0.0127877 , -0.0566517 , -0.359928 , 0 , 0 , 0 , 0 , 0 , 0 , -36 , 11 , 13
0 , 0 , 0 , 0 , -0.0127433 , -0.0566755 , -0.359928 , 0 , 0 , 0 , 0 , 0 , 0 , -5 , 26 , 42
0 , 0 , 0 , 0 , -0.0127495 , -0.0566529 , -0.359928 , 0 , 0 , 0 , 0 , 0 , 0 , -30 , -35 , -27
0 , 0 , 0 , 0 , -0.0127724 , -0.0566136 , -0.359928 , 0 , 1.95412e-05 , 0 , 0 , 0 , 0 , -23 , -20 , 32
0 , 0 , 0 , 0 , -0.0127274 , -0.0565639 , -0.359928 , 0 , 0 , 0 , 0 , 0 , 0 , -23 , -17 , 2
0 , 0 , 0 , 0 , -0.0127129 , -0.0565369 , -0.359928 , 0 , 0 , 0 , 0 , 0 , 0 , -23 , 14 , -34
0 , 0 , 0 , 0 , -0.0127656 , -0.0565283 , -0.359928 , 0 , 1.95412e-05 , 0 , 0 , 0 , 0 , -25 , -3 , 13
0 , 0 , 0 , 0 , -0.0128116 , -0.0565725 , -0.359928 , -1.95412e-05 , 0 , 0 , 0.0195412 , 0 , 0 , -23 , -20 , 13
0 , 0 , 0 , 0 , -0.0128127 , -0.0566278 , -0.359928 , 0 , 0 , 0 , 0 , 0 , 0 , -23 , -20 , 2
0 , 0 , 0 , 0 , -0.0127616 , -0.0566214 , -0.359928 , 0 , 0 , 0 , 0 , 0 , 0 , -30 , -35 , 20
0 , 0 , 0 , 0 , -0.0127192 , -0.0566136 , -0.359928 , 0 , 0 , 0 , 0 , 0 , 0 , -5 , -3 , -27
0 , 0 , 0 , 0 , -0.0127287 , -0.0565884 , -0.359928 , 0 , 0 , 0 , 0 , 0 , 0 , -30 , -3 , 2
0 , 0 , 0 , 0 , -0.012738 , -0.0565877 , -0.359928 , 0 , 0 , 0 , 0 , 0 , 0 , -37 , -35 , 32
0 , 0 , 0 , 0 , -0.0127336 , -0.0566193 , -0.359928 , 0 , 0 , 0 , 0 , 0 , 0 , -30 , -20 , 32
0 , 0 , 0 , 0 , -0.0127397 , -0.0566423 , -0.359928 , 0 , 0 , 0 , 0 , 0 , 0 , -5 , -35 , -56
0 , 0 , 0 , 0 , -0.0127599 , -0.0566583 , -0.359928 , 0 , 0 , 0 , 0 , 0 , 0 , -36 , -17 , 2
0 , 0 , 0 , 0 , -0.0127453 , -0.0566616 , -0.359928 , 0 , 0 , 0 , 0 , 0 , 0 , -37 , -20 , 13
0 , 0 , 0 , 0 , -0.0127408 , -0.0566914 , -0.359928 , 0 , 0 , 0 , 0 , 0 , 0 , -25 , -17 , 2
0 , 0 , 0 , 0 , -0.0128039 , -0.0567025 , -0.359928 , 0 , 1.95412e-05 , 0 , 0 , 0 , 0 , -50 , -20 , -16
0 , 0 , 0 , 0 , -0.012839 , -0.0566679 , -0.359928 , -1.95412e-05 , 0 , 0 , 0 , 0 , 0 , -5 , -35 , -8
0 , 0 , 0 , 0 , -0.0128295 , -0.0566469 , -0.359928 , 0 , 0 , 0 , 0 , 0 , 0 , -25 , -3 , 13
0 , 0 , 0 , 0 , -0.0128007 , -0.0566404 , -0.359928 , -1.95412e-05 , 0 , 0 , 0 , 0 , 0 , -5 , -35 , 89
0 , 0 , 0 , 0 , -0.012783 , -0.0566486 , -0.359928 , 0 , 0 , 0 , 0 , 0 , 0 , -25 , -20 , 13
0 , 0 , 0 , 0 , -0.0127897 , -0.0566594 , -0.359928 , 0 , 0 , 0 , 0 , 0 , 0 , -43 , -49 , -16
0 , 0 , 0 , 0 , -0.0127827 , -0.0566857 , -0.359928 , 0 , 0 , 0 , 0 , 0 , 0 , -25 , -3 , -16
0 , 0 , 0 , 0 , -0.0127688 , -0.0567179 , -0.359928 , 0 , 0 , 0 , 0 , 0 , 0 , -30 , -49 , -8
0 , 0 , 0 , 0 , -0.0127925 , -0.05673 , -0.359928 , 0 , 0 , 0 , 0 , 0 , 0 , -43 , -49 , 13
0 , 0 , 0 , 0 , -0.012808 , -0.0567861 , -0.359928 , 0 , 0 , 0 , 0 , 0 , 0 , -36 , -35 , -16
0 , 0 , 0 , 0 , -0.012798 , -0.0568219 , -0.359928 , 0 , 0 , 0 , 0 , 0 , 0 , -25 , -20 , -27
0 , 0 , 0 , 0 , -0.0127842 , -0.0568183 , -0.359928 , 0 , 0 , 0 , 0 , 0 , 0 , -30 , -17 , -56
0 , 0 , 0 , 0 , -0.012772 , -0.0568062 , -0.359928 , 0 , 0 , 0 , 0 , 0 , 0 , -16 , -3 , -27
0 , 0 , 0 , 0 , -0.0127383 , -0.0567962 , -0.359928 , 0 , 0 , 0 , 0 , 0 , 0 , -41 , -20 , -5
0 , 0 , 0 , 0 , -0.0127166 , -0.0568241 , -0.359928 , 0 , 0 , -1.95412e-05 , 0 , 0 , 0 , -36 , -49 , 2
0 , 0 , 0 , 0 , -0.0127087 , -0.0568306 , -0.359928 , 0 , 0 , 0 , 0 , 0 , 0 , -23 , -52 , -5
0 , 0 , 0 , 0 , -0.012677 , -0.0568451 , -0.359928 , 0 , 0 , 0 , 0 , 0 , 0 , -43 , 11 , 2
0 , 0 , 0 , 0 , -0.0126747 , -0.0568513 , -0.359928 , 0 , 0 , 0 , 0 , 0 , 0 , -30 , -20 , -16
0.006995, , 1.000000, -1.581681, 0.593140
0.010866, , 1.000000, -1.271002, 0.288811
0.012478, , 1.000000, -1.328890, 0.347290
0.009947, , 1.000000, -1.481414, 0.496082
